# Created by FreeCAD <https://www.freecad.org>
v -224.600006 -124.599998 174.600006
v -224.600006 -12.700000 174.600006
v -224.600006 -12.700000 200.000000
v -224.600006 -124.599998 200.000000
v -250.000000 -124.599998 174.600006
v -224.600006 12.700000 174.600006
v -173.800003 12.700000 174.600006
v -173.800003 -12.700000 174.600006
v -250.000000 124.599998 174.600006
v -224.600006 124.599998 174.600006
v -5.497889 -124.599998 94.898705
v -5.236776 -124.599998 94.630997
v -12.700000 -124.599998 87.300003
v -4.962644 -124.599998 94.376640
v -5.745333 -124.599998 95.179092
v -4.676174 -124.599998 94.136261
v -5.978494 -124.599998 95.471466
v -4.378078 -124.599998 93.910461
v -6.196791 -124.599998 95.775101
v -4.069097 -124.599998 93.699806
v -6.399682 -124.599998 96.089233
v -3.750000 -124.599998 93.504807
v -6.586662 -124.599998 96.413094
v -3.421580 -124.599998 93.325958
v -6.757267 -124.599998 96.745872
v -3.084653 -124.599998 93.163704
v -6.911072 -124.599998 97.086739
v -2.740058 -124.599998 93.018448
v -7.047695 -124.599998 97.434853
v -2.388650 -124.599998 92.890549
v -7.166796 -124.599998 97.789337
v -2.031303 -124.599998 92.780319
v -7.268080 -124.599998 98.149323
v -1.668907 -124.599998 92.688042
v -7.351294 -124.599998 98.513901
v -1.302361 -124.599998 92.613945
v -7.416231 -124.599998 98.882179
v -0.932578 -124.599998 92.558205
v -7.462731 -124.599998 99.253242
v -0.560476 -124.599998 92.520973
v -7.490677 -124.599998 99.626160
v -0.186980 -124.599998 92.502335
v -7.500000 -124.599998 100.000000
v -7.490677 -124.599998 100.373840
v -7.462731 -124.599998 100.746758
v -7.416231 -124.599998 101.117821
v -7.351294 -124.599998 101.486099
v -7.268080 -124.599998 101.850677
v -7.166796 -124.599998 102.210663
v 12.700000 -124.599998 87.300003
v 0.186980 -124.599998 92.502335
v 0.560476 -124.599998 92.520973
v 0.932578 -124.599998 92.558205
v 1.302361 -124.599998 92.613945
v 1.668907 -124.599998 92.688042
v 2.031303 -124.599998 92.780319
v 2.388650 -124.599998 92.890549
v 2.740058 -124.599998 93.018448
v 3.084653 -124.599998 93.163704
v 3.421580 -124.599998 93.325958
v 3.750000 -124.599998 93.504807
v 4.069097 -124.599998 93.699806
v 4.378078 -124.599998 93.910461
v 4.676174 -124.599998 94.136261
v 4.962644 -124.599998 94.376640
v 5.236776 -124.599998 94.630997
v 5.497889 -124.599998 94.898705
v 5.745333 -124.599998 95.179092
v 5.978494 -124.599998 95.471466
v 6.196791 -124.599998 95.775101
v 6.399682 -124.599998 96.089233
v 6.586662 -124.599998 96.413094
v 6.757267 -124.599998 96.745872
v 6.911072 -124.599998 97.086739
v 7.047695 -124.599998 97.434853
v 7.166796 -124.599998 97.789337
v 7.268080 -124.599998 98.149323
v 7.351294 -124.599998 98.513901
v 7.416231 -124.599998 98.882179
v 7.462731 -124.599998 99.253242
v 7.490677 -124.599998 99.626160
v 7.500000 -124.599998 100.000000
v 7.490677 -124.599998 100.373840
v 7.462731 -124.599998 100.746758
v 7.416231 -124.599998 101.117821
v 7.351294 -124.599998 101.486099
v 7.268080 -124.599998 101.850677
v 7.166796 -124.599998 102.210663
v -12.700000 -124.599998 174.600006
v -0.186980 -124.599998 107.497665
v -0.560476 -124.599998 107.479027
v -0.932578 -124.599998 107.441795
v -1.302361 -124.599998 107.386055
v -1.668907 -124.599998 107.311958
v -2.031303 -124.599998 107.219681
v -2.388650 -124.599998 107.109451
v -2.740058 -124.599998 106.981552
v -3.084653 -124.599998 106.836296
v -3.421580 -124.599998 106.674042
v -3.750000 -124.599998 106.495193
v -4.069097 -124.599998 106.300194
v -4.378078 -124.599998 106.089539
v -4.676174 -124.599998 105.863739
v -4.962644 -124.599998 105.623360
v -5.236776 -124.599998 105.369003
v -5.497889 -124.599998 105.101295
v -5.745333 -124.599998 104.820908
v -5.978494 -124.599998 104.528534
v -6.196791 -124.599998 104.224899
v -6.399682 -124.599998 103.910767
v -6.586662 -124.599998 103.586906
v -6.757267 -124.599998 103.254128
v -6.911072 -124.599998 102.913261
v -7.047695 -124.599998 102.565147
v 12.700000 -124.599998 174.600006
v 7.047695 -124.599998 102.565147
v 6.911072 -124.599998 102.913261
v 6.757267 -124.599998 103.254128
v 6.586662 -124.599998 103.586906
v 6.399682 -124.599998 103.910767
v 6.196791 -124.599998 104.224899
v 5.978494 -124.599998 104.528534
v 5.745333 -124.599998 104.820908
v 5.497889 -124.599998 105.101295
v 5.236776 -124.599998 105.369003
v 4.962644 -124.599998 105.623360
v 4.676174 -124.599998 105.863739
v 4.378078 -124.599998 106.089539
v 4.069097 -124.599998 106.300194
v 3.750000 -124.599998 106.495193
v 3.421580 -124.599998 106.674042
v 3.084653 -124.599998 106.836296
v 2.740058 -124.599998 106.981552
v 2.388650 -124.599998 107.109451
v 2.031303 -124.599998 107.219681
v 1.668907 -124.599998 107.311958
v 1.302361 -124.599998 107.386055
v 0.932578 -124.599998 107.441795
v 0.560476 -124.599998 107.479027
v 0.186980 -124.599998 107.497665
v 224.600006 -124.599998 200.000000
v 224.600006 -124.599998 174.600006
v -250.000000 -150.000000 200.000000
v -224.600006 12.700000 200.000000
v -191.997894 -5.101295 200.000000
v -191.736771 -5.369001 200.000000
v -191.462646 -5.623359 200.000000
v -192.245331 -4.820907 200.000000
v -191.176178 -5.863736 200.000000
v -192.478500 -4.528533 200.000000
v -190.878082 -6.089535 200.000000
v -192.696793 -4.224900 200.000000
v -190.569092 -6.300194 200.000000
v -192.899689 -3.910764 200.000000
v -190.250000 -6.495191 200.000000
v -193.086655 -3.586905 200.000000
v -189.921585 -6.674038 200.000000
v -193.257263 -3.254128 200.000000
v -189.584656 -6.836294 200.000000
v -193.411072 -2.913261 200.000000
v -189.240051 -6.981553 200.000000
v -193.547699 -2.565151 200.000000
v -188.888657 -7.109455 200.000000
v -193.666794 -2.210664 200.000000
v -188.531311 -7.219682 200.000000
v -193.768082 -1.850680 200.000000
v -188.168900 -7.311959 200.000000
v -193.851288 -1.486096 200.000000
v -193.916229 -1.117817 200.000000
v -193.962738 -0.746759 200.000000
v -193.990677 -0.373844 200.000000
v -194.000000 -0.000000 200.000000
v -193.990677 0.373844 200.000000
v -193.962738 0.746759 200.000000
v -193.916229 1.117817 200.000000
v -193.851288 1.486096 200.000000
v -193.768082 1.850680 200.000000
v -193.666794 2.210664 200.000000
v -193.547699 2.565151 200.000000
v -193.411072 2.913261 200.000000
v -193.257263 3.254128 200.000000
v -193.086655 3.586905 200.000000
v -192.899689 3.910764 200.000000
v -192.696793 4.224900 200.000000
v -192.478500 4.528533 200.000000
v -192.245331 4.820907 200.000000
v -191.997894 5.101295 200.000000
v -173.800003 -12.700000 200.000000
v -185.567429 -7.441794 200.000000
v -185.939529 -7.479029 200.000000
v -185.197632 -7.386058 200.000000
v -184.831100 -7.311959 200.000000
v -184.468689 -7.219682 200.000000
v -184.111343 -7.109455 200.000000
v -183.759949 -6.981553 200.000000
v -183.415344 -6.836294 200.000000
v -183.078415 -6.674038 200.000000
v -182.750000 -6.495191 200.000000
v -182.430908 -6.300194 200.000000
v -182.121918 -6.089535 200.000000
v -181.823822 -5.863736 200.000000
v -181.537354 -5.623359 200.000000
v -181.263229 -5.369001 200.000000
v -187.802368 -7.386058 200.000000
v -187.432571 -7.441794 200.000000
v -187.060471 -7.479029 200.000000
v -186.686981 -7.497669 200.000000
v -186.313019 -7.497669 200.000000
v -191.736771 5.369001 200.000000
v -181.002106 -5.101295 200.000000
v -191.462646 5.623359 200.000000
v -180.754669 -4.820907 200.000000
v -191.176178 5.863736 200.000000
v -180.521500 -4.528533 200.000000
v -190.878082 6.089535 200.000000
v -180.303207 -4.224900 200.000000
v -190.569092 6.300194 200.000000
v -180.100311 -3.910764 200.000000
v -190.250000 6.495191 200.000000
v -179.913345 -3.586905 200.000000
v -189.921585 6.674038 200.000000
v -179.742737 -3.254128 200.000000
v -189.584656 6.836294 200.000000
v -179.588928 -2.913261 200.000000
v -189.240051 6.981553 200.000000
v -179.452301 -2.565151 200.000000
v -188.888657 7.109455 200.000000
v -179.333206 -2.210664 200.000000
v -188.531311 7.219682 200.000000
v -179.231918 -1.850680 200.000000
v -188.168900 7.311959 200.000000
v -179.148712 -1.486096 200.000000
v -179.083771 -1.117817 200.000000
v -179.037262 -0.746759 200.000000
v -179.009323 -0.373844 200.000000
v -179.000000 -0.000000 200.000000
v -173.800003 12.700000 200.000000
v -179.009323 0.373844 200.000000
v -179.037262 0.746759 200.000000
v -179.083771 1.117817 200.000000
v -179.148712 1.486096 200.000000
v -179.231918 1.850680 200.000000
v -179.333206 2.210664 200.000000
v -179.452301 2.565151 200.000000
v -179.588928 2.913261 200.000000
v -179.742737 3.254128 200.000000
v -179.913345 3.586905 200.000000
v -180.100311 3.910764 200.000000
v -180.303207 4.224900 200.000000
v -180.521500 4.528533 200.000000
v -180.754669 4.820907 200.000000
v -181.002106 5.101295 200.000000
v -181.263229 5.369001 200.000000
v -181.537354 5.623359 200.000000
v -181.823822 5.863736 200.000000
v -182.121918 6.089535 200.000000
v -182.430908 6.300194 200.000000
v -182.750000 6.495191 200.000000
v -183.078415 6.674038 200.000000
v -183.415344 6.836294 200.000000
v -183.759949 6.981553 200.000000
v -184.111343 7.109455 200.000000
v -184.468689 7.219682 200.000000
v -184.831100 7.311959 200.000000
v -185.197632 7.386058 200.000000
v -185.567429 7.441794 200.000000
v -185.939529 7.479029 200.000000
v -186.313019 7.497669 200.000000
v -186.686981 7.497669 200.000000
v -187.060471 7.479029 200.000000
v -187.432571 7.441794 200.000000
v -187.802368 7.386058 200.000000
v -250.000000 150.000000 200.000000
v -224.600006 124.599998 200.000000
v 250.000000 -150.000000 200.000000
v 224.600006 124.599998 200.000000
v 250.000000 150.000000 200.000000
v -250.000000 124.599998 25.400000
v -224.600006 124.599998 25.400000
v -224.600006 -124.599998 25.400000
v -250.000000 -124.599998 25.400000
v -250.000000 150.000000 0.000000
v -250.000000 -150.000000 0.000000
v -224.600006 -150.000000 174.600006
v -12.700000 -150.000000 174.600006
v -12.700000 -150.000000 87.300003
v 224.600006 124.599998 174.600006
v 12.700000 -150.000000 87.300003
v 224.600006 -150.000000 174.600006
v 12.700000 -150.000000 174.600006
v 7.500000 124.599998 100.000000
v 7.490677 124.599998 100.373840
v 7.462731 124.599998 100.746758
v 7.416231 124.599998 101.117821
v 7.351294 124.599998 101.486099
v 7.268080 124.599998 101.850677
v 7.166796 124.599998 102.210663
v 7.047695 124.599998 102.565147
v 6.911072 124.599998 102.913261
v 6.757267 124.599998 103.254128
v 6.586662 124.599998 103.586906
v 6.399682 124.599998 103.910767
v 6.196791 124.599998 104.224899
v 5.978494 124.599998 104.528534
v 5.745333 124.599998 104.820908
v 5.497889 124.599998 105.101295
v 5.236776 124.599998 105.369003
v 4.962644 124.599998 105.623360
v 4.676174 124.599998 105.863739
v 4.378078 124.599998 106.089539
v 4.069097 124.599998 106.300194
v 3.750000 124.599998 106.495193
v 3.421580 124.599998 106.674042
v 3.084653 124.599998 106.836296
v 2.740058 124.599998 106.981552
v 2.388650 124.599998 107.109451
v 2.031303 124.599998 107.219681
v 1.668907 124.599998 107.311958
v 1.302361 124.599998 107.386055
v 0.932578 124.599998 107.441795
v 0.560476 124.599998 107.479027
v 0.186980 124.599998 107.497665
v -0.186980 124.599998 107.497665
v -0.560476 124.599998 107.479027
v -0.932578 124.599998 107.441795
v -1.302361 124.599998 107.386055
v -1.668907 124.599998 107.311958
v -2.031303 124.599998 107.219681
v -2.388650 124.599998 107.109451
v -2.740058 124.599998 106.981552
v -3.084653 124.599998 106.836296
v -3.421580 124.599998 106.674042
v -3.750000 124.599998 106.495193
v -4.069097 124.599998 106.300194
v -4.378078 124.599998 106.089539
v -4.676174 124.599998 105.863739
v -4.962644 124.599998 105.623360
v -5.236776 124.599998 105.369003
v -5.497889 124.599998 105.101295
v -5.745333 124.599998 104.820908
v -5.978494 124.599998 104.528534
v -6.196791 124.599998 104.224899
v -6.399682 124.599998 103.910767
v -6.586662 124.599998 103.586906
v -6.757267 124.599998 103.254128
v -6.911072 124.599998 102.913261
v -7.047695 124.599998 102.565147
v -7.166796 124.599998 102.210663
v -7.268080 124.599998 101.850677
v -7.351294 124.599998 101.486099
v -7.416231 124.599998 101.117821
v -7.462731 124.599998 100.746758
v -7.490677 124.599998 100.373840
v -7.500000 124.599998 100.000000
v -7.490677 124.599998 99.626160
v -7.462731 124.599998 99.253242
v -7.416231 124.599998 98.882179
v -7.351294 124.599998 98.513901
v -7.268080 124.599998 98.149323
v -7.166796 124.599998 97.789337
v -7.047695 124.599998 97.434853
v -6.911072 124.599998 97.086739
v -6.757267 124.599998 96.745872
v -6.586662 124.599998 96.413094
v -6.399682 124.599998 96.089233
v -6.196791 124.599998 95.775101
v -5.978494 124.599998 95.471466
v -5.745333 124.599998 95.179092
v -5.497889 124.599998 94.898705
v -5.236776 124.599998 94.630997
v -4.962644 124.599998 94.376640
v -4.676174 124.599998 94.136261
v -4.378078 124.599998 93.910461
v -4.069097 124.599998 93.699806
v -3.750000 124.599998 93.504807
v -3.421580 124.599998 93.325958
v -3.084653 124.599998 93.163704
v -2.740058 124.599998 93.018448
v -2.388650 124.599998 92.890549
v -2.031303 124.599998 92.780319
v -1.668907 124.599998 92.688042
v -1.302361 124.599998 92.613945
v -0.932578 124.599998 92.558205
v -0.560476 124.599998 92.520973
v -0.186980 124.599998 92.502335
v 0.186980 124.599998 92.502335
v 0.560476 124.599998 92.520973
v 0.932578 124.599998 92.558205
v 1.302361 124.599998 92.613945
v 1.668907 124.599998 92.688042
v 2.031303 124.599998 92.780319
v 2.388650 124.599998 92.890549
v 2.740058 124.599998 93.018448
v 3.084653 124.599998 93.163704
v 3.421580 124.599998 93.325958
v 3.750000 124.599998 93.504807
v 4.069097 124.599998 93.699806
v 4.378078 124.599998 93.910461
v 4.676174 124.599998 94.136261
v 4.962644 124.599998 94.376640
v 5.236776 124.599998 94.630997
v 5.497889 124.599998 94.898705
v 5.745333 124.599998 95.179092
v 5.978494 124.599998 95.471466
v 6.196791 124.599998 95.775101
v 6.399682 124.599998 96.089233
v 6.586662 124.599998 96.413094
v 6.757267 124.599998 96.745872
v 6.911072 124.599998 97.086739
v 7.047695 124.599998 97.434853
v 7.166796 124.599998 97.789337
v 7.268080 124.599998 98.149323
v 7.351294 124.599998 98.513901
v 7.416231 124.599998 98.882179
v 7.462731 124.599998 99.253242
v 7.490677 124.599998 99.626160
v -224.600006 150.000000 174.600006
v -224.600006 150.000000 25.400000
v -5.497889 150.000000 94.898705
v -5.236776 150.000000 94.630997
v -12.700000 150.000000 87.300003
v -4.962644 150.000000 94.376640
v -5.745333 150.000000 95.179092
v -4.676174 150.000000 94.136261
v -5.978494 150.000000 95.471466
v -4.378078 150.000000 93.910461
v -6.196791 150.000000 95.775101
v -4.069097 150.000000 93.699806
v -6.399682 150.000000 96.089233
v -3.750000 150.000000 93.504807
v -6.586662 150.000000 96.413094
v -3.421580 150.000000 93.325958
v -6.757267 150.000000 96.745872
v -3.084653 150.000000 93.163704
v -6.911072 150.000000 97.086739
v -2.740058 150.000000 93.018448
v -7.047695 150.000000 97.434853
v -2.388650 150.000000 92.890549
v -7.166796 150.000000 97.789337
v -2.031303 150.000000 92.780319
v -7.268080 150.000000 98.149323
v -1.668907 150.000000 92.688042
v -7.351294 150.000000 98.513901
v -1.302361 150.000000 92.613945
v -7.416231 150.000000 98.882179
v -0.932578 150.000000 92.558205
v -7.462731 150.000000 99.253242
v -0.560476 150.000000 92.520973
v -7.490677 150.000000 99.626160
v -0.186980 150.000000 92.502335
v -7.500000 150.000000 100.000000
v -7.490677 150.000000 100.373840
v -7.462731 150.000000 100.746758
v -7.416231 150.000000 101.117821
v -7.351294 150.000000 101.486099
v -7.268080 150.000000 101.850677
v -7.166796 150.000000 102.210663
v 12.700000 150.000000 87.300003
v 0.186980 150.000000 92.502335
v 0.560476 150.000000 92.520973
v 0.932578 150.000000 92.558205
v 1.302361 150.000000 92.613945
v 1.668907 150.000000 92.688042
v 2.031303 150.000000 92.780319
v 2.388650 150.000000 92.890549
v 2.740058 150.000000 93.018448
v 3.084653 150.000000 93.163704
v 3.421580 150.000000 93.325958
v 3.750000 150.000000 93.504807
v 4.069097 150.000000 93.699806
v 4.378078 150.000000 93.910461
v 4.676174 150.000000 94.136261
v 4.962644 150.000000 94.376640
v 5.236776 150.000000 94.630997
v 5.497889 150.000000 94.898705
v 5.745333 150.000000 95.179092
v 5.978494 150.000000 95.471466
v 6.196791 150.000000 95.775101
v 6.399682 150.000000 96.089233
v 6.586662 150.000000 96.413094
v 6.757267 150.000000 96.745872
v 6.911072 150.000000 97.086739
v 7.047695 150.000000 97.434853
v 7.166796 150.000000 97.789337
v 7.268080 150.000000 98.149323
v 7.351294 150.000000 98.513901
v 7.416231 150.000000 98.882179
v 7.462731 150.000000 99.253242
v 7.490677 150.000000 99.626160
v 7.500000 150.000000 100.000000
v 7.490677 150.000000 100.373840
v 7.462731 150.000000 100.746758
v 7.416231 150.000000 101.117821
v 7.351294 150.000000 101.486099
v 7.268080 150.000000 101.850677
v 7.166796 150.000000 102.210663
v -12.700000 150.000000 174.600006
v -0.186980 150.000000 107.497665
v -0.560476 150.000000 107.479027
v -0.932578 150.000000 107.441795
v -1.302361 150.000000 107.386055
v -1.668907 150.000000 107.311958
v -2.031303 150.000000 107.219681
v -2.388650 150.000000 107.109451
v -2.740058 150.000000 106.981552
v -3.084653 150.000000 106.836296
v -3.421580 150.000000 106.674042
v -3.750000 150.000000 106.495193
v -4.069097 150.000000 106.300194
v -4.378078 150.000000 106.089539
v -4.676174 150.000000 105.863739
v -4.962644 150.000000 105.623360
v -5.236776 150.000000 105.369003
v -5.497889 150.000000 105.101295
v -5.745333 150.000000 104.820908
v -5.978494 150.000000 104.528534
v -6.196791 150.000000 104.224899
v -6.399682 150.000000 103.910767
v -6.586662 150.000000 103.586906
v -6.757267 150.000000 103.254128
v -6.911072 150.000000 102.913261
v -7.047695 150.000000 102.565147
v 12.700000 150.000000 174.600006
v 7.047695 150.000000 102.565147
v 6.911072 150.000000 102.913261
v 6.757267 150.000000 103.254128
v 6.586662 150.000000 103.586906
v 6.399682 150.000000 103.910767
v 6.196791 150.000000 104.224899
v 5.978494 150.000000 104.528534
v 5.745333 150.000000 104.820908
v 5.497889 150.000000 105.101295
v 5.236776 150.000000 105.369003
v 4.962644 150.000000 105.623360
v 4.676174 150.000000 105.863739
v 4.378078 150.000000 106.089539
v 4.069097 150.000000 106.300194
v 3.750000 150.000000 106.495193
v 3.421580 150.000000 106.674042
v 3.084653 150.000000 106.836296
v 2.740058 150.000000 106.981552
v 2.388650 150.000000 107.109451
v 2.031303 150.000000 107.219681
v 1.668907 150.000000 107.311958
v 1.302361 150.000000 107.386055
v 0.932578 150.000000 107.441795
v 0.560476 150.000000 107.479027
v 0.186980 150.000000 107.497665
v 224.600006 150.000000 25.400000
v 224.600006 150.000000 174.600006
v 250.000000 150.000000 0.000000
v -224.600006 -150.000000 25.400000
v -5.497889 -150.000000 105.101295
v -5.236776 -150.000000 105.369003
v -4.962644 -150.000000 105.623360
v -5.745333 -150.000000 104.820908
v -4.676174 -150.000000 105.863739
v -5.978494 -150.000000 104.528534
v -4.378078 -150.000000 106.089539
v -6.196791 -150.000000 104.224899
v -4.069097 -150.000000 106.300194
v -6.399682 -150.000000 103.910767
v -3.750000 -150.000000 106.495193
v -6.586662 -150.000000 103.586906
v -3.421580 -150.000000 106.674042
v -6.757267 -150.000000 103.254128
v -3.084653 -150.000000 106.836296
v -6.911072 -150.000000 102.913261
v -2.740058 -150.000000 106.981552
v -7.047695 -150.000000 102.565147
v -2.388650 -150.000000 107.109451
v -7.166796 -150.000000 102.210663
v -2.031303 -150.000000 107.219681
v -1.668907 -150.000000 107.311958
v -1.302361 -150.000000 107.386055
v -0.932578 -150.000000 107.441795
v -0.560476 -150.000000 107.479027
v -0.186980 -150.000000 107.497665
v 0.186980 -150.000000 107.497665
v 0.560476 -150.000000 107.479027
v 0.932578 -150.000000 107.441795
v 1.302361 -150.000000 107.386055
v 1.668907 -150.000000 107.311958
v 2.031303 -150.000000 107.219681
v 2.388650 -150.000000 107.109451
v 2.740058 -150.000000 106.981552
v 3.084653 -150.000000 106.836296
v 3.421580 -150.000000 106.674042
v 3.750000 -150.000000 106.495193
v 4.069097 -150.000000 106.300194
v 4.378078 -150.000000 106.089539
v 4.676174 -150.000000 105.863739
v 4.962644 -150.000000 105.623360
v 5.236776 -150.000000 105.369003
v -7.268080 -150.000000 101.850677
v -7.351294 -150.000000 101.486099
v -7.416231 -150.000000 101.117821
v -7.462731 -150.000000 100.746758
v -7.490677 -150.000000 100.373840
v -7.500000 -150.000000 100.000000
v -7.490677 -150.000000 99.626160
v -7.462731 -150.000000 99.253242
v -7.416231 -150.000000 98.882179
v -7.351294 -150.000000 98.513901
v -7.268080 -150.000000 98.149323
v -7.166796 -150.000000 97.789337
v -7.047695 -150.000000 97.434853
v -6.911072 -150.000000 97.086739
v -6.757267 -150.000000 96.745872
v -6.586662 -150.000000 96.413094
v -6.399682 -150.000000 96.089233
v -6.196791 -150.000000 95.775101
v -5.978494 -150.000000 95.471466
v -5.745333 -150.000000 95.179092
v -5.497889 -150.000000 94.898705
v -5.236776 -150.000000 94.630997
v 5.497889 -150.000000 105.101295
v -4.962644 -150.000000 94.376640
v 5.745333 -150.000000 104.820908
v -4.676174 -150.000000 94.136261
v 5.978494 -150.000000 104.528534
v -4.378078 -150.000000 93.910461
v 6.196791 -150.000000 104.224899
v -4.069097 -150.000000 93.699806
v 6.399682 -150.000000 103.910767
v -3.750000 -150.000000 93.504807
v 6.586662 -150.000000 103.586906
v -3.421580 -150.000000 93.325958
v 6.757267 -150.000000 103.254128
v -3.084653 -150.000000 93.163704
v 6.911072 -150.000000 102.913261
v -2.740058 -150.000000 93.018448
v 7.047695 -150.000000 102.565147
v -2.388650 -150.000000 92.890549
v 7.166796 -150.000000 102.210663
v -2.031303 -150.000000 92.780319
v -1.668907 -150.000000 92.688042
v -1.302361 -150.000000 92.613945
v -0.932578 -150.000000 92.558205
v -0.560476 -150.000000 92.520973
v -0.186980 -150.000000 92.502335
v 0.932578 -150.000000 92.558205
v 0.560476 -150.000000 92.520973
v 1.302361 -150.000000 92.613945
v 1.668907 -150.000000 92.688042
v 2.031303 -150.000000 92.780319
v 2.388650 -150.000000 92.890549
v 7.490677 -150.000000 100.373840
v 7.500000 -150.000000 100.000000
v 2.740058 -150.000000 93.018448
v 7.462731 -150.000000 100.746758
v 3.084653 -150.000000 93.163704
v 7.416231 -150.000000 101.117821
v 3.421580 -150.000000 93.325958
v 7.351294 -150.000000 101.486099
v 3.750000 -150.000000 93.504807
v 7.268080 -150.000000 101.850677
v 4.069097 -150.000000 93.699806
v 4.378078 -150.000000 93.910461
v 4.676174 -150.000000 94.136261
v 4.962644 -150.000000 94.376640
v 5.236776 -150.000000 94.630997
v 5.497889 -150.000000 94.898705
v 5.745333 -150.000000 95.179092
v 5.978494 -150.000000 95.471466
v 6.196791 -150.000000 95.775101
v 6.399682 -150.000000 96.089233
v 6.586662 -150.000000 96.413094
v 6.757267 -150.000000 96.745872
v 6.911072 -150.000000 97.086739
v 7.047695 -150.000000 97.434853
v 7.166796 -150.000000 97.789337
v 7.268080 -150.000000 98.149323
v 7.351294 -150.000000 98.513901
v 7.416231 -150.000000 98.882179
v 7.462731 -150.000000 99.253242
v 7.490677 -150.000000 99.626160
v 0.186980 -150.000000 92.502335
v 250.000000 -150.000000 0.000000
v 224.600006 -150.000000 25.400000
v 250.000000 124.599998 174.600006
v 250.000000 124.599998 25.400000
v 250.000000 -124.599998 25.400000
v 250.000000 -124.599998 174.600006
v -179.000000 -0.000000 210.000000
v -179.009323 0.373844 210.000000
v -179.037262 0.746759 210.000000
v -179.083771 1.117817 210.000000
v -179.148712 1.486096 210.000000
v -179.231918 1.850680 210.000000
v -179.333206 2.210664 210.000000
v -179.452301 2.565151 210.000000
v -179.588928 2.913261 210.000000
v -179.742737 3.254128 210.000000
v -179.913345 3.586905 210.000000
v -180.100311 3.910764 210.000000
v -180.303207 4.224900 210.000000
v -180.521500 4.528533 210.000000
v -180.754669 4.820907 210.000000
v -181.002106 5.101295 210.000000
v -181.263229 5.369001 210.000000
v -181.537354 5.623359 210.000000
v -181.823822 5.863736 210.000000
v -182.121918 6.089535 210.000000
v -182.430908 6.300194 210.000000
v -182.750000 6.495191 210.000000
v -183.078415 6.674038 210.000000
v -183.415344 6.836294 210.000000
v -183.759949 6.981553 210.000000
v -184.111343 7.109455 210.000000
v -184.468689 7.219682 210.000000
v -184.831100 7.311959 210.000000
v -185.197632 7.386058 210.000000
v -185.567429 7.441794 210.000000
v -185.939529 7.479029 210.000000
v -186.313019 7.497669 210.000000
v -186.686981 7.497669 210.000000
v -187.060471 7.479029 210.000000
v -187.432571 7.441794 210.000000
v -187.802368 7.386058 210.000000
v -188.168900 7.311959 210.000000
v -188.531311 7.219682 210.000000
v -188.888657 7.109455 210.000000
v -189.240051 6.981553 210.000000
v -189.584656 6.836294 210.000000
v -189.921585 6.674038 210.000000
v -190.250000 6.495191 210.000000
v -190.569092 6.300194 210.000000
v -190.878082 6.089535 210.000000
v -191.176178 5.863736 210.000000
v -191.462646 5.623359 210.000000
v -191.736771 5.369001 210.000000
v -191.997894 5.101295 210.000000
v -192.245331 4.820907 210.000000
v -192.478500 4.528533 210.000000
v -192.696793 4.224900 210.000000
v -192.899689 3.910764 210.000000
v -193.086655 3.586905 210.000000
v -193.257263 3.254128 210.000000
v -193.411072 2.913261 210.000000
v -193.547699 2.565151 210.000000
v -193.666794 2.210664 210.000000
v -193.768082 1.850680 210.000000
v -193.851288 1.486096 210.000000
v -193.916229 1.117817 210.000000
v -193.962738 0.746759 210.000000
v -193.990677 0.373844 210.000000
v -194.000000 -0.000000 210.000000
v -193.990677 -0.373844 210.000000
v -193.962738 -0.746759 210.000000
v -193.916229 -1.117817 210.000000
v -193.851288 -1.486096 210.000000
v -193.768082 -1.850680 210.000000
v -193.666794 -2.210664 210.000000
v -193.547699 -2.565151 210.000000
v -193.411072 -2.913261 210.000000
v -193.257263 -3.254128 210.000000
v -193.086655 -3.586905 210.000000
v -192.899689 -3.910764 210.000000
v -192.696793 -4.224900 210.000000
v -192.478500 -4.528533 210.000000
v -192.245331 -4.820907 210.000000
v -191.997894 -5.101295 210.000000
v -191.736771 -5.369001 210.000000
v -191.462646 -5.623359 210.000000
v -191.176178 -5.863736 210.000000
v -190.878082 -6.089535 210.000000
v -190.569092 -6.300194 210.000000
v -190.250000 -6.495191 210.000000
v -189.921585 -6.674038 210.000000
v -189.584656 -6.836294 210.000000
v -189.240051 -6.981553 210.000000
v -188.888657 -7.109455 210.000000
v -188.531311 -7.219682 210.000000
v -188.168900 -7.311959 210.000000
v -187.802368 -7.386058 210.000000
v -187.432571 -7.441794 210.000000
v -187.060471 -7.479029 210.000000
v -186.686981 -7.497669 210.000000
v -186.313019 -7.497669 210.000000
v -185.939529 -7.479029 210.000000
v -185.567429 -7.441794 210.000000
v -185.197632 -7.386058 210.000000
v -184.831100 -7.311959 210.000000
v -184.468689 -7.219682 210.000000
v -184.111343 -7.109455 210.000000
v -183.759949 -6.981553 210.000000
v -183.415344 -6.836294 210.000000
v -183.078415 -6.674038 210.000000
v -182.750000 -6.495191 210.000000
v -182.430908 -6.300194 210.000000
v -182.121918 -6.089535 210.000000
v -181.823822 -5.863736 210.000000
v -181.537354 -5.623359 210.000000
v -181.263229 -5.369001 210.000000
v -181.002106 -5.101295 210.000000
v -180.754669 -4.820907 210.000000
v -180.521500 -4.528533 210.000000
v -180.303207 -4.224900 210.000000
v -180.100311 -3.910764 210.000000
v -179.913345 -3.586905 210.000000
v -179.742737 -3.254128 210.000000
v -179.588928 -2.913261 210.000000
v -179.452301 -2.565151 210.000000
v -179.333206 -2.210664 210.000000
v -179.231918 -1.850680 210.000000
v -179.148712 -1.486096 210.000000
v -179.083771 -1.117817 210.000000
v -179.037262 -0.746759 210.000000
v -179.009323 -0.373844 210.000000
v -12.700000 124.599998 174.600006
v 12.700000 124.599998 174.600006
v -12.700000 124.599998 87.300003
v 12.700000 124.599998 87.300003
v -224.600006 124.599998 0.000000
v -224.600006 -124.599998 0.000000
v 224.600006 -124.599998 0.000000
v 224.600006 124.599998 0.000000
v 224.600006 -124.599998 25.400000
v 224.600006 124.599998 25.400000
v 7.500000 190.000000 100.000000
v 7.490677 190.000000 100.373840
v 7.462731 190.000000 100.746758
v 7.416231 190.000000 101.117821
v 7.351294 190.000000 101.486099
v 7.268080 190.000000 101.850677
v 7.166796 190.000000 102.210663
v 7.047695 190.000000 102.565147
v 6.911072 190.000000 102.913261
v 6.757267 190.000000 103.254128
v 6.586662 190.000000 103.586906
v 6.399682 190.000000 103.910767
v 6.196791 190.000000 104.224899
v 5.978494 190.000000 104.528534
v 5.745333 190.000000 104.820908
v 5.497889 190.000000 105.101295
v 5.236776 190.000000 105.369003
v 4.962644 190.000000 105.623360
v 4.676174 190.000000 105.863739
v 4.378078 190.000000 106.089539
v 4.069097 190.000000 106.300194
v 3.750000 190.000000 106.495193
v 3.421580 190.000000 106.674042
v 3.084653 190.000000 106.836296
v 2.740058 190.000000 106.981552
v 2.388650 190.000000 107.109451
v 2.031303 190.000000 107.219681
v 1.668907 190.000000 107.311958
v 1.302361 190.000000 107.386055
v 0.932578 190.000000 107.441795
v 0.560476 190.000000 107.479027
v 0.186980 190.000000 107.497665
v -0.186980 190.000000 107.497665
v -0.560476 190.000000 107.479027
v -0.932578 190.000000 107.441795
v -1.302361 190.000000 107.386055
v -1.668907 190.000000 107.311958
v -2.031303 190.000000 107.219681
v -2.388650 190.000000 107.109451
v -2.740058 190.000000 106.981552
v -3.084653 190.000000 106.836296
v -3.421580 190.000000 106.674042
v -3.750000 190.000000 106.495193
v -4.069097 190.000000 106.300194
v -4.378078 190.000000 106.089539
v -4.676174 190.000000 105.863739
v -4.962644 190.000000 105.623360
v -5.236776 190.000000 105.369003
v -5.497889 190.000000 105.101295
v -5.745333 190.000000 104.820908
v -5.978494 190.000000 104.528534
v -6.196791 190.000000 104.224899
v -6.399682 190.000000 103.910767
v -6.586662 190.000000 103.586906
v -6.757267 190.000000 103.254128
v -6.911072 190.000000 102.913261
v -7.047695 190.000000 102.565147
v -7.166796 190.000000 102.210663
v -7.268080 190.000000 101.850677
v -7.351294 190.000000 101.486099
v -7.416231 190.000000 101.117821
v -7.462731 190.000000 100.746758
v -7.490677 190.000000 100.373840
v -7.500000 190.000000 100.000000
v -7.490677 190.000000 99.626160
v -7.462731 190.000000 99.253242
v -7.416231 190.000000 98.882179
v -7.351294 190.000000 98.513901
v -7.268080 190.000000 98.149323
v -7.166796 190.000000 97.789337
v -7.047695 190.000000 97.434853
v -6.911072 190.000000 97.086739
v -6.757267 190.000000 96.745872
v -6.586662 190.000000 96.413094
v -6.399682 190.000000 96.089233
v -6.196791 190.000000 95.775101
v -5.978494 190.000000 95.471466
v -5.745333 190.000000 95.179092
v -5.497889 190.000000 94.898705
v -5.236776 190.000000 94.630997
v -4.962644 190.000000 94.376640
v -4.676174 190.000000 94.136261
v -4.378078 190.000000 93.910461
v -4.069097 190.000000 93.699806
v -3.750000 190.000000 93.504807
v -3.421580 190.000000 93.325958
v -3.084653 190.000000 93.163704
v -2.740058 190.000000 93.018448
v -2.388650 190.000000 92.890549
v -2.031303 190.000000 92.780319
v -1.668907 190.000000 92.688042
v -1.302361 190.000000 92.613945
v -0.932578 190.000000 92.558205
v -0.560476 190.000000 92.520973
v -0.186980 190.000000 92.502335
v 0.186980 190.000000 92.502335
v 0.560476 190.000000 92.520973
v 0.932578 190.000000 92.558205
v 1.302361 190.000000 92.613945
v 1.668907 190.000000 92.688042
v 2.031303 190.000000 92.780319
v 2.388650 190.000000 92.890549
v 2.740058 190.000000 93.018448
v 3.084653 190.000000 93.163704
v 3.421580 190.000000 93.325958
v 3.750000 190.000000 93.504807
v 4.069097 190.000000 93.699806
v 4.378078 190.000000 93.910461
v 4.676174 190.000000 94.136261
v 4.962644 190.000000 94.376640
v 5.236776 190.000000 94.630997
v 5.497889 190.000000 94.898705
v 5.745333 190.000000 95.179092
v 5.978494 190.000000 95.471466
v 6.196791 190.000000 95.775101
v 6.399682 190.000000 96.089233
v 6.586662 190.000000 96.413094
v 6.757267 190.000000 96.745872
v 6.911072 190.000000 97.086739
v 7.047695 190.000000 97.434853
v 7.166796 190.000000 97.789337
v 7.268080 190.000000 98.149323
v 7.351294 190.000000 98.513901
v 7.416231 190.000000 98.882179
v 7.462731 190.000000 99.253242
v 7.490677 190.000000 99.626160
v 7.490677 -190.000000 100.373840
v 7.500000 -190.000000 100.000000
v 7.462731 -190.000000 100.746758
v 7.416231 -190.000000 101.117821
v 7.351294 -190.000000 101.486099
v 7.268080 -190.000000 101.850677
v 7.166796 -190.000000 102.210663
v 7.047695 -190.000000 102.565147
v 6.911072 -190.000000 102.913261
v 6.757267 -190.000000 103.254128
v 6.586662 -190.000000 103.586906
v 6.399682 -190.000000 103.910767
v 6.196791 -190.000000 104.224899
v 5.978494 -190.000000 104.528534
v 5.745333 -190.000000 104.820908
v 5.497889 -190.000000 105.101295
v 5.236776 -190.000000 105.369003
v 4.962644 -190.000000 105.623360
v 4.676174 -190.000000 105.863739
v 4.378078 -190.000000 106.089539
v 4.069097 -190.000000 106.300194
v 3.750000 -190.000000 106.495193
v 3.421580 -190.000000 106.674042
v 3.084653 -190.000000 106.836296
v 2.740058 -190.000000 106.981552
v 2.388650 -190.000000 107.109451
v 2.031303 -190.000000 107.219681
v 1.668907 -190.000000 107.311958
v 1.302361 -190.000000 107.386055
v 0.932578 -190.000000 107.441795
v 0.560476 -190.000000 107.479027
v 0.186980 -190.000000 107.497665
v -0.186980 -190.000000 107.497665
v -0.560476 -190.000000 107.479027
v -0.932578 -190.000000 107.441795
v -1.302361 -190.000000 107.386055
v -1.668907 -190.000000 107.311958
v -2.031303 -190.000000 107.219681
v -2.388650 -190.000000 107.109451
v -2.740058 -190.000000 106.981552
v -3.084653 -190.000000 106.836296
v -3.421580 -190.000000 106.674042
v -3.750000 -190.000000 106.495193
v -4.069097 -190.000000 106.300194
v -4.378078 -190.000000 106.089539
v -4.676174 -190.000000 105.863739
v -4.962644 -190.000000 105.623360
v -5.236776 -190.000000 105.369003
v -5.497889 -190.000000 105.101295
v -5.745333 -190.000000 104.820908
v -5.978494 -190.000000 104.528534
v -6.196791 -190.000000 104.224899
v -6.399682 -190.000000 103.910767
v -6.586662 -190.000000 103.586906
v -6.757267 -190.000000 103.254128
v -6.911072 -190.000000 102.913261
v -7.047695 -190.000000 102.565147
v -7.166796 -190.000000 102.210663
v -7.268080 -190.000000 101.850677
v -7.351294 -190.000000 101.486099
v -7.416231 -190.000000 101.117821
v -7.462731 -190.000000 100.746758
v -7.490677 -190.000000 100.373840
v -7.500000 -190.000000 100.000000
v -7.490677 -190.000000 99.626160
v -7.462731 -190.000000 99.253242
v -7.416231 -190.000000 98.882179
v -7.351294 -190.000000 98.513901
v -7.268080 -190.000000 98.149323
v -7.166796 -190.000000 97.789337
v -7.047695 -190.000000 97.434853
v -6.911072 -190.000000 97.086739
v -6.757267 -190.000000 96.745872
v -6.586662 -190.000000 96.413094
v -6.399682 -190.000000 96.089233
v -6.196791 -190.000000 95.775101
v -5.978494 -190.000000 95.471466
v -5.745333 -190.000000 95.179092
v -5.497889 -190.000000 94.898705
v -5.236776 -190.000000 94.630997
v -4.962644 -190.000000 94.376640
v -4.676174 -190.000000 94.136261
v -4.378078 -190.000000 93.910461
v -4.069097 -190.000000 93.699806
v -3.750000 -190.000000 93.504807
v -3.421580 -190.000000 93.325958
v -3.084653 -190.000000 93.163704
v -2.740058 -190.000000 93.018448
v -2.388650 -190.000000 92.890549
v -2.031303 -190.000000 92.780319
v -1.668907 -190.000000 92.688042
v -1.302361 -190.000000 92.613945
v -0.932578 -190.000000 92.558205
v -0.560476 -190.000000 92.520973
v -0.186980 -190.000000 92.502335
v 0.186980 -190.000000 92.502335
v 0.560476 -190.000000 92.520973
v 0.932578 -190.000000 92.558205
v 1.302361 -190.000000 92.613945
v 1.668907 -190.000000 92.688042
v 2.031303 -190.000000 92.780319
v 2.388650 -190.000000 92.890549
v 2.740058 -190.000000 93.018448
v 3.084653 -190.000000 93.163704
v 3.421580 -190.000000 93.325958
v 3.750000 -190.000000 93.504807
v 4.069097 -190.000000 93.699806
v 4.378078 -190.000000 93.910461
v 4.676174 -190.000000 94.136261
v 4.962644 -190.000000 94.376640
v 5.236776 -190.000000 94.630997
v 5.497889 -190.000000 94.898705
v 5.745333 -190.000000 95.179092
v 5.978494 -190.000000 95.471466
v 6.196791 -190.000000 95.775101
v 6.399682 -190.000000 96.089233
v 6.586662 -190.000000 96.413094
v 6.757267 -190.000000 96.745872
v 6.911072 -190.000000 97.086739
v 7.047695 -190.000000 97.434853
v 7.166796 -190.000000 97.789337
v 7.268080 -190.000000 98.149323
v 7.351294 -190.000000 98.513901
v 7.416231 -190.000000 98.882179
v 7.462731 -190.000000 99.253242
v 7.490677 -190.000000 99.626160
vn 1.000000 0.000000 0.000000
vn 1.000000 0.000000 0.000000
vn 0.000000 -0.000000 -1.000000
vn 0.000000 0.000000 -1.000000
vn 0.000000 0.000000 -1.000000
vn 0.000000 0.000000 -1.000000
vn 0.000000 0.000000 -1.000000
vn 0.000000 0.000000 -1.000000
vn 0.000000 1.000000 0.000000
vn 0.000000 1.000000 0.000000
vn 0.000000 1.000000 0.000000
vn 0.000000 1.000000 0.000000
vn 0.000000 1.000000 0.000000
vn 0.000000 1.000000 0.000000
vn 0.000000 1.000000 0.000000
vn 0.000000 1.000000 0.000000
vn 0.000000 1.000000 0.000000
vn 0.000000 1.000000 0.000000
vn 0.000000 1.000000 0.000000
vn 0.000000 1.000000 0.000000
vn 0.000000 1.000000 0.000000
vn 0.000000 1.000000 0.000000
vn 0.000000 1.000000 0.000000
vn 0.000000 1.000000 0.000000
vn 0.000000 1.000000 0.000000
vn 0.000000 1.000000 0.000000
vn 0.000000 1.000000 0.000000
vn 0.000000 1.000000 0.000000
vn 0.000000 1.000000 0.000000
vn 0.000000 1.000000 0.000000
vn 0.000000 1.000000 0.000000
vn 0.000000 1.000000 0.000000
vn 0.000000 1.000000 0.000000
vn 0.000000 1.000000 0.000000
vn 0.000000 1.000000 0.000000
vn 0.000000 1.000000 0.000000
vn 0.000000 1.000000 0.000000
vn 0.000000 1.000000 0.000000
vn 0.000000 1.000000 0.000000
vn 0.000000 1.000000 0.000000
vn 0.000000 1.000000 0.000000
vn 0.000000 1.000000 0.000000
vn 0.000000 1.000000 0.000000
vn 0.000000 1.000000 0.000000
vn 0.000000 1.000000 0.000000
vn 0.000000 1.000000 0.000000
vn 0.000000 1.000000 0.000000
vn 0.000000 1.000000 0.000000
vn 0.000000 1.000000 0.000000
vn 0.000000 1.000000 0.000000
vn 0.000000 1.000000 0.000000
vn 0.000000 1.000000 0.000000
vn 0.000000 1.000000 0.000000
vn 0.000000 1.000000 0.000000
vn 0.000000 1.000000 0.000000
vn 0.000000 1.000000 0.000000
vn 0.000000 1.000000 0.000000
vn 0.000000 1.000000 0.000000
vn 0.000000 1.000000 0.000000
vn 0.000000 1.000000 0.000000
vn 0.000000 1.000000 0.000000
vn 0.000000 1.000000 0.000000
vn 0.000000 1.000000 0.000000
vn 0.000000 1.000000 0.000000
vn 0.000000 1.000000 0.000000
vn 0.000000 1.000000 0.000000
vn 0.000000 1.000000 0.000000
vn 0.000000 1.000000 0.000000
vn 0.000000 1.000000 0.000000
vn 0.000000 1.000000 0.000000
vn 0.000000 1.000000 0.000000
vn 0.000000 1.000000 0.000000
vn 0.000000 1.000000 0.000000
vn 0.000000 1.000000 0.000000
vn 0.000000 1.000000 0.000000
vn 0.000000 1.000000 0.000000
vn 0.000000 1.000000 0.000000
vn 0.000000 1.000000 0.000000
vn 0.000000 1.000000 0.000000
vn 0.000000 1.000000 0.000000
vn 0.000000 1.000000 0.000000
vn 0.000000 1.000000 0.000000
vn 0.000000 1.000000 0.000000
vn 0.000000 1.000000 0.000000
vn 0.000000 1.000000 0.000000
vn 0.000000 1.000000 0.000000
vn 0.000000 1.000000 0.000000
vn 0.000000 1.000000 0.000000
vn 0.000000 1.000000 0.000000
vn 0.000000 1.000000 0.000000
vn 0.000000 1.000000 0.000000
vn 0.000000 1.000000 0.000000
vn 0.000000 1.000000 0.000000
vn 0.000000 1.000000 0.000000
vn 0.000000 1.000000 0.000000
vn 0.000000 1.000000 0.000000
vn 0.000000 1.000000 0.000000
vn 0.000000 1.000000 0.000000
vn 0.000000 1.000000 0.000000
vn 0.000000 1.000000 0.000000
vn 0.000000 1.000000 0.000000
vn 0.000000 1.000000 0.000000
vn 0.000000 1.000000 0.000000
vn 0.000000 1.000000 0.000000
vn 0.000000 1.000000 0.000000
vn 0.000000 1.000000 0.000000
vn 0.000000 1.000000 0.000000
vn 0.000000 1.000000 0.000000
vn 0.000000 1.000000 0.000000
vn 0.000000 1.000000 0.000000
vn 0.000000 1.000000 0.000000
vn 0.000000 1.000000 0.000000
vn 0.000000 1.000000 0.000000
vn 0.000000 1.000000 0.000000
vn 0.000000 1.000000 0.000000
vn 0.000000 1.000000 0.000000
vn 0.000000 1.000000 0.000000
vn 0.000000 1.000000 0.000000
vn 0.000000 1.000000 0.000000
vn 0.000000 1.000000 0.000000
vn 0.000000 1.000000 0.000000
vn 0.000000 1.000000 0.000000
vn 0.000000 1.000000 0.000000
vn 0.000000 1.000000 0.000000
vn 0.000000 1.000000 0.000000
vn 0.000000 1.000000 0.000000
vn 0.000000 1.000000 0.000000
vn 0.000000 1.000000 0.000000
vn 0.000000 1.000000 0.000000
vn 0.000000 1.000000 0.000000
vn 0.000000 1.000000 0.000000
vn 0.000000 1.000000 0.000000
vn 0.000000 1.000000 0.000000
vn 0.000000 1.000000 0.000000
vn 0.000000 1.000000 0.000000
vn 0.000000 1.000000 0.000000
vn 0.000000 1.000000 0.000000
vn 0.000000 1.000000 0.000000
vn 0.000000 1.000000 0.000000
vn 0.000000 1.000000 0.000000
vn -0.000000 1.000000 0.000000
vn 0.000000 1.000000 0.000000
vn 0.000000 0.000000 1.000000
vn 0.000000 0.000000 1.000000
vn 0.000000 0.000000 1.000000
vn 0.000000 0.000000 1.000000
vn 0.000000 0.000000 1.000000
vn 0.000000 0.000000 1.000000
vn 0.000000 0.000000 1.000000
vn 0.000000 0.000000 1.000000
vn 0.000000 0.000000 1.000000
vn 0.000000 0.000000 1.000000
vn 0.000000 0.000000 1.000000
vn 0.000000 0.000000 1.000000
vn 0.000000 0.000000 1.000000
vn 0.000000 0.000000 1.000000
vn 0.000000 0.000000 1.000000
vn 0.000000 0.000000 1.000000
vn 0.000000 0.000000 1.000000
vn 0.000000 0.000000 1.000000
vn 0.000000 0.000000 1.000000
vn 0.000000 0.000000 1.000000
vn 0.000000 0.000000 1.000000
vn 0.000000 0.000000 1.000000
vn 0.000000 0.000000 1.000000
vn 0.000000 0.000000 1.000000
vn 0.000000 0.000000 1.000000
vn 0.000000 0.000000 1.000000
vn 0.000000 0.000000 1.000000
vn 0.000000 0.000000 1.000000
vn 0.000000 0.000000 1.000000
vn 0.000000 0.000000 1.000000
vn 0.000000 0.000000 1.000000
vn 0.000000 0.000000 1.000000
vn 0.000000 0.000000 1.000000
vn 0.000000 0.000000 1.000000
vn 0.000000 0.000000 1.000000
vn 0.000000 0.000000 1.000000
vn 0.000000 0.000000 1.000000
vn 0.000000 0.000000 1.000000
vn 0.000000 0.000000 1.000000
vn 0.000000 0.000000 1.000000
vn 0.000000 0.000000 1.000000
vn 0.000000 0.000000 1.000000
vn 0.000000 0.000000 1.000000
vn 0.000000 0.000000 1.000000
vn 0.000000 0.000000 1.000000
vn 0.000000 0.000000 1.000000
vn 0.000000 0.000000 1.000000
vn 0.000000 0.000000 1.000000
vn 0.000000 0.000000 1.000000
vn 0.000000 0.000000 1.000000
vn 0.000000 0.000000 1.000000
vn 0.000000 0.000000 1.000000
vn 0.000000 0.000000 1.000000
vn 0.000000 0.000000 1.000000
vn 0.000000 0.000000 1.000000
vn 0.000000 0.000000 1.000000
vn 0.000000 0.000000 1.000000
vn 0.000000 0.000000 1.000000
vn 0.000000 0.000000 1.000000
vn 0.000000 0.000000 1.000000
vn 0.000000 0.000000 1.000000
vn 0.000000 0.000000 1.000000
vn 0.000000 0.000000 1.000000
vn 0.000000 0.000000 1.000000
vn 0.000000 0.000000 1.000000
vn 0.000000 0.000000 1.000000
vn 0.000000 0.000000 1.000000
vn 0.000000 0.000000 1.000000
vn 0.000000 0.000000 1.000000
vn 0.000000 0.000000 1.000000
vn 0.000000 0.000000 1.000000
vn 0.000000 0.000000 1.000000
vn 0.000000 0.000000 1.000000
vn 0.000000 0.000000 1.000000
vn 0.000000 0.000000 1.000000
vn 0.000000 0.000000 1.000000
vn 0.000000 0.000000 1.000000
vn 0.000000 0.000000 1.000000
vn 0.000000 0.000000 1.000000
vn 0.000000 0.000000 1.000000
vn 0.000000 0.000000 1.000000
vn 0.000000 0.000000 1.000000
vn 0.000000 0.000000 1.000000
vn 0.000000 0.000000 1.000000
vn 0.000000 0.000000 1.000000
vn 0.000000 0.000000 1.000000
vn 0.000000 0.000000 1.000000
vn 0.000000 0.000000 1.000000
vn 0.000000 0.000000 1.000000
vn 0.000000 0.000000 1.000000
vn 0.000000 0.000000 1.000000
vn 0.000000 0.000000 1.000000
vn 0.000000 0.000000 1.000000
vn 0.000000 0.000000 1.000000
vn 0.000000 0.000000 1.000000
vn 0.000000 0.000000 1.000000
vn 0.000000 0.000000 1.000000
vn 0.000000 0.000000 1.000000
vn 0.000000 0.000000 1.000000
vn 0.000000 0.000000 1.000000
vn 0.000000 0.000000 1.000000
vn 0.000000 0.000000 1.000000
vn 0.000000 0.000000 1.000000
vn 0.000000 0.000000 1.000000
vn 0.000000 0.000000 1.000000
vn 0.000000 0.000000 1.000000
vn 0.000000 0.000000 1.000000
vn 0.000000 0.000000 1.000000
vn 0.000000 0.000000 1.000000
vn 0.000000 0.000000 1.000000
vn 0.000000 0.000000 1.000000
vn 0.000000 0.000000 1.000000
vn 0.000000 0.000000 1.000000
vn 0.000000 0.000000 1.000000
vn 0.000000 0.000000 1.000000
vn 0.000000 0.000000 1.000000
vn 0.000000 0.000000 1.000000
vn 0.000000 0.000000 1.000000
vn 0.000000 0.000000 1.000000
vn 0.000000 0.000000 1.000000
vn 0.000000 0.000000 1.000000
vn 0.000000 0.000000 1.000000
vn 0.000000 0.000000 1.000000
vn 0.000000 0.000000 1.000000
vn 0.000000 0.000000 1.000000
vn 0.000000 0.000000 1.000000
vn 0.000000 0.000000 1.000000
vn 0.000000 0.000000 1.000000
vn 0.000000 0.000000 1.000000
vn 0.000000 0.000000 1.000000
vn 0.000000 0.000000 1.000000
vn 0.000000 0.000000 1.000000
vn 0.000000 0.000000 1.000000
vn 0.000000 0.000000 1.000000
vn 0.000000 0.000000 1.000000
vn 0.000000 0.000000 1.000000
vn 0.000000 0.000000 1.000000
vn 0.000000 0.000000 1.000000
vn 0.000000 0.000000 1.000000
vn 0.000000 0.000000 1.000000
vn 0.000000 -1.000000 0.000000
vn 0.000000 -1.000000 -0.000000
vn 0.000000 -1.000000 0.000000
vn 0.000000 -1.000000 0.000000
vn 1.000000 0.000000 0.000000
vn 1.000000 0.000000 0.000000
vn 0.000000 1.000000 0.000000
vn 0.000000 1.000000 -0.000000
vn 1.000000 0.000000 0.000000
vn 1.000000 -0.000000 0.000000
vn 0.000000 1.000000 -0.000000
vn 0.000000 1.000000 0.000000
vn -1.000000 0.000000 0.000000
vn -1.000000 0.000000 0.000000
vn -1.000000 0.000000 0.000000
vn -1.000000 0.000000 0.000000
vn -1.000000 0.000000 0.000000
vn -1.000000 0.000000 0.000000
vn -1.000000 0.000000 0.000000
vn -1.000000 0.000000 0.000000
vn 0.000000 0.000000 -1.000000
vn 0.000000 0.000000 -1.000000
vn -1.000000 0.000000 0.000000
vn -1.000000 0.000000 0.000000
vn -1.000000 -0.000000 0.000000
vn -1.000000 0.000000 0.000000
vn 0.000000 0.000000 -1.000000
vn 0.000000 0.000000 -1.000000
vn 0.000000 0.000000 -1.000000
vn 0.000000 0.000000 -1.000000
vn 1.000000 0.000000 0.000000
vn 1.000000 0.000000 0.000000
vn 0.999689 -0.000000 0.024931
vn 0.997204 -0.000000 0.074729
vn 0.999689 -0.000000 0.024931
vn 0.997204 -0.000000 0.074729
vn 0.992239 -0.000000 0.124342
vn 0.992239 0.000000 0.124342
vn 0.984808 -0.000000 0.173649
vn 0.984808 0.000000 0.173649
vn 0.974927 -0.000000 0.222524
vn 0.974927 0.000000 0.222524
vn 0.962625 -0.000000 0.270839
vn 0.962625 0.000000 0.270839
vn 0.947927 -0.000000 0.318489
vn 0.930875 -0.000000 0.365337
vn 0.947927 0.000000 0.318489
vn 0.911505 -0.000000 0.411288
vn 0.930875 -0.000000 0.365337
vn 0.911505 -0.000000 0.411288
vn 0.889873 -0.000000 0.456208
vn 0.889873 0.000000 0.456208
vn 0.866026 0.000000 0.499999
vn 0.866026 -0.000000 0.499999
vn 0.840023 0.000000 0.542551
vn 0.840023 -0.000000 0.542551
vn 0.811940 0.000000 0.583741
vn 0.811940 -0.000000 0.583741
vn 0.781831 0.000000 0.623490
vn 0.781831 -0.000000 0.623490
vn 0.749781 -0.000000 0.661686
vn 0.749781 -0.000000 0.661686
vn 0.715870 0.000000 0.698234
vn 0.715870 -0.000000 0.698234
vn 0.680170 0.000000 0.733054
vn 0.680170 -0.000000 0.733054
vn 0.642792 0.000000 0.766041
vn 0.642792 -0.000000 0.766041
vn 0.603805 0.000000 0.797132
vn 0.603805 -0.000000 0.797132
vn 0.563313 0.000000 0.826244
vn 0.563313 -0.000000 0.826244
vn 0.521442 0.000000 0.853287
vn 0.521442 -0.000000 0.853287
vn 0.478254 -0.000000 0.878221
vn 0.478254 -0.000000 0.878221
vn 0.433882 -0.000000 0.900970
vn 0.433882 0.000000 0.900970
vn 0.388427 -0.000000 0.921479
vn 0.388427 -0.000000 0.921479
vn 0.342014 -0.000000 0.939695
vn 0.342014 0.000000 0.939695
vn 0.294762 -0.000000 0.955571
vn 0.246758 -0.000000 0.969077
vn 0.294762 0.000000 0.955571
vn 0.198141 -0.000000 0.980174
vn 0.246758 -0.000000 0.969077
vn 0.149054 -0.000000 0.988829
vn 0.198141 -0.000000 0.980174
vn 0.149054 -0.000000 0.988829
vn 0.099560 -0.000000 0.995031
vn 0.049841 -0.000000 0.998757
vn 0.099560 0.000000 0.995031
vn 0.049841 -0.000000 0.998757
vn 0.000000 0.000000 1.000000
vn 0.000000 0.000000 1.000000
vn -0.049841 0.000000 0.998757
vn -0.049841 0.000000 0.998757
vn -0.099560 0.000000 0.995031
vn -0.099560 0.000000 0.995031
vn -0.149054 0.000000 0.988829
vn -0.149054 0.000000 0.988829
vn -0.198141 0.000000 0.980174
vn -0.198141 0.000000 0.980174
vn -0.246758 0.000000 0.969077
vn -0.246758 0.000000 0.969077
vn -0.294762 0.000000 0.955571
vn -0.294762 0.000000 0.955571
vn -0.342014 0.000000 0.939695
vn -0.342014 0.000000 0.939695
vn -0.388427 0.000000 0.921479
vn -0.388427 0.000000 0.921479
vn -0.433882 0.000000 0.900970
vn -0.433882 0.000000 0.900970
vn -0.478254 0.000000 0.878221
vn -0.478254 0.000000 0.878221
vn -0.521442 0.000000 0.853287
vn -0.521442 0.000000 0.853287
vn -0.563313 0.000000 0.826244
vn -0.563313 0.000000 0.826244
vn -0.603805 0.000000 0.797132
vn -0.603805 0.000000 0.797132
vn -0.642792 0.000000 0.766041
vn -0.642792 0.000000 0.766041
vn -0.680170 0.000000 0.733054
vn -0.680170 0.000000 0.733054
vn -0.715870 0.000000 0.698234
vn -0.715870 0.000000 0.698234
vn -0.749781 0.000000 0.661686
vn -0.749781 0.000000 0.661686
vn -0.781831 0.000000 0.623490
vn -0.781831 0.000000 0.623490
vn -0.811940 0.000000 0.583741
vn -0.811940 0.000000 0.583741
vn -0.840023 0.000000 0.542551
vn -0.840023 0.000000 0.542551
vn -0.866026 0.000000 0.499999
vn -0.866026 0.000000 0.499999
vn -0.889873 0.000000 0.456208
vn -0.889873 0.000000 0.456208
vn -0.911505 0.000000 0.411288
vn -0.911505 0.000000 0.411288
vn -0.930875 0.000000 0.365337
vn -0.930875 0.000000 0.365337
vn -0.947927 0.000000 0.318489
vn -0.947927 0.000000 0.318489
vn -0.962625 0.000000 0.270839
vn -0.962625 0.000000 0.270839
vn -0.974927 0.000000 0.222524
vn -0.984808 0.000000 0.173649
vn -0.974927 0.000000 0.222524
vn -0.984808 0.000000 0.173649
vn -0.992239 0.000000 0.124342
vn -0.992239 0.000000 0.124342
vn -0.997204 0.000000 0.074729
vn -0.997204 0.000000 0.074729
vn -0.999689 0.000000 0.024931
vn -0.999689 0.000000 0.024931
vn -0.999689 0.000000 -0.024931
vn -0.999689 0.000000 -0.024931
vn -0.997204 0.000000 -0.074729
vn -0.997204 0.000000 -0.074729
vn -0.992239 0.000000 -0.124342
vn -0.992239 0.000000 -0.124342
vn -0.984808 0.000000 -0.173649
vn -0.984808 0.000000 -0.173649
vn -0.974927 0.000000 -0.222524
vn -0.974927 0.000000 -0.222524
vn -0.962625 0.000000 -0.270839
vn -0.962625 0.000000 -0.270839
vn -0.947927 0.000000 -0.318489
vn -0.947927 0.000000 -0.318489
vn -0.930875 0.000000 -0.365337
vn -0.930875 0.000000 -0.365337
vn -0.911505 0.000000 -0.411288
vn -0.911505 0.000000 -0.411288
vn -0.889873 0.000000 -0.456208
vn -0.889873 0.000000 -0.456208
vn -0.866026 0.000000 -0.499999
vn -0.840023 0.000000 -0.542551
vn -0.866026 0.000000 -0.499999
vn -0.811940 0.000000 -0.583741
vn -0.840023 0.000000 -0.542551
vn -0.811940 0.000000 -0.583741
vn -0.781831 0.000000 -0.623490
vn -0.781831 0.000000 -0.623490
vn -0.749781 0.000000 -0.661686
vn -0.749781 0.000000 -0.661686
vn -0.715870 0.000000 -0.698234
vn -0.715870 0.000000 -0.698234
vn -0.680170 0.000000 -0.733054
vn -0.680170 0.000000 -0.733054
vn -0.642792 0.000000 -0.766041
vn -0.642792 0.000000 -0.766041
vn -0.603805 0.000000 -0.797132
vn -0.563313 0.000000 -0.826244
vn -0.603805 0.000000 -0.797132
vn -0.521442 0.000000 -0.853287
vn -0.563313 0.000000 -0.826244
vn -0.521442 0.000000 -0.853287
vn -0.478254 0.000000 -0.878221
vn -0.433882 0.000000 -0.900970
vn -0.478254 0.000000 -0.878221
vn -0.388427 0.000000 -0.921479
vn -0.433882 0.000000 -0.900970
vn -0.388427 0.000000 -0.921479
vn -0.342014 0.000000 -0.939695
vn -0.342014 0.000000 -0.939695
vn -0.294762 0.000000 -0.955571
vn -0.294762 0.000000 -0.955571
vn -0.246758 0.000000 -0.969077
vn -0.246758 0.000000 -0.969077
vn -0.198141 0.000000 -0.980174
vn -0.198141 0.000000 -0.980174
vn -0.149054 0.000000 -0.988829
vn -0.149054 0.000000 -0.988829
vn -0.099560 0.000000 -0.995031
vn -0.049841 0.000000 -0.998757
vn -0.099560 0.000000 -0.995031
vn -0.049841 0.000000 -0.998757
vn 0.000000 0.000000 -1.000000
vn 0.000000 0.000000 -1.000000
vn 0.049841 0.000000 -0.998757
vn 0.049841 0.000000 -0.998757
vn 0.099560 0.000000 -0.995031
vn 0.099560 0.000000 -0.995031
vn 0.149054 0.000000 -0.988829
vn 0.149054 0.000000 -0.988829
vn 0.198141 0.000000 -0.980174
vn 0.198141 0.000000 -0.980174
vn 0.246758 0.000000 -0.969077
vn 0.246758 0.000000 -0.969077
vn 0.294762 0.000000 -0.955571
vn 0.294762 0.000000 -0.955571
vn 0.342014 0.000000 -0.939695
vn 0.342014 0.000000 -0.939695
vn 0.388427 0.000000 -0.921479
vn 0.388427 0.000000 -0.921479
vn 0.433882 0.000000 -0.900970
vn 0.433882 0.000000 -0.900970
vn 0.478254 0.000000 -0.878221
vn 0.478254 0.000000 -0.878221
vn 0.521442 0.000000 -0.853287
vn 0.521442 0.000000 -0.853287
vn 0.563313 0.000000 -0.826244
vn 0.563313 0.000000 -0.826244
vn 0.603805 0.000000 -0.797132
vn 0.603805 0.000000 -0.797132
vn 0.642792 0.000000 -0.766041
vn 0.680170 0.000000 -0.733054
vn 0.642792 0.000000 -0.766041
vn 0.680170 0.000000 -0.733054
vn 0.715870 0.000000 -0.698234
vn 0.715870 0.000000 -0.698234
vn 0.749781 0.000000 -0.661686
vn 0.781831 0.000000 -0.623490
vn 0.749781 0.000000 -0.661686
vn 0.781831 0.000000 -0.623490
vn 0.811940 0.000000 -0.583741
vn 0.811940 0.000000 -0.583741
vn 0.840023 0.000000 -0.542551
vn 0.840023 0.000000 -0.542551
vn 0.866026 0.000000 -0.499999
vn 0.866026 0.000000 -0.499999
vn 0.889873 0.000000 -0.456208
vn 0.889873 0.000000 -0.456208
vn 0.911505 0.000000 -0.411288
vn 0.911505 0.000000 -0.411288
vn 0.930875 0.000000 -0.365337
vn 0.930875 0.000000 -0.365337
vn 0.947927 0.000000 -0.318489
vn 0.947927 0.000000 -0.318489
vn 0.962625 0.000000 -0.270839
vn 0.962625 0.000000 -0.270839
vn 0.974927 0.000000 -0.222524
vn 0.974927 0.000000 -0.222524
vn 0.984808 0.000000 -0.173649
vn 0.984808 0.000000 -0.173649
vn 0.992239 0.000000 -0.124342
vn 0.992239 0.000000 -0.124342
vn 0.997204 0.000000 -0.074729
vn 0.997204 0.000000 -0.074729
vn 0.999689 0.000000 -0.024931
vn 0.999689 0.000000 -0.024931
vn 0.000000 1.000000 0.000000
vn 0.000000 1.000000 0.000000
vn 0.000000 1.000000 0.000000
vn 0.000000 1.000000 0.000000
vn 0.000000 1.000000 0.000000
vn 0.000000 1.000000 0.000000
vn 0.000000 1.000000 0.000000
vn 0.000000 1.000000 0.000000
vn 0.000000 1.000000 0.000000
vn 0.000000 1.000000 0.000000
vn 0.000000 1.000000 0.000000
vn 0.000000 1.000000 0.000000
vn 0.000000 1.000000 0.000000
vn 0.000000 1.000000 0.000000
vn 0.000000 1.000000 0.000000
vn 0.000000 1.000000 0.000000
vn 0.000000 1.000000 0.000000
vn 0.000000 1.000000 0.000000
vn 0.000000 1.000000 0.000000
vn 0.000000 1.000000 0.000000
vn 0.000000 1.000000 0.000000
vn 0.000000 1.000000 0.000000
vn 0.000000 1.000000 0.000000
vn 0.000000 1.000000 0.000000
vn 0.000000 1.000000 0.000000
vn 0.000000 1.000000 0.000000
vn 0.000000 1.000000 0.000000
vn 0.000000 1.000000 0.000000
vn 0.000000 1.000000 0.000000
vn 0.000000 1.000000 0.000000
vn 0.000000 1.000000 0.000000
vn 0.000000 1.000000 0.000000
vn 0.000000 1.000000 0.000000
vn 0.000000 1.000000 0.000000
vn 0.000000 1.000000 0.000000
vn 0.000000 1.000000 0.000000
vn 0.000000 1.000000 0.000000
vn 0.000000 1.000000 0.000000
vn 0.000000 1.000000 0.000000
vn 0.000000 1.000000 0.000000
vn 0.000000 1.000000 0.000000
vn 0.000000 1.000000 0.000000
vn 0.000000 1.000000 0.000000
vn 0.000000 1.000000 0.000000
vn 0.000000 1.000000 0.000000
vn 0.000000 1.000000 0.000000
vn 0.000000 1.000000 0.000000
vn 0.000000 1.000000 0.000000
vn 0.000000 1.000000 0.000000
vn 0.000000 1.000000 0.000000
vn 0.000000 1.000000 0.000000
vn 0.000000 1.000000 0.000000
vn 0.000000 1.000000 0.000000
vn 0.000000 1.000000 0.000000
vn 0.000000 1.000000 0.000000
vn 0.000000 1.000000 0.000000
vn 0.000000 1.000000 0.000000
vn 0.000000 1.000000 0.000000
vn 0.000000 1.000000 0.000000
vn 0.000000 1.000000 0.000000
vn 0.000000 1.000000 0.000000
vn 0.000000 1.000000 0.000000
vn 0.000000 1.000000 0.000000
vn 0.000000 1.000000 0.000000
vn 0.000000 1.000000 0.000000
vn 0.000000 1.000000 0.000000
vn 0.000000 1.000000 0.000000
vn 0.000000 1.000000 0.000000
vn 0.000000 1.000000 0.000000
vn 0.000000 1.000000 0.000000
vn 0.000000 1.000000 0.000000
vn 0.000000 1.000000 0.000000
vn 0.000000 1.000000 0.000000
vn 0.000000 1.000000 0.000000
vn 0.000000 1.000000 0.000000
vn 0.000000 1.000000 0.000000
vn 0.000000 1.000000 0.000000
vn 0.000000 1.000000 0.000000
vn 0.000000 1.000000 0.000000
vn 0.000000 1.000000 0.000000
vn 0.000000 1.000000 0.000000
vn 0.000000 1.000000 0.000000
vn 0.000000 1.000000 0.000000
vn 0.000000 1.000000 0.000000
vn 0.000000 1.000000 0.000000
vn 0.000000 1.000000 0.000000
vn 0.000000 1.000000 0.000000
vn 0.000000 1.000000 0.000000
vn 0.000000 1.000000 0.000000
vn 0.000000 1.000000 0.000000
vn 0.000000 1.000000 0.000000
vn 0.000000 1.000000 0.000000
vn 0.000000 1.000000 0.000000
vn 0.000000 1.000000 0.000000
vn 0.000000 1.000000 0.000000
vn 0.000000 1.000000 0.000000
vn 0.000000 1.000000 0.000000
vn 0.000000 1.000000 0.000000
vn 0.000000 1.000000 0.000000
vn 0.000000 1.000000 0.000000
vn 0.000000 1.000000 0.000000
vn 0.000000 1.000000 0.000000
vn 0.000000 1.000000 0.000000
vn 0.000000 1.000000 0.000000
vn 0.000000 1.000000 0.000000
vn 0.000000 1.000000 0.000000
vn 0.000000 1.000000 0.000000
vn 0.000000 1.000000 0.000000
vn 0.000000 1.000000 0.000000
vn 0.000000 1.000000 0.000000
vn 0.000000 1.000000 0.000000
vn 0.000000 1.000000 0.000000
vn 0.000000 1.000000 0.000000
vn 0.000000 1.000000 0.000000
vn 0.000000 1.000000 0.000000
vn 0.000000 1.000000 0.000000
vn 0.000000 1.000000 0.000000
vn 0.000000 1.000000 0.000000
vn 0.000000 1.000000 0.000000
vn 0.000000 1.000000 0.000000
vn 0.000000 1.000000 0.000000
vn 0.000000 1.000000 0.000000
vn 0.000000 1.000000 0.000000
vn 0.000000 1.000000 0.000000
vn 0.000000 1.000000 0.000000
vn 0.000000 1.000000 0.000000
vn 0.000000 1.000000 0.000000
vn 0.000000 1.000000 0.000000
vn 0.000000 1.000000 0.000000
vn 0.000000 1.000000 0.000000
vn 0.000000 1.000000 0.000000
vn 0.000000 1.000000 0.000000
vn 0.000000 1.000000 0.000000
vn 0.000000 1.000000 0.000000
vn 0.000000 1.000000 0.000000
vn 0.000000 1.000000 0.000000
vn -0.000000 1.000000 0.000000
vn 0.000000 1.000000 0.000000
vn -0.000000 1.000000 0.000000
vn 0.000000 1.000000 0.000000
vn 0.000000 -1.000000 0.000000
vn 0.000000 -1.000000 0.000000
vn 0.000000 -1.000000 0.000000
vn 0.000000 -1.000000 0.000000
vn -0.000000 -1.000000 0.000000
vn 0.000000 -1.000000 0.000000
vn -0.000000 -1.000000 0.000000
vn 0.000000 -1.000000 0.000000
vn -0.000000 -1.000000 0.000000
vn 0.000000 -1.000000 0.000000
vn -0.000000 -1.000000 0.000000
vn 0.000000 -1.000000 0.000000
vn -0.000000 -1.000000 0.000000
vn 0.000000 -1.000000 0.000000
vn -0.000000 -1.000000 0.000000
vn 0.000000 -1.000000 0.000000
vn -0.000000 -1.000000 0.000000
vn 0.000000 -1.000000 0.000000
vn -0.000000 -1.000000 0.000000
vn 0.000000 -1.000000 0.000000
vn -0.000000 -1.000000 0.000000
vn 0.000000 -1.000000 0.000000
vn -0.000000 -1.000000 0.000000
vn -0.000000 -1.000000 0.000000
vn -0.000000 -1.000000 0.000000
vn -0.000000 -1.000000 0.000000
vn -0.000000 -1.000000 0.000000
vn -0.000000 -1.000000 0.000000
vn 0.000000 -1.000000 0.000000
vn 0.000000 -1.000000 0.000000
vn 0.000000 -1.000000 0.000000
vn 0.000000 -1.000000 0.000000
vn 0.000000 -1.000000 0.000000
vn 0.000000 -1.000000 0.000000
vn 0.000000 -1.000000 0.000000
vn 0.000000 -1.000000 0.000000
vn 0.000000 -1.000000 0.000000
vn 0.000000 -1.000000 0.000000
vn 0.000000 -1.000000 0.000000
vn 0.000000 -1.000000 0.000000
vn 0.000000 -1.000000 0.000000
vn 0.000000 -1.000000 0.000000
vn 0.000000 -1.000000 0.000000
vn 0.000000 -1.000000 0.000000
vn 0.000000 -1.000000 0.000000
vn 0.000000 -1.000000 0.000000
vn 0.000000 -1.000000 0.000000
vn 0.000000 -1.000000 0.000000
vn 0.000000 -1.000000 0.000000
vn 0.000000 -1.000000 0.000000
vn 0.000000 -1.000000 0.000000
vn 0.000000 -1.000000 0.000000
vn 0.000000 -1.000000 0.000000
vn 0.000000 -1.000000 0.000000
vn 0.000000 -1.000000 0.000000
vn 0.000000 -1.000000 0.000000
vn 0.000000 -1.000000 0.000000
vn 0.000000 -1.000000 0.000000
vn 0.000000 -1.000000 0.000000
vn 0.000000 -1.000000 0.000000
vn 0.000000 -1.000000 0.000000
vn 0.000000 -1.000000 0.000000
vn 0.000000 -1.000000 0.000000
vn 0.000000 -1.000000 0.000000
vn 0.000000 -1.000000 0.000000
vn 0.000000 -1.000000 0.000000
vn 0.000000 -1.000000 0.000000
vn -0.000000 -1.000000 0.000000
vn 0.000000 -1.000000 0.000000
vn -0.000000 -1.000000 0.000000
vn 0.000000 -1.000000 0.000000
vn -0.000000 -1.000000 0.000000
vn 0.000000 -1.000000 0.000000
vn -0.000000 -1.000000 0.000000
vn 0.000000 -1.000000 0.000000
vn -0.000000 -1.000000 0.000000
vn 0.000000 -1.000000 0.000000
vn -0.000000 -1.000000 0.000000
vn 0.000000 -1.000000 0.000000
vn -0.000000 -1.000000 0.000000
vn 0.000000 -1.000000 0.000000
vn -0.000000 -1.000000 0.000000
vn 0.000000 -1.000000 0.000000
vn -0.000000 -1.000000 0.000000
vn 0.000000 -1.000000 0.000000
vn -0.000000 -1.000000 0.000000
vn 0.000000 -1.000000 0.000000
vn -0.000000 -1.000000 0.000000
vn -0.000000 -1.000000 0.000000
vn -0.000000 -1.000000 0.000000
vn -0.000000 -1.000000 0.000000
vn -0.000000 -1.000000 0.000000
vn -0.000000 -1.000000 0.000000
vn 0.000000 -1.000000 0.000000
vn 0.000000 -1.000000 0.000000
vn 0.000000 -1.000000 0.000000
vn 0.000000 -1.000000 0.000000
vn 0.000000 -1.000000 0.000000
vn 0.000000 -1.000000 0.000000
vn 0.000000 -1.000000 0.000000
vn 0.000000 -1.000000 0.000000
vn 0.000000 -1.000000 0.000000
vn 0.000000 -1.000000 0.000000
vn 0.000000 -1.000000 0.000000
vn 0.000000 -1.000000 0.000000
vn 0.000000 -1.000000 0.000000
vn 0.000000 -1.000000 0.000000
vn 0.000000 -1.000000 0.000000
vn 0.000000 -1.000000 0.000000
vn 0.000000 -1.000000 0.000000
vn 0.000000 -1.000000 0.000000
vn 0.000000 -1.000000 0.000000
vn 0.000000 -1.000000 0.000000
vn 0.000000 -1.000000 0.000000
vn 0.000000 -1.000000 0.000000
vn 0.000000 -1.000000 0.000000
vn 0.000000 -1.000000 0.000000
vn 0.000000 -1.000000 0.000000
vn 0.000000 -1.000000 0.000000
vn 0.000000 -1.000000 0.000000
vn 0.000000 -1.000000 0.000000
vn 0.000000 -1.000000 0.000000
vn 0.000000 -1.000000 0.000000
vn 0.000000 -1.000000 0.000000
vn 0.000000 -1.000000 0.000000
vn 0.000000 -1.000000 0.000000
vn 0.000000 -1.000000 0.000000
vn 0.000000 -1.000000 0.000000
vn 0.000000 -1.000000 0.000000
vn 0.000000 -1.000000 0.000000
vn 0.000000 -1.000000 0.000000
vn 0.000000 -1.000000 0.000000
vn 0.000000 -1.000000 0.000000
vn 0.000000 -1.000000 0.000000
vn 0.000000 -1.000000 0.000000
vn 0.000000 -1.000000 0.000000
vn -0.000000 -1.000000 0.000000
vn 0.000000 -1.000000 0.000000
vn -0.000000 -1.000000 0.000000
vn 0.000000 -1.000000 -0.000000
vn 1.000000 0.000000 0.000000
vn 1.000000 0.000000 0.000000
vn 1.000000 0.000000 0.000000
vn 1.000000 -0.000000 0.000000
vn 1.000000 0.000000 0.000000
vn 1.000000 0.000000 0.000000
vn 1.000000 -0.000000 0.000000
vn 1.000000 0.000000 0.000000
vn 0.999689 0.024931 -0.000000
vn 0.999689 0.024931 0.000000
vn 0.997205 0.074711 0.000000
vn 0.992236 0.124368 0.000000
vn 0.997205 0.074711 -0.000000
vn 0.992236 0.124368 0.000000
vn 0.984806 0.173658 0.000000
vn 0.974932 0.222501 0.000000
vn 0.984806 0.173658 -0.000000
vn 0.974932 0.222501 0.000000
vn 0.962621 0.270851 0.000000
vn 0.962621 0.270851 -0.000000
vn 0.947933 0.318471 0.000000
vn 0.930870 0.365351 0.000000
vn 0.947933 0.318471 -0.000000
vn 0.930870 0.365351 0.000000
vn 0.911502 0.411295 0.000000
vn 0.911502 0.411295 -0.000000
vn 0.889868 0.456219 0.000000
vn 0.889868 0.456219 -0.000000
vn 0.866042 0.499971 -0.000000
vn 0.866042 0.499971 0.000000
vn 0.840019 0.542556 0.000000
vn 0.840019 0.542556 0.000000
vn 0.811944 0.583735 -0.000000
vn 0.811944 0.583735 0.000000
vn 0.781820 0.623504 -0.000000
vn 0.781820 0.623504 0.000000
vn 0.749791 0.661674 0.000000
vn 0.715853 0.698251 0.000000
vn 0.749791 0.661674 -0.000000
vn 0.715853 0.698251 0.000000
vn 0.680184 0.733042 0.000000
vn 0.680184 0.733042 -0.000000
vn 0.642790 0.766043 0.000000
vn 0.603805 0.797132 0.000000
vn 0.642790 0.766043 -0.000000
vn 0.603805 0.797132 0.000000
vn 0.563307 0.826248 0.000000
vn 0.563307 0.826248 -0.000000
vn 0.521442 0.853287 0.000000
vn 0.521442 0.853287 -0.000000
vn 0.478259 0.878219 0.000000
vn 0.478259 0.878219 -0.000000
vn 0.433881 0.900970 0.000000
vn 0.433881 0.900970 -0.000000
vn 0.388427 0.921480 0.000000
vn 0.388427 0.921480 -0.000000
vn 0.342032 0.939689 0.000000
vn 0.342032 0.939689 -0.000000
vn 0.294755 0.955573 0.000000
vn 0.294755 0.955573 -0.000000
vn 0.246748 0.969080 0.000000
vn 0.246748 0.969080 -0.000000
vn 0.198154 0.980171 0.000000
vn 0.149036 0.988832 0.000000
vn 0.198154 0.980171 -0.000000
vn 0.149036 0.988832 0.000000
vn 0.099569 0.995031 0.000000
vn 0.099569 0.995031 -0.000000
vn 0.049846 0.998757 0.000000
vn 0.049846 0.998757 -0.000000
vn 0.000000 1.000000 0.000000
vn 0.000000 1.000000 -0.000000
vn -0.049846 0.998757 0.000000
vn -0.049846 0.998757 0.000000
vn -0.099569 0.995031 0.000000
vn -0.099569 0.995031 0.000000
vn -0.149036 0.988832 0.000000
vn -0.149036 0.988832 0.000000
vn -0.198154 0.980171 0.000000
vn -0.198154 0.980171 0.000000
vn -0.246748 0.969080 0.000000
vn -0.294755 0.955573 0.000000
vn -0.246748 0.969080 0.000000
vn -0.294755 0.955573 0.000000
vn -0.342032 0.939689 0.000000
vn -0.342032 0.939689 0.000000
vn -0.388427 0.921480 0.000000
vn -0.388427 0.921480 0.000000
vn -0.433881 0.900970 0.000000
vn -0.433881 0.900970 0.000000
vn -0.478259 0.878219 0.000000
vn -0.478259 0.878219 0.000000
vn -0.521442 0.853287 0.000000
vn -0.521442 0.853287 0.000000
vn -0.563307 0.826248 0.000000
vn -0.563307 0.826248 0.000000
vn -0.603805 0.797132 0.000000
vn -0.603805 0.797132 0.000000
vn -0.642790 0.766043 0.000000
vn -0.642790 0.766043 0.000000
vn -0.680184 0.733042 0.000000
vn -0.680184 0.733042 0.000000
vn -0.715853 0.698251 0.000000
vn -0.715853 0.698251 0.000000
vn -0.749791 0.661674 0.000000
vn -0.749791 0.661674 0.000000
vn -0.781820 0.623504 0.000000
vn -0.811944 0.583735 0.000000
vn -0.781820 0.623504 0.000000
vn -0.811944 0.583735 0.000000
vn -0.840019 0.542556 0.000000
vn -0.866042 0.499971 0.000000
vn -0.840019 0.542556 0.000000
vn -0.866042 0.499971 0.000000
vn -0.889868 0.456219 0.000000
vn -0.911502 0.411295 0.000000
vn -0.889868 0.456219 0.000000
vn -0.911502 0.411295 0.000000
vn -0.930870 0.365351 0.000000
vn -0.930870 0.365351 0.000000
vn -0.947933 0.318471 0.000000
vn -0.962621 0.270851 0.000000
vn -0.947933 0.318471 0.000000
vn -0.962621 0.270851 0.000000
vn -0.974932 0.222501 0.000000
vn -0.974932 0.222501 0.000000
vn -0.984806 0.173658 0.000000
vn -0.984806 0.173658 0.000000
vn -0.992236 0.124368 0.000000
vn -0.992236 0.124368 0.000000
vn -0.997205 0.074711 0.000000
vn -0.997205 0.074711 0.000000
vn -0.999689 0.024931 0.000000
vn -0.999689 0.024931 0.000000
vn -0.999689 -0.024931 -0.000000
vn -0.999689 -0.024931 0.000000
vn -0.997205 -0.074711 0.000000
vn -0.997205 -0.074711 0.000000
vn -0.992236 -0.124368 -0.000000
vn -0.992236 -0.124368 0.000000
vn -0.984806 -0.173658 -0.000000
vn -0.984806 -0.173658 0.000000
vn -0.974932 -0.222501 -0.000000
vn -0.974932 -0.222501 0.000000
vn -0.962621 -0.270851 0.000000
vn -0.962621 -0.270851 0.000000
vn -0.947933 -0.318471 -0.000000
vn -0.947933 -0.318471 0.000000
vn -0.930870 -0.365351 0.000000
vn -0.930870 -0.365351 0.000000
vn -0.911502 -0.411295 0.000000
vn -0.911502 -0.411295 0.000000
vn -0.889868 -0.456219 -0.000000
vn -0.889868 -0.456219 0.000000
vn -0.866042 -0.499971 0.000000
vn -0.866042 -0.499971 0.000000
vn -0.840019 -0.542556 0.000000
vn -0.840019 -0.542556 0.000000
vn -0.811944 -0.583735 0.000000
vn -0.811944 -0.583735 0.000000
vn -0.781820 -0.623504 -0.000000
vn -0.781820 -0.623504 0.000000
vn -0.749791 -0.661674 0.000000
vn -0.749791 -0.661674 0.000000
vn -0.715853 -0.698251 0.000000
vn -0.715853 -0.698251 0.000000
vn -0.680184 -0.733042 -0.000000
vn -0.680184 -0.733042 0.000000
vn -0.642790 -0.766043 0.000000
vn -0.642790 -0.766043 0.000000
vn -0.603805 -0.797132 0.000000
vn -0.603805 -0.797132 0.000000
vn -0.563307 -0.826248 0.000000
vn -0.563307 -0.826248 0.000000
vn -0.521442 -0.853287 -0.000000
vn -0.521442 -0.853287 0.000000
vn -0.478259 -0.878219 0.000000
vn -0.478259 -0.878219 0.000000
vn -0.433881 -0.900970 0.000000
vn -0.433881 -0.900970 0.000000
vn -0.388427 -0.921480 0.000000
vn -0.388427 -0.921480 0.000000
vn -0.342032 -0.939689 0.000000
vn -0.342032 -0.939689 0.000000
vn -0.294755 -0.955573 0.000000
vn -0.294755 -0.955573 0.000000
vn -0.246748 -0.969080 0.000000
vn -0.246748 -0.969080 0.000000
vn -0.198154 -0.980171 0.000000
vn -0.198154 -0.980171 0.000000
vn -0.149036 -0.988832 -0.000000
vn -0.149036 -0.988832 0.000000
vn -0.099569 -0.995031 0.000000
vn -0.099569 -0.995031 0.000000
vn -0.049846 -0.998757 0.000000
vn -0.049846 -0.998757 0.000000
vn 0.000000 -1.000000 0.000000
vn 0.000000 -1.000000 0.000000
vn 0.049846 -0.998757 0.000000
vn 0.049846 -0.998757 0.000000
vn 0.099569 -0.995031 0.000000
vn 0.099569 -0.995031 0.000000
vn 0.149036 -0.988832 0.000000
vn 0.149036 -0.988832 0.000000
vn 0.198154 -0.980171 0.000000
vn 0.198154 -0.980171 0.000000
vn 0.246748 -0.969080 0.000000
vn 0.246748 -0.969080 0.000000
vn 0.294755 -0.955573 0.000000
vn 0.294755 -0.955573 0.000000
vn 0.342032 -0.939689 0.000000
vn 0.342032 -0.939689 0.000000
vn 0.388427 -0.921480 0.000000
vn 0.388427 -0.921480 0.000000
vn 0.433881 -0.900970 0.000000
vn 0.478259 -0.878219 0.000000
vn 0.433881 -0.900970 0.000000
vn 0.478259 -0.878219 0.000000
vn 0.521442 -0.853287 0.000000
vn 0.521442 -0.853287 0.000000
vn 0.563307 -0.826248 0.000000
vn 0.563307 -0.826248 0.000000
vn 0.603805 -0.797132 0.000000
vn 0.603805 -0.797132 0.000000
vn 0.642790 -0.766043 0.000000
vn 0.642790 -0.766043 0.000000
vn 0.680184 -0.733042 0.000000
vn 0.680184 -0.733042 0.000000
vn 0.715853 -0.698251 0.000000
vn 0.715853 -0.698251 0.000000
vn 0.749791 -0.661674 0.000000
vn 0.749791 -0.661674 0.000000
vn 0.781820 -0.623504 0.000000
vn 0.781820 -0.623504 0.000000
vn 0.811944 -0.583735 0.000000
vn 0.811944 -0.583735 0.000000
vn 0.840019 -0.542556 0.000000
vn 0.840019 -0.542556 0.000000
vn 0.866042 -0.499971 0.000000
vn 0.866042 -0.499971 0.000000
vn 0.889868 -0.456219 0.000000
vn 0.889868 -0.456219 0.000000
vn 0.911502 -0.411295 0.000000
vn 0.911502 -0.411295 0.000000
vn 0.930870 -0.365351 0.000000
vn 0.947933 -0.318471 0.000000
vn 0.930870 -0.365351 0.000000
vn 0.947933 -0.318471 0.000000
vn 0.962621 -0.270851 0.000000
vn 0.962621 -0.270851 0.000000
vn 0.974932 -0.222501 0.000000
vn 0.974932 -0.222501 0.000000
vn 0.984806 -0.173658 0.000000
vn 0.984806 -0.173658 0.000000
vn 0.992236 -0.124368 0.000000
vn 0.992236 -0.124368 0.000000
vn 0.997205 -0.074711 0.000000
vn 0.999689 -0.024931 0.000000
vn 0.997205 -0.074711 0.000000
vn 0.999689 -0.024931 0.000000
vn 0.000000 -1.000000 0.000000
vn 0.000000 -1.000000 0.000000
vn -0.000000 -1.000000 0.000000
vn 0.000000 -1.000000 0.000000
vn -0.000000 -1.000000 0.000000
vn 0.000000 -1.000000 0.000000
vn -0.000000 -1.000000 0.000000
vn 0.000000 -1.000000 0.000000
vn -0.000000 -1.000000 0.000000
vn 0.000000 -1.000000 0.000000
vn -0.000000 -1.000000 0.000000
vn 0.000000 -1.000000 0.000000
vn -0.000000 -1.000000 0.000000
vn 0.000000 -1.000000 0.000000
vn -0.000000 -1.000000 0.000000
vn 0.000000 -1.000000 0.000000
vn -0.000000 -1.000000 0.000000
vn 0.000000 -1.000000 0.000000
vn -0.000000 -1.000000 0.000000
vn 0.000000 -1.000000 0.000000
vn -0.000000 -1.000000 0.000000
vn -0.000000 -1.000000 0.000000
vn -0.000000 -1.000000 0.000000
vn -0.000000 -1.000000 0.000000
vn -0.000000 -1.000000 0.000000
vn -0.000000 -1.000000 0.000000
vn 0.000000 -1.000000 0.000000
vn 0.000000 -1.000000 0.000000
vn 0.000000 -1.000000 0.000000
vn 0.000000 -1.000000 0.000000
vn 0.000000 -1.000000 0.000000
vn 0.000000 -1.000000 0.000000
vn 0.000000 -1.000000 0.000000
vn 0.000000 -1.000000 0.000000
vn 0.000000 -1.000000 0.000000
vn 0.000000 -1.000000 0.000000
vn 0.000000 -1.000000 0.000000
vn 0.000000 -1.000000 0.000000
vn 0.000000 -1.000000 0.000000
vn 0.000000 -1.000000 0.000000
vn 0.000000 -1.000000 0.000000
vn 0.000000 -1.000000 0.000000
vn 0.000000 -1.000000 0.000000
vn 0.000000 -1.000000 0.000000
vn 0.000000 -1.000000 0.000000
vn 0.000000 -1.000000 0.000000
vn 0.000000 -1.000000 0.000000
vn 0.000000 -1.000000 0.000000
vn 0.000000 -1.000000 0.000000
vn 0.000000 -1.000000 0.000000
vn 0.000000 -1.000000 0.000000
vn 0.000000 -1.000000 0.000000
vn 0.000000 -1.000000 0.000000
vn 0.000000 -1.000000 0.000000
vn 0.000000 -1.000000 0.000000
vn 0.000000 -1.000000 0.000000
vn 0.000000 -1.000000 0.000000
vn 0.000000 -1.000000 0.000000
vn 0.000000 -1.000000 0.000000
vn 0.000000 -1.000000 0.000000
vn 0.000000 -1.000000 0.000000
vn 0.000000 -1.000000 0.000000
vn 0.000000 -1.000000 0.000000
vn 0.000000 -1.000000 0.000000
vn 0.000000 -1.000000 0.000000
vn -0.000000 -1.000000 0.000000
vn 0.000000 -1.000000 0.000000
vn -0.000000 -1.000000 0.000000
vn 0.000000 -1.000000 0.000000
vn -0.000000 -1.000000 0.000000
vn 0.000000 -1.000000 0.000000
vn -0.000000 -1.000000 0.000000
vn 0.000000 -1.000000 0.000000
vn -0.000000 -1.000000 0.000000
vn 0.000000 -1.000000 0.000000
vn -0.000000 -1.000000 0.000000
vn 0.000000 -1.000000 0.000000
vn -0.000000 -1.000000 0.000000
vn 0.000000 -1.000000 0.000000
vn -0.000000 -1.000000 0.000000
vn 0.000000 -1.000000 0.000000
vn -0.000000 -1.000000 0.000000
vn 0.000000 -1.000000 0.000000
vn -0.000000 -1.000000 0.000000
vn 0.000000 -1.000000 0.000000
vn -0.000000 -1.000000 0.000000
vn -0.000000 -1.000000 0.000000
vn -0.000000 -1.000000 0.000000
vn -0.000000 -1.000000 0.000000
vn -0.000000 -1.000000 0.000000
vn -0.000000 -1.000000 0.000000
vn 0.000000 -1.000000 0.000000
vn 0.000000 -1.000000 0.000000
vn 0.000000 -1.000000 0.000000
vn 0.000000 -1.000000 0.000000
vn 0.000000 -1.000000 0.000000
vn 0.000000 -1.000000 0.000000
vn 0.000000 -1.000000 0.000000
vn 0.000000 -1.000000 0.000000
vn 0.000000 -1.000000 0.000000
vn 0.000000 -1.000000 0.000000
vn 0.000000 -1.000000 0.000000
vn 0.000000 -1.000000 0.000000
vn 0.000000 -1.000000 0.000000
vn 0.000000 -1.000000 0.000000
vn 0.000000 -1.000000 0.000000
vn 0.000000 -1.000000 0.000000
vn 0.000000 -1.000000 0.000000
vn 0.000000 -1.000000 0.000000
vn 0.000000 -1.000000 0.000000
vn 0.000000 -1.000000 0.000000
vn 0.000000 -1.000000 0.000000
vn 0.000000 -1.000000 0.000000
vn 0.000000 -1.000000 0.000000
vn 0.000000 -1.000000 0.000000
vn 0.000000 -1.000000 0.000000
vn 0.000000 -1.000000 0.000000
vn 0.000000 -1.000000 0.000000
vn 0.000000 -1.000000 0.000000
vn 0.000000 -1.000000 0.000000
vn 0.000000 -1.000000 0.000000
vn 0.000000 -1.000000 0.000000
vn 0.000000 -1.000000 0.000000
vn 0.000000 -1.000000 0.000000
vn 0.000000 -1.000000 0.000000
vn 0.000000 -1.000000 0.000000
vn 0.000000 -1.000000 0.000000
vn 0.000000 -1.000000 0.000000
vn 0.000000 -1.000000 0.000000
vn 0.000000 -1.000000 0.000000
vn 0.000000 -1.000000 0.000000
vn 0.000000 -1.000000 0.000000
vn -0.000000 -1.000000 0.000000
vn 0.000000 -1.000000 0.000000
vn 1.000000 0.000000 0.000000
vn 1.000000 -0.000000 0.000000
vn 0.000000 0.000000 1.000000
vn 0.000000 0.000000 1.000000
vn 1.000000 -0.000000 0.000000
vn 1.000000 0.000000 0.000000
vn 0.000000 0.000000 -1.000000
vn 0.000000 0.000000 -1.000000
vn -0.000000 -0.000000 -1.000000
vn 0.000000 -0.000000 -1.000000
vn 0.000000 0.000000 -1.000000
vn 0.000000 0.000000 -1.000000
vn 0.000000 0.000000 -1.000000
vn 0.000000 0.000000 -1.000000
vn 0.000000 0.000000 -1.000000
vn 0.000000 0.000000 -1.000000
vn -1.000000 -0.000000 -0.000000
vn -1.000000 0.000000 0.000000
vn 0.000000 0.000000 1.000000
vn 0.000000 0.000000 1.000000
vn 0.000000 0.000000 -1.000000
vn 0.000000 0.000000 -1.000000
vn -1.000000 0.000000 0.000000
vn -1.000000 -0.000000 0.000000
vn -1.000000 0.000000 0.000000
vn -1.000000 0.000000 0.000000
vn 0.000000 0.000000 -1.000000
vn 0.000000 0.000000 -1.000000
vn 0.000000 0.000000 -1.000000
vn 0.000000 0.000000 -1.000000
vn 1.000000 0.000000 -0.000000
vn 1.000000 0.000000 0.000000
vn 0.999689 0.000000 0.024931
vn 0.999689 -0.000000 0.024931
vn 0.997204 -0.000000 0.074729
vn 0.992239 -0.000000 0.124342
vn 0.997204 0.000000 0.074729
vn 0.992239 -0.000000 0.124342
vn 0.984808 -0.000000 0.173649
vn 0.984808 0.000000 0.173649
vn 0.974927 -0.000000 0.222524
vn 0.962625 -0.000000 0.270839
vn 0.974927 0.000000 0.222524
vn 0.962625 -0.000000 0.270839
vn 0.947927 -0.000000 0.318489
vn 0.947927 0.000000 0.318489
vn 0.930875 -0.000000 0.365337
vn 0.930875 0.000000 0.365337
vn 0.911505 -0.000000 0.411288
vn 0.889873 -0.000000 0.456208
vn 0.911505 0.000000 0.411288
vn 0.889873 -0.000000 0.456208
vn 0.866026 0.000000 0.499999
vn 0.866026 -0.000000 0.499999
vn 0.840023 0.000000 0.542551
vn 0.840023 -0.000000 0.542551
vn 0.811940 0.000000 0.583741
vn 0.811940 -0.000000 0.583741
vn 0.781831 0.000000 0.623490
vn 0.781831 -0.000000 0.623490
vn 0.749781 0.000000 0.661686
vn 0.749781 -0.000000 0.661686
vn 0.715870 -0.000000 0.698234
vn 0.715870 -0.000000 0.698234
vn 0.680170 -0.000000 0.733054
vn 0.680170 -0.000000 0.733054
vn 0.642792 0.000000 0.766041
vn 0.642792 -0.000000 0.766041
vn 0.603805 0.000000 0.797132
vn 0.603805 -0.000000 0.797132
vn 0.563313 0.000000 0.826244
vn 0.563313 -0.000000 0.826244
vn 0.521442 0.000000 0.853287
vn 0.521442 -0.000000 0.853287
vn 0.478254 -0.000000 0.878221
vn 0.478254 -0.000000 0.878221
vn 0.433882 -0.000000 0.900970
vn 0.433882 0.000000 0.900970
vn 0.388427 -0.000000 0.921479
vn 0.388427 0.000000 0.921479
vn 0.342014 -0.000000 0.939695
vn 0.342014 0.000000 0.939695
vn 0.294762 -0.000000 0.955571
vn 0.294762 0.000000 0.955571
vn 0.246758 -0.000000 0.969077
vn 0.246758 0.000000 0.969077
vn 0.198141 -0.000000 0.980174
vn 0.198141 0.000000 0.980174
vn 0.149054 -0.000000 0.988829
vn 0.149054 0.000000 0.988829
vn 0.099560 -0.000000 0.995032
vn 0.099560 0.000000 0.995032
vn 0.049841 -0.000000 0.998757
vn 0.000000 -0.000000 1.000000
vn 0.049841 0.000000 0.998757
vn -0.049841 0.000000 0.998757
vn 0.000000 0.000000 1.000000
vn -0.099560 0.000000 0.995032
vn -0.049841 0.000000 0.998757
vn -0.099560 0.000000 0.995032
vn -0.149054 0.000000 0.988829
vn -0.149054 0.000000 0.988829
vn -0.198141 0.000000 0.980174
vn -0.198141 0.000000 0.980174
vn -0.246758 0.000000 0.969077
vn -0.246758 0.000000 0.969077
vn -0.294762 0.000000 0.955571
vn -0.294762 0.000000 0.955571
vn -0.342014 0.000000 0.939695
vn -0.342014 0.000000 0.939695
vn -0.388427 0.000000 0.921479
vn -0.388427 0.000000 0.921479
vn -0.433882 0.000000 0.900970
vn -0.433882 0.000000 0.900970
vn -0.478254 0.000000 0.878221
vn -0.478254 0.000000 0.878221
vn -0.521442 0.000000 0.853287
vn -0.521442 0.000000 0.853287
vn -0.563313 0.000000 0.826244
vn -0.563313 0.000000 0.826244
vn -0.603805 0.000000 0.797132
vn -0.603805 0.000000 0.797132
vn -0.642792 0.000000 0.766041
vn -0.642792 0.000000 0.766041
vn -0.680170 0.000000 0.733054
vn -0.680170 0.000000 0.733054
vn -0.715870 0.000000 0.698234
vn -0.715870 0.000000 0.698234
vn -0.749781 0.000000 0.661686
vn -0.749781 0.000000 0.661686
vn -0.781831 0.000000 0.623490
vn -0.781831 0.000000 0.623490
vn -0.811940 0.000000 0.583741
vn -0.811940 0.000000 0.583741
vn -0.840023 0.000000 0.542551
vn -0.840023 0.000000 0.542551
vn -0.866026 0.000000 0.499999
vn -0.866026 0.000000 0.499999
vn -0.889873 0.000000 0.456208
vn -0.889873 0.000000 0.456208
vn -0.911505 0.000000 0.411288
vn -0.911505 0.000000 0.411288
vn -0.930875 0.000000 0.365337
vn -0.930875 0.000000 0.365337
vn -0.947927 0.000000 0.318489
vn -0.947927 0.000000 0.318489
vn -0.962625 0.000000 0.270839
vn -0.974927 0.000000 0.222524
vn -0.962625 0.000000 0.270839
vn -0.974927 0.000000 0.222524
vn -0.984808 0.000000 0.173649
vn -0.984808 0.000000 0.173649
vn -0.992239 0.000000 0.124342
vn -0.992239 0.000000 0.124342
vn -0.997204 0.000000 0.074729
vn -0.997204 0.000000 0.074729
vn -0.999689 0.000000 0.024931
vn -0.999689 0.000000 0.024931
vn -0.999689 0.000000 -0.024931
vn -0.999689 0.000000 -0.024931
vn -0.997204 0.000000 -0.074729
vn -0.997204 0.000000 -0.074729
vn -0.992239 0.000000 -0.124342
vn -0.992239 0.000000 -0.124342
vn -0.984808 0.000000 -0.173649
vn -0.984808 0.000000 -0.173649
vn -0.974927 0.000000 -0.222524
vn -0.974927 0.000000 -0.222524
vn -0.962625 0.000000 -0.270839
vn -0.962625 0.000000 -0.270839
vn -0.947927 0.000000 -0.318489
vn -0.947927 0.000000 -0.318489
vn -0.930875 0.000000 -0.365337
vn -0.930875 0.000000 -0.365337
vn -0.911505 0.000000 -0.411288
vn -0.911505 0.000000 -0.411288
vn -0.889873 0.000000 -0.456208
vn -0.889873 0.000000 -0.456208
vn -0.866026 0.000000 -0.499999
vn -0.866026 0.000000 -0.499999
vn -0.840023 0.000000 -0.542551
vn -0.840023 0.000000 -0.542551
vn -0.811940 0.000000 -0.583741
vn -0.811940 0.000000 -0.583741
vn -0.781831 0.000000 -0.623490
vn -0.781831 0.000000 -0.623490
vn -0.749781 0.000000 -0.661686
vn -0.749781 0.000000 -0.661686
vn -0.715870 0.000000 -0.698234
vn -0.715870 0.000000 -0.698234
vn -0.680170 0.000000 -0.733054
vn -0.642792 0.000000 -0.766041
vn -0.680170 0.000000 -0.733054
vn -0.642792 0.000000 -0.766041
vn -0.603805 0.000000 -0.797132
vn -0.603805 0.000000 -0.797132
vn -0.563313 0.000000 -0.826244
vn -0.563313 0.000000 -0.826244
vn -0.521442 0.000000 -0.853287
vn -0.521442 0.000000 -0.853287
vn -0.478254 0.000000 -0.878221
vn -0.478254 0.000000 -0.878221
vn -0.433882 0.000000 -0.900970
vn -0.433882 0.000000 -0.900970
vn -0.388427 0.000000 -0.921479
vn -0.388427 0.000000 -0.921479
vn -0.342014 0.000000 -0.939695
vn -0.342014 0.000000 -0.939695
vn -0.294762 0.000000 -0.955571
vn -0.294762 0.000000 -0.955571
vn -0.246758 0.000000 -0.969077
vn -0.246758 0.000000 -0.969077
vn -0.198141 0.000000 -0.980174
vn -0.198141 0.000000 -0.980174
vn -0.149054 0.000000 -0.988829
vn -0.149054 0.000000 -0.988829
vn -0.099560 0.000000 -0.995032
vn -0.099560 0.000000 -0.995032
vn -0.049841 0.000000 -0.998757
vn -0.049841 0.000000 -0.998757
vn 0.000000 0.000000 -1.000000
vn 0.000000 0.000000 -1.000000
vn 0.049841 0.000000 -0.998757
vn 0.099560 0.000000 -0.995032
vn 0.049841 0.000000 -0.998757
vn 0.099560 0.000000 -0.995032
vn 0.149054 0.000000 -0.988829
vn 0.149054 0.000000 -0.988829
vn 0.198141 0.000000 -0.980174
vn 0.198141 0.000000 -0.980174
vn 0.246758 0.000000 -0.969077
vn 0.246758 0.000000 -0.969077
vn 0.294762 0.000000 -0.955571
vn 0.294762 0.000000 -0.955571
vn 0.342014 0.000000 -0.939695
vn 0.388427 0.000000 -0.921479
vn 0.342014 0.000000 -0.939695
vn 0.388427 0.000000 -0.921479
vn 0.433882 0.000000 -0.900970
vn 0.433882 0.000000 -0.900970
vn 0.478254 0.000000 -0.878221
vn 0.478254 0.000000 -0.878221
vn 0.521442 0.000000 -0.853287
vn 0.521442 0.000000 -0.853287
vn 0.563313 0.000000 -0.826244
vn 0.563313 0.000000 -0.826244
vn 0.603805 0.000000 -0.797132
vn 0.603805 0.000000 -0.797132
vn 0.642792 0.000000 -0.766041
vn 0.642792 0.000000 -0.766041
vn 0.680170 0.000000 -0.733054
vn 0.680170 0.000000 -0.733054
vn 0.715870 0.000000 -0.698234
vn 0.715870 0.000000 -0.698234
vn 0.749781 0.000000 -0.661686
vn 0.749781 0.000000 -0.661686
vn 0.781831 0.000000 -0.623490
vn 0.781831 0.000000 -0.623490
vn 0.811940 0.000000 -0.583741
vn 0.811940 0.000000 -0.583741
vn 0.840023 0.000000 -0.542551
vn 0.840023 0.000000 -0.542551
vn 0.866026 0.000000 -0.499999
vn 0.866026 0.000000 -0.499999
vn 0.889873 0.000000 -0.456208
vn 0.889873 0.000000 -0.456208
vn 0.911505 0.000000 -0.411288
vn 0.911505 0.000000 -0.411288
vn 0.930875 0.000000 -0.365337
vn 0.930875 0.000000 -0.365337
vn 0.947927 0.000000 -0.318489
vn 0.947927 0.000000 -0.318489
vn 0.962625 0.000000 -0.270839
vn 0.962625 0.000000 -0.270839
vn 0.974927 0.000000 -0.222524
vn 0.974927 0.000000 -0.222524
vn 0.984808 0.000000 -0.173649
vn 0.984808 0.000000 -0.173649
vn 0.992239 0.000000 -0.124342
vn 0.992239 0.000000 -0.124342
vn 0.997204 0.000000 -0.074729
vn 0.997204 0.000000 -0.074729
vn 0.999689 0.000000 -0.024931
vn 0.999689 0.000000 -0.024931
vn 0.999689 0.000000 0.024931
vn 0.999689 -0.000000 0.024931
vn 0.997204 -0.000000 0.074729
vn 0.997204 0.000000 0.074729
vn 0.992239 -0.000000 0.124342
vn 0.984808 -0.000000 0.173649
vn 0.992239 0.000000 0.124342
vn 0.984808 -0.000000 0.173649
vn 0.974927 -0.000000 0.222524
vn 0.974927 0.000000 0.222524
vn 0.962625 -0.000000 0.270839
vn 0.947927 -0.000000 0.318489
vn 0.962625 0.000000 0.270839
vn 0.930875 -0.000000 0.365337
vn 0.947927 -0.000000 0.318489
vn 0.930875 -0.000000 0.365337
vn 0.911505 -0.000000 0.411288
vn 0.911505 0.000000 0.411288
vn 0.889873 -0.000000 0.456208
vn 0.889873 0.000000 0.456208
vn 0.866026 0.000000 0.499999
vn 0.866026 -0.000000 0.499999
vn 0.840023 0.000000 0.542551
vn 0.840023 -0.000000 0.542551
vn 0.811940 0.000000 0.583741
vn 0.811940 -0.000000 0.583741
vn 0.781831 0.000000 0.623490
vn 0.781831 -0.000000 0.623490
vn 0.749781 0.000000 0.661686
vn 0.749781 -0.000000 0.661686
vn 0.715870 0.000000 0.698234
vn 0.715870 -0.000000 0.698234
vn 0.680170 0.000000 0.733054
vn 0.680170 -0.000000 0.733054
vn 0.642792 0.000000 0.766041
vn 0.642792 -0.000000 0.766041
vn 0.603805 -0.000000 0.797132
vn 0.603805 -0.000000 0.797132
vn 0.563313 -0.000000 0.826244
vn 0.563313 -0.000000 0.826244
vn 0.521442 0.000000 0.853287
vn 0.521442 -0.000000 0.853287
vn 0.478254 0.000000 0.878221
vn 0.478254 -0.000000 0.878221
vn 0.433882 -0.000000 0.900970
vn 0.433882 -0.000000 0.900970
vn 0.388427 -0.000000 0.921479
vn 0.388427 0.000000 0.921479
vn 0.342014 -0.000000 0.939695
vn 0.342014 0.000000 0.939695
vn 0.294762 -0.000000 0.955571
vn 0.246758 -0.000000 0.969077
vn 0.294762 0.000000 0.955571
vn 0.246758 -0.000000 0.969077
vn 0.198141 -0.000000 0.980174
vn 0.198141 0.000000 0.980174
vn 0.149054 -0.000000 0.988829
vn 0.149054 0.000000 0.988829
vn 0.099560 -0.000000 0.995032
vn 0.049841 -0.000000 0.998757
vn 0.099560 0.000000 0.995032
vn 0.049841 -0.000000 0.998757
vn 0.000000 0.000000 1.000000
vn 0.000000 0.000000 1.000000
vn -0.049841 0.000000 0.998757
vn -0.049841 0.000000 0.998757
vn -0.099560 0.000000 0.995032
vn -0.149054 0.000000 0.988829
vn -0.099560 0.000000 0.995032
vn -0.149054 0.000000 0.988829
vn -0.198141 0.000000 0.980174
vn -0.198141 0.000000 0.980174
vn -0.246758 0.000000 0.969077
vn -0.246758 0.000000 0.969077
vn -0.294762 0.000000 0.955571
vn -0.294762 0.000000 0.955571
vn -0.342014 0.000000 0.939695
vn -0.342014 0.000000 0.939695
vn -0.388427 0.000000 0.921479
vn -0.388427 0.000000 0.921479
vn -0.433882 0.000000 0.900970
vn -0.433882 0.000000 0.900970
vn -0.478254 0.000000 0.878221
vn -0.478254 0.000000 0.878221
vn -0.521442 0.000000 0.853287
vn -0.521442 0.000000 0.853287
vn -0.563313 0.000000 0.826244
vn -0.563313 0.000000 0.826244
vn -0.603805 0.000000 0.797132
vn -0.603805 0.000000 0.797132
vn -0.642792 0.000000 0.766041
vn -0.642792 0.000000 0.766041
vn -0.680170 0.000000 0.733054
vn -0.680170 0.000000 0.733054
vn -0.715870 0.000000 0.698234
vn -0.715870 0.000000 0.698234
vn -0.749781 0.000000 0.661686
vn -0.749781 0.000000 0.661686
vn -0.781831 0.000000 0.623490
vn -0.781831 0.000000 0.623490
vn -0.811940 0.000000 0.583741
vn -0.811940 0.000000 0.583741
vn -0.840023 0.000000 0.542551
vn -0.840023 0.000000 0.542551
vn -0.866026 0.000000 0.499999
vn -0.866026 0.000000 0.499999
vn -0.889873 0.000000 0.456208
vn -0.889873 0.000000 0.456208
vn -0.911505 0.000000 0.411288
vn -0.911505 0.000000 0.411288
vn -0.930875 0.000000 0.365337
vn -0.930875 0.000000 0.365337
vn -0.947927 0.000000 0.318489
vn -0.947927 0.000000 0.318489
vn -0.962625 0.000000 0.270839
vn -0.974927 0.000000 0.222524
vn -0.962625 0.000000 0.270839
vn -0.984808 0.000000 0.173649
vn -0.974927 0.000000 0.222524
vn -0.984808 0.000000 0.173649
vn -0.992239 0.000000 0.124342
vn -0.992239 0.000000 0.124342
vn -0.997204 0.000000 0.074729
vn -0.997204 0.000000 0.074729
vn -0.999689 0.000000 0.024931
vn -0.999689 0.000000 0.024931
vn -0.999689 0.000000 -0.024931
vn -0.999689 0.000000 -0.024931
vn -0.997204 0.000000 -0.074729
vn -0.997204 0.000000 -0.074729
vn -0.992239 0.000000 -0.124342
vn -0.992239 0.000000 -0.124342
vn -0.984808 0.000000 -0.173649
vn -0.984808 0.000000 -0.173649
vn -0.974927 0.000000 -0.222524
vn -0.974927 0.000000 -0.222524
vn -0.962625 0.000000 -0.270839
vn -0.962625 0.000000 -0.270839
vn -0.947927 0.000000 -0.318489
vn -0.947927 0.000000 -0.318489
vn -0.930875 0.000000 -0.365337
vn -0.930875 0.000000 -0.365337
vn -0.911505 0.000000 -0.411288
vn -0.911505 0.000000 -0.411288
vn -0.889873 0.000000 -0.456208
vn -0.889873 0.000000 -0.456208
vn -0.866026 0.000000 -0.499999
vn -0.866026 0.000000 -0.499999
vn -0.840023 0.000000 -0.542551
vn -0.840023 0.000000 -0.542551
vn -0.811940 0.000000 -0.583741
vn -0.811940 0.000000 -0.583741
vn -0.781831 0.000000 -0.623490
vn -0.781831 0.000000 -0.623490
vn -0.749781 0.000000 -0.661686
vn -0.749781 0.000000 -0.661686
vn -0.715870 0.000000 -0.698234
vn -0.680170 0.000000 -0.733054
vn -0.715870 0.000000 -0.698234
vn -0.680170 0.000000 -0.733054
vn -0.642792 0.000000 -0.766041
vn -0.642792 0.000000 -0.766041
vn -0.603805 0.000000 -0.797132
vn -0.603805 0.000000 -0.797132
vn -0.563313 0.000000 -0.826244
vn -0.521442 0.000000 -0.853287
vn -0.563313 0.000000 -0.826244
vn -0.521442 0.000000 -0.853287
vn -0.478254 0.000000 -0.878221
vn -0.478254 0.000000 -0.878221
vn -0.433882 0.000000 -0.900970
vn -0.433882 0.000000 -0.900970
vn -0.388427 0.000000 -0.921479
vn -0.388427 0.000000 -0.921479
vn -0.342014 0.000000 -0.939695
vn -0.342014 0.000000 -0.939695
vn -0.294762 0.000000 -0.955571
vn -0.294762 0.000000 -0.955571
vn -0.246758 0.000000 -0.969077
vn -0.246758 0.000000 -0.969077
vn -0.198141 0.000000 -0.980174
vn -0.198141 0.000000 -0.980174
vn -0.149054 0.000000 -0.988829
vn -0.149054 0.000000 -0.988829
vn -0.099560 0.000000 -0.995032
vn -0.099560 0.000000 -0.995032
vn -0.049841 0.000000 -0.998757
vn -0.049841 0.000000 -0.998757
vn 0.000000 0.000000 -1.000000
vn 0.000000 0.000000 -1.000000
vn 0.049841 0.000000 -0.998757
vn 0.049841 0.000000 -0.998757
vn 0.099560 0.000000 -0.995032
vn 0.099560 0.000000 -0.995032
vn 0.149054 0.000000 -0.988829
vn 0.149054 0.000000 -0.988829
vn 0.198141 0.000000 -0.980174
vn 0.198141 0.000000 -0.980174
vn 0.246758 0.000000 -0.969077
vn 0.246758 0.000000 -0.969077
vn 0.294762 0.000000 -0.955571
vn 0.294762 0.000000 -0.955571
vn 0.342014 0.000000 -0.939695
vn 0.342014 0.000000 -0.939695
vn 0.388427 0.000000 -0.921479
vn 0.388427 0.000000 -0.921479
vn 0.433882 0.000000 -0.900970
vn 0.433882 0.000000 -0.900970
vn 0.478254 0.000000 -0.878221
vn 0.478254 0.000000 -0.878221
vn 0.521442 0.000000 -0.853287
vn 0.521442 0.000000 -0.853287
vn 0.563313 0.000000 -0.826244
vn 0.563313 0.000000 -0.826244
vn 0.603805 0.000000 -0.797132
vn 0.642792 0.000000 -0.766041
vn 0.603805 0.000000 -0.797132
vn 0.642792 0.000000 -0.766041
vn 0.680170 0.000000 -0.733054
vn 0.680170 0.000000 -0.733054
vn 0.715870 0.000000 -0.698234
vn 0.715870 0.000000 -0.698234
vn 0.749781 0.000000 -0.661686
vn 0.749781 0.000000 -0.661686
vn 0.781831 0.000000 -0.623490
vn 0.781831 0.000000 -0.623490
vn 0.811940 0.000000 -0.583741
vn 0.811940 0.000000 -0.583741
vn 0.840023 0.000000 -0.542551
vn 0.840023 0.000000 -0.542551
vn 0.866026 0.000000 -0.499999
vn 0.866026 0.000000 -0.499999
vn 0.889873 0.000000 -0.456208
vn 0.889873 0.000000 -0.456208
vn 0.911505 0.000000 -0.411288
vn 0.911505 0.000000 -0.411288
vn 0.930875 0.000000 -0.365337
vn 0.930875 0.000000 -0.365337
vn 0.947927 0.000000 -0.318489
vn 0.947927 0.000000 -0.318489
vn 0.962625 0.000000 -0.270839
vn 0.962625 0.000000 -0.270839
vn 0.974927 0.000000 -0.222524
vn 0.974927 0.000000 -0.222524
vn 0.984808 0.000000 -0.173649
vn 0.984808 0.000000 -0.173649
vn 0.992239 0.000000 -0.124342
vn 0.992239 0.000000 -0.124342
vn 0.997204 0.000000 -0.074729
vn 0.997204 0.000000 -0.074729
vn 0.999689 0.000000 -0.024931
vn 0.999689 0.000000 -0.024931
vn 0.000000 0.000000 1.000000
vn 0.000000 0.000000 1.000000
vn 0.000000 -1.000000 0.000000
vn 0.000000 -1.000000 0.000000
vn 0.000000 0.000000 1.000000
vn 0.000000 0.000000 1.000000
vn 0.000000 1.000000 -0.000000
vn 0.000000 1.000000 0.000000
vn 0.000000 0.000000 1.000000
vn 0.000000 0.000000 1.000000
vn 0.000000 0.000000 1.000000
vn 0.000000 0.000000 1.000000
vn 0.000000 0.000000 1.000000
vn 0.000000 0.000000 1.000000
vn 0.000000 0.000000 1.000000
vn 0.000000 0.000000 1.000000
vn 0.000000 0.000000 1.000000
vn 0.000000 0.000000 1.000000
vn 0.000000 0.000000 1.000000
vn 0.000000 0.000000 1.000000
vn 0.000000 0.000000 1.000000
vn 0.000000 0.000000 1.000000
vn 0.000000 0.000000 1.000000
vn 0.000000 0.000000 1.000000
vn 0.000000 0.000000 1.000000
vn 0.000000 0.000000 1.000000
vn 0.000000 0.000000 1.000000
vn 0.000000 0.000000 1.000000
vn 0.000000 0.000000 1.000000
vn 0.000000 0.000000 1.000000
vn 0.000000 0.000000 1.000000
vn 0.000000 0.000000 1.000000
vn 0.000000 0.000000 1.000000
vn 0.000000 0.000000 1.000000
vn 0.000000 0.000000 1.000000
vn 0.000000 0.000000 1.000000
vn 0.000000 0.000000 1.000000
vn 0.000000 0.000000 1.000000
vn 0.000000 0.000000 1.000000
vn 0.000000 0.000000 1.000000
vn 0.000000 0.000000 1.000000
vn 0.000000 0.000000 1.000000
vn 0.000000 0.000000 1.000000
vn 0.000000 0.000000 1.000000
vn 0.000000 0.000000 1.000000
vn 0.000000 0.000000 1.000000
vn 0.000000 0.000000 1.000000
vn 0.000000 0.000000 1.000000
vn 0.000000 0.000000 1.000000
vn 0.000000 0.000000 1.000000
vn 0.000000 0.000000 1.000000
vn 0.000000 0.000000 1.000000
vn 0.000000 0.000000 1.000000
vn 0.000000 0.000000 1.000000
vn 0.000000 0.000000 1.000000
vn 0.000000 0.000000 1.000000
vn 0.000000 0.000000 1.000000
vn 0.000000 0.000000 1.000000
vn 0.000000 0.000000 1.000000
vn 0.000000 0.000000 1.000000
vn 0.000000 0.000000 1.000000
vn 0.000000 0.000000 1.000000
vn 0.000000 0.000000 1.000000
vn 0.000000 0.000000 1.000000
vn 0.000000 0.000000 1.000000
vn 0.000000 0.000000 1.000000
vn 0.000000 0.000000 1.000000
vn 0.000000 0.000000 1.000000
vn 0.000000 0.000000 1.000000
vn 0.000000 0.000000 1.000000
vn 0.000000 0.000000 1.000000
vn 0.000000 0.000000 1.000000
vn 0.000000 0.000000 1.000000
vn 0.000000 0.000000 1.000000
vn 0.000000 0.000000 1.000000
vn 0.000000 0.000000 1.000000
vn 0.000000 0.000000 1.000000
vn 0.000000 0.000000 1.000000
vn 0.000000 0.000000 1.000000
vn 0.000000 0.000000 1.000000
vn 0.000000 0.000000 1.000000
vn 0.000000 0.000000 1.000000
vn 0.000000 0.000000 1.000000
vn 0.000000 0.000000 1.000000
vn 0.000000 0.000000 1.000000
vn 0.000000 0.000000 1.000000
vn 0.000000 0.000000 1.000000
vn 0.000000 0.000000 1.000000
vn 0.000000 0.000000 1.000000
vn 0.000000 0.000000 1.000000
vn 0.000000 0.000000 1.000000
vn 0.000000 0.000000 1.000000
vn 0.000000 0.000000 1.000000
vn 0.000000 0.000000 1.000000
vn 0.000000 0.000000 1.000000
vn 0.000000 0.000000 1.000000
vn 0.000000 0.000000 1.000000
vn 0.000000 0.000000 1.000000
vn 0.000000 0.000000 1.000000
vn 0.000000 0.000000 1.000000
vn 0.000000 0.000000 1.000000
vn 0.000000 0.000000 1.000000
vn 0.000000 0.000000 1.000000
vn 0.000000 0.000000 1.000000
vn 0.000000 0.000000 1.000000
vn 0.000000 0.000000 1.000000
vn 0.000000 0.000000 1.000000
vn 0.000000 0.000000 1.000000
vn 0.000000 0.000000 1.000000
vn 0.000000 0.000000 1.000000
vn 0.000000 0.000000 1.000000
vn 0.000000 0.000000 1.000000
vn 0.000000 0.000000 1.000000
vn 0.000000 0.000000 1.000000
vn 0.000000 0.000000 1.000000
vn 0.000000 0.000000 1.000000
vn 0.000000 0.000000 1.000000
vn 0.000000 0.000000 1.000000
vn 0.000000 0.000000 1.000000
vn 0.000000 0.000000 1.000000
vn 0.000000 0.000000 1.000000
vn 0.000000 0.000000 1.000000
vn 0.000000 0.000000 1.000000
vn 0.000000 0.000000 1.000000
vn 0.000000 0.000000 1.000000
vn 0.000000 0.000000 1.000000
vn 0.000000 0.000000 1.000000
vn 0.000000 0.000000 1.000000
vn 0.000000 0.000000 1.000000
vn 0.000000 0.000000 1.000000
vn 0.000000 0.000000 1.000000
vn 0.000000 0.000000 1.000000
vn 1.000000 0.000000 0.000000
vn 1.000000 0.000000 0.000000
vn -1.000000 0.000000 0.000000
vn -1.000000 0.000000 0.000000
vn 0.000000 -1.000000 0.000000
vn 0.000000 -1.000000 0.000000
vn 0.000000 1.000000 0.000000
vn 0.000000 1.000000 -0.000000
vn 0.000000 1.000000 0.000000
vn 0.000000 1.000000 0.000000
vn 0.000000 1.000000 0.000000
vn -0.000000 1.000000 -0.000000
vn -0.000000 1.000000 -0.000000
vn -0.000000 1.000000 -0.000000
vn -0.000000 1.000000 -0.000000
vn -0.000000 1.000000 -0.000000
vn 0.000000 1.000000 0.000000
vn -0.000000 1.000000 -0.000000
vn -0.000000 1.000000 -0.000000
vn 0.000000 1.000000 0.000000
vn 0.000000 1.000000 0.000000
vn 0.000000 1.000000 0.000000
vn 0.000000 1.000000 0.000000
vn 0.000000 1.000000 0.000000
vn -0.000000 1.000000 -0.000000
vn 0.000000 1.000000 0.000000
vn 0.000000 1.000000 0.000000
vn 0.000000 1.000000 0.000000
vn -0.000000 1.000000 -0.000000
vn -0.000000 1.000000 -0.000000
vn -0.000000 1.000000 -0.000000
vn -0.000000 1.000000 -0.000000
vn 0.000000 1.000000 0.000000
vn 0.000000 1.000000 0.000000
vn 0.000000 1.000000 0.000000
vn -0.000000 1.000000 0.000000
vn -0.000000 1.000000 0.000000
vn -0.000000 1.000000 0.000000
vn 0.000000 1.000000 0.000000
vn -0.000000 1.000000 0.000000
vn -0.000000 1.000000 -0.000000
vn -0.000000 1.000000 -0.000000
vn -0.000000 1.000000 0.000000
vn -0.000000 1.000000 0.000000
vn -0.000000 1.000000 0.000000
vn -0.000000 1.000000 -0.000000
vn 0.000000 1.000000 0.000000
vn 0.000000 1.000000 0.000000
vn -0.000000 1.000000 0.000000
vn 0.000000 1.000000 0.000000
vn 0.000000 1.000000 0.000000
vn 0.000000 1.000000 0.000000
vn 0.000000 1.000000 0.000000
vn -0.000000 1.000000 0.000000
vn 0.000000 1.000000 0.000000
vn 0.000000 1.000000 0.000000
vn -0.000000 1.000000 0.000000
vn -0.000000 1.000000 0.000000
vn -0.000000 1.000000 0.000000
vn -0.000000 1.000000 0.000000
vn -0.000000 1.000000 0.000000
vn -0.000000 1.000000 0.000000
vn -0.000000 1.000000 0.000000
vn -0.000000 1.000000 0.000000
vn -0.000000 1.000000 0.000000
vn 0.000000 1.000000 0.000000
vn 0.000000 1.000000 0.000000
vn 0.000000 1.000000 0.000000
vn 0.000000 1.000000 0.000000
vn -0.000000 1.000000 0.000000
vn -0.000000 1.000000 0.000000
vn 0.000000 1.000000 -0.000000
vn -0.000000 1.000000 0.000000
vn 0.000000 1.000000 -0.000000
vn -0.000000 1.000000 0.000000
vn -0.000000 1.000000 0.000000
vn -0.000000 1.000000 0.000000
vn -0.000000 1.000000 0.000000
vn -0.000000 1.000000 -0.000000
vn 0.000000 1.000000 -0.000000
vn 0.000000 1.000000 0.000000
vn 0.000000 1.000000 0.000000
vn 0.000000 1.000000 0.000000
vn 0.000000 1.000000 0.000000
vn 0.000000 1.000000 0.000000
vn -0.000000 1.000000 0.000000
vn -0.000000 1.000000 0.000000
vn 0.000000 1.000000 -0.000000
vn -0.000000 1.000000 0.000000
vn -0.000000 1.000000 0.000000
vn -0.000000 1.000000 0.000000
vn 0.000000 1.000000 0.000000
vn 0.000000 1.000000 0.000000
vn 0.000000 1.000000 0.000000
vn 0.000000 1.000000 0.000000
vn -0.000000 1.000000 0.000000
vn 0.000000 1.000000 0.000000
vn 0.000000 1.000000 -0.000000
vn 0.000000 1.000000 0.000000
vn 0.000000 1.000000 0.000000
vn 0.000000 1.000000 0.000000
vn 0.000000 1.000000 0.000000
vn 0.000000 1.000000 0.000000
vn 0.000000 1.000000 0.000000
vn 0.000000 1.000000 0.000000
vn 0.000000 1.000000 0.000000
vn 0.000000 1.000000 0.000000
vn 0.000000 1.000000 0.000000
vn 0.000000 1.000000 0.000000
vn 0.000000 1.000000 0.000000
vn 0.000000 1.000000 0.000000
vn 0.000000 1.000000 0.000000
vn 0.000000 1.000000 0.000000
vn 0.000000 1.000000 -0.000000
vn 0.000000 1.000000 0.000000
vn 0.000000 1.000000 0.000000
vn 0.000000 1.000000 0.000000
vn 0.000000 1.000000 0.000000
vn 0.000000 1.000000 0.000000
vn 0.000000 1.000000 0.000000
vn 0.000000 1.000000 0.000000
vn 0.000000 1.000000 0.000000
vn 0.000000 1.000000 0.000000
vn 0.000000 1.000000 0.000000
vn 0.000000 1.000000 0.000000
vn 0.000000 1.000000 0.000000
vn 0.000000 1.000000 0.000000
vn 0.000000 1.000000 0.000000
vn 0.000000 1.000000 0.000000
vn 0.000000 1.000000 0.000000
vn 0.000000 1.000000 0.000000
vn 0.000000 1.000000 0.000000
vn 0.000000 -1.000000 0.000000
vn 0.000000 -1.000000 0.000000
vn 0.000000 -1.000000 0.000000
vn 0.000000 -1.000000 0.000000
vn 0.000000 -1.000000 0.000000
vn 0.000000 -1.000000 0.000000
vn 0.000000 -1.000000 0.000000
vn 0.000000 -1.000000 0.000000
vn 0.000000 -1.000000 0.000000
vn 0.000000 -1.000000 0.000000
vn 0.000000 -1.000000 0.000000
vn 0.000000 -1.000000 0.000000
vn 0.000000 -1.000000 0.000000
vn 0.000000 -1.000000 0.000000
vn 0.000000 -1.000000 0.000000
vn 0.000000 -1.000000 0.000000
vn 0.000000 -1.000000 0.000000
vn 0.000000 -1.000000 0.000000
vn 0.000000 -1.000000 0.000000
vn 0.000000 -1.000000 0.000000
vn 0.000000 -1.000000 0.000000
vn 0.000000 -1.000000 0.000000
vn 0.000000 -1.000000 0.000000
vn 0.000000 -1.000000 0.000000
vn -0.000000 -1.000000 0.000000
vn 0.000000 -1.000000 0.000000
vn 0.000000 -1.000000 0.000000
vn 0.000000 -1.000000 0.000000
vn 0.000000 -1.000000 0.000000
vn 0.000000 -1.000000 0.000000
vn 0.000000 -1.000000 0.000000
vn 0.000000 -1.000000 0.000000
vn 0.000000 -1.000000 0.000000
vn 0.000000 -1.000000 0.000000
vn 0.000000 -1.000000 0.000000
vn 0.000000 -1.000000 0.000000
vn 0.000000 -1.000000 -0.000000
vn 0.000000 -1.000000 0.000000
vn 0.000000 -1.000000 0.000000
vn 0.000000 -1.000000 0.000000
vn 0.000000 -1.000000 0.000000
vn 0.000000 -1.000000 0.000000
vn 0.000000 -1.000000 0.000000
vn 0.000000 -1.000000 0.000000
vn 0.000000 -1.000000 0.000000
vn 0.000000 -1.000000 0.000000
vn 0.000000 -1.000000 0.000000
vn 0.000000 -1.000000 0.000000
vn 0.000000 -1.000000 0.000000
vn 0.000000 -1.000000 0.000000
vn 0.000000 -1.000000 0.000000
vn 0.000000 -1.000000 0.000000
vn 0.000000 -1.000000 0.000000
vn 0.000000 -1.000000 0.000000
vn 0.000000 -1.000000 0.000000
vn 0.000000 -1.000000 0.000000
vn 0.000000 -1.000000 0.000000
vn 0.000000 -1.000000 0.000000
vn 0.000000 -1.000000 0.000000
vn 0.000000 -1.000000 0.000000
vn 0.000000 -1.000000 0.000000
vn 0.000000 -1.000000 0.000000
vn 0.000000 -1.000000 0.000000
vn 0.000000 -1.000000 0.000000
vn 0.000000 -1.000000 0.000000
vn 0.000000 -1.000000 0.000000
vn 0.000000 -1.000000 0.000000
vn 0.000000 -1.000000 0.000000
vn 0.000000 -1.000000 0.000000
vn 0.000000 -1.000000 -0.000000
vn 0.000000 -1.000000 0.000000
vn 0.000000 -1.000000 0.000000
vn 0.000000 -1.000000 0.000000
vn 0.000000 -1.000000 0.000000
vn 0.000000 -1.000000 0.000000
vn 0.000000 -1.000000 0.000000
vn 0.000000 -1.000000 0.000000
vn 0.000000 -1.000000 0.000000
vn 0.000000 -1.000000 0.000000
vn 0.000000 -1.000000 0.000000
vn 0.000000 -1.000000 -0.000000
vn 0.000000 -1.000000 0.000000
vn 0.000000 -1.000000 0.000000
vn 0.000000 -1.000000 0.000000
vn 0.000000 -1.000000 0.000000
vn 0.000000 -1.000000 0.000000
vn 0.000000 -1.000000 0.000000
vn 0.000000 -1.000000 0.000000
vn 0.000000 -1.000000 0.000000
vn 0.000000 -1.000000 0.000000
vn 0.000000 -1.000000 0.000000
vn 0.000000 -1.000000 0.000000
vn 0.000000 -1.000000 0.000000
vn 0.000000 -1.000000 0.000000
vn 0.000000 -1.000000 0.000000
vn 0.000000 -1.000000 0.000000
vn 0.000000 -1.000000 0.000000
vn 0.000000 -1.000000 0.000000
vn 0.000000 -1.000000 0.000000
vn 0.000000 -1.000000 0.000000
vn 0.000000 -1.000000 0.000000
vn 0.000000 -1.000000 0.000000
vn 0.000000 -1.000000 0.000000
vn 0.000000 -1.000000 0.000000
vn -0.000000 -1.000000 -0.000000
vn 0.000000 -1.000000 0.000000
vn 0.000000 -1.000000 0.000000
vn 0.000000 -1.000000 0.000000
vn 0.000000 -1.000000 0.000000
vn 0.000000 -1.000000 0.000000
vn 0.000000 -1.000000 0.000000
vn 0.000000 -1.000000 -0.000000
vn 0.000000 -1.000000 -0.000000
vn 0.000000 -1.000000 0.000000
vn 0.000000 -1.000000 0.000000
vn 0.000000 -1.000000 0.000000
vn 0.000000 -1.000000 0.000000
vn 0.000000 -1.000000 0.000000
vn 0.000000 -1.000000 0.000000
vn 0.000000 -1.000000 0.000000
vn -0.000000 -1.000000 -0.000000
vn 0.000000 -1.000000 0.000000
vn 0.000000 -1.000000 0.000000
vn 0.000000 -1.000000 0.000000
f 1//1 2//1 3//1
f 1//2 3//2 4//2
f 2//3 1//3 5//3
f 6//4 7//4 8//4
f 6//5 8//5 2//5
f 9//6 10//6 6//6
f 5//7 9//7 6//7
f 5//8 6//8 2//8
f 11//9 12//9 13//9
f 14//10 13//10 12//10
f 15//11 11//11 13//11
f 16//12 13//12 14//12
f 17//13 15//13 13//13
f 18//14 13//14 16//14
f 19//15 17//15 13//15
f 20//16 13//16 18//16
f 21//17 19//17 13//17
f 22//18 13//18 20//18
f 23//19 21//19 13//19
f 24//20 13//20 22//20
f 25//21 23//21 13//21
f 26//22 13//22 24//22
f 27//23 25//23 13//23
f 28//24 13//24 26//24
f 29//25 27//25 13//25
f 30//26 13//26 28//26
f 31//27 29//27 13//27
f 32//28 13//28 30//28
f 33//29 31//29 13//29
f 34//30 13//30 32//30
f 35//31 33//31 13//31
f 36//32 13//32 34//32
f 37//33 35//33 13//33
f 38//34 13//34 36//34
f 39//35 37//35 13//35
f 40//36 13//36 38//36
f 41//37 39//37 13//37
f 42//38 13//38 40//38
f 43//39 41//39 13//39
f 44//40 43//40 13//40
f 45//41 44//41 13//41
f 46//42 45//42 13//42
f 47//43 46//43 13//43
f 48//44 47//44 13//44
f 49//45 48//45 13//45
f 50//46 42//46 51//46
f 50//47 51//47 52//47
f 50//48 52//48 53//48
f 50//49 53//49 54//49
f 50//50 54//50 55//50
f 50//51 55//51 56//51
f 50//52 56//52 57//52
f 50//53 57//53 58//53
f 50//54 58//54 59//54
f 50//55 59//55 60//55
f 50//56 60//56 61//56
f 50//57 61//57 62//57
f 50//58 62//58 63//58
f 50//59 63//59 64//59
f 50//60 64//60 65//60
f 50//61 65//61 66//61
f 50//62 13//62 42//62
f 67//63 50//63 66//63
f 68//64 50//64 67//64
f 69//65 50//65 68//65
f 70//66 50//66 69//66
f 71//67 50//67 70//67
f 72//68 50//68 71//68
f 73//69 50//69 72//69
f 74//70 50//70 73//70
f 75//71 50//71 74//71
f 76//72 50//72 75//72
f 77//73 50//73 76//73
f 78//74 50//74 77//74
f 79//75 50//75 78//75
f 80//76 50//76 79//76
f 81//77 50//77 80//77
f 82//78 50//78 81//78
f 83//79 50//79 82//79
f 84//80 50//80 83//80
f 85//81 50//81 84//81
f 86//82 50//82 85//82
f 87//83 50//83 86//83
f 88//84 50//84 87//84
f 89//85 1//85 4//85
f 89//86 49//86 13//86
f 89//87 90//87 91//87
f 89//88 91//88 92//88
f 89//89 92//89 93//89
f 89//90 93//90 94//90
f 89//91 94//91 95//91
f 89//92 95//92 96//92
f 89//93 96//93 97//93
f 89//94 97//94 98//94
f 89//95 98//95 99//95
f 89//96 99//96 100//96
f 89//97 100//97 101//97
f 89//98 101//98 102//98
f 89//99 102//99 103//99
f 89//100 103//100 104//100
f 89//101 104//101 105//101
f 89//102 105//102 106//102
f 89//103 106//103 107//103
f 89//104 107//104 108//104
f 89//105 108//105 109//105
f 89//106 109//106 110//106
f 89//107 110//107 111//107
f 89//108 111//108 112//108
f 89//109 112//109 113//109
f 89//110 113//110 114//110
f 89//111 114//111 49//111
f 115//112 88//112 116//112
f 115//113 116//113 117//113
f 115//114 117//114 118//114
f 115//115 118//115 119//115
f 115//116 119//116 120//116
f 115//117 120//117 121//117
f 115//118 90//118 89//118
f 115//119 121//119 122//119
f 115//120 122//120 123//120
f 115//121 123//121 124//121
f 115//122 124//122 125//122
f 115//123 125//123 126//123
f 115//124 126//124 127//124
f 115//125 127//125 128//125
f 115//126 128//126 129//126
f 115//127 129//127 130//127
f 115//128 130//128 131//128
f 115//129 131//129 132//129
f 115//130 132//130 133//130
f 115//131 133//131 134//131
f 115//132 134//132 135//132
f 115//133 135//133 136//133
f 115//134 136//134 137//134
f 115//135 137//135 138//135
f 115//136 138//136 139//136
f 115//137 139//137 140//137
f 115//138 140//138 90//138
f 115//139 50//139 88//139
f 141//140 142//140 115//140
f 4//141 141//141 115//141
f 4//142 115//142 89//142
f 3//143 143//143 4//143
f 144//144 143//144 3//144
f 145//145 3//145 146//145
f 147//146 146//146 3//146
f 148//147 3//147 145//147
f 149//148 147//148 3//148
f 150//149 3//149 148//149
f 151//150 149//150 3//150
f 152//151 3//151 150//151
f 153//152 151//152 3//152
f 154//153 3//153 152//153
f 155//154 153//154 3//154
f 156//155 3//155 154//155
f 157//156 155//156 3//156
f 158//157 3//157 156//157
f 159//158 157//158 3//158
f 160//159 3//159 158//159
f 161//160 159//160 3//160
f 162//161 3//161 160//161
f 163//162 161//162 3//162
f 164//163 3//163 162//163
f 165//164 163//164 3//164
f 166//165 3//165 164//165
f 167//166 165//166 3//166
f 168//167 3//167 166//167
f 169//168 3//168 168//168
f 170//169 3//169 169//169
f 171//170 3//170 170//170
f 172//171 144//171 3//171
f 172//172 3//172 171//172
f 173//173 144//173 172//173
f 174//174 144//174 173//174
f 175//175 144//175 174//175
f 176//176 144//176 175//176
f 177//177 144//177 176//177
f 178//178 144//178 177//178
f 179//179 144//179 178//179
f 180//180 144//180 179//180
f 181//181 144//181 180//181
f 182//182 144//182 181//182
f 183//183 144//183 182//183
f 184//184 144//184 183//184
f 185//185 144//185 184//185
f 186//186 144//186 185//186
f 187//187 144//187 186//187
f 188//188 189//188 190//188
f 188//189 191//189 189//189
f 188//190 192//190 191//190
f 188//191 193//191 192//191
f 188//192 194//192 193//192
f 188//193 195//193 194//193
f 188//194 196//194 195//194
f 188//195 197//195 196//195
f 188//196 198//196 197//196
f 188//197 199//197 198//197
f 188//198 200//198 199//198
f 188//199 201//199 200//199
f 188//200 202//200 201//200
f 188//201 203//201 202//201
f 188//202 167//202 3//202
f 188//203 204//203 167//203
f 188//204 205//204 204//204
f 188//205 206//205 205//205
f 188//206 207//206 206//206
f 188//207 208//207 207//207
f 188//208 190//208 208//208
f 209//209 144//209 187//209
f 210//210 203//210 188//210
f 211//211 144//211 209//211
f 212//212 210//212 188//212
f 213//213 144//213 211//213
f 214//214 212//214 188//214
f 215//215 144//215 213//215
f 216//216 214//216 188//216
f 217//217 144//217 215//217
f 218//218 216//218 188//218
f 219//219 144//219 217//219
f 220//220 218//220 188//220
f 221//221 144//221 219//221
f 222//222 220//222 188//222
f 223//223 144//223 221//223
f 224//224 222//224 188//224
f 225//225 144//225 223//225
f 226//226 224//226 188//226
f 227//227 144//227 225//227
f 228//228 226//228 188//228
f 229//229 144//229 227//229
f 230//230 228//230 188//230
f 231//231 144//231 229//231
f 232//232 230//232 188//232
f 233//233 232//233 188//233
f 234//234 233//234 188//234
f 235//235 234//235 188//235
f 236//236 235//236 188//236
f 237//237 238//237 236//237
f 237//238 239//238 238//238
f 237//239 240//239 239//239
f 237//240 241//240 240//240
f 237//241 242//241 241//241
f 237//242 243//242 242//242
f 237//243 244//243 243//243
f 237//244 245//244 244//244
f 237//245 246//245 245//245
f 237//246 247//246 246//246
f 237//247 248//247 247//247
f 237//248 249//248 248//248
f 237//249 250//249 249//249
f 237//250 251//250 250//250
f 237//251 252//251 251//251
f 237//252 253//252 252//252
f 237//253 144//253 231//253
f 237//254 254//254 253//254
f 237//255 255//255 254//255
f 237//256 256//256 255//256
f 237//257 257//257 256//257
f 237//258 258//258 257//258
f 237//259 259//259 258//259
f 237//260 260//260 259//260
f 237//261 261//261 260//261
f 237//262 262//262 261//262
f 237//263 263//263 262//263
f 237//264 264//264 263//264
f 237//265 265//265 264//265
f 237//266 266//266 265//266
f 237//267 267//267 266//267
f 237//268 268//268 267//268
f 237//269 269//269 268//269
f 237//270 270//270 269//270
f 237//271 271//271 270//271
f 237//272 272//272 271//272
f 237//273 231//273 272//273
f 237//274 236//274 188//274
f 273//275 143//275 144//275
f 274//276 273//276 144//276
f 275//277 141//277 4//277
f 275//278 4//278 143//278
f 276//279 141//279 275//279
f 277//280 276//280 275//280
f 277//281 273//281 274//281
f 277//282 274//282 276//282
f 3//283 2//283 188//283
f 188//284 2//284 8//284
f 278//285 279//285 9//285
f 9//286 279//286 10//286
f 6//287 10//287 274//287
f 6//288 274//288 144//288
f 6//289 144//289 7//289
f 7//290 144//290 237//290
f 8//291 7//291 237//291
f 188//292 8//292 237//292
f 280//293 281//293 1//293
f 1//294 281//294 5//294
f 278//295 273//295 282//295
f 278//296 9//296 273//296
f 143//297 273//297 9//297
f 5//298 143//298 9//298
f 281//299 143//299 5//299
f 283//300 281//300 278//300
f 283//301 278//301 282//301
f 283//302 143//302 281//302
f 1//303 89//303 284//303
f 284//304 89//304 285//304
f 285//305 89//305 286//305
f 286//306 89//306 13//306
f 276//307 142//307 141//307
f 287//308 142//308 276//308
f 286//309 50//309 288//309
f 13//310 50//310 286//310
f 115//311 289//311 290//311
f 115//312 142//312 289//312
f 115//313 290//313 50//313
f 50//314 290//314 288//314
f 82//315 291//315 292//315
f 83//316 292//316 293//316
f 83//317 82//317 292//317
f 84//318 83//318 293//318
f 85//319 293//319 294//319
f 85//320 84//320 293//320
f 86//321 294//321 295//321
f 86//322 85//322 294//322
f 87//323 295//323 296//323
f 87//324 86//324 295//324
f 88//325 296//325 297//325
f 88//326 87//326 296//326
f 116//327 297//327 298//327
f 116//328 298//328 299//328
f 116//329 88//329 297//329
f 117//330 299//330 300//330
f 117//331 116//331 299//331
f 118//332 117//332 300//332
f 119//333 300//333 301//333
f 119//334 118//334 300//334
f 120//335 119//335 301//335
f 120//336 301//336 302//336
f 121//337 120//337 302//337
f 121//338 302//338 303//338
f 122//339 121//339 303//339
f 122//340 303//340 304//340
f 123//341 122//341 304//341
f 123//342 304//342 305//342
f 123//343 305//343 306//343
f 124//344 123//344 306//344
f 125//345 124//345 306//345
f 125//346 306//346 307//346
f 126//347 125//347 307//347
f 126//348 307//348 308//348
f 127//349 126//349 308//349
f 127//350 308//350 309//350
f 128//351 127//351 309//351
f 128//352 309//352 310//352
f 129//353 128//353 310//353
f 129//354 310//354 311//354
f 130//355 129//355 311//355
f 130//356 311//356 312//356
f 130//357 312//357 313//357
f 131//358 130//358 313//358
f 132//359 313//359 314//359
f 132//360 131//360 313//360
f 132//361 314//361 315//361
f 133//362 132//362 315//362
f 134//363 315//363 316//363
f 134//364 133//364 315//364
f 135//365 316//365 317//365
f 135//366 317//366 318//366
f 135//367 134//367 316//367
f 136//368 318//368 319//368
f 136//369 135//369 318//369
f 137//370 319//370 320//370
f 137//371 136//371 319//371
f 138//372 137//372 320//372
f 139//373 320//373 321//373
f 139//374 321//374 322//374
f 139//375 138//375 320//375
f 140//376 139//376 322//376
f 90//377 322//377 323//377
f 90//378 140//378 322//378
f 91//379 323//379 324//379
f 91//380 90//380 323//380
f 92//381 324//381 325//381
f 92//382 91//382 324//382
f 93//383 325//383 326//383
f 93//384 92//384 325//384
f 94//385 326//385 327//385
f 94//386 93//386 326//386
f 95//387 94//387 327//387
f 95//388 327//388 328//388
f 96//389 95//389 328//389
f 96//390 328//390 329//390
f 97//391 96//391 329//391
f 97//392 329//392 330//392
f 98//393 97//393 330//393
f 98//394 330//394 331//394
f 99//395 98//395 331//395
f 99//396 331//396 332//396
f 99//397 332//397 333//397
f 100//398 99//398 333//398
f 101//399 100//399 333//399
f 101//400 333//400 334//400
f 101//401 334//401 335//401
f 102//402 101//402 335//402
f 103//403 102//403 335//403
f 103//404 335//404 336//404
f 104//405 103//405 336//405
f 104//406 336//406 337//406
f 105//407 104//407 337//407
f 105//408 337//408 338//408
f 105//409 338//409 339//409
f 106//410 105//410 339//410
f 107//411 106//411 339//411
f 107//412 339//412 340//412
f 107//413 340//413 341//413
f 108//414 107//414 341//414
f 109//415 108//415 341//415
f 109//416 341//416 342//416
f 109//417 342//417 343//417
f 110//418 109//418 343//418
f 111//419 110//419 343//419
f 111//420 343//420 344//420
f 112//421 111//421 344//421
f 112//422 344//422 345//422
f 113//423 112//423 345//423
f 113//424 345//424 346//424
f 113//425 346//425 347//425
f 114//426 113//426 347//426
f 49//427 114//427 347//427
f 49//428 347//428 348//428
f 48//429 348//429 349//429
f 48//430 49//430 348//430
f 47//431 349//431 350//431
f 47//432 350//432 351//432
f 47//433 48//433 349//433
f 46//434 47//434 351//434
f 45//435 351//435 352//435
f 45//436 46//436 351//436
f 44//437 45//437 352//437
f 44//438 352//438 353//438
f 43//439 44//439 353//439
f 43//440 353//440 354//440
f 41//441 43//441 354//441
f 41//442 354//442 355//442
f 39//443 41//443 355//443
f 39//444 355//444 356//444
f 37//445 39//445 356//445
f 37//446 356//446 357//446
f 35//447 37//447 357//447
f 35//448 357//448 358//448
f 33//449 35//449 358//449
f 33//450 358//450 359//450
f 31//451 33//451 359//451
f 31//452 359//452 360//452
f 31//453 360//453 361//453
f 29//454 31//454 361//454
f 29//455 361//455 362//455
f 27//456 29//456 362//456
f 27//457 362//457 363//457
f 25//458 27//458 363//458
f 23//459 25//459 363//459
f 23//460 363//460 364//460
f 23//461 364//461 365//461
f 21//462 365//462 366//462
f 21//463 23//463 365//463
f 19//464 366//464 367//464
f 19//465 21//465 366//465
f 17//466 19//466 367//466
f 15//467 367//467 368//467
f 15//468 17//468 367//468
f 11//469 368//469 369//469
f 11//470 15//470 368//470
f 12//471 369//471 370//471
f 12//472 11//472 369//472
f 14//473 370//473 371//473
f 14//474 12//474 370//474
f 16//475 371//475 372//475
f 16//476 14//476 371//476
f 18//477 372//477 373//477
f 18//478 373//478 374//478
f 18//479 16//479 372//479
f 20//480 374//480 375//480
f 20//481 18//481 374//481
f 22//482 20//482 375//482
f 24//483 375//483 376//483
f 24//484 376//484 377//484
f 24//485 22//485 375//485
f 26//486 377//486 378//486
f 26//487 24//487 377//487
f 28//488 26//488 378//488
f 28//489 378//489 379//489
f 30//490 28//490 379//490
f 32//491 30//491 379//491
f 32//492 379//492 380//492
f 32//493 380//493 381//493
f 34//494 32//494 381//494
f 36//495 34//495 381//495
f 36//496 381//496 382//496
f 36//497 382//497 383//497
f 38//498 36//498 383//498
f 40//499 383//499 384//499
f 40//500 384//500 385//500
f 40//501 38//501 383//501
f 42//502 40//502 385//502
f 51//503 385//503 386//503
f 51//504 42//504 385//504
f 52//505 386//505 387//505
f 52//506 51//506 386//506
f 53//507 387//507 388//507
f 53//508 52//508 387//508
f 54//509 388//509 389//509
f 54//510 53//510 388//510
f 55//511 389//511 390//511
f 55//512 54//512 389//512
f 56//513 390//513 391//513
f 56//514 55//514 390//514
f 57//515 391//515 392//515
f 57//516 56//516 391//516
f 58//517 392//517 393//517
f 58//518 57//518 392//518
f 59//519 393//519 394//519
f 59//520 58//520 393//520
f 60//521 394//521 395//521
f 60//522 59//522 394//522
f 61//523 395//523 396//523
f 61//524 60//524 395//524
f 62//525 396//525 397//525
f 62//526 61//526 396//526
f 63//527 397//527 398//527
f 63//528 62//528 397//528
f 64//529 398//529 399//529
f 64//530 63//530 398//530
f 65//531 399//531 400//531
f 65//532 400//532 401//532
f 65//533 64//533 399//533
f 66//534 65//534 401//534
f 67//535 401//535 402//535
f 67//536 66//536 401//536
f 68//537 402//537 403//537
f 68//538 403//538 404//538
f 68//539 67//539 402//539
f 69//540 68//540 404//540
f 70//541 69//541 404//541
f 70//542 404//542 405//542
f 70//543 405//543 406//543
f 71//544 70//544 406//544
f 72//545 71//545 406//545
f 72//546 406//546 407//546
f 73//547 72//547 407//547
f 73//548 407//548 408//548
f 74//549 73//549 408//549
f 74//550 408//550 409//550
f 75//551 74//551 409//551
f 75//552 409//552 410//552
f 76//553 75//553 410//553
f 76//554 410//554 411//554
f 77//555 76//555 411//555
f 77//556 411//556 412//556
f 78//557 77//557 412//557
f 78//558 412//558 413//558
f 79//559 78//559 413//559
f 79//560 413//560 414//560
f 80//561 79//561 414//561
f 80//562 414//562 415//562
f 81//563 415//563 416//563
f 81//564 80//564 415//564
f 82//565 416//565 291//565
f 82//566 81//566 416//566
f 273//567 417//567 418//567
f 273//568 418//568 282//568
f 419//569 420//569 421//569
f 422//570 421//570 420//570
f 423//571 419//571 421//571
f 424//572 421//572 422//572
f 425//573 423//573 421//573
f 426//574 421//574 424//574
f 427//575 425//575 421//575
f 428//576 421//576 426//576
f 429//577 427//577 421//577
f 430//578 421//578 428//578
f 431//579 429//579 421//579
f 432//580 421//580 430//580
f 433//581 431//581 421//581
f 434//582 421//582 432//582
f 435//583 433//583 421//583
f 436//584 421//584 434//584
f 437//585 435//585 421//585
f 438//586 421//586 436//586
f 439//587 437//587 421//587
f 440//588 421//588 438//588
f 441//589 439//589 421//589
f 442//590 421//590 440//590
f 443//591 441//591 421//591
f 444//592 421//592 442//592
f 445//593 443//593 421//593
f 446//594 421//594 444//594
f 447//595 445//595 421//595
f 448//596 421//596 446//596
f 449//597 447//597 421//597
f 450//598 421//598 448//598
f 451//599 449//599 421//599
f 452//600 451//600 421//600
f 453//601 452//601 421//601
f 454//602 453//602 421//602
f 455//603 454//603 421//603
f 456//604 455//604 421//604
f 457//605 456//605 421//605
f 458//606 450//606 459//606
f 458//607 459//607 460//607
f 458//608 460//608 461//608
f 458//609 461//609 462//609
f 458//610 421//610 450//610
f 458//611 462//611 463//611
f 458//612 463//612 464//612
f 458//613 464//613 465//613
f 458//614 465//614 466//614
f 458//615 466//615 467//615
f 458//616 467//616 468//616
f 458//617 468//617 469//617
f 458//618 469//618 470//618
f 458//619 470//619 471//619
f 458//620 471//620 472//620
f 458//621 472//621 473//621
f 458//622 473//622 474//622
f 475//623 458//623 474//623
f 476//624 458//624 475//624
f 477//625 458//625 476//625
f 478//626 458//626 477//626
f 479//627 458//627 478//627
f 480//628 458//628 479//628
f 481//629 458//629 480//629
f 482//630 458//630 481//630
f 483//631 458//631 482//631
f 484//632 458//632 483//632
f 485//633 458//633 484//633
f 486//634 458//634 485//634
f 487//635 458//635 486//635
f 488//636 458//636 487//636
f 489//637 458//637 488//637
f 490//638 458//638 489//638
f 491//639 458//639 490//639
f 492//640 458//640 491//640
f 493//641 458//641 492//641
f 494//642 458//642 493//642
f 495//643 458//643 494//643
f 496//644 458//644 495//644
f 497//645 457//645 421//645
f 497//646 498//646 499//646
f 497//647 499//647 500//647
f 497//648 500//648 501//648
f 497//649 501//649 502//649
f 497//650 417//650 273//650
f 497//651 502//651 503//651
f 497//652 503//652 504//652
f 497//653 504//653 505//653
f 497//654 505//654 506//654
f 497//655 506//655 507//655
f 497//656 507//656 508//656
f 497//657 508//657 509//657
f 497//658 509//658 510//658
f 497//659 510//659 511//659
f 497//660 511//660 512//660
f 497//661 512//661 513//661
f 497//662 513//662 514//662
f 497//663 514//663 515//663
f 497//664 515//664 516//664
f 497//665 516//665 517//665
f 497//666 517//666 518//666
f 497//667 518//667 519//667
f 497//668 519//668 520//668
f 497//669 520//669 521//669
f 497//670 521//670 522//670
f 497//671 522//671 457//671
f 523//672 496//672 524//672
f 523//673 524//673 525//673
f 523//674 525//674 526//674
f 523//675 526//675 527//675
f 523//676 527//676 528//676
f 523//677 528//677 529//677
f 523//678 529//678 530//678
f 523//679 530//679 531//679
f 523//680 531//680 532//680
f 523//681 532//681 533//681
f 523//682 533//682 534//682
f 523//683 534//683 535//683
f 523//684 535//684 536//684
f 523//685 536//685 537//685
f 523//686 537//686 538//686
f 523//687 498//687 497//687
f 523//688 538//688 539//688
f 523//689 539//689 540//689
f 523//690 540//690 541//690
f 523//691 541//691 542//691
f 523//692 542//692 543//692
f 523//693 543//693 544//693
f 523//694 544//694 545//694
f 523//695 545//695 546//695
f 523//696 546//696 547//696
f 523//697 547//697 548//697
f 523//698 548//698 498//698
f 523//699 458//699 496//699
f 277//700 549//700 550//700
f 277//701 550//701 523//701
f 277//702 551//702 549//702
f 273//703 277//703 523//703
f 273//704 523//704 497//704
f 418//705 549//705 551//705
f 418//706 551//706 282//706
f 552//707 284//707 143//707
f 283//708 552//708 143//708
f 285//709 143//709 284//709
f 553//710 554//710 285//710
f 555//711 285//711 554//711
f 556//712 553//712 285//712
f 557//713 285//713 555//713
f 558//714 556//714 285//714
f 559//715 285//715 557//715
f 560//716 558//716 285//716
f 561//717 285//717 559//717
f 562//718 560//718 285//718
f 563//719 285//719 561//719
f 564//720 562//720 285//720
f 565//721 285//721 563//721
f 566//722 564//722 285//722
f 567//723 285//723 565//723
f 568//724 566//724 285//724
f 569//725 285//725 567//725
f 570//726 568//726 285//726
f 571//727 285//727 569//727
f 572//728 570//728 285//728
f 573//729 285//729 571//729
f 574//730 285//730 573//730
f 575//731 285//731 574//731
f 576//732 285//732 575//732
f 577//733 285//733 576//733
f 578//734 285//734 577//734
f 578//735 290//735 285//735
f 579//736 290//736 578//736
f 580//737 290//737 579//737
f 581//738 290//738 580//738
f 582//739 290//739 581//739
f 583//740 290//740 582//740
f 584//741 290//741 583//741
f 585//742 290//742 584//742
f 586//743 290//743 585//743
f 587//744 290//744 586//744
f 588//745 290//745 587//745
f 589//746 290//746 588//746
f 590//747 290//747 589//747
f 591//748 290//748 590//748
f 592//749 290//749 591//749
f 593//750 290//750 592//750
f 594//751 290//751 593//751
f 286//752 595//752 572//752
f 286//753 596//753 595//753
f 286//754 597//754 596//754
f 286//755 598//755 597//755
f 286//756 599//756 598//756
f 286//757 600//757 599//757
f 286//758 601//758 600//758
f 286//759 602//759 601//759
f 286//760 603//760 602//760
f 286//761 604//761 603//761
f 286//762 605//762 604//762
f 286//763 606//763 605//763
f 286//764 607//764 606//764
f 286//765 608//765 607//765
f 286//766 609//766 608//766
f 286//767 610//767 609//767
f 286//768 611//768 610//768
f 286//769 612//769 611//769
f 286//770 613//770 612//770
f 286//771 614//771 613//771
f 286//772 615//772 614//772
f 286//773 572//773 285//773
f 616//774 615//774 286//774
f 617//775 290//775 594//775
f 618//776 616//776 286//776
f 619//777 290//777 617//777
f 620//778 618//778 286//778
f 621//779 290//779 619//779
f 622//780 620//780 286//780
f 623//781 290//781 621//781
f 624//782 622//782 286//782
f 625//783 290//783 623//783
f 626//784 624//784 286//784
f 627//785 290//785 625//785
f 628//786 626//786 286//786
f 629//787 290//787 627//787
f 630//788 628//788 286//788
f 631//789 290//789 629//789
f 632//790 630//790 286//790
f 633//791 290//791 631//791
f 634//792 632//792 286//792
f 635//793 290//793 633//793
f 636//794 634//794 286//794
f 637//795 636//795 286//795
f 638//796 637//796 286//796
f 639//797 638//797 286//797
f 640//798 639//798 286//798
f 641//799 640//799 286//799
f 288//800 642//800 643//800
f 288//801 644//801 642//801
f 288//802 645//802 644//802
f 288//803 646//803 645//803
f 288//804 647//804 646//804
f 288//805 648//805 649//805
f 288//806 650//806 647//806
f 288//807 651//807 648//807
f 288//808 652//808 650//808
f 288//809 653//809 651//809
f 288//810 654//810 652//810
f 288//811 655//811 653//811
f 288//812 656//812 654//812
f 288//813 657//813 655//813
f 288//814 658//814 656//814
f 288//815 635//815 657//815
f 288//816 659//816 658//816
f 288//817 660//817 659//817
f 288//818 661//818 660//818
f 288//819 662//819 661//819
f 288//820 290//820 635//820
f 288//821 663//821 662//821
f 288//822 664//822 663//822
f 288//823 665//823 664//823
f 288//824 666//824 665//824
f 288//825 667//825 666//825
f 288//826 668//826 667//826
f 288//827 669//827 668//827
f 288//828 670//828 669//828
f 288//829 671//829 670//829
f 288//830 672//830 671//830
f 288//831 673//831 672//831
f 288//832 674//832 673//832
f 288//833 675//833 674//833
f 288//834 676//834 675//834
f 288//835 677//835 676//835
f 288//836 649//836 677//836
f 288//837 641//837 286//837
f 288//838 678//838 641//838
f 288//839 643//839 678//839
f 289//840 275//840 290//840
f 679//841 275//841 289//841
f 679//842 289//842 680//842
f 275//843 143//843 285//843
f 275//844 285//844 290//844
f 680//845 552//845 283//845
f 680//846 283//846 679//846
f 681//847 682//847 551//847
f 277//848 681//848 551//848
f 679//849 551//849 682//849
f 683//850 679//850 682//850
f 275//851 683//851 684//851
f 275//852 684//852 681//852
f 275//853 681//853 277//853
f 275//854 679//854 683//854
f 236//855 238//855 685//855
f 685//856 238//856 686//856
f 686//857 239//857 687//857
f 687//858 239//858 688//858
f 238//859 239//859 686//859
f 239//860 240//860 688//860
f 688//861 241//861 689//861
f 689//862 241//862 690//862
f 240//863 241//863 688//863
f 241//864 242//864 690//864
f 690//865 243//865 691//865
f 242//866 243//866 690//866
f 691//867 244//867 692//867
f 692//868 244//868 693//868
f 243//869 244//869 691//869
f 244//870 245//870 693//870
f 693//871 246//871 694//871
f 245//872 246//872 693//872
f 694//873 247//873 695//873
f 246//874 247//874 694//874
f 247//875 248//875 695//875
f 695//876 248//876 696//876
f 696//877 248//877 697//877
f 248//878 249//878 697//878
f 249//879 250//879 697//879
f 697//880 250//880 698//880
f 250//881 251//881 698//881
f 698//882 251//882 699//882
f 699//883 252//883 700//883
f 700//884 252//884 701//884
f 251//885 252//885 699//885
f 252//886 253//886 701//886
f 701//887 254//887 702//887
f 253//888 254//888 701//888
f 702//889 255//889 703//889
f 703//890 255//890 704//890
f 254//891 255//891 702//891
f 255//892 256//892 704//892
f 704//893 257//893 705//893
f 256//894 257//894 704//894
f 705//895 258//895 706//895
f 257//896 258//896 705//896
f 706//897 259//897 707//897
f 258//898 259//898 706//898
f 707//899 260//899 708//899
f 259//900 260//900 707//900
f 708//901 261//901 709//901
f 260//902 261//902 708//902
f 709//903 262//903 710//903
f 261//904 262//904 709//904
f 710//905 263//905 711//905
f 262//906 263//906 710//906
f 711//907 264//907 712//907
f 263//908 264//908 711//908
f 712//909 265//909 713//909
f 713//910 265//910 714//910
f 264//911 265//911 712//911
f 265//912 266//912 714//912
f 714//913 267//913 715//913
f 266//914 267//914 714//914
f 715//915 268//915 716//915
f 267//916 268//916 715//916
f 716//917 269//917 717//917
f 268//918 269//918 716//918
f 717//919 270//919 718//919
f 269//920 270//920 717//920
f 718//921 271//921 719//921
f 270//922 271//922 718//922
f 719//923 272//923 720//923
f 271//924 272//924 719//924
f 720//925 231//925 721//925
f 272//926 231//926 720//926
f 721//927 229//927 722//927
f 722//928 229//928 723//928
f 231//929 229//929 721//929
f 229//930 227//930 723//930
f 723//931 227//931 724//931
f 227//932 225//932 724//932
f 225//933 223//933 724//933
f 724//934 223//934 725//934
f 223//935 221//935 725//935
f 725//936 221//936 726//936
f 221//937 219//937 726//937
f 726//938 219//938 727//938
f 219//939 217//939 727//939
f 727//940 217//940 728//940
f 217//941 215//941 728//941
f 728//942 215//942 729//942
f 215//943 213//943 729//943
f 729//944 213//944 730//944
f 213//945 211//945 730//945
f 730//946 211//946 731//946
f 731//947 211//947 732//947
f 211//948 209//948 732//948
f 732//949 187//949 733//949
f 209//950 187//950 732//950
f 733//951 186//951 734//951
f 187//952 186//952 733//952
f 734//953 185//953 735//953
f 735//954 185//954 736//954
f 186//955 185//955 734//955
f 185//956 184//956 736//956
f 736//957 183//957 737//957
f 737//958 183//958 738//958
f 184//959 183//959 736//959
f 183//960 182//960 738//960
f 738//961 181//961 739//961
f 739//962 181//962 740//962
f 182//963 181//963 738//963
f 181//964 180//964 740//964
f 740//965 179//965 741//965
f 180//966 179//966 740//966
f 741//967 178//967 742//967
f 742//968 178//968 743//968
f 179//969 178//969 741//969
f 178//970 177//970 743//970
f 743//971 176//971 744//971
f 177//972 176//972 743//972
f 744//973 175//973 745//973
f 176//974 175//974 744//974
f 745//975 174//975 746//975
f 175//976 174//976 745//976
f 174//977 173//977 746//977
f 746//978 173//978 747//978
f 747//979 173//979 748//979
f 173//980 172//980 748//980
f 748//981 172//981 749//981
f 172//982 171//982 749//982
f 171//983 170//983 749//983
f 749//984 170//984 750//984
f 750//985 170//985 751//985
f 170//986 169//986 751//986
f 751//987 169//987 752//987
f 169//988 168//988 752//988
f 752//989 168//989 753//989
f 168//990 166//990 753//990
f 166//991 164//991 753//991
f 753//992 164//992 754//992
f 754//993 164//993 755//993
f 164//994 162//994 755//994
f 162//995 160//995 755//995
f 755//996 160//996 756//996
f 160//997 158//997 756//997
f 756//998 158//998 757//998
f 757//999 158//999 758//999
f 158//1000 156//1000 758//1000
f 156//1001 154//1001 758//1001
f 758//1002 154//1002 759//1002
f 154//1003 152//1003 759//1003
f 759//1004 152//1004 760//1004
f 152//1005 150//1005 760//1005
f 760//1006 150//1006 761//1006
f 761//1007 150//1007 762//1007
f 150//1008 148//1008 762//1008
f 148//1009 145//1009 762//1009
f 762//1010 145//1010 763//1010
f 145//1011 146//1011 763//1011
f 763//1012 146//1012 764//1012
f 764//1013 146//1013 765//1013
f 146//1014 147//1014 765//1014
f 147//1015 149//1015 765//1015
f 765//1016 149//1016 766//1016
f 149//1017 151//1017 766//1017
f 766//1018 151//1018 767//1018
f 767//1019 153//1019 768//1019
f 151//1020 153//1020 767//1020
f 768//1021 153//1021 769//1021
f 153//1022 155//1022 769//1022
f 769//1023 157//1023 770//1023
f 155//1024 157//1024 769//1024
f 770//1025 159//1025 771//1025
f 157//1026 159//1026 770//1026
f 771//1027 161//1027 772//1027
f 159//1028 161//1028 771//1028
f 161//1029 163//1029 772//1029
f 772//1030 163//1030 773//1030
f 163//1031 165//1031 773//1031
f 773//1032 165//1032 774//1032
f 165//1033 167//1033 774//1033
f 774//1034 167//1034 775//1034
f 167//1035 204//1035 775//1035
f 775//1036 204//1036 776//1036
f 776//1037 204//1037 777//1037
f 204//1038 205//1038 777//1038
f 205//1039 206//1039 777//1039
f 777//1040 206//1040 778//1040
f 206//1041 207//1041 778//1041
f 778//1042 207//1042 779//1042
f 207//1043 208//1043 779//1043
f 779//1044 208//1044 780//1044
f 208//1045 190//1045 780//1045
f 780//1046 190//1046 781//1046
f 190//1047 189//1047 781//1047
f 781//1048 189//1048 782//1048
f 189//1049 191//1049 782//1049
f 782//1050 191//1050 783//1050
f 191//1051 192//1051 783//1051
f 783//1052 192//1052 784//1052
f 784//1053 193//1053 785//1053
f 192//1054 193//1054 784//1054
f 785//1055 194//1055 786//1055
f 193//1056 194//1056 785//1056
f 786//1057 195//1057 787//1057
f 194//1058 195//1058 786//1058
f 787//1059 196//1059 788//1059
f 195//1060 196//1060 787//1060
f 788//1061 197//1061 789//1061
f 789//1062 197//1062 790//1062
f 196//1063 197//1063 788//1063
f 197//1064 198//1064 790//1064
f 790//1065 199//1065 791//1065
f 198//1066 199//1066 790//1066
f 791//1067 200//1067 792//1067
f 199//1068 200//1068 791//1068
f 792//1069 201//1069 793//1069
f 200//1070 201//1070 792//1070
f 793//1071 202//1071 794//1071
f 201//1072 202//1072 793//1072
f 794//1073 203//1073 795//1073
f 202//1074 203//1074 794//1074
f 795//1075 210//1075 796//1075
f 203//1076 210//1076 795//1076
f 210//1077 212//1077 796//1077
f 796//1078 212//1078 797//1078
f 212//1079 214//1079 797//1079
f 797//1080 214//1080 798//1080
f 214//1081 216//1081 798//1081
f 798//1082 216//1082 799//1082
f 216//1083 218//1083 799//1083
f 799//1084 218//1084 800//1084
f 218//1085 220//1085 800//1085
f 800//1086 220//1086 801//1086
f 801//1087 222//1087 802//1087
f 220//1088 222//1088 801//1088
f 802//1089 224//1089 803//1089
f 222//1090 224//1090 802//1090
f 803//1091 226//1091 804//1091
f 804//1092 226//1092 805//1092
f 224//1093 226//1093 803//1093
f 226//1094 228//1094 805//1094
f 805//1095 230//1095 806//1095
f 228//1096 230//1096 805//1096
f 806//1097 232//1097 807//1097
f 230//1098 232//1098 806//1098
f 807//1099 233//1099 808//1099
f 232//1100 233//1100 807//1100
f 808//1101 234//1101 809//1101
f 233//1102 234//1102 808//1102
f 809//1103 235//1103 810//1103
f 810//1104 235//1104 685//1104
f 234//1105 235//1105 809//1105
f 235//1106 236//1106 685//1106
f 811//1107 274//1107 10//1107
f 339//1108 338//1108 811//1108
f 337//1109 811//1109 338//1109
f 340//1110 339//1110 811//1110
f 336//1111 811//1111 337//1111
f 341//1112 340//1112 811//1112
f 335//1113 811//1113 336//1113
f 342//1114 341//1114 811//1114
f 334//1115 811//1115 335//1115
f 343//1116 342//1116 811//1116
f 333//1117 811//1117 334//1117
f 344//1118 343//1118 811//1118
f 332//1119 811//1119 333//1119
f 345//1120 344//1120 811//1120
f 331//1121 811//1121 332//1121
f 346//1122 345//1122 811//1122
f 330//1123 811//1123 331//1123
f 347//1124 346//1124 811//1124
f 329//1125 811//1125 330//1125
f 348//1126 347//1126 811//1126
f 328//1127 811//1127 329//1127
f 327//1128 811//1128 328//1128
f 326//1129 811//1129 327//1129
f 325//1130 811//1130 326//1130
f 324//1131 811//1131 325//1131
f 323//1132 811//1132 324//1132
f 323//1133 812//1133 811//1133
f 322//1134 812//1134 323//1134
f 321//1135 812//1135 322//1135
f 320//1136 812//1136 321//1136
f 319//1137 812//1137 320//1137
f 318//1138 812//1138 319//1138
f 317//1139 812//1139 318//1139
f 316//1140 812//1140 317//1140
f 315//1141 812//1141 316//1141
f 314//1142 812//1142 315//1142
f 313//1143 812//1143 314//1143
f 312//1144 812//1144 313//1144
f 311//1145 812//1145 312//1145
f 310//1146 812//1146 311//1146
f 309//1147 812//1147 310//1147
f 308//1148 812//1148 309//1148
f 307//1149 812//1149 308//1149
f 813//1150 349//1150 348//1150
f 813//1151 350//1151 349//1151
f 813//1152 351//1152 350//1152
f 813//1153 352//1153 351//1153
f 813//1154 353//1154 352//1154
f 813//1155 354//1155 353//1155
f 813//1156 355//1156 354//1156
f 813//1157 356//1157 355//1157
f 813//1158 357//1158 356//1158
f 813//1159 358//1159 357//1159
f 813//1160 359//1160 358//1160
f 813//1161 360//1161 359//1161
f 813//1162 361//1162 360//1162
f 813//1163 362//1163 361//1163
f 813//1164 363//1164 362//1164
f 813//1165 364//1165 363//1165
f 813//1166 348//1166 811//1166
f 813//1167 365//1167 364//1167
f 813//1168 366//1168 365//1168
f 813//1169 367//1169 366//1169
f 813//1170 368//1170 367//1170
f 813//1171 369//1171 368//1171
f 370//1172 369//1172 813//1172
f 306//1173 812//1173 307//1173
f 371//1174 370//1174 813//1174
f 305//1175 812//1175 306//1175
f 372//1176 371//1176 813//1176
f 304//1177 812//1177 305//1177
f 373//1178 372//1178 813//1178
f 303//1179 812//1179 304//1179
f 374//1180 373//1180 813//1180
f 302//1181 812//1181 303//1181
f 375//1182 374//1182 813//1182
f 301//1183 812//1183 302//1183
f 376//1184 375//1184 813//1184
f 300//1185 812//1185 301//1185
f 377//1186 376//1186 813//1186
f 299//1187 812//1187 300//1187
f 378//1188 377//1188 813//1188
f 298//1189 812//1189 299//1189
f 379//1190 378//1190 813//1190
f 297//1191 812//1191 298//1191
f 380//1192 379//1192 813//1192
f 381//1193 380//1193 813//1193
f 382//1194 381//1194 813//1194
f 383//1195 382//1195 813//1195
f 384//1196 383//1196 813//1196
f 385//1197 384//1197 813//1197
f 814//1198 386//1198 385//1198
f 814//1199 387//1199 386//1199
f 814//1200 388//1200 387//1200
f 814//1201 389//1201 388//1201
f 814//1202 390//1202 389//1202
f 814//1203 391//1203 390//1203
f 814//1204 392//1204 391//1204
f 814//1205 292//1205 291//1205
f 814//1206 393//1206 392//1206
f 814//1207 293//1207 292//1207
f 814//1208 394//1208 393//1208
f 814//1209 294//1209 293//1209
f 814//1210 395//1210 394//1210
f 814//1211 295//1211 294//1211
f 814//1212 396//1212 395//1212
f 814//1213 812//1213 297//1213
f 814//1214 296//1214 295//1214
f 814//1215 397//1215 396//1215
f 814//1216 297//1216 296//1216
f 814//1217 398//1217 397//1217
f 814//1218 399//1218 398//1218
f 814//1219 400//1219 399//1219
f 814//1220 401//1220 400//1220
f 814//1221 402//1221 401//1221
f 814//1222 403//1222 402//1222
f 814//1223 404//1223 403//1223
f 814//1224 405//1224 404//1224
f 814//1225 385//1225 813//1225
f 814//1226 406//1226 405//1226
f 814//1227 407//1227 406//1227
f 814//1228 408//1228 407//1228
f 814//1229 409//1229 408//1229
f 814//1230 410//1230 409//1230
f 814//1231 411//1231 410//1231
f 814//1232 412//1232 411//1232
f 814//1233 413//1233 412//1233
f 814//1234 414//1234 413//1234
f 814//1235 415//1235 414//1235
f 814//1236 416//1236 415//1236
f 814//1237 291//1237 416//1237
f 287//1238 276//1238 812//1238
f 276//1239 274//1239 811//1239
f 276//1240 811//1240 812//1240
f 279//1241 418//1241 10//1241
f 10//1242 418//1242 417//1242
f 279//1243 278//1243 281//1243
f 279//1244 281//1244 280//1244
f 284//1245 552//1245 1//1245
f 552//1246 280//1246 1//1246
f 282//1247 815//1247 283//1247
f 283//1248 815//1248 816//1248
f 817//1249 679//1249 816//1249
f 816//1250 679//1250 283//1250
f 817//1251 818//1251 679//1251
f 818//1252 551//1252 679//1252
f 282//1253 551//1253 815//1253
f 815//1254 551//1254 818//1254
f 287//1255 681//1255 142//1255
f 142//1256 681//1256 684//1256
f 142//1257 819//1257 289//1257
f 819//1258 680//1258 289//1258
f 549//1259 418//1259 279//1259
f 549//1260 279//1260 820//1260
f 417//1261 497//1261 10//1261
f 10//1262 497//1262 811//1262
f 549//1263 820//1263 550//1263
f 550//1264 820//1264 287//1264
f 813//1265 811//1265 421//1265
f 811//1266 497//1266 421//1266
f 523//1267 287//1267 812//1267
f 523//1268 550//1268 287//1268
f 813//1269 421//1269 814//1269
f 421//1270 458//1270 814//1270
f 458//1271 523//1271 814//1271
f 523//1272 812//1272 814//1272
f 491//1273 490//1273 821//1273
f 491//1274 821//1274 822//1274
f 492//1275 822//1275 823//1275
f 492//1276 823//1276 824//1276
f 492//1277 491//1277 822//1277
f 493//1278 492//1278 824//1278
f 494//1279 824//1279 825//1279
f 494//1280 493//1280 824//1280
f 495//1281 825//1281 826//1281
f 495//1282 826//1282 827//1282
f 495//1283 494//1283 825//1283
f 496//1284 495//1284 827//1284
f 524//1285 827//1285 828//1285
f 524//1286 496//1286 827//1286
f 525//1287 828//1287 829//1287
f 525//1288 524//1288 828//1288
f 526//1289 829//1289 830//1289
f 526//1290 830//1290 831//1290
f 526//1291 525//1291 829//1291
f 527//1292 526//1292 831//1292
f 528//1293 527//1293 831//1293
f 528//1294 831//1294 832//1294
f 529//1295 528//1295 832//1295
f 529//1296 832//1296 833//1296
f 530//1297 529//1297 833//1297
f 530//1298 833//1298 834//1298
f 531//1299 530//1299 834//1299
f 531//1300 834//1300 835//1300
f 532//1301 531//1301 835//1301
f 532//1302 835//1302 836//1302
f 532//1303 836//1303 837//1303
f 533//1304 532//1304 837//1304
f 533//1305 837//1305 838//1305
f 534//1306 533//1306 838//1306
f 535//1307 534//1307 838//1307
f 535//1308 838//1308 839//1308
f 536//1309 535//1309 839//1309
f 536//1310 839//1310 840//1310
f 537//1311 536//1311 840//1311
f 537//1312 840//1312 841//1312
f 538//1313 537//1313 841//1313
f 538//1314 841//1314 842//1314
f 538//1315 842//1315 843//1315
f 539//1316 538//1316 843//1316
f 540//1317 843//1317 844//1317
f 540//1318 539//1318 843//1318
f 541//1319 844//1319 845//1319
f 541//1320 540//1320 844//1320
f 542//1321 845//1321 846//1321
f 542//1322 541//1322 845//1322
f 543//1323 846//1323 847//1323
f 543//1324 542//1324 846//1324
f 544//1325 847//1325 848//1325
f 544//1326 543//1326 847//1326
f 545//1327 848//1327 849//1327
f 545//1328 544//1328 848//1328
f 546//1329 849//1329 850//1329
f 546//1330 545//1330 849//1330
f 547//1331 850//1331 851//1331
f 547//1332 546//1332 850//1332
f 548//1333 851//1333 852//1333
f 548//1334 852//1334 853//1334
f 548//1335 547//1335 851//1335
f 498//1336 853//1336 854//1336
f 498//1337 548//1337 853//1337
f 499//1338 854//1338 855//1338
f 499//1339 498//1339 854//1339
f 500//1340 499//1340 855//1340
f 501//1341 855//1341 856//1341
f 501//1342 500//1342 855//1342
f 502//1343 856//1343 857//1343
f 502//1344 501//1344 856//1344
f 503//1345 502//1345 857//1345
f 503//1346 857//1346 858//1346
f 504//1347 503//1347 858//1347
f 504//1348 858//1348 859//1348
f 505//1349 504//1349 859//1349
f 505//1350 859//1350 860//1350
f 506//1351 505//1351 860//1351
f 506//1352 860//1352 861//1352
f 507//1353 506//1353 861//1353
f 507//1354 861//1354 862//1354
f 508//1355 507//1355 862//1355
f 508//1356 862//1356 863//1356
f 508//1357 863//1357 864//1357
f 509//1358 508//1358 864//1358
f 510//1359 509//1359 864//1359
f 510//1360 864//1360 865//1360
f 510//1361 865//1361 866//1361
f 511//1362 510//1362 866//1362
f 512//1363 511//1363 866//1363
f 512//1364 866//1364 867//1364
f 512//1365 867//1365 868//1365
f 513//1366 512//1366 868//1366
f 514//1367 513//1367 868//1367
f 514//1368 868//1368 869//1368
f 514//1369 869//1369 870//1369
f 515//1370 514//1370 870//1370
f 515//1371 870//1371 871//1371
f 516//1372 515//1372 871//1372
f 517//1373 516//1373 871//1373
f 517//1374 871//1374 872//1374
f 517//1375 872//1375 873//1375
f 518//1376 517//1376 873//1376
f 519//1377 518//1377 873//1377
f 519//1378 873//1378 874//1378
f 520//1379 519//1379 874//1379
f 520//1380 874//1380 875//1380
f 521//1381 520//1381 875//1381
f 521//1382 875//1382 876//1382
f 522//1383 521//1383 876//1383
f 522//1384 876//1384 877//1384
f 457//1385 522//1385 877//1385
f 457//1386 877//1386 878//1386
f 456//1387 878//1387 879//1387
f 456//1388 879//1388 880//1388
f 456//1389 457//1389 878//1389
f 455//1390 456//1390 880//1390
f 454//1391 880//1391 881//1391
f 454//1392 455//1392 880//1392
f 453//1393 881//1393 882//1393
f 453//1394 454//1394 881//1394
f 452//1395 453//1395 882//1395
f 452//1396 882//1396 883//1396
f 452//1397 883//1397 884//1397
f 451//1398 452//1398 884//1398
f 449//1399 451//1399 884//1399
f 449//1400 884//1400 885//1400
f 447//1401 449//1401 885//1401
f 447//1402 885//1402 886//1402
f 445//1403 447//1403 886//1403
f 445//1404 886//1404 887//1404
f 443//1405 445//1405 887//1405
f 443//1406 887//1406 888//1406
f 441//1407 443//1407 888//1407
f 441//1408 888//1408 889//1408
f 439//1409 441//1409 889//1409
f 439//1410 889//1410 890//1410
f 439//1411 890//1411 891//1411
f 437//1412 439//1412 891//1412
f 435//1413 437//1413 891//1413
f 435//1414 891//1414 892//1414
f 433//1415 435//1415 892//1415
f 433//1416 892//1416 893//1416
f 431//1417 433//1417 893//1417
f 431//1418 893//1418 894//1418
f 429//1419 431//1419 894//1419
f 429//1420 894//1420 895//1420
f 427//1421 895//1421 896//1421
f 427//1422 429//1422 895//1422
f 425//1423 896//1423 897//1423
f 425//1424 427//1424 896//1424
f 423//1425 897//1425 898//1425
f 423//1426 425//1426 897//1426
f 419//1427 898//1427 899//1427
f 419//1428 423//1428 898//1428
f 420//1429 899//1429 900//1429
f 420//1430 419//1430 899//1430
f 422//1431 900//1431 901//1431
f 422//1432 901//1432 902//1432
f 422//1433 420//1433 900//1433
f 424//1434 422//1434 902//1434
f 426//1435 902//1435 903//1435
f 426//1436 424//1436 902//1436
f 428//1437 903//1437 904//1437
f 428//1438 426//1438 903//1438
f 430//1439 904//1439 905//1439
f 430//1440 428//1440 904//1440
f 432//1441 905//1441 906//1441
f 432//1442 430//1442 905//1442
f 434//1443 906//1443 907//1443
f 434//1444 432//1444 906//1444
f 436//1445 907//1445 908//1445
f 436//1446 434//1446 907//1446
f 438//1447 436//1447 908//1447
f 438//1448 908//1448 909//1448
f 440//1449 438//1449 909//1449
f 440//1450 909//1450 910//1450
f 442//1451 440//1451 910//1451
f 442//1452 910//1452 911//1452
f 444//1453 442//1453 911//1453
f 444//1454 911//1454 912//1454
f 446//1455 912//1455 913//1455
f 446//1456 444//1456 912//1456
f 448//1457 913//1457 914//1457
f 448//1458 446//1458 913//1458
f 450//1459 914//1459 915//1459
f 450//1460 448//1460 914//1460
f 459//1461 915//1461 916//1461
f 459//1462 450//1462 915//1462
f 460//1463 916//1463 917//1463
f 460//1464 917//1464 918//1464
f 460//1465 459//1465 916//1465
f 461//1466 460//1466 918//1466
f 462//1467 918//1467 919//1467
f 462//1468 461//1468 918//1468
f 463//1469 919//1469 920//1469
f 463//1470 462//1470 919//1470
f 464//1471 920//1471 921//1471
f 464//1472 463//1472 920//1472
f 465//1473 921//1473 922//1473
f 465//1474 464//1474 921//1474
f 466//1475 922//1475 923//1475
f 466//1476 923//1476 924//1476
f 466//1477 465//1477 922//1477
f 467//1478 466//1478 924//1478
f 468//1479 924//1479 925//1479
f 468//1480 467//1480 924//1480
f 469//1481 925//1481 926//1481
f 469//1482 468//1482 925//1482
f 470//1483 926//1483 927//1483
f 470//1484 469//1484 926//1484
f 471//1485 927//1485 928//1485
f 471//1486 470//1486 927//1486
f 472//1487 928//1487 929//1487
f 472//1488 471//1488 928//1488
f 473//1489 929//1489 930//1489
f 473//1490 472//1490 929//1490
f 474//1491 930//1491 931//1491
f 474//1492 473//1492 930//1492
f 475//1493 931//1493 932//1493
f 475//1494 474//1494 931//1494
f 476//1495 475//1495 932//1495
f 476//1496 932//1496 933//1496
f 477//1497 476//1497 933//1497
f 477//1498 933//1498 934//1498
f 478//1499 477//1499 934//1499
f 478//1500 934//1500 935//1500
f 479//1501 478//1501 935//1501
f 479//1502 935//1502 936//1502
f 480//1503 479//1503 936//1503
f 480//1504 936//1504 937//1504
f 481//1505 480//1505 937//1505
f 481//1506 937//1506 938//1506
f 481//1507 938//1507 939//1507
f 482//1508 481//1508 939//1508
f 483//1509 482//1509 939//1509
f 483//1510 939//1510 940//1510
f 484//1511 483//1511 940//1511
f 484//1512 940//1512 941//1512
f 485//1513 484//1513 941//1513
f 485//1514 941//1514 942//1514
f 486//1515 485//1515 942//1515
f 486//1516 942//1516 943//1516
f 487//1517 486//1517 943//1517
f 487//1518 943//1518 944//1518
f 488//1519 487//1519 944//1519
f 488//1520 944//1520 945//1520
f 488//1521 945//1521 946//1521
f 489//1522 488//1522 946//1522
f 490//1523 946//1523 821//1523
f 490//1524 489//1524 946//1524
f 947//1525 948//1525 649//1525
f 947//1526 649//1526 648//1526
f 949//1527 648//1527 651//1527
f 949//1528 947//1528 648//1528
f 950//1529 651//1529 653//1529
f 950//1530 653//1530 655//1530
f 950//1531 949//1531 651//1531
f 951//1532 950//1532 655//1532
f 952//1533 655//1533 657//1533
f 952//1534 951//1534 655//1534
f 953//1535 657//1535 635//1535
f 953//1536 635//1536 633//1536
f 953//1537 952//1537 657//1537
f 954//1538 633//1538 631//1538
f 954//1539 953//1539 633//1539
f 955//1540 954//1540 631//1540
f 956//1541 631//1541 629//1541
f 956//1542 955//1542 631//1542
f 957//1543 629//1543 627//1543
f 957//1544 956//1544 629//1544
f 958//1545 957//1545 627//1545
f 958//1546 627//1546 625//1546
f 959//1547 958//1547 625//1547
f 959//1548 625//1548 623//1548
f 960//1549 959//1549 623//1549
f 960//1550 623//1550 621//1550
f 961//1551 960//1551 621//1551
f 961//1552 621//1552 619//1552
f 962//1553 961//1553 619//1553
f 962//1554 619//1554 617//1554
f 963//1555 962//1555 617//1555
f 963//1556 617//1556 594//1556
f 964//1557 963//1557 594//1557
f 964//1558 594//1558 593//1558
f 965//1559 964//1559 593//1559
f 965//1560 593//1560 592//1560
f 965//1561 592//1561 591//1561
f 966//1562 965//1562 591//1562
f 966//1563 591//1563 590//1563
f 967//1564 966//1564 590//1564
f 968//1565 967//1565 590//1565
f 968//1566 590//1566 589//1566
f 969//1567 968//1567 589//1567
f 969//1568 589//1568 588//1568
f 969//1569 588//1569 587//1569
f 970//1570 969//1570 587//1570
f 971//1571 587//1571 586//1571
f 971//1572 970//1572 587//1572
f 972//1573 586//1573 585//1573
f 972//1574 971//1574 586//1574
f 973//1575 585//1575 584//1575
f 973//1576 584//1576 583//1576
f 973//1577 972//1577 585//1577
f 974//1578 973//1578 583//1578
f 975//1579 583//1579 582//1579
f 975//1580 974//1580 583//1580
f 976//1581 582//1581 581//1581
f 976//1582 975//1582 582//1582
f 977//1583 581//1583 580//1583
f 977//1584 580//1584 579//1584
f 977//1585 976//1585 581//1585
f 978//1586 977//1586 579//1586
f 979//1587 579//1587 578//1587
f 979//1588 978//1588 579//1588
f 980//1589 578//1589 577//1589
f 980//1590 979//1590 578//1590
f 981//1591 577//1591 576//1591
f 981//1592 576//1592 575//1592
f 981//1593 980//1593 577//1593
f 982//1594 981//1594 575//1594
f 983//1595 982//1595 575//1595
f 983//1596 575//1596 574//1596
f 984//1597 983//1597 574//1597
f 984//1598 574//1598 573//1598
f 985//1599 984//1599 573//1599
f 985//1600 573//1600 571//1600
f 986//1601 985//1601 571//1601
f 986//1602 571//1602 569//1602
f 987//1603 986//1603 569//1603
f 987//1604 569//1604 567//1604
f 988//1605 987//1605 567//1605
f 988//1606 567//1606 565//1606
f 989//1607 988//1607 565//1607
f 989//1608 565//1608 563//1608
f 990//1609 989//1609 563//1609
f 990//1610 563//1610 561//1610
f 991//1611 990//1611 561//1611
f 991//1612 561//1612 559//1612
f 992//1613 991//1613 559//1613
f 992//1614 559//1614 557//1614
f 993//1615 992//1615 557//1615
f 993//1616 557//1616 555//1616
f 994//1617 993//1617 555//1617
f 994//1618 555//1618 554//1618
f 994//1619 554//1619 553//1619
f 995//1620 994//1620 553//1620
f 996//1621 995//1621 553//1621
f 996//1622 553//1622 556//1622
f 996//1623 556//1623 558//1623
f 997//1624 996//1624 558//1624
f 998//1625 997//1625 558//1625
f 998//1626 558//1626 560//1626
f 999//1627 998//1627 560//1627
f 999//1628 560//1628 562//1628
f 999//1629 562//1629 564//1629
f 1000//1630 999//1630 564//1630
f 1000//1631 564//1631 566//1631
f 1001//1632 1000//1632 566//1632
f 1002//1633 1001//1633 566//1633
f 1002//1634 566//1634 568//1634
f 1002//1635 568//1635 570//1635
f 1003//1636 1002//1636 570//1636
f 1003//1637 570//1637 572//1637
f 1004//1638 1003//1638 572//1638
f 1005//1639 572//1639 595//1639
f 1005//1640 595//1640 596//1640
f 1005//1641 1004//1641 572//1641
f 1006//1642 596//1642 597//1642
f 1006//1643 1005//1643 596//1643
f 1007//1644 1006//1644 597//1644
f 1008//1645 597//1645 598//1645
f 1008//1646 1007//1646 597//1646
f 1009//1647 1008//1647 598//1647
f 1009//1648 598//1648 599//1648
f 1010//1649 1009//1649 599//1649
f 1010//1650 599//1650 600//1650
f 1010//1651 600//1651 601//1651
f 1011//1652 1010//1652 601//1652
f 1011//1653 601//1653 602//1653
f 1012//1654 1011//1654 602//1654
f 1012//1655 602//1655 603//1655
f 1013//1656 1012//1656 603//1656
f 1014//1657 1013//1657 603//1657
f 1014//1658 603//1658 604//1658
f 1015//1659 1014//1659 604//1659
f 1015//1660 604//1660 605//1660
f 1016//1661 1015//1661 605//1661
f 1016//1662 605//1662 606//1662
f 1016//1663 606//1663 607//1663
f 1017//1664 1016//1664 607//1664
f 1018//1665 1017//1665 607//1665
f 1018//1666 607//1666 608//1666
f 1019//1667 1018//1667 608//1667
f 1019//1668 608//1668 609//1668
f 1020//1669 1019//1669 609//1669
f 1020//1670 609//1670 610//1670
f 1021//1671 1020//1671 610//1671
f 1021//1672 610//1672 611//1672
f 1022//1673 611//1673 612//1673
f 1022//1674 1021//1674 611//1674
f 1023//1675 612//1675 613//1675
f 1023//1676 1022//1676 612//1676
f 1024//1677 613//1677 614//1677
f 1024//1678 1023//1678 613//1678
f 1025//1679 614//1679 615//1679
f 1025//1680 1024//1680 614//1680
f 1026//1681 615//1681 616//1681
f 1026//1682 616//1682 618//1682
f 1026//1683 1025//1683 615//1683
f 1027//1684 1026//1684 618//1684
f 1028//1685 618//1685 620//1685
f 1028//1686 1027//1686 618//1686
f 1029//1687 620//1687 622//1687
f 1029//1688 1028//1688 620//1688
f 1030//1689 622//1689 624//1689
f 1030//1690 624//1690 626//1690
f 1030//1691 1029//1691 622//1691
f 1031//1692 1030//1692 626//1692
f 1032//1693 626//1693 628//1693
f 1032//1694 1031//1694 626//1694
f 1033//1695 628//1695 630//1695
f 1033//1696 1032//1696 628//1696
f 1034//1697 630//1697 632//1697
f 1034//1698 1033//1698 630//1698
f 1035//1699 1034//1699 632//1699
f 1035//1700 632//1700 634//1700
f 1036//1701 1035//1701 634//1701
f 1036//1702 634//1702 636//1702
f 1037//1703 1036//1703 636//1703
f 1037//1704 636//1704 637//1704
f 1038//1705 1037//1705 637//1705
f 1038//1706 637//1706 638//1706
f 1039//1707 638//1707 639//1707
f 1039//1708 1038//1708 638//1708
f 1040//1709 639//1709 640//1709
f 1040//1710 1039//1710 639//1710
f 1041//1711 640//1711 641//1711
f 1041//1712 1040//1712 640//1712
f 1042//1713 641//1713 678//1713
f 1042//1714 1041//1714 641//1714
f 1043//1715 678//1715 643//1715
f 1043//1716 1042//1716 678//1716
f 1044//1717 643//1717 642//1717
f 1044//1718 1043//1718 643//1718
f 1045//1719 642//1719 644//1719
f 1045//1720 1044//1720 642//1720
f 1046//1721 644//1721 645//1721
f 1046//1722 1045//1722 644//1722
f 1047//1723 645//1723 646//1723
f 1047//1724 1046//1724 645//1724
f 1048//1725 646//1725 647//1725
f 1048//1726 1047//1726 646//1726
f 1049//1727 647//1727 650//1727
f 1049//1728 1048//1728 647//1728
f 1050//1729 650//1729 652//1729
f 1050//1730 1049//1730 650//1730
f 1051//1731 652//1731 654//1731
f 1051//1732 1050//1732 652//1732
f 1052//1733 654//1733 656//1733
f 1052//1734 1051//1734 654//1734
f 1053//1735 656//1735 658//1735
f 1053//1736 1052//1736 656//1736
f 1054//1737 658//1737 659//1737
f 1054//1738 1053//1738 658//1738
f 1055//1739 659//1739 660//1739
f 1055//1740 660//1740 661//1740
f 1055//1741 1054//1741 659//1741
f 1056//1742 1055//1742 661//1742
f 1057//1743 661//1743 662//1743
f 1057//1744 1056//1744 661//1744
f 1058//1745 662//1745 663//1745
f 1058//1746 1057//1746 662//1746
f 1059//1747 1058//1747 663//1747
f 1059//1748 663//1748 664//1748
f 1060//1749 1059//1749 664//1749
f 1060//1750 664//1750 665//1750
f 1061//1751 1060//1751 665//1751
f 1061//1752 665//1752 666//1752
f 1062//1753 1061//1753 666//1753
f 1062//1754 666//1754 667//1754
f 1063//1755 1062//1755 667//1755
f 1063//1756 667//1756 668//1756
f 1064//1757 1063//1757 668//1757
f 1064//1758 668//1758 669//1758
f 1065//1759 1064//1759 669//1759
f 1065//1760 669//1760 670//1760
f 1066//1761 1065//1761 670//1761
f 1066//1762 670//1762 671//1762
f 1067//1763 1066//1763 671//1763
f 1067//1764 671//1764 672//1764
f 1067//1765 672//1765 673//1765
f 1068//1766 1067//1766 673//1766
f 1069//1767 1068//1767 673//1767
f 1069//1768 673//1768 674//1768
f 1070//1769 1069//1769 674//1769
f 1070//1770 674//1770 675//1770
f 1071//1771 1070//1771 675//1771
f 1071//1772 675//1772 676//1772
f 1072//1773 676//1773 677//1773
f 1072//1774 1071//1774 676//1774
f 1072//1775 677//1775 649//1775
f 948//1776 1072//1776 649//1776
f 680//1777 280//1777 552//1777
f 819//1778 280//1778 680//1778
f 820//1779 682//1779 287//1779
f 287//1780 682//1780 681//1780
f 682//1781 820//1781 819//1781
f 682//1782 819//1782 683//1782
f 683//1783 819//1783 684//1783
f 684//1784 819//1784 142//1784
f 766//1785 763//1785 764//1785
f 766//1786 764//1786 765//1786
f 768//1787 766//1787 767//1787
f 759//1788 760//1788 761//1788
f 769//1789 763//1789 766//1789
f 769//1790 766//1790 768//1790
f 771//1791 763//1791 769//1791
f 771//1792 769//1792 770//1792
f 756//1793 757//1793 758//1793
f 773//1794 771//1794 772//1794
f 754//1795 759//1795 761//1795
f 754//1796 763//1796 771//1796
f 754//1797 756//1797 758//1797
f 754//1798 755//1798 756//1798
f 754//1799 758//1799 759//1799
f 754//1800 761//1800 762//1800
f 754//1801 762//1801 763//1801
f 774//1802 771//1802 773//1802
f 775//1803 771//1803 774//1803
f 751//1804 752//1804 753//1804
f 751//1805 753//1805 754//1805
f 777//1806 775//1806 776//1806
f 779//1807 754//1807 771//1807
f 779//1808 771//1808 775//1808
f 779//1809 775//1809 777//1809
f 779//1810 777//1810 778//1810
f 748//1811 749//1811 750//1811
f 748//1812 750//1812 751//1812
f 748//1813 751//1813 754//1813
f 746//1814 747//1814 748//1814
f 745//1815 746//1815 748//1815
f 784//1816 782//1816 783//1816
f 785//1817 782//1817 784//1817
f 785//1818 780//1818 781//1818
f 785//1819 781//1819 782//1819
f 742//1820 745//1820 748//1820
f 742//1821 743//1821 744//1821
f 742//1822 744//1822 745//1822
f 742//1823 748//1823 754//1823
f 740//1824 741//1824 742//1824
f 788//1825 785//1825 786//1825
f 788//1826 786//1826 787//1826
f 739//1827 740//1827 742//1827
f 791//1828 788//1828 789//1828
f 791//1829 789//1829 790//1829
f 791//1830 780//1830 785//1830
f 791//1831 785//1831 788//1831
f 791//1832 779//1832 780//1832
f 736//1833 737//1833 738//1833
f 736//1834 738//1834 739//1834
f 793//1835 791//1835 792//1835
f 734//1836 739//1836 742//1836
f 734//1837 736//1837 739//1837
f 734//1838 735//1838 736//1838
f 795//1839 793//1839 794//1839
f 795//1840 779//1840 791//1840
f 795//1841 791//1841 793//1841
f 732//1842 734//1842 742//1842
f 732//1843 733//1843 734//1843
f 730//1844 731//1844 732//1844
f 799//1845 796//1845 797//1845
f 799//1846 797//1846 798//1846
f 728//1847 729//1847 730//1847
f 728//1848 730//1848 732//1848
f 800//1849 795//1849 796//1849
f 800//1850 796//1850 799//1850
f 801//1851 795//1851 800//1851
f 726//1852 727//1852 728//1852
f 726//1853 728//1853 732//1853
f 802//1854 795//1854 801//1854
f 725//1855 726//1855 732//1855
f 723//1856 724//1856 725//1856
f 805//1857 802//1857 803//1857
f 805//1858 803//1858 804//1858
f 805//1859 779//1859 795//1859
f 805//1860 795//1860 802//1860
f 805//1861 754//1861 779//1861
f 722//1862 725//1862 732//1862
f 722//1863 723//1863 725//1863
f 807//1864 805//1864 806//1864
f 720//1865 721//1865 722//1865
f 810//1866 807//1866 808//1866
f 810//1867 808//1867 809//1867
f 717//1868 718//1868 719//1868
f 717//1869 719//1869 720//1869
f 717//1870 720//1870 722//1870
f 685//1871 807//1871 810//1871
f 685//1872 805//1872 807//1872
f 716//1873 717//1873 722//1873
f 713//1874 714//1874 715//1874
f 713//1875 715//1875 716//1875
f 689//1876 686//1876 687//1876
f 689//1877 687//1877 688//1877
f 690//1878 685//1878 686//1878
f 690//1879 686//1879 689//1879
f 711//1880 713//1880 716//1880
f 711//1881 712//1881 713//1881
f 691//1882 685//1882 690//1882
f 692//1883 685//1883 691//1883
f 709//1884 711//1884 716//1884
f 709//1885 710//1885 711//1885
f 694//1886 692//1886 693//1886
f 695//1887 692//1887 694//1887
f 706//1888 707//1888 708//1888
f 706//1889 708//1889 709//1889
f 706//1890 709//1890 716//1890
f 696//1891 685//1891 692//1891
f 696//1892 692//1892 695//1892
f 698//1893 696//1893 697//1893
f 698//1894 685//1894 696//1894
f 703//1895 704//1895 705//1895
f 702//1896 716//1896 722//1896
f 702//1897 705//1897 706//1897
f 702//1898 732//1898 742//1898
f 702//1899 706//1899 716//1899
f 702//1900 703//1900 705//1900
f 702//1901 722//1901 732//1901
f 700//1902 698//1902 699//1902
f 700//1903 805//1903 685//1903
f 700//1904 685//1904 698//1904
f 701//1905 742//1905 754//1905
f 701//1906 805//1906 700//1906
f 701//1907 702//1907 742//1907
f 701//1908 754//1908 805//1908
f 816//1909 815//1909 279//1909
f 816//1910 279//1910 280//1910
f 818//1911 817//1911 819//1911
f 818//1912 819//1912 820//1912
f 815//1913 818//1913 820//1913
f 815//1914 820//1914 279//1914
f 817//1915 816//1915 280//1915
f 817//1916 280//1916 819//1916
f 899//1917 903//1917 900//1917
f 900//1918 903//1918 901//1918
f 901//1919 903//1919 902//1919
f 897//1920 896//1920 898//1920
f 898//1921 896//1921 899//1921
f 893//1922 892//1922 894//1922
f 894//1923 892//1923 895//1923
f 895//1924 892//1924 896//1924
f 906//1925 908//1925 907//1925
f 892//1926 891//1926 896//1926
f 891//1927 890//1927 896//1927
f 906//1928 911//1928 908//1928
f 904//1929 911//1929 905//1929
f 905//1930 911//1930 906//1930
f 908//1931 911//1931 909//1931
f 909//1932 911//1932 910//1932
f 889//1933 888//1933 890//1933
f 912//1934 914//1934 913//1934
f 912//1935 915//1935 914//1935
f 911//1936 915//1936 912//1936
f 885//1937 884//1937 886//1937
f 886//1938 884//1938 887//1938
f 887//1939 884//1939 888//1939
f 888//1940 884//1940 890//1940
f 911//1941 918//1941 915//1941
f 915//1942 918//1942 916//1942
f 916//1943 918//1943 917//1943
f 882//1944 881//1944 883//1944
f 883//1945 881//1945 884//1945
f 881//1946 880//1946 884//1946
f 918//1947 920//1947 919//1947
f 880//1948 878//1948 884//1948
f 899//1949 878//1949 903//1949
f 896//1950 878//1950 899//1950
f 879//1951 878//1951 880//1951
f 890//1952 878//1952 896//1952
f 884//1953 878//1953 890//1953
f 903//1954 878//1954 904//1954
f 921//1955 924//1955 922//1955
f 922//1956 924//1956 923//1956
f 875//1957 874//1957 876//1957
f 925//1958 927//1958 926//1958
f 924//1959 929//1959 925//1959
f 927//1960 929//1960 928//1960
f 925//1961 929//1961 927//1961
f 871//1962 870//1962 872//1962
f 924//1963 930//1963 929//1963
f 924//1964 931//1964 930//1964
f 874//1965 868//1965 876//1965
f 870//1966 868//1966 872//1966
f 869//1967 868//1967 870//1967
f 872//1968 868//1968 873//1968
f 873//1969 868//1969 874//1969
f 876//1970 868//1970 877//1970
f 877//1971 868//1971 878//1971
f 867//1972 866//1972 868//1972
f 866//1973 865//1973 868//1973
f 931//1974 935//1974 932//1974
f 932//1975 935//1975 933//1975
f 933//1976 935//1976 934//1976
f 931//1977 936//1977 935//1977
f 863//1978 862//1978 864//1978
f 864//1979 862//1979 865//1979
f 918//1980 861//1980 920//1980
f 878//1981 861//1981 904//1981
f 921//1982 861//1982 924//1982
f 868//1983 861//1983 878//1983
f 862//1984 861//1984 865//1984
f 865//1985 861//1985 868//1985
f 904//1986 861//1986 911//1986
f 911//1987 861//1987 918//1987
f 920//1988 861//1988 921//1988
f 936//1989 940//1989 937//1989
f 937//1990 940//1990 938//1990
f 938//1991 940//1991 939//1991
f 931//1992 940//1992 936//1992
f 931//1993 941//1993 940//1993
f 859//1994 858//1994 860//1994
f 860//1995 858//1995 861//1995
f 924//1996 858//1996 931//1996
f 861//1997 858//1997 924//1997
f 855//1998 854//1998 856//1998
f 856//1999 854//1999 857//1999
f 941//2000 946//2000 942//2000
f 942//2001 946//2001 943//2001
f 943//2002 946//2002 944//2002
f 944//2003 946//2003 945//2003
f 854//2004 853//2004 857//2004
f 821//2005 823//2005 822//2005
f 946//2006 823//2006 821//2006
f 851//2007 850//2007 852//2007
f 852//2008 850//2008 853//2008
f 849//2009 848//2009 850//2009
f 848//2010 847//2010 850//2010
f 850//2011 847//2011 853//2011
f 823//2012 827//2012 824//2012
f 824//2013 827//2013 825//2013
f 825//2014 827//2014 826//2014
f 853//2015 845//2015 857//2015
f 846//2016 845//2016 847//2016
f 847//2017 845//2017 853//2017
f 857//2018 845//2018 858//2018
f 845//2019 844//2019 858//2019
f 844//2020 843//2020 858//2020
f 858//2021 843//2021 931//2021
f 941//2022 831//2022 946//2022
f 827//2023 831//2023 828//2023
f 828//2024 831//2024 829//2024
f 829//2025 831//2025 830//2025
f 946//2026 831//2026 823//2026
f 823//2027 831//2027 827//2027
f 931//2028 831//2028 941//2028
f 931//2029 832//2029 831//2029
f 842//2030 841//2030 843//2030
f 841//2031 840//2031 843//2031
f 832//2032 834//2032 833//2032
f 832//2033 835//2033 834//2033
f 839//2034 838//2034 840//2034
f 840//2035 838//2035 843//2035
f 835//2036 837//2036 836//2036
f 843//2037 837//2037 931//2037
f 931//2038 837//2038 832//2038
f 838//2039 837//2039 843//2039
f 832//2040 837//2040 835//2040
f 1029//2041 1025//2041 1026//2041
f 1029//2042 1026//2042 1027//2042
f 1029//2043 1027//2043 1028//2043
f 1022//2044 1023//2044 1024//2044
f 1022//2045 1024//2045 1025//2045
f 1018//2046 1019//2046 1020//2046
f 1018//2047 1020//2047 1021//2047
f 1018//2048 1021//2048 1022//2048
f 1034//2049 1032//2049 1033//2049
f 1017//2050 1018//2050 1022//2050
f 1016//2051 1017//2051 1022//2051
f 1037//2052 1032//2052 1034//2052
f 1037//2053 1030//2053 1031//2053
f 1037//2054 1031//2054 1032//2054
f 1037//2055 1034//2055 1035//2055
f 1037//2056 1035//2056 1036//2056
f 1014//2057 1015//2057 1016//2057
f 1040//2058 1038//2058 1039//2058
f 1041//2059 1038//2059 1040//2059
f 1041//2060 1037//2060 1038//2060
f 1010//2061 1011//2061 1012//2061
f 1010//2062 1012//2062 1013//2062
f 1010//2063 1013//2063 1014//2063
f 1010//2064 1014//2064 1016//2064
f 1044//2065 1037//2065 1041//2065
f 1044//2066 1041//2066 1042//2066
f 1044//2067 1042//2067 1043//2067
f 1007//2068 1008//2068 1009//2068
f 1007//2069 1009//2069 1010//2069
f 1006//2070 1007//2070 1010//2070
f 1046//2071 1044//2071 1045//2071
f 1004//2072 1006//2072 1010//2072
f 1004//2073 1025//2073 1029//2073
f 1004//2074 1022//2074 1025//2074
f 1004//2075 1005//2075 1006//2075
f 1004//2076 1016//2076 1022//2076
f 1004//2077 1010//2077 1016//2077
f 1004//2078 1029//2078 1030//2078
f 1050//2079 1047//2079 1048//2079
f 1050//2080 1048//2080 1049//2080
f 1000//2081 1001//2081 1002//2081
f 1053//2082 1051//2082 1052//2082
f 1055//2083 1050//2083 1051//2083
f 1055//2084 1053//2084 1054//2084
f 1055//2085 1051//2085 1053//2085
f 996//2086 997//2086 998//2086
f 1056//2087 1050//2087 1055//2087
f 1057//2088 1050//2088 1056//2088
f 994//2089 1000//2089 1002//2089
f 994//2090 996//2090 998//2090
f 994//2091 995//2091 996//2091
f 994//2092 998//2092 999//2092
f 994//2093 999//2093 1000//2093
f 994//2094 1002//2094 1003//2094
f 994//2095 1003//2095 1004//2095
f 992//2096 993//2096 994//2096
f 991//2097 992//2097 994//2097
f 1061//2098 1057//2098 1058//2098
f 1061//2099 1058//2099 1059//2099
f 1061//2100 1059//2100 1060//2100
f 1062//2101 1057//2101 1061//2101
f 988//2102 989//2102 990//2102
f 988//2103 990//2103 991//2103
f 987//2104 1044//2104 1046//2104
f 987//2105 1004//2105 1030//2105
f 987//2106 1047//2106 1050//2106
f 987//2107 994//2107 1004//2107
f 987//2108 988//2108 991//2108
f 987//2109 991//2109 994//2109
f 987//2110 1030//2110 1037//2110
f 987//2111 1037//2111 1044//2111
f 987//2112 1046//2112 1047//2112
f 1066//2113 1062//2113 1063//2113
f 1066//2114 1063//2114 1064//2114
f 1066//2115 1064//2115 1065//2115
f 1066//2116 1057//2116 1062//2116
f 1067//2117 1057//2117 1066//2117
f 984//2118 985//2118 986//2118
f 984//2119 986//2119 987//2119
f 984//2120 1050//2120 1057//2120
f 984//2121 987//2121 1050//2121
f 980//2122 981//2122 982//2122
f 980//2123 982//2123 983//2123
f 1072//2124 1067//2124 1068//2124
f 1072//2125 1068//2125 1069//2125
f 1072//2126 1069//2126 1070//2126
f 1072//2127 1070//2127 1071//2127
f 979//2128 980//2128 983//2128
f 949//2129 948//2129 947//2129
f 949//2130 1072//2130 948//2130
f 976//2131 977//2131 978//2131
f 976//2132 978//2132 979//2132
f 974//2133 975//2133 976//2133
f 973//2134 974//2134 976//2134
f 973//2135 976//2135 979//2135
f 953//2136 949//2136 950//2136
f 953//2137 950//2137 951//2137
f 953//2138 951//2138 952//2138
f 971//2139 979//2139 983//2139
f 971//2140 972//2140 973//2140
f 971//2141 973//2141 979//2141
f 971//2142 983//2142 984//2142
f 970//2143 971//2143 984//2143
f 969//2144 970//2144 984//2144
f 969//2145 984//2145 1057//2145
f 957//2146 1067//2146 1072//2146
f 957//2147 953//2147 954//2147
f 957//2148 954//2148 955//2148
f 957//2149 955//2149 956//2149
f 957//2150 1072//2150 949//2150
f 957//2151 949//2151 953//2151
f 957//2152 1057//2152 1067//2152
f 958//2153 1057//2153 957//2153
f 967//2154 968//2154 969//2154
f 966//2155 967//2155 969//2155
f 960//2156 958//2156 959//2156
f 961//2157 958//2157 960//2157
f 964//2158 965//2158 966//2158
f 964//2159 966//2159 969//2159
f 963//2160 961//2160 962//2160
f 963//2161 969//2161 1057//2161
f 963//2162 1057//2162 958//2162
f 963//2163 964//2163 969//2163
f 963//2164 958//2164 961//2164
