# Created by FreeCAD <https://www.freecad.org>
v 323.745331 -164.600006 37.299999
v 349.145325 -164.600006 37.299999
v 349.145325 -164.600006 -87.300003
v 323.745331 -164.600006 -87.300003
v 323.685089 -164.600006 39.753384
v 349.054504 -164.600006 40.999702
v 323.504547 -164.600006 42.200855
v 348.782257 -164.600006 44.690491
v 323.204163 -164.600006 44.636524
v 348.329224 -164.600006 48.363480
v 347.696533 -164.600006 52.009811
v 322.784576 -164.600006 47.054516
v 322.246887 -164.600006 49.449009
v 346.885681 -164.600006 55.620705
v 321.592346 -164.600006 51.814236
v 345.898621 -164.600006 59.187466
v 320.822540 -164.600006 54.144493
v 344.737732 -164.600006 62.701496
v 319.939301 -164.600006 56.434170
v 343.405853 -164.600006 66.154327
v 318.944794 -164.600006 58.677753
v 341.906128 -164.600006 69.537651
v 317.841400 -164.600006 60.869839
v 340.242188 -164.600006 72.843315
v 316.631744 -164.600006 63.005138
v 338.418060 -164.600006 76.063347
v 315.318817 -164.600006 65.078514
v 336.438141 -164.600006 79.189995
v 313.905701 -164.600006 67.084969
v 334.307159 -164.600006 82.215729
v 312.395844 -164.600006 69.019661
v 332.030304 -164.600006 85.133255
v 310.792877 -164.600006 70.877945
v 329.613037 -164.600006 87.935547
v 309.100677 -164.600006 72.655342
v 327.061188 -164.600006 90.615852
v 307.323273 -164.600006 74.347557
v 324.380859 -164.600006 93.167717
v 321.578583 -164.600006 95.584991
v 305.464996 -164.600006 75.950523
v 318.661041 -164.600006 97.861847
v 303.530304 -164.600006 77.460373
v 315.635315 -164.600006 99.992805
v 301.523834 -164.600006 78.873482
v 299.450470 -164.600006 80.186432
v 312.508667 -164.600006 101.972740
v 309.288635 -164.600006 103.796860
v 297.315155 -164.600006 81.396065
v 305.982971 -164.600006 105.460793
v 295.123077 -164.600006 82.499466
v 292.879486 -164.600006 83.493980
v 302.599670 -164.600006 106.960518
v 299.146820 -164.600006 108.292419
v 290.589813 -164.600006 84.377205
v 295.632782 -164.600006 109.453300
v 288.259552 -164.600006 85.147018
v 292.066040 -164.600006 110.440353
v 285.894348 -164.600006 85.801559
v 288.455139 -164.600006 111.251213
v 283.499847 -164.600006 86.339264
v 284.808807 -164.600006 111.883911
v 281.081848 -164.600006 86.758827
v 281.135803 -164.600006 112.336929
v 278.646179 -164.600006 87.059235
v 277.445038 -164.600006 112.609177
v 276.198700 -164.600006 87.239777
v 138.311310 -164.600006 -25.592630
v 138.662720 -164.600006 -25.464727
v 54.405838 -164.600006 -117.960510
v 137.953964 -164.600006 -25.702856
v 137.591568 -164.600006 -25.795134
v 137.225021 -164.600006 -25.869232
v 136.855240 -164.600006 -25.924969
v 136.483139 -164.600006 -25.962202
v 136.109650 -164.600006 -25.980843
v 135.735687 -164.600006 -25.980843
v 135.362183 -164.600006 -25.962202
v 273.745331 -164.600006 112.699997
v 273.745331 -164.600006 87.300003
v 259.666351 -164.600006 87.300003
v 134.990082 -164.600006 -25.924969
v 143.338898 -164.600006 -17.365358
v 143.385391 -164.600006 -17.736416
v 134.620300 -164.600006 -25.869232
v 143.273956 -164.600006 -16.997078
v 134.253754 -164.600006 -25.795134
v 143.190735 -164.600006 -16.632494
v 133.891357 -164.600006 -25.702856
v 143.089462 -164.600006 -16.272511
v 133.534012 -164.600006 -25.592630
v 142.970352 -164.600006 -15.918023
v 133.182602 -164.600006 -25.464727
v 142.833740 -164.600006 -15.569914
v 132.838013 -164.600006 -25.319468
v 142.679932 -164.600006 -15.229047
v 132.501083 -164.600006 -25.157213
v 142.509323 -164.600006 -14.896270
v 132.172668 -164.600006 -24.978365
v 142.322342 -164.600006 -14.572411
v 131.853561 -164.600006 -24.783369
v 142.119446 -164.600006 -14.258274
v 131.544586 -164.600006 -24.572710
v 141.901154 -164.600006 -13.954641
v 131.246490 -164.600006 -24.346910
v 141.667999 -164.600006 -13.662268
v 130.960022 -164.600006 -24.106533
v 141.420547 -164.600006 -13.381879
v 130.685883 -164.600006 -23.852177
v 141.159439 -164.600006 -13.114173
v 140.885300 -164.600006 -12.859816
v 140.598831 -164.600006 -12.619438
v 140.300735 -164.600006 -12.393640
v 139.991760 -164.600006 -12.182980
v 139.672668 -164.600006 -11.987984
v 139.344238 -164.600006 -11.809135
v 139.007309 -164.600006 -11.646880
v 249.145325 -164.600006 112.699997
v 134.990082 -164.600006 -11.041381
v 134.620300 -164.600006 -11.097116
v 135.362183 -164.600006 -11.004146
v 135.735687 -164.600006 -10.985506
v 136.109650 -164.600006 -10.985506
v 136.483139 -164.600006 -11.004146
v 136.855240 -164.600006 -11.041381
v 137.225021 -164.600006 -11.097116
v 137.591568 -164.600006 -11.171215
v 137.953964 -164.600006 -11.263493
v 138.311310 -164.600006 -11.373719
v 138.662720 -164.600006 -11.501621
v 132.501083 -164.600006 -11.809135
v 132.172668 -164.600006 -11.987984
v 132.838013 -164.600006 -11.646880
v 133.182602 -164.600006 -11.501621
v 133.534012 -164.600006 -11.373719
v 133.891357 -164.600006 -11.263493
v 134.253754 -164.600006 -11.171215
v 36.445324 -164.600006 -100.000000
v 128.431992 -164.600006 -18.109331
v 128.422668 -164.600006 -18.483175
v 128.459930 -164.600006 -17.736416
v 128.506424 -164.600006 -17.365358
v 128.571365 -164.600006 -16.997078
v 128.654587 -164.600006 -16.632494
v 128.755859 -164.600006 -16.272511
v 128.874969 -164.600006 -15.918023
v 129.011597 -164.600006 -15.569914
v 129.165390 -164.600006 -15.229047
v 130.424774 -164.600006 -23.584471
v 129.335999 -164.600006 -14.896270
v 130.177322 -164.600006 -23.304081
v 129.522980 -164.600006 -14.572411
v 129.944168 -164.600006 -23.011707
v 129.725876 -164.600006 -14.258274
v 129.725876 -164.600006 -22.708075
v 129.944168 -164.600006 -13.954641
v 129.522980 -164.600006 -22.393938
v 130.177322 -164.600006 -13.662268
v 129.335999 -164.600006 -22.070080
v 129.165390 -164.600006 -21.737303
v 129.011597 -164.600006 -21.396435
v 128.874969 -164.600006 -21.048326
v 128.755859 -164.600006 -20.693838
v 128.654587 -164.600006 -20.333855
v 128.571365 -164.600006 -19.969271
v 128.506424 -164.600006 -19.600992
v 128.459930 -164.600006 -19.229933
v 128.431992 -164.600006 -18.857019
v 141.159439 -164.600006 -23.852177
v 140.885300 -164.600006 -24.106533
v 140.598831 -164.600006 -24.346910
v 140.300735 -164.600006 -24.572710
v 139.991760 -164.600006 -24.783369
v 139.672668 -164.600006 -24.978365
v 139.344238 -164.600006 -25.157213
v 139.007309 -164.600006 -25.319468
v 141.420547 -164.600006 -23.584471
v 141.667999 -164.600006 -23.304081
v 141.901154 -164.600006 -23.011707
v 142.119446 -164.600006 -22.708075
v 142.322342 -164.600006 -22.393938
v 142.509323 -164.600006 -22.070080
v 142.679932 -164.600006 -21.737303
v 142.833740 -164.600006 -21.396435
v 142.970352 -164.600006 -21.048326
v 143.089462 -164.600006 -20.693838
v 143.190735 -164.600006 -20.333855
v 143.273956 -164.600006 -19.969271
v 143.338898 -164.600006 -19.600992
v 143.385391 -164.600006 -19.229933
v 143.413345 -164.600006 -18.857019
v 143.422668 -164.600006 -18.483175
v 143.413345 -164.600006 -18.109331
v 130.685883 -164.600006 -13.114173
v 130.960022 -164.600006 -12.859816
v 131.246490 -164.600006 -12.619438
v 131.544586 -164.600006 -12.393640
v 131.853561 -164.600006 -12.182980
v 130.424774 -164.600006 -13.381879
v 349.145325 -190.000000 37.299999
v 349.145325 -190.000000 -87.300003
v 349.054504 -190.000000 40.999702
v 348.782257 -190.000000 44.690491
v 348.329224 -190.000000 48.363480
v 347.696533 -190.000000 52.009811
v 346.885681 -190.000000 55.620705
v 345.898621 -190.000000 59.187466
v 344.737732 -190.000000 62.701496
v 343.405853 -190.000000 66.154327
v 341.906128 -190.000000 69.537651
v 340.242188 -190.000000 72.843315
v 338.418060 -190.000000 76.063347
v 336.438141 -190.000000 79.189995
v 334.307159 -190.000000 82.215729
v 332.030304 -190.000000 85.133255
v 329.613037 -190.000000 87.935547
v 327.061188 -190.000000 90.615852
v 324.380859 -190.000000 93.167717
v 321.578583 -190.000000 95.584991
v 318.661041 -190.000000 97.861847
v 315.635315 -190.000000 99.992805
v 312.508667 -190.000000 101.972740
v 309.288635 -190.000000 103.796860
v 305.982971 -190.000000 105.460793
v 302.599670 -190.000000 106.960518
v 299.146820 -190.000000 108.292419
v 295.632782 -190.000000 109.453300
v 292.066040 -190.000000 110.440353
v 288.455139 -190.000000 111.251213
v 284.808807 -190.000000 111.883911
v 281.135803 -190.000000 112.336929
v 277.445038 -190.000000 112.609177
v 273.745331 -190.000000 112.699997
v 341.943207 -182.401291 -87.300003
v 341.682098 -182.669006 -87.300003
v 341.407959 -182.923355 -87.300003
v 342.190643 -182.120911 -87.300003
v 341.121490 -183.163742 -87.300003
v 342.423828 -181.828537 -87.300003
v 340.823395 -183.389542 -87.300003
v 342.642120 -181.524902 -87.300003
v 340.514435 -183.600189 -87.300003
v 342.845001 -181.210770 -87.300003
v 340.195312 -183.795197 -87.300003
v 343.031982 -180.886902 -87.300003
v 339.866913 -183.974045 -87.300003
v 343.202606 -180.554123 -87.300003
v 339.529968 -184.136292 -87.300003
v 343.356384 -180.213257 -87.300003
v 339.185394 -184.281555 -87.300003
v 343.493011 -179.865158 -87.300003
v 338.833984 -184.409454 -87.300003
v 343.612122 -179.510666 -87.300003
v 338.476624 -184.519684 -87.300003
v 343.713409 -179.150681 -87.300003
v 338.114227 -184.611954 -87.300003
v 343.796631 -178.786102 -87.300003
v 337.747681 -184.686066 -87.300003
v 343.861542 -178.417816 -87.300003
v 337.377899 -184.741791 -87.300003
v 343.908051 -178.046753 -87.300003
v 337.005798 -184.779022 -87.300003
v 343.936005 -177.673843 -87.300003
v 336.632294 -184.797668 -87.300003
v 343.945312 -177.300003 -87.300003
v 336.258331 -184.797668 -87.300003
v 342.190643 -172.479095 -87.300003
v 341.943207 -172.198700 -87.300003
v 342.423828 -172.771469 -87.300003
v 342.642120 -173.075104 -87.300003
v 342.845001 -173.389236 -87.300003
v 343.031982 -173.713089 -87.300003
v 343.202606 -174.045868 -87.300003
v 343.356384 -174.386734 -87.300003
v 343.493011 -174.734848 -87.300003
v 343.612122 -175.089340 -87.300003
v 343.713409 -175.449326 -87.300003
v 343.796631 -175.813904 -87.300003
v 343.861542 -176.182190 -87.300003
v 343.908051 -176.553238 -87.300003
v 343.936005 -176.926163 -87.300003
v 323.745331 -190.000000 -87.300003
v 335.884857 -184.779022 -87.300003
v 335.512756 -184.741791 -87.300003
v 335.142975 -184.686066 -87.300003
v 334.776428 -184.611954 -87.300003
v 334.414032 -184.519684 -87.300003
v 334.056671 -184.409454 -87.300003
v 333.705261 -184.281555 -87.300003
v 333.360657 -184.136292 -87.300003
v 333.023743 -183.974045 -87.300003
v 332.695312 -183.795197 -87.300003
v 332.376221 -183.600189 -87.300003
v 332.067261 -183.389542 -87.300003
v 331.769165 -183.163742 -87.300003
v 331.482666 -182.923355 -87.300003
v 331.208557 -182.669006 -87.300003
v 341.682098 -171.931000 -87.300003
v 330.947449 -182.401291 -87.300003
v 341.407959 -171.676636 -87.300003
v 330.699982 -182.120911 -87.300003
v 341.121490 -171.436264 -87.300003
v 330.466827 -181.828537 -87.300003
v 340.823395 -171.210464 -87.300003
v 330.248535 -181.524902 -87.300003
v 340.514435 -170.999802 -87.300003
v 330.045654 -181.210770 -87.300003
v 340.195312 -170.804810 -87.300003
v 329.858673 -180.886902 -87.300003
v 339.866913 -170.625961 -87.300003
v 329.688049 -180.554123 -87.300003
v 339.529968 -170.463699 -87.300003
v 329.534241 -180.213257 -87.300003
v 339.185394 -170.318451 -87.300003
v 329.397644 -179.865158 -87.300003
v 338.833984 -170.190552 -87.300003
v 329.278534 -179.510666 -87.300003
v 338.476624 -170.080322 -87.300003
v 329.177246 -179.150681 -87.300003
v 338.114227 -169.988037 -87.300003
v 329.094025 -178.786102 -87.300003
v 337.747681 -169.913940 -87.300003
v 329.029083 -178.417816 -87.300003
v 337.377899 -169.858200 -87.300003
v 328.982605 -178.046753 -87.300003
v 337.005798 -169.820969 -87.300003
v 328.954651 -177.673843 -87.300003
v 328.945312 -177.300003 -87.300003
v 328.954651 -176.926163 -87.300003
v 328.982605 -176.553238 -87.300003
v 329.029083 -176.182190 -87.300003
v 329.094025 -175.813904 -87.300003
v 329.177246 -175.449326 -87.300003
v 329.278534 -175.089340 -87.300003
v 329.397644 -174.734848 -87.300003
v 329.534241 -174.386734 -87.300003
v 329.688049 -174.045868 -87.300003
v 329.858673 -173.713089 -87.300003
v 330.045654 -173.389236 -87.300003
v 330.248535 -173.075104 -87.300003
v 330.466827 -172.771469 -87.300003
v 330.699982 -172.479095 -87.300003
v 330.947449 -172.198700 -87.300003
v 331.208557 -171.931000 -87.300003
v 331.482666 -171.676636 -87.300003
v 331.769165 -171.436264 -87.300003
v 332.067261 -171.210464 -87.300003
v 332.376221 -170.999802 -87.300003
v 332.695312 -170.804810 -87.300003
v 333.023743 -170.625961 -87.300003
v 333.360657 -170.463699 -87.300003
v 333.705261 -170.318451 -87.300003
v 334.056671 -170.190552 -87.300003
v 334.414032 -170.080322 -87.300003
v 334.776428 -169.988037 -87.300003
v 335.142975 -169.913940 -87.300003
v 335.512756 -169.858200 -87.300003
v 335.884857 -169.820969 -87.300003
v 336.258331 -169.802338 -87.300003
v 336.632294 -169.802338 -87.300003
v 249.145325 -190.000000 112.699997
v 323.745331 -190.000000 37.299999
v 171.843689 -177.300003 35.398361
v 171.843689 -190.000000 35.398361
v 82.041122 -177.300003 -54.404198
v 36.445324 -190.000000 -100.000000
v 82.041122 -190.000000 -54.404198
v 273.745331 -190.000000 87.300003
v 276.198700 -190.000000 87.239777
v 278.646179 -190.000000 87.059235
v 281.081848 -190.000000 86.758827
v 283.499847 -190.000000 86.339264
v 285.894348 -190.000000 85.801559
v 288.259552 -190.000000 85.147018
v 290.589813 -190.000000 84.377205
v 292.879486 -190.000000 83.493980
v 295.123077 -190.000000 82.499466
v 297.315155 -190.000000 81.396065
v 299.450470 -190.000000 80.186432
v 301.523834 -190.000000 78.873482
v 303.530304 -190.000000 77.460373
v 305.464996 -190.000000 75.950523
v 307.323273 -190.000000 74.347557
v 309.100677 -190.000000 72.655342
v 310.792877 -190.000000 70.877945
v 312.395844 -190.000000 69.019661
v 313.905701 -190.000000 67.084969
v 315.318817 -190.000000 65.078514
v 316.631744 -190.000000 63.005138
v 317.841400 -190.000000 60.869839
v 318.944794 -190.000000 58.677753
v 319.939301 -190.000000 56.434170
v 320.822540 -190.000000 54.144493
v 321.592346 -190.000000 51.814236
v 322.246887 -190.000000 49.449009
v 322.784576 -190.000000 47.054516
v 323.204163 -190.000000 44.636524
v 323.504547 -190.000000 42.200855
v 323.685089 -190.000000 39.753384
v 54.405838 -190.000000 -117.960510
v 259.666351 -190.000000 87.300003
v 189.804199 -177.300003 17.437851
v 189.804199 -190.000000 17.437851
v 100.001640 -177.300003 -72.364708
v 100.001640 -190.000000 -72.364708
v 128.431992 -177.300003 -18.109331
v 128.422668 -177.300003 -18.483175
v 128.459930 -177.300003 -17.736416
v 128.506424 -177.300003 -17.365358
v 128.571365 -177.300003 -16.997078
v 128.654587 -177.300003 -16.632494
v 128.755859 -177.300003 -16.272511
v 128.874969 -177.300003 -15.918023
v 129.011597 -177.300003 -15.569914
v 129.165390 -177.300003 -15.229047
v 129.335999 -177.300003 -14.896270
v 129.522980 -177.300003 -14.572411
v 129.725876 -177.300003 -14.258274
v 129.944168 -177.300003 -13.954641
v 130.177322 -177.300003 -13.662268
v 130.424774 -177.300003 -13.381879
v 130.685883 -177.300003 -13.114173
v 130.960022 -177.300003 -12.859816
v 131.246490 -177.300003 -12.619438
v 131.544586 -177.300003 -12.393640
v 131.853561 -177.300003 -12.182980
v 132.172668 -177.300003 -11.987984
v 132.501083 -177.300003 -11.809135
v 132.838013 -177.300003 -11.646880
v 133.182602 -177.300003 -11.501621
v 133.534012 -177.300003 -11.373719
v 133.891357 -177.300003 -11.263493
v 134.253754 -177.300003 -11.171215
v 134.620300 -177.300003 -11.097116
v 134.990082 -177.300003 -11.041381
v 135.362183 -177.300003 -11.004146
v 135.735687 -177.300003 -10.985506
v 136.109650 -177.300003 -10.985506
v 136.483139 -177.300003 -11.004146
v 136.855240 -177.300003 -11.041381
v 137.225021 -177.300003 -11.097116
v 137.591568 -177.300003 -11.171215
v 137.953964 -177.300003 -11.263493
v 138.311310 -177.300003 -11.373719
v 138.662720 -177.300003 -11.501621
v 139.007309 -177.300003 -11.646880
v 139.344238 -177.300003 -11.809135
v 139.672668 -177.300003 -11.987984
v 139.991760 -177.300003 -12.182980
v 140.300735 -177.300003 -12.393640
v 140.598831 -177.300003 -12.619438
v 140.885300 -177.300003 -12.859816
v 141.159439 -177.300003 -13.114173
v 141.420547 -177.300003 -13.381879
v 141.667999 -177.300003 -13.662268
v 141.901154 -177.300003 -13.954641
v 142.119446 -177.300003 -14.258274
v 142.322342 -177.300003 -14.572411
v 142.509323 -177.300003 -14.896270
v 142.679932 -177.300003 -15.229047
v 142.833740 -177.300003 -15.569914
v 142.970352 -177.300003 -15.918023
v 143.089462 -177.300003 -16.272511
v 143.190735 -177.300003 -16.632494
v 143.273956 -177.300003 -16.997078
v 143.338898 -177.300003 -17.365358
v 143.385391 -177.300003 -17.736416
v 143.413345 -177.300003 -18.109331
v 143.422668 -177.300003 -18.483175
v 143.413345 -177.300003 -18.857019
v 143.385391 -177.300003 -19.229933
v 143.338898 -177.300003 -19.600992
v 143.273956 -177.300003 -19.969271
v 143.190735 -177.300003 -20.333855
v 143.089462 -177.300003 -20.693838
v 142.970352 -177.300003 -21.048326
v 142.833740 -177.300003 -21.396435
v 142.679932 -177.300003 -21.737303
v 142.509323 -177.300003 -22.070080
v 142.322342 -177.300003 -22.393938
v 142.119446 -177.300003 -22.708075
v 141.901154 -177.300003 -23.011707
v 141.667999 -177.300003 -23.304081
v 141.420547 -177.300003 -23.584471
v 141.159439 -177.300003 -23.852177
v 140.885300 -177.300003 -24.106533
v 140.598831 -177.300003 -24.346910
v 140.300735 -177.300003 -24.572710
v 139.991760 -177.300003 -24.783369
v 139.672668 -177.300003 -24.978365
v 139.344238 -177.300003 -25.157213
v 139.007309 -177.300003 -25.319468
v 138.662720 -177.300003 -25.464727
v 138.311310 -177.300003 -25.592630
v 137.953964 -177.300003 -25.702856
v 137.591568 -177.300003 -25.795134
v 137.225021 -177.300003 -25.869232
v 136.855240 -177.300003 -25.924969
v 136.483139 -177.300003 -25.962202
v 136.109650 -177.300003 -25.980843
v 135.735687 -177.300003 -25.980843
v 135.362183 -177.300003 -25.962202
v 134.990082 -177.300003 -25.924969
v 134.620300 -177.300003 -25.869232
v 134.253754 -177.300003 -25.795134
v 133.891357 -177.300003 -25.702856
v 133.534012 -177.300003 -25.592630
v 133.182602 -177.300003 -25.464727
v 132.838013 -177.300003 -25.319468
v 132.501083 -177.300003 -25.157213
v 132.172668 -177.300003 -24.978365
v 131.853561 -177.300003 -24.783369
v 131.544586 -177.300003 -24.572710
v 131.246490 -177.300003 -24.346910
v 130.960022 -177.300003 -24.106533
v 130.685883 -177.300003 -23.852177
v 130.424774 -177.300003 -23.584471
v 130.177322 -177.300003 -23.304081
v 129.944168 -177.300003 -23.011707
v 129.725876 -177.300003 -22.708075
v 129.522980 -177.300003 -22.393938
v 129.335999 -177.300003 -22.070080
v 129.165390 -177.300003 -21.737303
v 129.011597 -177.300003 -21.396435
v 128.874969 -177.300003 -21.048326
v 128.755859 -177.300003 -20.693838
v 128.654587 -177.300003 -20.333855
v 128.571365 -177.300003 -19.969271
v 128.506424 -177.300003 -19.600992
v 128.459930 -177.300003 -19.229933
v 128.431992 -177.300003 -18.857019
v 173.539520 -190.000000 16.014875
v 174.067139 -190.000000 15.664709
v 173.030014 -190.000000 16.390905
v 170.420715 -190.000000 19.133686
v 169.747116 -190.000000 20.205711
v 170.070541 -190.000000 19.661299
v 170.796738 -190.000000 18.624182
v 171.197708 -190.000000 18.134056
v 174.611542 -190.000000 15.341277
v 169.451218 -190.000000 20.765568
v 175.745316 -190.000000 14.777765
v 176.331848 -190.000000 14.539086
v 175.171402 -190.000000 15.045384
v 169.183609 -190.000000 21.339478
v 168.735779 -190.000000 22.523718
v 168.944916 -190.000000 21.926014
v 176.929550 -190.000000 14.329941
v 177.536942 -190.000000 14.150848
v 171.622589 -190.000000 17.664526
v 172.070358 -190.000000 17.216757
v 172.539886 -190.000000 16.791864
v 178.152496 -190.000000 14.002254
v 178.774704 -190.000000 13.884527
v 168.408096 -190.000000 23.746662
v 168.203796 -190.000000 24.996157
v 168.290359 -190.000000 24.368862
v 179.401993 -190.000000 13.797961
v 180.665619 -190.000000 13.719093
v 180.032822 -190.000000 13.742770
v 168.124924 -190.000000 26.259785
v 168.172272 -190.000000 27.524984
v 168.132828 -190.000000 26.892975
v 168.148605 -190.000000 25.626987
v 181.298813 -190.000000 13.726987
v 181.930817 -190.000000 13.766434
v 168.243164 -190.000000 28.154242
v 168.556686 -190.000000 23.131104
v 168.478546 -190.000000 29.398254
v 168.345352 -190.000000 28.779184
v 183.185013 -190.000000 13.939512
v 183.804092 -190.000000 14.072714
v 182.560074 -190.000000 13.837334
v 184.415756 -190.000000 14.236609
v 168.836624 -190.000000 30.612650
v 168.642441 -190.000000 30.009918
v 185.018494 -190.000000 14.430788
v 185.610794 -190.000000 14.654770
v 169.060608 -190.000000 31.204954
v 169.595673 -190.000000 32.352417
v 169.313828 -190.000000 31.785358
v 186.758255 -190.000000 15.189840
v 186.191193 -190.000000 14.907997
v 169.905441 -190.000000 32.904724
v 170.242340 -190.000000 33.440903
v 187.310562 -190.000000 15.499599
v 188.365463 -190.000000 16.199715
v 187.846741 -190.000000 15.836503
v 188.865433 -190.000000 16.588329
v 189.345413 -190.000000 17.001385
v 170.994171 -190.000000 34.459591
v 171.407227 -190.000000 34.939571
v 170.605545 -190.000000 33.959621
v 343.945312 -177.300003 -112.699997
v 343.936005 -177.673843 -112.699997
v 343.908051 -178.046753 -112.699997
v 343.861542 -178.417816 -112.699997
v 343.796631 -178.786102 -112.699997
v 343.713409 -179.150681 -112.699997
v 343.612122 -179.510666 -112.699997
v 343.493011 -179.865158 -112.699997
v 343.356384 -180.213257 -112.699997
v 343.202606 -180.554123 -112.699997
v 343.031982 -180.886902 -112.699997
v 342.845001 -181.210770 -112.699997
v 342.642120 -181.524902 -112.699997
v 342.423828 -181.828537 -112.699997
v 342.190643 -182.120911 -112.699997
v 341.943207 -182.401291 -112.699997
v 341.682098 -182.669006 -112.699997
v 341.407959 -182.923355 -112.699997
v 341.121490 -183.163742 -112.699997
v 340.823395 -183.389542 -112.699997
v 340.514435 -183.600189 -112.699997
v 340.195312 -183.795197 -112.699997
v 339.866913 -183.974045 -112.699997
v 339.529968 -184.136292 -112.699997
v 339.185394 -184.281555 -112.699997
v 338.833984 -184.409454 -112.699997
v 338.476624 -184.519684 -112.699997
v 338.114227 -184.611954 -112.699997
v 337.747681 -184.686066 -112.699997
v 337.377899 -184.741791 -112.699997
v 337.005798 -184.779022 -112.699997
v 336.632294 -184.797668 -112.699997
v 336.258331 -184.797668 -112.699997
v 335.884857 -184.779022 -112.699997
v 335.512756 -184.741791 -112.699997
v 335.142975 -184.686066 -112.699997
v 334.776428 -184.611954 -112.699997
v 334.414032 -184.519684 -112.699997
v 334.056671 -184.409454 -112.699997
v 333.705261 -184.281555 -112.699997
v 333.360657 -184.136292 -112.699997
v 333.023743 -183.974045 -112.699997
v 332.695312 -183.795197 -112.699997
v 332.376221 -183.600189 -112.699997
v 332.067261 -183.389542 -112.699997
v 331.769165 -183.163742 -112.699997
v 331.482666 -182.923355 -112.699997
v 331.208557 -182.669006 -112.699997
v 330.947449 -182.401291 -112.699997
v 330.699982 -182.120911 -112.699997
v 330.466827 -181.828537 -112.699997
v 330.248535 -181.524902 -112.699997
v 330.045654 -181.210770 -112.699997
v 329.858673 -180.886902 -112.699997
v 329.688049 -180.554123 -112.699997
v 329.534241 -180.213257 -112.699997
v 329.397644 -179.865158 -112.699997
v 329.278534 -179.510666 -112.699997
v 329.177246 -179.150681 -112.699997
v 329.094025 -178.786102 -112.699997
v 329.029083 -178.417816 -112.699997
v 328.982605 -178.046753 -112.699997
v 328.954651 -177.673843 -112.699997
v 328.945312 -177.300003 -112.699997
v 328.954651 -176.926163 -112.699997
v 328.982605 -176.553238 -112.699997
v 329.029083 -176.182190 -112.699997
v 329.094025 -175.813904 -112.699997
v 329.177246 -175.449326 -112.699997
v 329.278534 -175.089340 -112.699997
v 329.397644 -174.734848 -112.699997
v 329.534241 -174.386734 -112.699997
v 329.688049 -174.045868 -112.699997
v 329.858673 -173.713089 -112.699997
v 330.045654 -173.389236 -112.699997
v 330.248535 -173.075104 -112.699997
v 330.466827 -172.771469 -112.699997
v 330.699982 -172.479095 -112.699997
v 330.947449 -172.198700 -112.699997
v 331.208557 -171.931000 -112.699997
v 331.482666 -171.676636 -112.699997
v 331.769165 -171.436264 -112.699997
v 332.067261 -171.210464 -112.699997
v 332.376221 -170.999802 -112.699997
v 332.695312 -170.804810 -112.699997
v 333.023743 -170.625961 -112.699997
v 333.360657 -170.463699 -112.699997
v 333.705261 -170.318451 -112.699997
v 334.056671 -170.190552 -112.699997
v 334.414032 -170.080322 -112.699997
v 334.776428 -169.988037 -112.699997
v 335.142975 -169.913940 -112.699997
v 335.512756 -169.858200 -112.699997
v 335.884857 -169.820969 -112.699997
v 336.258331 -169.802338 -112.699997
v 336.632294 -169.802338 -112.699997
v 337.005798 -169.820969 -112.699997
v 337.377899 -169.858200 -112.699997
v 337.747681 -169.913940 -112.699997
v 338.114227 -169.988037 -112.699997
v 338.476624 -170.080322 -112.699997
v 338.833984 -170.190552 -112.699997
v 339.185394 -170.318451 -112.699997
v 339.529968 -170.463699 -112.699997
v 339.866913 -170.625961 -112.699997
v 340.195312 -170.804810 -112.699997
v 340.514435 -170.999802 -112.699997
v 340.823395 -171.210464 -112.699997
v 341.121490 -171.436264 -112.699997
v 341.407959 -171.676636 -112.699997
v 341.682098 -171.931000 -112.699997
v 341.943207 -172.198700 -112.699997
v 342.190643 -172.479095 -112.699997
v 342.423828 -172.771469 -112.699997
v 342.642120 -173.075104 -112.699997
v 342.845001 -173.389236 -112.699997
v 343.031982 -173.713089 -112.699997
v 343.202606 -174.045868 -112.699997
v 343.356384 -174.386734 -112.699997
v 343.493011 -174.734848 -112.699997
v 343.612122 -175.089340 -112.699997
v 343.713409 -175.449326 -112.699997
v 343.796631 -175.813904 -112.699997
v 343.861542 -176.182190 -112.699997
v 343.908051 -176.553238 -112.699997
v 343.936005 -176.926163 -112.699997
v 49.169060 -190.000000 -105.369003
v 48.907948 -190.000000 -105.101295
v 49.443192 -190.000000 -105.623360
v 48.660503 -190.000000 -104.820908
v 49.729664 -190.000000 -105.863739
v 48.427341 -190.000000 -104.528534
v 50.027760 -190.000000 -106.089539
v 48.209045 -190.000000 -104.224899
v 50.336739 -190.000000 -106.300194
v 48.006157 -190.000000 -103.910767
v 50.655838 -190.000000 -106.495193
v 47.819176 -190.000000 -103.586906
v 50.984257 -190.000000 -106.674042
v 47.648571 -190.000000 -103.254128
v 51.321182 -190.000000 -106.836296
v 47.494766 -190.000000 -102.913261
v 51.665779 -190.000000 -106.981552
v 47.358143 -190.000000 -102.565147
v 52.017185 -190.000000 -107.109451
v 47.239040 -190.000000 -102.210663
v 52.374535 -190.000000 -107.219681
v 47.137756 -190.000000 -101.850677
v 52.736931 -190.000000 -107.311958
v 47.054543 -190.000000 -101.486099
v 53.103474 -190.000000 -107.386055
v 46.989605 -190.000000 -101.117821
v 53.473259 -190.000000 -107.441795
v 46.943108 -190.000000 -100.746758
v 53.845360 -190.000000 -107.479027
v 46.915161 -190.000000 -100.373840
v 54.218857 -190.000000 -107.497665
v 46.905838 -190.000000 -100.000000
v 54.592815 -190.000000 -107.497665
v 46.915161 -190.000000 -99.626160
v 54.966312 -190.000000 -107.479027
v 46.943108 -190.000000 -99.253242
v 55.338413 -190.000000 -107.441795
v 46.989605 -190.000000 -98.882179
v 55.708199 -190.000000 -107.386055
v 47.054543 -190.000000 -98.513901
v 56.074745 -190.000000 -107.311958
v 47.137756 -190.000000 -98.149323
v 56.437141 -190.000000 -107.219681
v 47.239040 -190.000000 -97.789337
v 56.794487 -190.000000 -107.109451
v 47.358143 -190.000000 -97.434853
v 57.145893 -190.000000 -106.981552
v 47.494766 -190.000000 -97.086739
v 57.490490 -190.000000 -106.836296
v 47.648571 -190.000000 -96.745872
v 57.827415 -190.000000 -106.674042
v 47.819176 -190.000000 -96.413094
v 58.155838 -190.000000 -106.495193
v 48.006157 -190.000000 -96.089233
v 58.474934 -190.000000 -106.300194
v 48.209045 -190.000000 -95.775101
v 58.783913 -190.000000 -106.089539
v 48.427341 -190.000000 -95.471466
v 59.082008 -190.000000 -105.863739
v 48.660503 -190.000000 -95.179092
v 59.368481 -190.000000 -105.623360
v 48.907948 -190.000000 -94.898705
v 59.642612 -190.000000 -105.369003
v 49.169060 -190.000000 -94.630997
v 59.903725 -190.000000 -105.101295
v 49.443192 -190.000000 -94.376640
v 60.151169 -190.000000 -104.820908
v 49.729664 -190.000000 -94.136261
v 60.384331 -190.000000 -104.528534
v 50.027760 -190.000000 -93.910461
v 60.602627 -190.000000 -104.224899
v 50.336739 -190.000000 -93.699806
v 60.805519 -190.000000 -103.910767
v 50.655838 -190.000000 -93.504807
v 61.905838 -190.000000 -100.000000
v 61.896515 -190.000000 -99.626160
v 61.868568 -190.000000 -99.253242
v 61.822067 -190.000000 -98.882179
v 61.757130 -190.000000 -98.513901
v 61.673916 -190.000000 -98.149323
v 61.572632 -190.000000 -97.789337
v 61.453533 -190.000000 -97.434853
v 61.316910 -190.000000 -97.086739
v 61.163105 -190.000000 -96.745872
v 60.992500 -190.000000 -96.413094
v 60.805519 -190.000000 -96.089233
v 60.602627 -190.000000 -95.775101
v 60.384331 -190.000000 -95.471466
v 60.151169 -190.000000 -95.179092
v 60.992500 -190.000000 -103.586906
v 59.903725 -190.000000 -94.898705
v 61.163105 -190.000000 -103.254128
v 59.642612 -190.000000 -94.630997
v 61.316910 -190.000000 -102.913261
v 61.453533 -190.000000 -102.565147
v 61.572632 -190.000000 -102.210663
v 61.673916 -190.000000 -101.850677
v 61.757130 -190.000000 -101.486099
v 61.822067 -190.000000 -101.117821
v 61.868568 -190.000000 -100.746758
v 61.896515 -190.000000 -100.373840
v 53.473259 -190.000000 -92.558205
v 53.103474 -190.000000 -92.613945
v 52.736931 -190.000000 -92.688042
v 52.374535 -190.000000 -92.780319
v 52.017185 -190.000000 -92.890549
v 51.665779 -190.000000 -93.018448
v 51.321182 -190.000000 -93.163704
v 50.984257 -190.000000 -93.325958
v 59.368481 -190.000000 -94.376640
v 59.082008 -190.000000 -94.136261
v 58.783913 -190.000000 -93.910461
v 58.474934 -190.000000 -93.699806
v 58.155838 -190.000000 -93.504807
v 57.827415 -190.000000 -93.325958
v 57.490490 -190.000000 -93.163704
v 57.145893 -190.000000 -93.018448
v 56.794487 -190.000000 -92.890549
v 56.437141 -190.000000 -92.780319
v 56.074745 -190.000000 -92.688042
v 55.708199 -190.000000 -92.613945
v 55.338413 -190.000000 -92.558205
v 54.966312 -190.000000 -92.520973
v 54.592815 -190.000000 -92.502335
v 54.218857 -190.000000 -92.502335
v 53.845360 -190.000000 -92.520973
v 82.979897 -190.000000 -53.554680
v 82.499916 -190.000000 -53.967731
v 100.438103 -190.000000 -71.905922
v 101.602982 -190.000000 -70.407249
v 100.851158 -190.000000 -71.425941
v 101.239777 -190.000000 -70.925972
v 83.998589 -190.000000 -52.802853
v 83.479866 -190.000000 -53.166061
v 85.087067 -190.000000 -52.156189
v 84.534767 -190.000000 -52.465950
v 85.654129 -190.000000 -51.874348
v 102.249649 -190.000000 -69.318764
v 102.784721 -190.000000 -68.171303
v 101.939888 -190.000000 -69.871071
v 102.531494 -190.000000 -68.751709
v 86.826836 -190.000000 -51.397137
v 86.234535 -190.000000 -51.621120
v 103.008698 -190.000000 -67.579002
v 103.202881 -190.000000 -66.976265
v 103.499977 -190.000000 -65.745529
v 103.366776 -190.000000 -66.364601
v 88.041229 -190.000000 -51.039062
v 89.285248 -190.000000 -50.803684
v 88.660301 -190.000000 -50.905861
v 87.429573 -190.000000 -51.202957
v 103.602158 -190.000000 -65.120590
v 103.673058 -190.000000 -64.491333
v 90.546516 -190.000000 -50.693336
v 89.914505 -190.000000 -50.732784
v 103.720398 -190.000000 -63.226131
v 103.696716 -190.000000 -62.593338
v 103.712502 -190.000000 -63.859322
v 91.812500 -190.000000 -50.709118
v 91.179703 -190.000000 -50.685440
v 103.641525 -190.000000 -61.962505
v 92.443329 -190.000000 -50.764309
v 103.554962 -190.000000 -61.335213
v 93.070625 -190.000000 -50.850876
v 103.437233 -190.000000 -60.713013
v 103.288643 -190.000000 -60.097454
v 103.109550 -190.000000 -59.490067
v 102.900398 -190.000000 -58.892361
v 102.661720 -190.000000 -58.305828
v 94.915771 -190.000000 -51.296291
v 96.100014 -190.000000 -51.744114
v 95.513474 -190.000000 -51.505436
v 94.308380 -190.000000 -51.117199
v 102.394104 -190.000000 -57.731915
v 96.673920 -190.000000 -52.011734
v 93.692825 -190.000000 -50.968601
v 102.098213 -190.000000 -57.172058
v 97.778191 -190.000000 -52.631058
v 97.233780 -190.000000 -52.307625
v 101.774780 -190.000000 -56.627647
v 101.048584 -190.000000 -55.590530
v 101.424614 -190.000000 -56.100033
v 100.647621 -190.000000 -55.100407
v 98.305801 -190.000000 -52.981224
v 99.305435 -190.000000 -53.758213
v 98.815308 -190.000000 -53.357254
v 99.774963 -190.000000 -54.183105
v 100.222733 -190.000000 -54.630875
v 100.438103 -177.300003 -71.905922
v 100.851158 -177.300003 -71.425941
v 101.239777 -177.300003 -70.925972
v 101.602982 -177.300003 -70.407249
v 101.939888 -177.300003 -69.871071
v 102.249649 -177.300003 -69.318764
v 102.531494 -177.300003 -68.751709
v 102.784721 -177.300003 -68.171303
v 103.008698 -177.300003 -67.579002
v 103.202881 -177.300003 -66.976265
v 103.366776 -177.300003 -66.364601
v 103.499977 -177.300003 -65.745529
v 103.602158 -177.300003 -65.120590
v 103.673058 -177.300003 -64.491333
v 103.712502 -177.300003 -63.859322
v 103.720398 -177.300003 -63.226131
v 103.696716 -177.300003 -62.593338
v 103.641525 -177.300003 -61.962505
v 103.554962 -177.300003 -61.335213
v 103.437233 -177.300003 -60.713013
v 103.288643 -177.300003 -60.097454
v 103.109550 -177.300003 -59.490067
v 102.900398 -177.300003 -58.892361
v 102.661720 -177.300003 -58.305828
v 102.394104 -177.300003 -57.731915
v 102.098213 -177.300003 -57.172058
v 101.774780 -177.300003 -56.627647
v 101.424614 -177.300003 -56.100033
v 101.048584 -177.300003 -55.590530
v 100.647621 -177.300003 -55.100407
v 100.222733 -177.300003 -54.630875
v 99.774963 -177.300003 -54.183105
v 99.305435 -177.300003 -53.758213
v 98.815308 -177.300003 -53.357254
v 98.305801 -177.300003 -52.981224
v 97.778191 -177.300003 -52.631058
v 97.233780 -177.300003 -52.307625
v 96.673920 -177.300003 -52.011734
v 96.100014 -177.300003 -51.744114
v 95.513474 -177.300003 -51.505436
v 94.915771 -177.300003 -51.296291
v 94.308380 -177.300003 -51.117199
v 93.692825 -177.300003 -50.968601
v 93.070625 -177.300003 -50.850876
v 92.443329 -177.300003 -50.764309
v 91.812500 -177.300003 -50.709118
v 91.179703 -177.300003 -50.685440
v 90.546516 -177.300003 -50.693336
v 89.914505 -177.300003 -50.732784
v 89.285248 -177.300003 -50.803684
v 88.660301 -177.300003 -50.905861
v 88.041229 -177.300003 -51.039062
v 87.429573 -177.300003 -51.202957
v 86.826836 -177.300003 -51.397137
v 86.234535 -177.300003 -51.621120
v 85.654129 -177.300003 -51.874348
v 85.087067 -177.300003 -52.156189
v 84.534767 -177.300003 -52.465950
v 83.998589 -177.300003 -52.802853
v 83.479866 -177.300003 -53.166061
v 82.979897 -177.300003 -53.554680
v 82.499916 -177.300003 -53.967731
v 186.758255 -177.300003 15.189840
v 187.310562 -177.300003 15.499599
v 186.191193 -177.300003 14.907997
v 185.610794 -177.300003 14.654770
v 185.018494 -177.300003 14.430788
v 184.415756 -177.300003 14.236609
v 183.804092 -177.300003 14.072714
v 183.185013 -177.300003 13.939512
v 182.560074 -177.300003 13.837334
v 181.930817 -177.300003 13.766434
v 181.298813 -177.300003 13.726987
v 180.665619 -177.300003 13.719093
v 180.032822 -177.300003 13.742770
v 179.401993 -177.300003 13.797961
v 178.774704 -177.300003 13.884527
v 178.152496 -177.300003 14.002254
v 177.536942 -177.300003 14.150848
v 176.929550 -177.300003 14.329941
v 176.331848 -177.300003 14.539086
v 175.745316 -177.300003 14.777765
v 175.171402 -177.300003 15.045384
v 174.611542 -177.300003 15.341277
v 174.067139 -177.300003 15.664709
v 173.539520 -177.300003 16.014875
v 173.030014 -177.300003 16.390905
v 172.539886 -177.300003 16.791864
v 172.070358 -177.300003 17.216757
v 171.622589 -177.300003 17.664526
v 171.197708 -177.300003 18.134056
v 170.796738 -177.300003 18.624182
v 170.420715 -177.300003 19.133686
v 170.070541 -177.300003 19.661299
v 169.747116 -177.300003 20.205711
v 169.451218 -177.300003 20.765568
v 169.183609 -177.300003 21.339478
v 168.944916 -177.300003 21.926014
v 168.735779 -177.300003 22.523718
v 168.556686 -177.300003 23.131104
v 168.408096 -177.300003 23.746662
v 168.290359 -177.300003 24.368862
v 168.203796 -177.300003 24.996157
v 168.148605 -177.300003 25.626987
v 168.124924 -177.300003 26.259785
v 168.132828 -177.300003 26.892975
v 168.172272 -177.300003 27.524984
v 168.243164 -177.300003 28.154242
v 168.345352 -177.300003 28.779184
v 168.478546 -177.300003 29.398254
v 168.642441 -177.300003 30.009918
v 168.836624 -177.300003 30.612650
v 169.060608 -177.300003 31.204954
v 171.407227 -177.300003 34.939571
v 170.994171 -177.300003 34.459591
v 170.605545 -177.300003 33.959621
v 170.242340 -177.300003 33.440903
v 169.905441 -177.300003 32.904724
v 169.595673 -177.300003 32.352417
v 169.313828 -177.300003 31.785358
v 189.345413 -177.300003 17.001385
v 188.865433 -177.300003 16.588329
v 188.365463 -177.300003 16.199715
v 187.846741 -177.300003 15.836503
v 61.905838 -270.000000 -100.000000
v 61.896515 -270.000000 -99.626160
v 61.868568 -270.000000 -99.253242
v 61.822067 -270.000000 -98.882179
v 61.757130 -270.000000 -98.513901
v 61.673916 -270.000000 -98.149323
v 61.572632 -270.000000 -97.789337
v 61.453533 -270.000000 -97.434853
v 61.316910 -270.000000 -97.086739
v 61.163105 -270.000000 -96.745872
v 60.992500 -270.000000 -96.413094
v 60.805519 -270.000000 -96.089233
v 60.602627 -270.000000 -95.775101
v 60.384331 -270.000000 -95.471466
v 60.151169 -270.000000 -95.179092
v 59.903725 -270.000000 -94.898705
v 59.642612 -270.000000 -94.630997
v 59.368481 -270.000000 -94.376640
v 59.082008 -270.000000 -94.136261
v 58.783913 -270.000000 -93.910461
v 58.474934 -270.000000 -93.699806
v 58.155838 -270.000000 -93.504807
v 57.827415 -270.000000 -93.325958
v 57.490490 -270.000000 -93.163704
v 57.145893 -270.000000 -93.018448
v 56.794487 -270.000000 -92.890549
v 56.437141 -270.000000 -92.780319
v 56.074745 -270.000000 -92.688042
v 55.708199 -270.000000 -92.613945
v 55.338413 -270.000000 -92.558205
v 54.966312 -270.000000 -92.520973
v 54.592815 -270.000000 -92.502335
v 54.218857 -270.000000 -92.502335
v 53.845360 -270.000000 -92.520973
v 53.473259 -270.000000 -92.558205
v 53.103474 -270.000000 -92.613945
v 52.736931 -270.000000 -92.688042
v 52.374535 -270.000000 -92.780319
v 52.017185 -270.000000 -92.890549
v 51.665779 -270.000000 -93.018448
v 51.321182 -270.000000 -93.163704
v 50.984257 -270.000000 -93.325958
v 50.655838 -270.000000 -93.504807
v 50.336739 -270.000000 -93.699806
v 50.027760 -270.000000 -93.910461
v 49.729664 -270.000000 -94.136261
v 49.443192 -270.000000 -94.376640
v 49.169060 -270.000000 -94.630997
v 48.907948 -270.000000 -94.898705
v 48.660503 -270.000000 -95.179092
v 48.427341 -270.000000 -95.471466
v 48.209045 -270.000000 -95.775101
v 48.006157 -270.000000 -96.089233
v 47.819176 -270.000000 -96.413094
v 47.648571 -270.000000 -96.745872
v 47.494766 -270.000000 -97.086739
v 47.358143 -270.000000 -97.434853
v 47.239040 -270.000000 -97.789337
v 47.137756 -270.000000 -98.149323
v 47.054543 -270.000000 -98.513901
v 46.989605 -270.000000 -98.882179
v 46.943108 -270.000000 -99.253242
v 46.915161 -270.000000 -99.626160
v 46.905838 -270.000000 -100.000000
v 46.915161 -270.000000 -100.373840
v 46.943108 -270.000000 -100.746758
v 46.989605 -270.000000 -101.117821
v 47.054543 -270.000000 -101.486099
v 47.137756 -270.000000 -101.850677
v 47.239040 -270.000000 -102.210663
v 47.358143 -270.000000 -102.565147
v 47.494766 -270.000000 -102.913261
v 47.648571 -270.000000 -103.254128
v 47.819176 -270.000000 -103.586906
v 48.006157 -270.000000 -103.910767
v 48.209045 -270.000000 -104.224899
v 48.427341 -270.000000 -104.528534
v 48.660503 -270.000000 -104.820908
v 48.907948 -270.000000 -105.101295
v 49.169060 -270.000000 -105.369003
v 49.443192 -270.000000 -105.623360
v 49.729664 -270.000000 -105.863739
v 50.027760 -270.000000 -106.089539
v 50.336739 -270.000000 -106.300194
v 50.655838 -270.000000 -106.495193
v 50.984257 -270.000000 -106.674042
v 51.321182 -270.000000 -106.836296
v 51.665779 -270.000000 -106.981552
v 52.017185 -270.000000 -107.109451
v 52.374535 -270.000000 -107.219681
v 52.736931 -270.000000 -107.311958
v 53.103474 -270.000000 -107.386055
v 53.473259 -270.000000 -107.441795
v 53.845360 -270.000000 -107.479027
v 54.218857 -270.000000 -107.497665
v 54.592815 -270.000000 -107.497665
v 54.966312 -270.000000 -107.479027
v 55.338413 -270.000000 -107.441795
v 55.708199 -270.000000 -107.386055
v 56.074745 -270.000000 -107.311958
v 56.437141 -270.000000 -107.219681
v 56.794487 -270.000000 -107.109451
v 57.145893 -270.000000 -106.981552
v 57.490490 -270.000000 -106.836296
v 57.827415 -270.000000 -106.674042
v 58.155838 -270.000000 -106.495193
v 58.474934 -270.000000 -106.300194
v 58.783913 -270.000000 -106.089539
v 59.082008 -270.000000 -105.863739
v 59.368481 -270.000000 -105.623360
v 59.642612 -270.000000 -105.369003
v 59.903725 -270.000000 -105.101295
v 60.151169 -270.000000 -104.820908
v 60.384331 -270.000000 -104.528534
v 60.602627 -270.000000 -104.224899
v 60.805519 -270.000000 -103.910767
v 60.992500 -270.000000 -103.586906
v 61.163105 -270.000000 -103.254128
v 61.316910 -270.000000 -102.913261
v 61.453533 -270.000000 -102.565147
v 61.572632 -270.000000 -102.210663
v 61.673916 -270.000000 -101.850677
v 61.757130 -270.000000 -101.486099
v 61.822067 -270.000000 -101.117821
v 61.868568 -270.000000 -100.746758
v 61.896515 -270.000000 -100.373840
vn -0.000000 1.000000 0.000000
vn 0.000000 1.000000 0.000000
vn 0.000000 1.000000 0.000000
vn -0.000000 1.000000 0.000000
vn 0.000000 1.000000 0.000000
vn -0.000000 1.000000 0.000000
vn -0.000000 1.000000 0.000000
vn 0.000000 1.000000 0.000000
vn 0.000000 1.000000 0.000000
vn -0.000000 1.000000 0.000000
vn -0.000000 1.000000 0.000000
vn 0.000000 1.000000 0.000000
vn -0.000000 1.000000 0.000000
vn 0.000000 1.000000 0.000000
vn -0.000000 1.000000 0.000000
vn 0.000000 1.000000 0.000000
vn -0.000000 1.000000 0.000000
vn 0.000000 1.000000 0.000000
vn -0.000000 1.000000 0.000000
vn 0.000000 1.000000 0.000000
vn -0.000000 1.000000 0.000000
vn 0.000000 1.000000 0.000000
vn -0.000000 1.000000 0.000000
vn 0.000000 1.000000 0.000000
vn 0.000000 1.000000 0.000000
vn -0.000000 1.000000 0.000000
vn -0.000000 1.000000 0.000000
vn 0.000000 1.000000 0.000000
vn 0.000000 1.000000 0.000000
vn -0.000000 1.000000 0.000000
vn 0.000000 1.000000 0.000000
vn -0.000000 1.000000 0.000000
vn 0.000000 1.000000 0.000000
vn -0.000000 1.000000 0.000000
vn -0.000000 1.000000 0.000000
vn 0.000000 1.000000 0.000000
vn 0.000000 1.000000 0.000000
vn 0.000000 1.000000 0.000000
vn 0.000000 1.000000 0.000000
vn 0.000000 1.000000 0.000000
vn 0.000000 1.000000 0.000000
vn 0.000000 1.000000 0.000000
vn 0.000000 1.000000 0.000000
vn 0.000000 1.000000 0.000000
vn 0.000000 1.000000 0.000000
vn 0.000000 1.000000 0.000000
vn 0.000000 1.000000 0.000000
vn 0.000000 1.000000 0.000000
vn 0.000000 1.000000 0.000000
vn 0.000000 1.000000 0.000000
vn 0.000000 1.000000 0.000000
vn 0.000000 1.000000 0.000000
vn 0.000000 1.000000 0.000000
vn 0.000000 1.000000 0.000000
vn 0.000000 1.000000 0.000000
vn 0.000000 1.000000 0.000000
vn 0.000000 1.000000 0.000000
vn 0.000000 1.000000 0.000000
vn 0.000000 1.000000 0.000000
vn 0.000000 1.000000 0.000000
vn 0.000000 1.000000 0.000000
vn 0.000000 1.000000 0.000000
vn 0.000000 1.000000 0.000000
vn 0.000000 1.000000 0.000000
vn -0.000000 1.000000 0.000000
vn -0.000000 1.000000 0.000000
vn -0.000000 1.000000 0.000000
vn -0.000000 1.000000 0.000000
vn -0.000000 1.000000 0.000000
vn -0.000000 1.000000 0.000000
vn -0.000000 1.000000 0.000000
vn -0.000000 1.000000 0.000000
vn 0.000000 1.000000 0.000000
vn 0.000000 1.000000 0.000000
vn 0.000000 1.000000 0.000000
vn 0.000000 1.000000 0.000000
vn 0.000000 1.000000 0.000000
vn -0.000000 1.000000 0.000000
vn 0.000000 1.000000 0.000000
vn -0.000000 1.000000 0.000000
vn 0.000000 1.000000 0.000000
vn -0.000000 1.000000 0.000000
vn 0.000000 1.000000 0.000000
vn -0.000000 1.000000 0.000000
vn 0.000000 1.000000 0.000000
vn -0.000000 1.000000 0.000000
vn 0.000000 1.000000 0.000000
vn -0.000000 1.000000 0.000000
vn 0.000000 1.000000 0.000000
vn -0.000000 1.000000 0.000000
vn 0.000000 1.000000 0.000000
vn -0.000000 1.000000 0.000000
vn 0.000000 1.000000 0.000000
vn -0.000000 1.000000 0.000000
vn 0.000000 1.000000 0.000000
vn -0.000000 1.000000 0.000000
vn 0.000000 1.000000 0.000000
vn -0.000000 1.000000 0.000000
vn 0.000000 1.000000 0.000000
vn -0.000000 1.000000 0.000000
vn 0.000000 1.000000 0.000000
vn -0.000000 1.000000 0.000000
vn 0.000000 1.000000 0.000000
vn -0.000000 1.000000 0.000000
vn -0.000000 1.000000 0.000000
vn -0.000000 1.000000 0.000000
vn -0.000000 1.000000 0.000000
vn -0.000000 1.000000 0.000000
vn -0.000000 1.000000 0.000000
vn -0.000000 1.000000 0.000000
vn -0.000000 1.000000 0.000000
vn 0.000000 1.000000 0.000000
vn 0.000000 1.000000 0.000000
vn 0.000000 1.000000 0.000000
vn 0.000000 1.000000 0.000000
vn 0.000000 1.000000 0.000000
vn 0.000000 1.000000 0.000000
vn 0.000000 1.000000 0.000000
vn 0.000000 1.000000 0.000000
vn 0.000000 1.000000 0.000000
vn 0.000000 1.000000 0.000000
vn 0.000000 1.000000 0.000000
vn 0.000000 1.000000 0.000000
vn -0.000000 1.000000 0.000000
vn 0.000000 1.000000 0.000000
vn 0.000000 1.000000 0.000000
vn 0.000000 1.000000 0.000000
vn 0.000000 1.000000 0.000000
vn 0.000000 1.000000 0.000000
vn 0.000000 1.000000 0.000000
vn 0.000000 1.000000 0.000000
vn 0.000000 1.000000 0.000000
vn -0.000000 1.000000 0.000000
vn 0.000000 1.000000 0.000000
vn 0.000000 1.000000 0.000000
vn 0.000000 1.000000 0.000000
vn 0.000000 1.000000 0.000000
vn 0.000000 1.000000 0.000000
vn 0.000000 1.000000 0.000000
vn 0.000000 1.000000 0.000000
vn 0.000000 1.000000 0.000000
vn 0.000000 1.000000 0.000000
vn 0.000000 1.000000 0.000000
vn 0.000000 1.000000 0.000000
vn 0.000000 1.000000 0.000000
vn 0.000000 1.000000 0.000000
vn 0.000000 1.000000 0.000000
vn 0.000000 1.000000 0.000000
vn 0.000000 1.000000 0.000000
vn 0.000000 1.000000 0.000000
vn 0.000000 1.000000 0.000000
vn 0.000000 1.000000 0.000000
vn 0.000000 1.000000 0.000000
vn 0.000000 1.000000 0.000000
vn 0.000000 1.000000 0.000000
vn 0.000000 1.000000 0.000000
vn 0.000000 1.000000 0.000000
vn 0.000000 1.000000 0.000000
vn 0.000000 1.000000 0.000000
vn 0.000000 1.000000 0.000000
vn 0.000000 1.000000 0.000000
vn 0.000000 1.000000 0.000000
vn 0.000000 1.000000 0.000000
vn 0.000000 1.000000 0.000000
vn 0.000000 1.000000 0.000000
vn 0.000000 1.000000 0.000000
vn 0.000000 1.000000 0.000000
vn 0.000000 1.000000 0.000000
vn 0.000000 1.000000 0.000000
vn 0.000000 1.000000 0.000000
vn 0.000000 1.000000 0.000000
vn 0.000000 1.000000 0.000000
vn 0.000000 1.000000 0.000000
vn 0.000000 1.000000 0.000000
vn 0.000000 1.000000 0.000000
vn 0.000000 1.000000 0.000000
vn 0.000000 1.000000 0.000000
vn 0.000000 1.000000 0.000000
vn 0.000000 1.000000 0.000000
vn 0.000000 1.000000 0.000000
vn 0.000000 1.000000 0.000000
vn 0.000000 1.000000 0.000000
vn 0.000000 1.000000 0.000000
vn 0.000000 1.000000 0.000000
vn 0.000000 1.000000 0.000000
vn 0.000000 1.000000 0.000000
vn 0.000000 1.000000 0.000000
vn 0.000000 1.000000 0.000000
vn 0.000000 1.000000 0.000000
vn 0.000000 1.000000 0.000000
vn 0.000000 1.000000 0.000000
vn 0.000000 1.000000 0.000000
vn 0.000000 1.000000 0.000000
vn 0.000000 1.000000 0.000000
vn 0.000000 1.000000 0.000000
vn 0.000000 1.000000 0.000000
vn 0.000000 1.000000 0.000000
vn 0.000000 1.000000 0.000000
vn 1.000000 -0.000000 0.000000
vn 1.000000 0.000000 0.000000
vn 0.999699 -0.000000 0.024541
vn 0.999699 0.000000 0.024541
vn 0.997291 -0.000000 0.073564
vn 0.997291 0.000000 0.073564
vn 0.992479 -0.000000 0.122414
vn 0.992479 0.000000 0.122414
vn 0.985278 -0.000000 0.170960
vn 0.985278 0.000000 0.170960
vn 0.975702 -0.000000 0.219101
vn 0.975702 0.000000 0.219101
vn 0.963776 -0.000000 0.266714
vn 0.963776 0.000000 0.266714
vn 0.949527 -0.000000 0.313684
vn 0.932995 -0.000000 0.359889
vn 0.949527 0.000000 0.313684
vn 0.932995 -0.000000 0.359889
vn 0.914210 0.000000 0.405242
vn 0.914210 -0.000000 0.405242
vn 0.893223 -0.000000 0.449613
vn 0.893223 -0.000000 0.449613
vn 0.870087 0.000000 0.492899
vn 0.870087 -0.000000 0.492899
vn 0.844855 -0.000000 0.534996
vn 0.844855 0.000000 0.534996
vn 0.817582 -0.000000 0.575812
vn 0.788347 -0.000000 0.615231
vn 0.817582 0.000000 0.575812
vn 0.757210 -0.000000 0.653172
vn 0.788347 -0.000000 0.615231
vn 0.757210 -0.000000 0.653172
vn 0.724249 -0.000000 0.689539
vn 0.724249 0.000000 0.689539
vn 0.689538 -0.000000 0.724250
vn 0.689538 0.000000 0.724250
vn 0.653175 -0.000000 0.757207
vn 0.615229 -0.000000 0.788349
vn 0.653175 0.000000 0.757207
vn 0.575808 -0.000000 0.817585
vn 0.615229 -0.000000 0.788349
vn 0.575808 -0.000000 0.817585
vn 0.534999 -0.000000 0.844853
vn 0.534999 0.000000 0.844853
vn 0.492897 -0.000000 0.870088
vn 0.492897 0.000000 0.870088
vn 0.449612 -0.000000 0.893224
vn 0.449612 0.000000 0.893224
vn 0.405244 -0.000000 0.914209
vn 0.405244 0.000000 0.914209
vn 0.359893 -0.000000 0.932994
vn 0.359893 0.000000 0.932994
vn 0.313682 -0.000000 0.949528
vn 0.266713 -0.000000 0.963776
vn 0.313682 0.000000 0.949528
vn 0.266713 -0.000000 0.963776
vn 0.219102 -0.000000 0.975702
vn 0.219102 0.000000 0.975702
vn 0.170962 -0.000000 0.985278
vn 0.122410 -0.000000 0.992480
vn 0.170962 0.000000 0.985278
vn 0.122410 -0.000000 0.992480
vn 0.073565 -0.000000 0.997290
vn 0.024541 -0.000000 0.999699
vn 0.073565 0.000000 0.997290
vn 0.024541 -0.000000 0.999699
vn 0.000000 -0.000000 -1.000000
vn 0.000000 0.000000 -1.000000
vn 0.000000 -0.000000 -1.000000
vn 0.000000 0.000000 -1.000000
vn 0.000000 -0.000000 -1.000000
vn 0.000000 0.000000 -1.000000
vn 0.000000 -0.000000 -1.000000
vn 0.000000 0.000000 -1.000000
vn 0.000000 -0.000000 -1.000000
vn 0.000000 0.000000 -1.000000
vn 0.000000 -0.000000 -1.000000
vn 0.000000 0.000000 -1.000000
vn 0.000000 -0.000000 -1.000000
vn 0.000000 0.000000 -1.000000
vn 0.000000 -0.000000 -1.000000
vn 0.000000 0.000000 -1.000000
vn 0.000000 -0.000000 -1.000000
vn 0.000000 0.000000 -1.000000
vn 0.000000 -0.000000 -1.000000
vn 0.000000 0.000000 -1.000000
vn 0.000000 -0.000000 -1.000000
vn 0.000000 0.000000 -1.000000
vn 0.000000 -0.000000 -1.000000
vn 0.000000 0.000000 -1.000000
vn 0.000000 -0.000000 -1.000000
vn 0.000000 0.000000 -1.000000
vn 0.000000 -0.000000 -1.000000
vn 0.000000 0.000000 -1.000000
vn 0.000000 -0.000000 -1.000000
vn 0.000000 0.000000 -1.000000
vn 0.000000 -0.000000 -1.000000
vn 0.000000 0.000000 -1.000000
vn 0.000000 0.000000 -1.000000
vn 0.000000 0.000000 -1.000000
vn 0.000000 0.000000 -1.000000
vn 0.000000 0.000000 -1.000000
vn 0.000000 0.000000 -1.000000
vn 0.000000 0.000000 -1.000000
vn 0.000000 0.000000 -1.000000
vn 0.000000 0.000000 -1.000000
vn 0.000000 0.000000 -1.000000
vn 0.000000 0.000000 -1.000000
vn 0.000000 0.000000 -1.000000
vn 0.000000 0.000000 -1.000000
vn 0.000000 0.000000 -1.000000
vn 0.000000 0.000000 -1.000000
vn 0.000000 0.000000 -1.000000
vn 0.000000 -0.000000 -1.000000
vn 0.000000 0.000000 -1.000000
vn 0.000000 0.000000 -1.000000
vn 0.000000 0.000000 -1.000000
vn 0.000000 0.000000 -1.000000
vn 0.000000 0.000000 -1.000000
vn 0.000000 0.000000 -1.000000
vn 0.000000 0.000000 -1.000000
vn 0.000000 0.000000 -1.000000
vn 0.000000 0.000000 -1.000000
vn 0.000000 0.000000 -1.000000
vn 0.000000 0.000000 -1.000000
vn 0.000000 0.000000 -1.000000
vn 0.000000 0.000000 -1.000000
vn 0.000000 0.000000 -1.000000
vn 0.000000 0.000000 -1.000000
vn 0.000000 0.000000 -1.000000
vn 0.000000 0.000000 -1.000000
vn 0.000000 -0.000000 -1.000000
vn 0.000000 0.000000 -1.000000
vn 0.000000 -0.000000 -1.000000
vn 0.000000 0.000000 -1.000000
vn 0.000000 -0.000000 -1.000000
vn 0.000000 0.000000 -1.000000
vn 0.000000 -0.000000 -1.000000
vn 0.000000 0.000000 -1.000000
vn 0.000000 -0.000000 -1.000000
vn 0.000000 0.000000 -1.000000
vn 0.000000 -0.000000 -1.000000
vn 0.000000 0.000000 -1.000000
vn 0.000000 -0.000000 -1.000000
vn 0.000000 0.000000 -1.000000
vn 0.000000 -0.000000 -1.000000
vn 0.000000 0.000000 -1.000000
vn 0.000000 -0.000000 -1.000000
vn 0.000000 0.000000 -1.000000
vn 0.000000 -0.000000 -1.000000
vn 0.000000 0.000000 -1.000000
vn 0.000000 -0.000000 -1.000000
vn 0.000000 0.000000 -1.000000
vn 0.000000 -0.000000 -1.000000
vn 0.000000 0.000000 -1.000000
vn 0.000000 -0.000000 -1.000000
vn 0.000000 0.000000 -1.000000
vn 0.000000 -0.000000 -1.000000
vn 0.000000 0.000000 -1.000000
vn 0.000000 -0.000000 -1.000000
vn 0.000000 -0.000000 -1.000000
vn 0.000000 0.000000 -1.000000
vn 0.000000 0.000000 -1.000000
vn 0.000000 0.000000 -1.000000
vn 0.000000 0.000000 -1.000000
vn 0.000000 0.000000 -1.000000
vn 0.000000 0.000000 -1.000000
vn 0.000000 0.000000 -1.000000
vn 0.000000 0.000000 -1.000000
vn 0.000000 0.000000 -1.000000
vn 0.000000 0.000000 -1.000000
vn 0.000000 0.000000 -1.000000
vn 0.000000 0.000000 -1.000000
vn 0.000000 0.000000 -1.000000
vn 0.000000 0.000000 -1.000000
vn 0.000000 0.000000 -1.000000
vn 0.000000 0.000000 -1.000000
vn 0.000000 0.000000 -1.000000
vn 0.000000 0.000000 -1.000000
vn 0.000000 0.000000 -1.000000
vn 0.000000 0.000000 -1.000000
vn 0.000000 0.000000 -1.000000
vn 0.000000 0.000000 -1.000000
vn 0.000000 0.000000 -1.000000
vn 0.000000 0.000000 -1.000000
vn 0.000000 0.000000 -1.000000
vn 0.000000 0.000000 -1.000000
vn 0.000000 0.000000 -1.000000
vn 0.000000 0.000000 -1.000000
vn 0.000000 0.000000 -1.000000
vn 0.000000 0.000000 -1.000000
vn 0.000000 0.000000 -1.000000
vn 0.000000 0.000000 -1.000000
vn 0.000000 0.000000 -1.000000
vn 0.000000 0.000000 -1.000000
vn 0.000000 0.000000 -1.000000
vn 0.000000 0.000000 1.000000
vn 0.000000 0.000000 1.000000
vn -1.000000 0.000000 0.000000
vn -1.000000 0.000000 0.000000
vn -0.707107 0.000000 0.707107
vn -0.707107 0.000000 0.707107
vn -0.707107 0.000000 0.707107
vn -0.707107 0.000000 0.707107
vn -0.707107 0.000000 0.707107
vn -0.707107 0.000000 0.707107
vn -0.024541 0.000000 -0.999699
vn -0.024541 -0.000000 -0.999699
vn -0.073567 0.000000 -0.997290
vn -0.073567 -0.000000 -0.997290
vn -0.122409 0.000000 -0.992480
vn -0.122409 -0.000000 -0.992480
vn -0.170962 0.000000 -0.985278
vn -0.170962 -0.000000 -0.985278
vn -0.219102 0.000000 -0.975702
vn -0.219102 -0.000000 -0.975702
vn -0.266713 0.000000 -0.963776
vn -0.266713 -0.000000 -0.963776
vn -0.313681 0.000000 -0.949528
vn -0.313681 -0.000000 -0.949528
vn -0.359895 0.000000 -0.932993
vn -0.359895 -0.000000 -0.932993
vn -0.405241 -0.000000 -0.914210
vn -0.405241 0.000000 -0.914210
vn -0.449612 0.000000 -0.893224
vn -0.449612 -0.000000 -0.893224
vn -0.492896 0.000000 -0.870088
vn -0.492896 -0.000000 -0.870088
vn -0.535000 0.000000 -0.844852
vn -0.535000 -0.000000 -0.844852
vn -0.575806 0.000000 -0.817586
vn -0.575806 -0.000000 -0.817586
vn -0.615232 0.000000 -0.788346
vn -0.615232 -0.000000 -0.788346
vn -0.653174 0.000000 -0.757208
vn -0.689537 0.000000 -0.724250
vn -0.653174 -0.000000 -0.757208
vn -0.724252 0.000000 -0.689536
vn -0.689537 0.000000 -0.724250
vn -0.724252 0.000000 -0.689536
vn -0.757209 0.000000 -0.653173
vn -0.788345 0.000000 -0.615234
vn -0.757209 -0.000000 -0.653173
vn -0.817583 0.000000 -0.575811
vn -0.788345 0.000000 -0.615234
vn -0.817583 0.000000 -0.575811
vn -0.844858 0.000000 -0.534991
vn -0.844858 -0.000000 -0.534991
vn -0.870083 0.000000 -0.492905
vn -0.870083 -0.000000 -0.492905
vn -0.893226 0.000000 -0.449608
vn -0.893226 -0.000000 -0.449608
vn -0.914211 0.000000 -0.405239
vn -0.914211 -0.000000 -0.405239
vn -0.932991 0.000000 -0.359900
vn -0.932991 -0.000000 -0.359900
vn -0.949529 0.000000 -0.313679
vn -0.949529 -0.000000 -0.313679
vn -0.963777 0.000000 -0.266711
vn -0.963777 -0.000000 -0.266711
vn -0.975703 0.000000 -0.219097
vn -0.975703 -0.000000 -0.219097
vn -0.985276 0.000000 -0.170972
vn -0.992481 0.000000 -0.122400
vn -0.985276 -0.000000 -0.170972
vn -0.992481 0.000000 -0.122400
vn -0.997290 0.000000 -0.073567
vn -0.997290 -0.000000 -0.073567
vn -0.999699 0.000000 -0.024547
vn -0.999699 -0.000000 -0.024547
vn -0.707107 0.000000 -0.707107
vn -0.707107 0.000000 -0.707107
vn 0.000000 -0.000000 -1.000000
vn 0.000000 0.000000 -1.000000
vn 0.707107 0.000000 -0.707107
vn 0.707107 0.000000 -0.707107
vn 0.707107 0.000000 -0.707107
vn 0.707107 0.000000 -0.707107
vn 0.707107 0.000000 -0.707107
vn 0.707107 0.000000 -0.707107
vn 0.999689 0.000000 -0.024931
vn 0.999689 0.000000 -0.024931
vn 0.997205 0.000000 -0.074711
vn 0.997205 0.000000 -0.074711
vn 0.992241 0.000000 -0.124328
vn 0.992241 0.000000 -0.124328
vn 0.984806 0.000000 -0.173658
vn 0.984806 0.000000 -0.173658
vn 0.974924 0.000000 -0.222540
vn 0.962632 0.000000 -0.270813
vn 0.974924 0.000000 -0.222540
vn 0.962632 0.000000 -0.270813
vn 0.947920 0.000000 -0.318507
vn 0.947920 0.000000 -0.318507
vn 0.930870 0.000000 -0.365351
vn 0.930870 0.000000 -0.365351
vn 0.911518 0.000000 -0.411261
vn 0.889868 0.000000 -0.456218
vn 0.911518 0.000000 -0.411261
vn 0.889868 0.000000 -0.456218
vn 0.866024 0.000000 -0.500002
vn 0.866024 0.000000 -0.500002
vn 0.840020 0.000000 -0.542556
vn 0.840020 0.000000 -0.542556
vn 0.811944 0.000000 -0.583735
vn 0.811944 0.000000 -0.583735
vn 0.781839 0.000000 -0.623480
vn 0.781839 0.000000 -0.623480
vn 0.749772 0.000000 -0.661697
vn 0.749772 0.000000 -0.661697
vn 0.715873 0.000000 -0.698231
vn 0.715873 0.000000 -0.698231
vn 0.680163 0.000000 -0.733061
vn 0.680163 0.000000 -0.733061
vn 0.642790 0.000000 -0.766042
vn 0.642790 0.000000 -0.766042
vn 0.603804 0.000000 -0.797133
vn 0.603804 0.000000 -0.797133
vn 0.563328 0.000000 -0.826234
vn 0.563328 0.000000 -0.826234
vn 0.521423 0.000000 -0.853298
vn 0.521423 0.000000 -0.853298
vn 0.478260 0.000000 -0.878218
vn 0.478260 0.000000 -0.878218
vn 0.433881 0.000000 -0.900970
vn 0.433881 0.000000 -0.900970
vn 0.388440 0.000000 -0.921474
vn 0.342018 0.000000 -0.939693
vn 0.388440 0.000000 -0.921474
vn 0.342018 0.000000 -0.939693
vn 0.294755 0.000000 -0.955573
vn 0.294755 0.000000 -0.955573
vn 0.246758 0.000000 -0.969077
vn 0.246758 0.000000 -0.969077
vn 0.198145 0.000000 -0.980173
vn 0.198145 0.000000 -0.980173
vn 0.149042 0.000000 -0.988831
vn 0.149042 0.000000 -0.988831
vn 0.099570 0.000000 -0.995031
vn 0.099570 0.000000 -0.995031
vn 0.049842 0.000000 -0.998757
vn 0.049842 0.000000 -0.998757
vn 0.000000 0.000000 -1.000000
vn 0.000000 0.000000 -1.000000
vn -0.049845 0.000000 -0.998757
vn -0.049845 0.000000 -0.998757
vn -0.099570 0.000000 -0.995031
vn -0.099570 0.000000 -0.995031
vn -0.149042 0.000000 -0.988831
vn -0.198145 0.000000 -0.980173
vn -0.149042 0.000000 -0.988831
vn -0.198145 0.000000 -0.980173
vn -0.246758 0.000000 -0.969077
vn -0.246758 0.000000 -0.969077
vn -0.294755 0.000000 -0.955573
vn -0.294755 0.000000 -0.955573
vn -0.342018 0.000000 -0.939693
vn -0.342018 0.000000 -0.939693
vn -0.388440 0.000000 -0.921474
vn -0.388440 0.000000 -0.921474
vn -0.433881 0.000000 -0.900970
vn -0.433881 0.000000 -0.900970
vn -0.478243 0.000000 -0.878227
vn -0.478243 0.000000 -0.878227
vn -0.521441 0.000000 -0.853287
vn -0.521441 0.000000 -0.853287
vn -0.563328 0.000000 -0.826234
vn -0.563328 0.000000 -0.826234
vn -0.603804 0.000000 -0.797133
vn -0.603804 0.000000 -0.797133
vn -0.642790 0.000000 -0.766042
vn -0.642790 0.000000 -0.766042
vn -0.680163 0.000000 -0.733061
vn -0.680163 0.000000 -0.733061
vn -0.715873 0.000000 -0.698231
vn -0.715873 0.000000 -0.698231
vn -0.749772 0.000000 -0.661697
vn -0.749772 0.000000 -0.661697
vn -0.781839 0.000000 -0.623480
vn -0.781839 0.000000 -0.623480
vn -0.811944 0.000000 -0.583735
vn -0.811944 0.000000 -0.583735
vn -0.840020 0.000000 -0.542556
vn -0.840020 0.000000 -0.542556
vn -0.866024 0.000000 -0.500002
vn -0.866024 0.000000 -0.500002
vn -0.889868 0.000000 -0.456218
vn -0.911502 0.000000 -0.411295
vn -0.889868 0.000000 -0.456218
vn -0.911502 0.000000 -0.411295
vn -0.930884 0.000000 -0.365316
vn -0.930884 0.000000 -0.365316
vn -0.947920 0.000000 -0.318507
vn -0.962632 0.000000 -0.270813
vn -0.947920 0.000000 -0.318507
vn -0.962632 0.000000 -0.270813
vn -0.974924 0.000000 -0.222540
vn -0.974924 0.000000 -0.222540
vn -0.984806 0.000000 -0.173658
vn -0.984806 0.000000 -0.173658
vn -0.992241 0.000000 -0.124328
vn -0.992241 0.000000 -0.124328
vn -0.997202 0.000000 -0.074751
vn -0.997202 0.000000 -0.074751
vn -0.999689 0.000000 -0.024931
vn -0.999689 0.000000 -0.024931
vn -0.999689 0.000000 0.024931
vn -0.999689 0.000000 0.024931
vn -0.997202 0.000000 0.074752
vn -0.997202 0.000000 0.074752
vn -0.992241 0.000000 0.124327
vn -0.992241 0.000000 0.124327
vn -0.984806 0.000000 0.173658
vn -0.984806 0.000000 0.173658
vn -0.974924 0.000000 0.222540
vn -0.974924 0.000000 0.222540
vn -0.962632 0.000000 0.270813
vn -0.962632 0.000000 0.270813
vn -0.947921 0.000000 0.318507
vn -0.947921 0.000000 0.318507
vn -0.930883 0.000000 0.365317
vn -0.930883 0.000000 0.365317
vn -0.911503 0.000000 0.411294
vn -0.911503 0.000000 0.411294
vn -0.889868 0.000000 0.456218
vn -0.889868 0.000000 0.456218
vn -0.866024 0.000000 0.500003
vn -0.866024 0.000000 0.500003
vn -0.840020 0.000000 0.542556
vn -0.840020 0.000000 0.542556
vn -0.811944 0.000000 0.583735
vn -0.811944 0.000000 0.583735
vn -0.781839 0.000000 0.623480
vn -0.781839 0.000000 0.623480
vn -0.749773 0.000000 0.661695
vn -0.749773 0.000000 0.661695
vn -0.715873 0.000000 0.698231
vn -0.715873 0.000000 0.698231
vn -0.680162 0.000000 0.733062
vn -0.680162 0.000000 0.733062
vn -0.642790 0.000000 0.766042
vn -0.642790 0.000000 0.766042
vn -0.603806 0.000000 0.797131
vn -0.603806 0.000000 0.797131
vn -0.563326 0.000000 0.826235
vn -0.563326 0.000000 0.826235
vn -0.521441 0.000000 0.853287
vn -0.521441 0.000000 0.853287
vn -0.478243 0.000000 0.878227
vn -0.433879 0.000000 0.900971
vn -0.478243 0.000000 0.878227
vn -0.433879 0.000000 0.900971
vn -0.388442 0.000000 0.921473
vn -0.342021 0.000000 0.939692
vn -0.388442 0.000000 0.921473
vn -0.342021 0.000000 0.939692
vn -0.294753 0.000000 0.955573
vn -0.294753 0.000000 0.955573
vn -0.246758 0.000000 0.969077
vn -0.246758 0.000000 0.969077
vn -0.198145 0.000000 0.980173
vn -0.198145 0.000000 0.980173
vn -0.149045 0.000000 0.988830
vn -0.149045 0.000000 0.988830
vn -0.099565 0.000000 0.995031
vn -0.099565 0.000000 0.995031
vn -0.049847 0.000000 0.998757
vn -0.049847 0.000000 0.998757
vn 0.000000 0.000000 1.000000
vn 0.000000 0.000000 1.000000
vn 0.049845 0.000000 0.998757
vn 0.049845 -0.000000 0.998757
vn 0.099565 -0.000000 0.995031
vn 0.099565 -0.000000 0.995031
vn 0.149045 -0.000000 0.988830
vn 0.149045 -0.000000 0.988830
vn 0.198145 -0.000000 0.980173
vn 0.246758 -0.000000 0.969077
vn 0.198145 -0.000000 0.980173
vn 0.246758 -0.000000 0.969077
vn 0.294753 -0.000000 0.955573
vn 0.342021 -0.000000 0.939692
vn 0.294753 0.000000 0.955573
vn 0.342021 -0.000000 0.939692
vn 0.388442 -0.000000 0.921473
vn 0.433879 -0.000000 0.900971
vn 0.388442 0.000000 0.921473
vn 0.433879 -0.000000 0.900971
vn 0.478260 -0.000000 0.878218
vn 0.478260 0.000000 0.878218
vn 0.521423 -0.000000 0.853298
vn 0.521423 0.000000 0.853298
vn 0.563326 -0.000000 0.826235
vn 0.603806 -0.000000 0.797131
vn 0.563326 0.000000 0.826235
vn 0.603806 -0.000000 0.797131
vn 0.642790 -0.000000 0.766042
vn 0.642790 0.000000 0.766042
vn 0.680162 -0.000000 0.733062
vn 0.715873 -0.000000 0.698231
vn 0.680162 0.000000 0.733062
vn 0.715873 -0.000000 0.698231
vn 0.749773 0.000000 0.661695
vn 0.749773 -0.000000 0.661695
vn 0.781839 -0.000000 0.623480
vn 0.781839 -0.000000 0.623480
vn 0.811944 0.000000 0.583735
vn 0.811944 -0.000000 0.583735
vn 0.840020 -0.000000 0.542556
vn 0.840020 -0.000000 0.542556
vn 0.866024 0.000000 0.500003
vn 0.866024 -0.000000 0.500003
vn 0.889868 -0.000000 0.456218
vn 0.889868 -0.000000 0.456218
vn 0.911518 -0.000000 0.411260
vn 0.911518 0.000000 0.411260
vn 0.930869 -0.000000 0.365352
vn 0.930869 0.000000 0.365352
vn 0.947921 -0.000000 0.318507
vn 0.947921 0.000000 0.318507
vn 0.962632 -0.000000 0.270813
vn 0.974924 -0.000000 0.222540
vn 0.962632 0.000000 0.270813
vn 0.974924 -0.000000 0.222540
vn 0.984806 -0.000000 0.173658
vn 0.984806 0.000000 0.173658
vn 0.992241 -0.000000 0.124327
vn 0.992241 0.000000 0.124327
vn 0.997205 -0.000000 0.074711
vn 0.997205 0.000000 0.074711
vn 0.999689 -0.000000 0.024931
vn 0.999689 0.000000 0.024931
vn 0.000000 -1.000000 0.000000
vn 0.000000 -1.000000 0.000000
vn 0.000000 -1.000000 0.000000
vn 0.000000 -1.000000 0.000000
vn 0.000000 -1.000000 0.000000
vn 0.000000 -1.000000 0.000000
vn 0.000000 -1.000000 0.000000
vn 0.000000 -1.000000 0.000000
vn 0.000000 -1.000000 0.000000
vn 0.000000 -1.000000 0.000000
vn 0.000000 -1.000000 0.000000
vn 0.000000 -1.000000 0.000000
vn 0.000000 -1.000000 0.000000
vn 0.000000 -1.000000 0.000000
vn 0.000000 -1.000000 0.000000
vn 0.000000 -1.000000 0.000000
vn 0.000000 -1.000000 0.000000
vn 0.000000 -1.000000 0.000000
vn 0.000000 -1.000000 0.000000
vn 0.000000 -1.000000 0.000000
vn 0.000000 -1.000000 0.000000
vn 0.000000 -1.000000 0.000000
vn 0.000000 -1.000000 0.000000
vn -0.000000 -1.000000 0.000000
vn 0.000000 -1.000000 0.000000
vn 0.000000 -1.000000 0.000000
vn 0.000000 -1.000000 0.000000
vn 0.000000 -1.000000 0.000000
vn 0.000000 -1.000000 0.000000
vn 0.000000 -1.000000 0.000000
vn 0.000000 -1.000000 0.000000
vn 0.000000 -1.000000 0.000000
vn 0.000000 -1.000000 0.000000
vn 0.000000 -1.000000 0.000000
vn -0.000000 -1.000000 0.000000
vn -0.000000 -1.000000 0.000000
vn -0.000000 -1.000000 0.000000
vn -0.000000 -1.000000 0.000000
vn 0.000000 -1.000000 0.000000
vn 0.000000 -1.000000 0.000000
vn 0.000000 -1.000000 0.000000
vn -0.000000 -1.000000 0.000000
vn 0.000000 -1.000000 0.000000
vn 0.000000 -1.000000 0.000000
vn 0.000000 -1.000000 0.000000
vn -0.000000 -1.000000 0.000000
vn -0.000000 -1.000000 0.000000
vn -0.000000 -1.000000 0.000000
vn 0.000000 -1.000000 0.000000
vn 0.000000 -1.000000 0.000000
vn -0.000000 -1.000000 0.000000
vn -0.000000 -1.000000 0.000000
vn -0.000000 -1.000000 0.000000
vn 0.000000 -1.000000 0.000000
vn -0.000000 -1.000000 0.000000
vn -0.000000 -1.000000 0.000000
vn 0.000000 -1.000000 0.000000
vn 0.000000 -1.000000 0.000000
vn 0.000000 -1.000000 0.000000
vn 0.000000 -1.000000 0.000000
vn 0.000000 -1.000000 0.000000
vn 0.000000 -1.000000 0.000000
vn 0.000000 -1.000000 0.000000
vn 0.000000 -1.000000 0.000000
vn -0.000000 -1.000000 0.000000
vn 0.000000 -1.000000 0.000000
vn 0.000000 -1.000000 0.000000
vn 0.000000 -1.000000 0.000000
vn 0.000000 -1.000000 0.000000
vn 0.000000 -1.000000 0.000000
vn 0.000000 -1.000000 0.000000
vn 0.000000 -1.000000 0.000000
vn 0.000000 -1.000000 0.000000
vn 0.000000 -1.000000 0.000000
vn 0.000000 -1.000000 0.000000
vn 0.000000 -1.000000 0.000000
vn 0.000000 -1.000000 0.000000
vn 0.000000 -1.000000 0.000000
vn -0.000000 -1.000000 0.000000
vn 0.000000 -1.000000 0.000000
vn 0.000000 -1.000000 0.000000
vn -0.000000 -1.000000 0.000000
vn 0.000000 -1.000000 0.000000
vn 0.000000 -1.000000 0.000000
vn 0.000000 -1.000000 0.000000
vn 0.000000 -1.000000 0.000000
vn 0.000000 -1.000000 0.000000
vn -0.000000 -1.000000 0.000000
vn 0.000000 -1.000000 0.000000
vn -0.000000 -1.000000 0.000000
vn 0.000000 -1.000000 0.000000
vn 0.000000 -1.000000 0.000000
vn 0.000000 -1.000000 0.000000
vn -0.000000 -1.000000 0.000000
vn 0.000000 -1.000000 0.000000
vn 0.000000 -1.000000 0.000000
vn -0.000000 -1.000000 0.000000
vn 0.000000 -1.000000 0.000000
vn 0.000000 -1.000000 0.000000
vn 0.000000 -1.000000 0.000000
vn -0.000000 -1.000000 0.000000
vn 0.000000 -1.000000 0.000000
vn 0.000000 -1.000000 0.000000
vn 0.000000 -1.000000 0.000000
vn 0.000000 -1.000000 0.000000
vn -0.000000 -1.000000 0.000000
vn 0.000000 -1.000000 0.000000
vn 0.000000 -1.000000 0.000000
vn 0.000000 -1.000000 0.000000
vn -0.000000 -1.000000 0.000000
vn 0.000000 -1.000000 0.000000
vn 0.000000 -1.000000 0.000000
vn 0.000000 -1.000000 0.000000
vn 0.000000 -1.000000 0.000000
vn -0.000000 -1.000000 0.000000
vn 0.000000 -1.000000 0.000000
vn 0.000000 -1.000000 0.000000
vn -0.000000 -1.000000 0.000000
vn 0.000000 -1.000000 0.000000
vn 0.000000 -1.000000 0.000000
vn 0.000000 -1.000000 0.000000
vn 0.000000 -1.000000 0.000000
vn -0.000000 -1.000000 0.000000
vn 0.000000 -1.000000 0.000000
vn 0.000000 -1.000000 0.000000
vn 0.000000 -1.000000 0.000000
vn -0.000000 -1.000000 0.000000
vn 0.000000 -1.000000 0.000000
vn 0.000000 -1.000000 0.000000
vn 0.000000 -1.000000 0.000000
vn 0.000000 -1.000000 0.000000
vn -0.000000 -1.000000 0.000000
vn 0.999690 -0.024890 0.000000
vn 0.999690 -0.024890 0.000000
vn 0.997202 -0.074752 0.000000
vn 0.997202 -0.074752 0.000000
vn 0.992236 -0.124366 0.000000
vn 0.992236 -0.124366 0.000000
vn 0.984820 -0.173576 0.000000
vn 0.984820 -0.173576 0.000000
vn 0.974923 -0.222543 0.000000
vn 0.962622 -0.270850 0.000000
vn 0.974923 -0.222543 0.000000
vn 0.962622 -0.270850 0.000000
vn 0.947922 -0.318504 0.000000
vn 0.947922 -0.318504 0.000000
vn 0.930866 -0.365361 0.000000
vn 0.930866 -0.365361 0.000000
vn 0.911532 -0.411228 0.000000
vn 0.889852 -0.456249 0.000000
vn 0.911532 -0.411228 0.000000
vn 0.889852 -0.456249 0.000000
vn 0.866030 -0.499992 0.000000
vn 0.866030 -0.499992 0.000000
vn 0.840035 -0.542532 0.000000
vn 0.840035 -0.542532 0.000000
vn 0.811946 -0.583733 0.000000
vn 0.811946 -0.583733 0.000000
vn 0.781799 -0.623530 0.000000
vn 0.781799 -0.623530 0.000000
vn 0.749782 -0.661685 0.000000
vn 0.749782 -0.661685 0.000000
vn 0.715885 -0.698218 0.000000
vn 0.715885 -0.698218 0.000000
vn 0.680151 -0.733072 0.000000
vn 0.680151 -0.733072 0.000000
vn 0.642805 -0.766030 0.000000
vn 0.642805 -0.766030 0.000000
vn 0.603806 -0.797131 0.000000
vn 0.603806 -0.797131 0.000000
vn 0.563324 -0.826236 0.000000
vn 0.563324 -0.826236 0.000000
vn 0.521427 -0.853296 0.000000
vn 0.521427 -0.853296 0.000000
vn 0.478277 -0.878209 0.000000
vn 0.478277 -0.878209 0.000000
vn 0.433846 -0.900987 0.000000
vn 0.433846 -0.900987 0.000000
vn 0.388466 -0.921463 0.000000
vn 0.342012 -0.939696 0.000000
vn 0.388466 -0.921463 0.000000
vn 0.342012 -0.939696 0.000000
vn 0.294751 -0.955574 0.000000
vn 0.294751 -0.955574 0.000000
vn 0.246739 -0.969082 0.000000
vn 0.246739 -0.969082 0.000000
vn 0.198179 -0.980166 0.000000
vn 0.198179 -0.980166 0.000000
vn 0.149015 -0.988835 0.000000
vn 0.149015 -0.988835 0.000000
vn 0.099560 -0.995031 0.000000
vn 0.099560 -0.995031 0.000000
vn 0.049860 -0.998756 0.000000
vn 0.049860 -0.998756 0.000000
vn 0.000000 -1.000000 0.000000
vn -0.000000 -1.000000 -0.000000
vn -0.049864 -0.998756 0.000000
vn -0.049864 -0.998756 -0.000000
vn -0.099560 -0.995031 0.000000
vn -0.099560 -0.995031 -0.000000
vn -0.149015 -0.988835 0.000000
vn -0.198179 -0.980166 0.000000
vn -0.149015 -0.988835 -0.000000
vn -0.198179 -0.980166 0.000000
vn -0.246739 -0.969082 -0.000000
vn -0.246739 -0.969082 0.000000
vn -0.294751 -0.955574 -0.000000
vn -0.294751 -0.955574 0.000000
vn -0.342012 -0.939696 -0.000000
vn -0.342012 -0.939696 0.000000
vn -0.388436 -0.921476 -0.000000
vn -0.388436 -0.921476 0.000000
vn -0.433878 -0.900972 -0.000000
vn -0.433878 -0.900972 0.000000
vn -0.478243 -0.878227 -0.000000
vn -0.478243 -0.878227 0.000000
vn -0.521463 -0.853274 0.000000
vn -0.521463 -0.853274 0.000000
vn -0.563324 -0.826236 -0.000000
vn -0.563324 -0.826236 0.000000
vn -0.603806 -0.797131 0.000000
vn -0.603806 -0.797131 0.000000
vn -0.642765 -0.766063 -0.000000
vn -0.642765 -0.766063 0.000000
vn -0.680191 -0.733035 0.000000
vn -0.680191 -0.733035 0.000000
vn -0.715885 -0.698218 0.000000
vn -0.715885 -0.698218 0.000000
vn -0.749741 -0.661731 0.000000
vn -0.749741 -0.661731 -0.000000
vn -0.781839 -0.623480 0.000000
vn -0.781839 -0.623480 -0.000000
vn -0.811946 -0.583733 0.000000
vn -0.811946 -0.583733 -0.000000
vn -0.840035 -0.542532 0.000000
vn -0.840035 -0.542532 -0.000000
vn -0.866030 -0.499992 0.000000
vn -0.866030 -0.499992 -0.000000
vn -0.889852 -0.456249 0.000000
vn -0.911502 -0.411296 0.000000
vn -0.889852 -0.456249 -0.000000
vn -0.911502 -0.411296 0.000000
vn -0.930894 -0.365290 0.000000
vn -0.930894 -0.365290 -0.000000
vn -0.947922 -0.318504 0.000000
vn -0.962622 -0.270850 0.000000
vn -0.947922 -0.318504 -0.000000
vn -0.962622 -0.270850 0.000000
vn -0.974923 -0.222543 0.000000
vn -0.974923 -0.222543 -0.000000
vn -0.984807 -0.173655 0.000000
vn -0.984807 -0.173655 -0.000000
vn -0.992246 -0.124286 0.000000
vn -0.992246 -0.124286 -0.000000
vn -0.997202 -0.074752 -0.000000
vn -0.997202 -0.074752 0.000000
vn -0.999688 -0.024972 -0.000000
vn -0.999688 -0.024972 0.000000
vn -0.999688 0.024972 0.000000
vn -0.999688 0.024972 0.000000
vn -0.997202 0.074749 0.000000
vn -0.997202 0.074749 0.000000
vn -0.992246 0.124291 0.000000
vn -0.992246 0.124291 0.000000
vn -0.984807 0.173655 0.000000
vn -0.984807 0.173655 0.000000
vn -0.974923 0.222543 0.000000
vn -0.974923 0.222543 0.000000
vn -0.962622 0.270850 0.000000
vn -0.962622 0.270850 0.000000
vn -0.947922 0.318504 0.000000
vn -0.947922 0.318504 0.000000
vn -0.930899 0.365276 0.000000
vn -0.930899 0.365276 0.000000
vn -0.911502 0.411296 0.000000
vn -0.911502 0.411296 0.000000
vn -0.889852 0.456249 0.000000
vn -0.889852 0.456249 0.000000
vn -0.866020 0.500010 0.000000
vn -0.866020 0.500010 0.000000
vn -0.840035 0.542532 0.000000
vn -0.840035 0.542532 0.000000
vn -0.811946 0.583733 0.000000
vn -0.811946 0.583733 0.000000
vn -0.781839 0.623480 0.000000
vn -0.781839 0.623480 0.000000
vn -0.749759 0.661711 0.000000
vn -0.749759 0.661711 0.000000
vn -0.715865 0.698238 0.000000
vn -0.715865 0.698238 0.000000
vn -0.680213 0.733014 0.000000
vn -0.680213 0.733014 0.000000
vn -0.642741 0.766083 0.000000
vn -0.642741 0.766083 0.000000
vn -0.603806 0.797131 0.000000
vn -0.603806 0.797131 0.000000
vn -0.563352 0.826217 0.000000
vn -0.563352 0.826217 0.000000
vn -0.521434 0.853292 0.000000
vn -0.521434 0.853292 0.000000
vn -0.478243 0.878227 0.000000
vn -0.433911 0.900956 0.000000
vn -0.478243 0.878227 0.000000
vn -0.433911 0.900956 0.000000
vn -0.388402 0.921490 0.000000
vn -0.342012 0.939696 0.000000
vn -0.388402 0.921490 0.000000
vn -0.342012 0.939696 0.000000
vn -0.294751 0.955574 0.000000
vn -0.294751 0.955574 0.000000
vn -0.246777 0.969072 0.000000
vn -0.246777 0.969072 0.000000
vn -0.198140 0.980174 0.000000
vn -0.198140 0.980174 0.000000
vn -0.149055 0.988829 0.000000
vn -0.149055 0.988829 0.000000
vn -0.099560 0.995031 0.000000
vn -0.099560 0.995031 0.000000
vn -0.049824 0.998758 0.000000
vn -0.049824 0.998758 0.000000
vn -0.000000 1.000000 0.000000
vn 0.000000 1.000000 0.000000
vn 0.049820 0.998758 0.000000
vn 0.049820 0.998758 0.000000
vn 0.099560 0.995031 -0.000000
vn 0.099560 0.995031 0.000000
vn 0.149055 0.988829 -0.000000
vn 0.149055 0.988829 0.000000
vn 0.198140 0.980174 -0.000000
vn 0.246777 0.969072 -0.000000
vn 0.198140 0.980174 0.000000
vn 0.246777 0.969072 0.000000
vn 0.294751 0.955574 0.000000
vn 0.342012 0.939696 -0.000000
vn 0.294751 0.955574 0.000000
vn 0.342012 0.939696 0.000000
vn 0.388431 0.921478 0.000000
vn 0.433879 0.900971 -0.000000
vn 0.388431 0.921478 0.000000
vn 0.433879 0.900971 0.000000
vn 0.478277 0.878209 0.000000
vn 0.478277 0.878209 0.000000
vn 0.521397 0.853314 0.000000
vn 0.521397 0.853314 0.000000
vn 0.563352 0.826217 0.000000
vn 0.603806 0.797131 -0.000000
vn 0.563352 0.826217 0.000000
vn 0.603806 0.797131 0.000000
vn 0.642781 0.766050 0.000000
vn 0.642781 0.766050 0.000000
vn 0.680172 0.733052 0.000000
vn 0.715865 0.698238 -0.000000
vn 0.680172 0.733052 0.000000
vn 0.715865 0.698238 0.000000
vn 0.749800 0.661665 0.000000
vn 0.749800 0.661665 0.000000
vn 0.781799 0.623530 -0.000000
vn 0.781799 0.623530 0.000000
vn 0.811946 0.583733 0.000000
vn 0.811946 0.583733 0.000000
vn 0.840035 0.542532 -0.000000
vn 0.840035 0.542532 0.000000
vn 0.866020 0.500010 0.000000
vn 0.866020 0.500010 0.000000
vn 0.889852 0.456249 -0.000000
vn 0.889852 0.456249 0.000000
vn 0.911532 0.411228 0.000000
vn 0.911532 0.411228 0.000000
vn 0.930871 0.365347 0.000000
vn 0.930871 0.365347 0.000000
vn 0.947922 0.318504 0.000000
vn 0.947922 0.318504 0.000000
vn 0.962622 0.270850 0.000000
vn 0.974923 0.222543 -0.000000
vn 0.962622 0.270850 0.000000
vn 0.974923 0.222543 0.000000
vn 0.984820 0.173576 0.000000
vn 0.984820 0.173576 0.000000
vn 0.992236 0.124371 0.000000
vn 0.992236 0.124371 0.000000
vn 0.997202 0.074749 0.000000
vn 0.997202 0.074749 0.000000
vn 0.999690 0.024890 0.000000
vn 0.999690 0.024890 0.000000
vn 0.000000 -1.000000 0.000000
vn 0.000000 -1.000000 0.000000
vn 0.000000 -1.000000 0.000000
vn 0.000000 -1.000000 0.000000
vn 0.000000 -1.000000 0.000000
vn 0.000000 -1.000000 0.000000
vn 0.000000 -1.000000 0.000000
vn 0.000000 -1.000000 0.000000
vn 0.000000 -1.000000 0.000000
vn 0.000000 -1.000000 0.000000
vn 0.000000 -1.000000 0.000000
vn 0.000000 -1.000000 0.000000
vn 0.000000 -1.000000 0.000000
vn 0.000000 -1.000000 0.000000
vn 0.000000 -1.000000 0.000000
vn 0.000000 -1.000000 0.000000
vn 0.000000 -1.000000 0.000000
vn 0.000000 -1.000000 0.000000
vn 0.000000 -1.000000 0.000000
vn 0.000000 -1.000000 0.000000
vn 0.000000 -1.000000 0.000000
vn 0.000000 -1.000000 0.000000
vn 0.000000 -1.000000 0.000000
vn 0.000000 -1.000000 0.000000
vn 0.000000 -1.000000 0.000000
vn 0.000000 -1.000000 0.000000
vn 0.000000 -1.000000 0.000000
vn 0.000000 -1.000000 0.000000
vn 0.000000 -1.000000 0.000000
vn 0.000000 -1.000000 0.000000
vn 0.000000 -1.000000 0.000000
vn 0.000000 -1.000000 0.000000
vn 0.000000 -1.000000 0.000000
vn 0.000000 -1.000000 0.000000
vn 0.000000 -1.000000 0.000000
vn -0.000000 -1.000000 0.000000
vn 0.000000 -1.000000 0.000000
vn -0.000000 -1.000000 0.000000
vn 0.000000 -1.000000 0.000000
vn -0.000000 -1.000000 0.000000
vn 0.000000 -1.000000 0.000000
vn -0.000000 -1.000000 0.000000
vn 0.000000 -1.000000 0.000000
vn -0.000000 -1.000000 0.000000
vn 0.000000 -1.000000 0.000000
vn -0.000000 -1.000000 0.000000
vn 0.000000 -1.000000 0.000000
vn -0.000000 -1.000000 0.000000
vn 0.000000 -1.000000 0.000000
vn -0.000000 -1.000000 0.000000
vn 0.000000 -1.000000 0.000000
vn -0.000000 -1.000000 0.000000
vn 0.000000 -1.000000 0.000000
vn -0.000000 -1.000000 0.000000
vn 0.000000 -1.000000 0.000000
vn -0.000000 -1.000000 0.000000
vn 0.000000 -1.000000 0.000000
vn -0.000000 -1.000000 0.000000
vn 0.000000 -1.000000 0.000000
vn -0.000000 -1.000000 0.000000
vn 0.000000 -1.000000 0.000000
vn -0.000000 -1.000000 0.000000
vn 0.000000 -1.000000 0.000000
vn -0.000000 -1.000000 0.000000
vn 0.000000 -1.000000 0.000000
vn -0.000000 -1.000000 0.000000
vn 0.000000 -1.000000 0.000000
vn -0.000000 -1.000000 0.000000
vn 0.000000 -1.000000 0.000000
vn -0.000000 -1.000000 0.000000
vn 0.000000 -1.000000 0.000000
vn -0.000000 -1.000000 0.000000
vn 0.000000 -1.000000 0.000000
vn -0.000000 -1.000000 0.000000
vn 0.000000 -1.000000 0.000000
vn 0.000000 -1.000000 0.000000
vn 0.000000 -1.000000 0.000000
vn 0.000000 -1.000000 0.000000
vn 0.000000 -1.000000 0.000000
vn 0.000000 -1.000000 0.000000
vn 0.000000 -1.000000 0.000000
vn 0.000000 -1.000000 0.000000
vn 0.000000 -1.000000 0.000000
vn 0.000000 -1.000000 0.000000
vn 0.000000 -1.000000 0.000000
vn 0.000000 -1.000000 0.000000
vn 0.000000 -1.000000 0.000000
vn 0.000000 -1.000000 0.000000
vn 0.000000 -1.000000 0.000000
vn 0.000000 -1.000000 0.000000
vn 0.000000 -1.000000 0.000000
vn 0.000000 -1.000000 0.000000
vn 0.000000 -1.000000 0.000000
vn 0.000000 -1.000000 0.000000
vn 0.000000 -1.000000 0.000000
vn 0.000000 -1.000000 0.000000
vn 0.000000 -1.000000 0.000000
vn 0.000000 -1.000000 0.000000
vn 0.000000 -1.000000 0.000000
vn 0.000000 -1.000000 0.000000
vn 0.000000 -1.000000 0.000000
vn 0.000000 -1.000000 0.000000
vn -0.000000 -1.000000 0.000000
vn -0.000000 -1.000000 0.000000
vn -0.000000 -1.000000 0.000000
vn -0.000000 -1.000000 0.000000
vn -0.000000 -1.000000 0.000000
vn -0.000000 -1.000000 0.000000
vn -0.000000 -1.000000 0.000000
vn -0.000000 -1.000000 0.000000
vn -0.000000 -1.000000 0.000000
vn 0.000000 -1.000000 0.000000
vn 0.000000 -1.000000 0.000000
vn 0.000000 -1.000000 0.000000
vn 0.000000 -1.000000 0.000000
vn 0.000000 -1.000000 0.000000
vn 0.000000 -1.000000 0.000000
vn 0.000000 -1.000000 0.000000
vn 0.000000 -1.000000 0.000000
vn 0.000000 -1.000000 0.000000
vn 0.000000 -1.000000 0.000000
vn -0.000000 -1.000000 0.000000
vn 0.000000 -1.000000 0.000000
vn 0.000000 -1.000000 0.000000
vn 0.000000 -1.000000 0.000000
vn 0.000000 -1.000000 0.000000
vn 0.000000 -1.000000 0.000000
vn 0.000000 -1.000000 0.000000
vn -0.000000 -1.000000 0.000000
vn -0.000000 -1.000000 0.000000
vn 0.000000 -1.000000 0.000000
vn -0.000000 -1.000000 0.000000
vn -0.000000 -1.000000 0.000000
vn -0.000000 -1.000000 0.000000
vn 0.000000 -1.000000 0.000000
vn 0.000000 -1.000000 0.000000
vn 0.000000 -1.000000 0.000000
vn 0.000000 -1.000000 0.000000
vn 0.000000 -1.000000 0.000000
vn -0.000000 -1.000000 0.000000
vn -0.000000 -1.000000 0.000000
vn 0.000000 -1.000000 0.000000
vn 0.000000 -1.000000 0.000000
vn -0.000000 -1.000000 0.000000
vn -0.000000 -1.000000 0.000000
vn -0.000000 -1.000000 0.000000
vn -0.000000 -1.000000 0.000000
vn -0.000000 -1.000000 0.000000
vn 0.000000 -1.000000 0.000000
vn 0.000000 -1.000000 0.000000
vn -0.000000 -1.000000 0.000000
vn 0.000000 -1.000000 0.000000
vn 0.000000 -1.000000 0.000000
vn -0.000000 -1.000000 0.000000
vn 0.000000 -1.000000 0.000000
vn 0.000000 -1.000000 0.000000
vn -0.000000 -1.000000 0.000000
vn 0.000000 -1.000000 0.000000
vn 0.000000 -1.000000 0.000000
vn 0.000000 -1.000000 0.000000
vn -0.000000 -1.000000 -0.000000
vn 0.000000 -1.000000 0.000000
vn -0.000000 -1.000000 -0.000000
vn 0.000000 -1.000000 0.000000
vn -0.000000 -1.000000 0.000000
vn 0.000000 -1.000000 0.000000
vn -0.000000 -1.000000 0.000000
vn -0.000000 -1.000000 -0.000000
vn 0.000000 -1.000000 0.000000
vn -0.000000 -1.000000 -0.000000
vn -0.000000 -1.000000 -0.000000
vn 0.000000 -1.000000 0.000000
vn 0.000000 -1.000000 0.000000
vn -0.000000 -1.000000 -0.000000
vn -0.000000 -1.000000 -0.000000
vn 0.000000 -1.000000 0.000000
vn 0.000000 -1.000000 0.000000
vn -0.000000 -1.000000 -0.000000
vn 0.000000 -1.000000 0.000000
vn 0.000000 -1.000000 0.000000
vn 0.000000 -1.000000 0.000000
vn -0.000000 -1.000000 -0.000000
vn -0.000000 -1.000000 -0.000000
vn -0.000000 -1.000000 -0.000000
vn -0.000000 -1.000000 -0.000000
vn 0.000000 -1.000000 0.000000
vn 0.000000 -1.000000 0.000000
vn 0.000000 -1.000000 0.000000
vn -0.000000 -1.000000 -0.000000
vn 0.000000 -1.000000 0.000000
vn 0.000000 -1.000000 0.000000
vn -0.000000 -1.000000 -0.000000
vn 0.724514 0.000000 -0.689260
vn 0.724514 0.000000 -0.689260
vn 0.757973 0.000000 -0.652286
vn 0.757973 0.000000 -0.652286
vn 0.789541 0.000000 -0.613698
vn 0.819158 0.000000 -0.573567
vn 0.789541 0.000000 -0.613698
vn 0.819158 0.000000 -0.573567
vn 0.846722 0.000000 -0.532036
vn 0.846722 0.000000 -0.532036
vn 0.872190 0.000000 -0.489167
vn 0.872190 0.000000 -0.489167
vn 0.895487 0.000000 -0.445087
vn 0.895487 0.000000 -0.445087
vn 0.916563 0.000000 -0.399890
vn 0.916563 0.000000 -0.399890
vn 0.935358 0.000000 -0.353702
vn 0.935358 0.000000 -0.353702
vn 0.951823 0.000000 -0.306648
vn 0.951823 0.000000 -0.306648
vn 0.965926 0.000000 -0.258819
vn 0.977626 0.000000 -0.210349
vn 0.965926 0.000000 -0.258819
vn 0.977626 0.000000 -0.210349
vn 0.986895 0.000000 -0.161362
vn 0.986895 0.000000 -0.161362
vn 0.993712 0.000000 -0.111964
vn 0.993712 0.000000 -0.111964
vn 0.998058 0.000000 -0.062289
vn 0.998058 0.000000 -0.062289
vn 0.999922 0.000000 -0.012470
vn 0.999922 0.000000 -0.012470
vn 0.999300 0.000000 0.037398
vn 0.999300 0.000000 0.037398
vn 0.996195 0.000000 0.087156
vn 0.996195 0.000000 0.087156
vn 0.990613 0.000000 0.136699
vn 0.990613 0.000000 0.136699
vn 0.982566 0.000000 0.185916
vn 0.982566 0.000000 0.185916
vn 0.972080 0.000000 0.234651
vn 0.972080 0.000000 0.234651
vn 0.959173 0.000000 0.282819
vn 0.959173 0.000000 0.282819
vn 0.943880 -0.000000 0.330287
vn 0.943880 0.000000 0.330287
vn 0.926247 0.000000 0.376918
vn 0.926247 0.000000 0.376918
vn 0.906310 0.000000 0.422613
vn 0.884117 -0.000000 0.467266
vn 0.906310 0.000000 0.422613
vn 0.884117 0.000000 0.467266
vn 0.859724 0.000000 0.510759
vn 0.859724 0.000000 0.510759
vn 0.833198 0.000000 0.552975
vn 0.833198 0.000000 0.552975
vn 0.804598 0.000000 0.593820
vn 0.804598 0.000000 0.593820
vn 0.773994 0.000000 0.633193
vn 0.741478 -0.000000 0.670977
vn 0.773994 0.000000 0.633193
vn 0.707107 -0.000000 0.707107
vn 0.741478 0.000000 0.670977
vn 0.707107 0.000000 0.707107
vn 0.670984 0.000000 0.741472
vn 0.633186 -0.000000 0.773999
vn 0.670984 0.000000 0.741472
vn 0.633186 0.000000 0.773999
vn 0.593817 0.000000 0.804600
vn 0.593817 0.000000 0.804600
vn 0.552978 0.000000 0.833196
vn 0.552978 0.000000 0.833196
vn 0.510759 0.000000 0.859724
vn 0.510759 0.000000 0.859724
vn 0.467264 0.000000 0.884118
vn 0.422623 -0.000000 0.906306
vn 0.467264 0.000000 0.884118
vn 0.422623 0.000000 0.906306
vn 0.376914 0.000000 0.926248
vn 0.376914 0.000000 0.926248
vn 0.330278 0.000000 0.943883
vn 0.282817 -0.000000 0.959174
vn 0.330278 0.000000 0.943883
vn 0.234664 -0.000000 0.972077
vn 0.282817 0.000000 0.959174
vn 0.234664 0.000000 0.972077
vn 0.185910 0.000000 0.982567
vn 0.185910 0.000000 0.982567
vn 0.136704 0.000000 0.990612
vn 0.136704 0.000000 0.990612
vn 0.087157 -0.000000 0.996195
vn 0.087157 0.000000 0.996195
vn 0.037392 0.000000 0.999301
vn 0.037392 0.000000 0.999301
vn -0.012470 0.000000 0.999922
vn -0.012470 0.000000 0.999922
vn -0.062295 0.000000 0.998058
vn -0.062295 0.000000 0.998058
vn -0.111964 0.000000 0.993712
vn -0.111964 0.000000 0.993712
vn -0.161354 0.000000 0.986897
vn -0.161354 0.000000 0.986897
vn -0.210349 0.000000 0.977626
vn -0.210349 0.000000 0.977626
vn -0.258822 0.000000 0.965925
vn -0.258822 0.000000 0.965925
vn -0.306642 0.000000 0.951825
vn -0.306642 0.000000 0.951825
vn -0.353713 0.000000 0.935354
vn -0.353713 0.000000 0.935354
vn -0.399890 0.000000 0.916563
vn -0.399890 0.000000 0.916563
vn -0.445077 0.000000 0.895492
vn -0.489172 0.000000 0.872187
vn -0.445077 0.000000 0.895492
vn -0.489172 0.000000 0.872187
vn -0.532031 0.000000 0.846725
vn -0.573571 0.000000 0.819155
vn -0.532031 0.000000 0.846725
vn -0.613698 0.000000 0.789541
vn -0.573571 0.000000 0.819155
vn -0.613698 0.000000 0.789541
vn -0.652283 0.000000 0.757976
vn -0.652283 0.000000 0.757976
vn -0.689257 0.000000 0.724516
vn -0.689257 0.000000 0.724516
vn 0.000000 -1.000000 0.000000
vn 0.000000 -1.000000 -0.000000
vn 0.000000 -1.000000 0.000000
vn 0.000000 -1.000000 0.000000
vn 0.000000 -1.000000 -0.000000
vn 0.000000 -1.000000 0.000000
vn 0.000000 -1.000000 0.000000
vn 0.000000 -1.000000 0.000000
vn 0.000000 -1.000000 -0.000000
vn 0.000000 -1.000000 0.000000
vn 0.000000 -1.000000 0.000000
vn 0.000000 -1.000000 0.000000
vn 0.000000 -1.000000 -0.000000
vn 0.000000 -1.000000 0.000000
vn 0.000000 -1.000000 0.000000
vn 0.000000 -1.000000 0.000000
vn 0.000000 -1.000000 -0.000000
vn 0.000000 -1.000000 0.000000
vn 0.000000 -1.000000 0.000000
vn 0.000000 -1.000000 0.000000
vn 0.000000 -1.000000 0.000000
vn 0.000000 -1.000000 -0.000000
vn 0.000000 -1.000000 0.000000
vn 0.000000 -1.000000 0.000000
vn 0.000000 -1.000000 0.000000
vn 0.000000 -1.000000 -0.000000
vn 0.000000 -1.000000 0.000000
vn 0.000000 -1.000000 0.000000
vn 0.000000 -1.000000 -0.000000
vn 0.000000 -1.000000 0.000000
vn 0.000000 -1.000000 0.000000
vn 0.000000 -1.000000 -0.000000
vn 0.000000 -1.000000 0.000000
vn 0.000000 -1.000000 0.000000
vn 0.000000 -1.000000 0.000000
vn 0.000000 -1.000000 -0.000000
vn 0.000000 -1.000000 0.000000
vn 0.000000 -1.000000 0.000000
vn 0.000000 -1.000000 0.000000
vn 0.000000 -1.000000 0.000000
vn 0.000000 -1.000000 -0.000000
vn 0.000000 -1.000000 0.000000
vn 0.000000 -1.000000 0.000000
vn 0.000000 -1.000000 -0.000000
vn 0.000000 -1.000000 0.000000
vn 0.000000 -1.000000 0.000000
vn 0.000000 -1.000000 0.000000
vn 0.000000 -1.000000 0.000000
vn 0.000000 -1.000000 0.000000
vn 0.000000 -1.000000 0.000000
vn 0.000000 -1.000000 -0.000000
vn 0.000000 -1.000000 0.000000
vn 0.000000 -1.000000 0.000000
vn -0.000000 -1.000000 0.000000
vn 0.000000 -1.000000 -0.000000
vn 0.000000 -1.000000 0.000000
vn -0.000000 -1.000000 0.000000
vn 0.000000 -1.000000 0.000000
vn 0.000000 -1.000000 -0.000000
vn 0.000000 -1.000000 0.000000
vn 0.000000 -1.000000 0.000000
vn -0.000000 -1.000000 0.000000
vn 0.000000 -1.000000 -0.000000
vn 0.000000 -1.000000 0.000000
vn -0.000000 -1.000000 0.000000
vn 0.000000 -1.000000 -0.000000
vn 0.000000 -1.000000 0.000000
vn -0.000000 -1.000000 0.000000
vn 0.000000 -1.000000 0.000000
vn 0.000000 -1.000000 -0.000000
vn 0.000000 -1.000000 0.000000
vn 0.000000 -1.000000 0.000000
vn -0.000000 -1.000000 0.000000
vn 0.000000 -1.000000 -0.000000
vn 0.000000 -1.000000 0.000000
vn 0.000000 -1.000000 0.000000
vn -0.000000 -1.000000 0.000000
vn 0.000000 -1.000000 0.000000
vn 0.000000 -1.000000 0.000000
vn -0.000000 -1.000000 0.000000
vn 0.000000 -1.000000 -0.000000
vn 0.000000 -1.000000 0.000000
vn 0.000000 -1.000000 0.000000
vn -0.000000 -1.000000 0.000000
vn 0.000000 -1.000000 -0.000000
vn 0.000000 -1.000000 0.000000
vn 0.000000 -1.000000 0.000000
vn -0.000000 -1.000000 0.000000
vn 0.000000 -1.000000 -0.000000
vn 0.000000 -1.000000 0.000000
vn -0.000000 -1.000000 0.000000
vn 0.000000 -1.000000 0.000000
vn 0.000000 -1.000000 -0.000000
vn 0.000000 -1.000000 0.000000
vn -0.000000 -1.000000 0.000000
vn 0.000000 -1.000000 0.000000
vn 0.000000 -1.000000 -0.000000
vn 0.000000 -1.000000 0.000000
vn -0.000000 -1.000000 0.000000
vn 0.000000 -1.000000 0.000000
vn -0.000000 -1.000000 0.000000
vn 0.000000 -1.000000 0.000000
vn -0.000000 -1.000000 0.000000
vn 0.000000 -1.000000 0.000000
vn -0.000000 -1.000000 0.000000
vn 0.000000 -1.000000 0.000000
vn 0.000000 -1.000000 -0.000000
vn 0.000000 -1.000000 0.000000
vn -0.000000 -1.000000 0.000000
vn 0.000000 -1.000000 0.000000
vn 0.000000 -1.000000 -0.000000
vn 0.000000 -1.000000 0.000000
vn -0.000000 -1.000000 0.000000
vn 0.000000 -1.000000 0.000000
vn 0.000000 -1.000000 0.000000
vn 0.000000 -1.000000 -0.000000
vn -0.000000 -1.000000 0.000000
vn 0.000000 -1.000000 0.000000
vn -0.000000 -1.000000 0.000000
vn 0.000000 -1.000000 0.000000
vn 0.000000 -1.000000 -0.000000
vn -0.000000 -1.000000 0.000000
vn 0.000000 -1.000000 0.000000
vn 0.000000 -1.000000 0.000000
vn 0.000000 -1.000000 -0.000000
vn -0.000000 -1.000000 0.000000
vn 0.000000 -1.000000 0.000000
vn 0.000000 -1.000000 0.000000
vn 0.000000 -1.000000 -0.000000
vn -0.000000 -1.000000 0.000000
vn 0.000000 -1.000000 0.000000
vn 0.000000 -1.000000 0.000000
vn 0.000000 -1.000000 0.000000
vn 0.000000 -1.000000 -0.000000
vn -0.000000 -1.000000 0.000000
vn 0.000000 -1.000000 0.000000
vn 0.000000 -1.000000 -0.000000
vn 0.000000 -1.000000 0.000000
vn 0.000000 -1.000000 0.000000
vn -0.000000 -1.000000 0.000000
vn 0.000000 -1.000000 -0.000000
vn 0.000000 -1.000000 -0.000000
vn 0.000000 -1.000000 0.000000
vn 0.000000 -1.000000 0.000000
vn -0.000000 -1.000000 0.000000
vn 0.000000 -1.000000 -0.000000
vn 0.000000 -1.000000 0.000000
vn 0.000000 -1.000000 0.000000
vn -0.000000 -1.000000 0.000000
vn 0.000000 -1.000000 -0.000000
vn 0.000000 -1.000000 0.000000
vn 0.000000 -1.000000 0.000000
vn -0.000000 -1.000000 0.000000
vn 0.000000 -1.000000 0.000000
vn 0.000000 -1.000000 -0.000000
vn -0.000000 -1.000000 0.000000
vn 0.000000 -1.000000 0.000000
vn 0.000000 -1.000000 0.000000
vn 0.000000 -1.000000 -0.000000
vn 0.000000 -1.000000 0.000000
vn -0.000000 -1.000000 0.000000
vn 0.000000 -1.000000 0.000000
vn 0.000000 -1.000000 0.000000
vn 0.000000 -1.000000 -0.000000
vn -0.000000 -1.000000 0.000000
vn 0.000000 -1.000000 0.000000
vn 0.000000 -1.000000 0.000000
vn 0.000000 -1.000000 -0.000000
vn 0.000000 -1.000000 0.000000
vn -0.000000 -1.000000 0.000000
vn 0.000000 -1.000000 0.000000
vn 0.000000 -1.000000 0.000000
vn 0.000000 -1.000000 0.000000
vn -0.000000 -1.000000 0.000000
vn -0.000000 -1.000000 0.000000
vn 0.000000 -1.000000 0.000000
vn 0.000000 -1.000000 0.000000
vn -0.000000 -1.000000 0.000000
vn -0.000000 -1.000000 0.000000
vn 0.000000 -1.000000 0.000000
vn 0.000000 -1.000000 0.000000
vn -0.000000 -1.000000 0.000000
vn -0.000000 -1.000000 0.000000
vn 0.000000 -1.000000 0.000000
vn 0.000000 -1.000000 0.000000
vn -0.000000 -1.000000 0.000000
vn -0.000000 -1.000000 0.000000
vn 0.000000 -1.000000 0.000000
vn 0.000000 -1.000000 0.000000
vn -0.000000 -1.000000 0.000000
vn -0.000000 -1.000000 0.000000
vn -0.000000 -1.000000 0.000000
vn 0.000000 -1.000000 0.000000
vn 0.000000 -1.000000 0.000000
vn -0.000000 -1.000000 0.000000
vn -0.000000 -1.000000 0.000000
vn 0.000000 -1.000000 0.000000
vn 0.000000 -1.000000 0.000000
vn -0.000000 -1.000000 0.000000
vn -0.000000 -1.000000 0.000000
vn 0.000000 -1.000000 0.000000
vn 0.000000 -1.000000 0.000000
vn -0.000000 -1.000000 0.000000
vn -0.000000 -1.000000 0.000000
vn 0.000000 -1.000000 0.000000
vn 0.000000 -1.000000 0.000000
vn -0.000000 -1.000000 0.000000
vn -0.000000 -1.000000 0.000000
vn 0.000000 -1.000000 0.000000
vn 0.000000 -1.000000 0.000000
vn -0.000000 -1.000000 0.000000
vn -0.000000 -1.000000 0.000000
vn 0.000000 -1.000000 0.000000
vn 0.000000 -1.000000 0.000000
vn 0.000000 -1.000000 0.000000
vn 0.000000 -1.000000 0.000000
vn 0.000000 -1.000000 0.000000
vn 0.000000 -1.000000 0.000000
vn 0.000000 -1.000000 0.000000
vn 0.000000 -1.000000 0.000000
vn 0.000000 -1.000000 0.000000
vn 0.000000 -1.000000 0.000000
vn 0.000000 -1.000000 0.000000
vn 0.000000 -1.000000 0.000000
vn 0.000000 -1.000000 0.000000
vn 0.000000 -1.000000 0.000000
vn 0.000000 -1.000000 0.000000
vn 0.000000 -1.000000 0.000000
vn 0.000000 -1.000000 0.000000
vn 0.000000 -1.000000 0.000000
vn 0.000000 -1.000000 0.000000
vn 0.000000 -1.000000 0.000000
vn 0.000000 -1.000000 0.000000
vn 0.000000 -1.000000 0.000000
vn 0.000000 -1.000000 0.000000
vn 0.000000 -1.000000 0.000000
vn 0.000000 -1.000000 0.000000
vn 0.000000 -1.000000 0.000000
vn 0.000000 -1.000000 0.000000
vn 0.000000 -1.000000 0.000000
vn 0.000000 -1.000000 0.000000
vn 0.000000 -1.000000 0.000000
vn 0.000000 -1.000000 0.000000
vn 0.000000 -1.000000 0.000000
vn 0.000000 -1.000000 0.000000
vn 0.000000 -1.000000 0.000000
vn 0.000000 -1.000000 0.000000
vn 0.000000 -1.000000 0.000000
vn 0.000000 -1.000000 0.000000
vn 0.000000 -1.000000 0.000000
vn 0.000000 -1.000000 0.000000
vn 0.000000 -1.000000 0.000000
vn 0.000000 -1.000000 0.000000
vn 0.000000 -1.000000 0.000000
vn -0.724517 0.000000 0.689257
vn -0.724517 0.000000 0.689257
vn -0.757973 0.000000 0.652286
vn -0.757973 0.000000 0.652286
vn -0.789535 0.000000 0.613705
vn -0.819156 0.000000 0.573570
vn -0.789535 0.000000 0.613705
vn -0.819156 0.000000 0.573570
vn -0.846727 0.000000 0.532027
vn -0.846727 0.000000 0.532027
vn -0.872185 0.000000 0.489176
vn -0.872185 0.000000 0.489176
vn -0.895489 0.000000 0.445085
vn -0.916567 0.000000 0.399881
vn -0.895489 0.000000 0.445085
vn -0.916567 0.000000 0.399881
vn -0.935355 0.000000 0.353711
vn -0.935355 0.000000 0.353711
vn -0.951822 0.000000 0.306651
vn -0.951822 0.000000 0.306651
vn -0.965926 0.000000 0.258819
vn -0.965926 0.000000 0.258819
vn -0.977629 0.000000 0.210338
vn -0.986893 0.000000 0.161373
vn -0.977629 0.000000 0.210338
vn -0.986893 0.000000 0.161373
vn -0.993714 0.000000 0.111952
vn -0.993714 0.000000 0.111952
vn -0.998058 0.000000 0.062289
vn -0.998058 0.000000 0.062289
vn -0.999922 0.000000 0.012482
vn -0.999922 0.000000 0.012482
vn -0.999300 0.000000 -0.037398
vn -0.996195 0.000000 -0.087157
vn -0.999300 -0.000000 -0.037398
vn -0.996195 0.000000 -0.087157
vn -0.990613 0.000000 -0.136699
vn -0.990613 0.000000 -0.136699
vn -0.982563 -0.000000 -0.185927
vn -0.982563 0.000000 -0.185927
vn -0.972080 -0.000000 -0.234651
vn -0.972080 0.000000 -0.234651
vn -0.959173 -0.000000 -0.282820
vn -0.959173 0.000000 -0.282820
vn -0.943888 0.000000 -0.330267
vn -0.943888 -0.000000 -0.330267
vn -0.926239 0.000000 -0.376937
vn -0.926239 -0.000000 -0.376937
vn -0.906314 0.000000 -0.422605
vn -0.906314 -0.000000 -0.422605
vn -0.884112 0.000000 -0.467276
vn -0.884112 -0.000000 -0.467276
vn -0.859730 0.000000 -0.510749
vn -0.833191 0.000000 -0.552985
vn -0.859730 -0.000000 -0.510749
vn -0.833191 0.000000 -0.552985
vn -0.804605 0.000000 -0.593811
vn -0.773989 0.000000 -0.633199
vn -0.804605 -0.000000 -0.593811
vn -0.741482 0.000000 -0.670972
vn -0.773989 0.000000 -0.633199
vn -0.741482 0.000000 -0.670972
vn -0.707107 0.000000 -0.707107
vn -0.670984 0.000000 -0.741472
vn -0.707107 -0.000000 -0.707107
vn -0.670984 0.000000 -0.741472
vn -0.633186 0.000000 -0.773999
vn -0.593817 0.000000 -0.804600
vn -0.633186 -0.000000 -0.773999
vn -0.593817 0.000000 -0.804600
vn -0.552972 0.000000 -0.833200
vn -0.510764 0.000000 -0.859721
vn -0.552972 -0.000000 -0.833200
vn -0.467266 0.000000 -0.884117
vn -0.510764 0.000000 -0.859721
vn -0.467266 0.000000 -0.884117
vn -0.422617 0.000000 -0.906309
vn -0.422617 -0.000000 -0.906309
vn -0.376919 0.000000 -0.926246
vn -0.330280 0.000000 -0.943883
vn -0.376919 -0.000000 -0.926246
vn -0.282817 0.000000 -0.959174
vn -0.330280 0.000000 -0.943883
vn -0.234659 0.000000 -0.972078
vn -0.282817 0.000000 -0.959174
vn -0.234659 0.000000 -0.972078
vn -0.185909 0.000000 -0.982567
vn -0.185909 0.000000 -0.982567
vn -0.136705 -0.000000 -0.990612
vn -0.136705 0.000000 -0.990612
vn -0.087157 -0.000000 -0.996195
vn -0.087157 0.000000 -0.996195
vn -0.037390 -0.000000 -0.999301
vn -0.037390 0.000000 -0.999301
vn 0.012465 0.000000 -0.999922
vn 0.012465 0.000000 -0.999922
vn 0.062294 0.000000 -0.998058
vn 0.062294 0.000000 -0.998058
vn 0.111964 0.000000 -0.993712
vn 0.111964 0.000000 -0.993712
vn 0.161359 0.000000 -0.986896
vn 0.161359 0.000000 -0.986896
vn 0.210347 0.000000 -0.977627
vn 0.210347 0.000000 -0.977627
vn 0.258819 0.000000 -0.965926
vn 0.258819 0.000000 -0.965926
vn 0.306642 0.000000 -0.951825
vn 0.306642 0.000000 -0.951825
vn 0.353710 0.000000 -0.935355
vn 0.353710 0.000000 -0.935355
vn 0.399895 0.000000 -0.916561
vn 0.399895 0.000000 -0.916561
vn 0.445080 0.000000 -0.895491
vn 0.489165 0.000000 -0.872191
vn 0.445080 0.000000 -0.895491
vn 0.489165 0.000000 -0.872191
vn 0.532032 0.000000 -0.846724
vn 0.532032 0.000000 -0.846724
vn 0.573575 0.000000 -0.819153
vn 0.573575 0.000000 -0.819153
vn 0.613694 0.000000 -0.789544
vn 0.613694 0.000000 -0.789544
vn 0.652286 0.000000 -0.757973
vn 0.652286 0.000000 -0.757973
vn 0.689264 0.000000 -0.724511
vn 0.689264 0.000000 -0.724511
vn 0.000000 0.000000 -1.000000
vn 0.000000 0.000000 -1.000000
vn 0.000000 0.000000 -1.000000
vn 0.000000 0.000000 -1.000000
vn 0.000000 0.000000 -1.000000
vn 0.000000 0.000000 -1.000000
vn 0.000000 0.000000 -1.000000
vn 0.000000 0.000000 -1.000000
vn 0.000000 0.000000 -1.000000
vn 0.000000 0.000000 -1.000000
vn 0.000000 0.000000 -1.000000
vn 0.000000 0.000000 -1.000000
vn 0.000000 0.000000 -1.000000
vn 0.000000 0.000000 -1.000000
vn 0.000000 0.000000 -1.000000
vn 0.000000 0.000000 -1.000000
vn 0.000000 0.000000 -1.000000
vn 0.000000 0.000000 -1.000000
vn 0.000000 0.000000 -1.000000
vn 0.000000 0.000000 -1.000000
vn 0.000000 0.000000 -1.000000
vn 0.000000 0.000000 -1.000000
vn 0.000000 0.000000 -1.000000
vn 0.000000 0.000000 -1.000000
vn 0.000000 0.000000 -1.000000
vn 0.000000 0.000000 -1.000000
vn 0.000000 0.000000 -1.000000
vn 0.000000 0.000000 -1.000000
vn 0.000000 -0.000000 -1.000000
vn 0.000000 -0.000000 -1.000000
vn 0.000000 -0.000000 -1.000000
vn 0.000000 0.000000 -1.000000
vn 0.000000 0.000000 -1.000000
vn 0.000000 -0.000000 -1.000000
vn 0.000000 0.000000 -1.000000
vn 0.000000 0.000000 -1.000000
vn 0.000000 0.000000 -1.000000
vn 0.000000 -0.000000 -1.000000
vn 0.000000 -0.000000 -1.000000
vn 0.000000 0.000000 -1.000000
vn 0.000000 -0.000000 -1.000000
vn 0.000000 0.000000 -1.000000
vn 0.000000 0.000000 -1.000000
vn 0.000000 -0.000000 -1.000000
vn 0.000000 0.000000 -1.000000
vn 0.000000 0.000000 -1.000000
vn 0.000000 0.000000 -1.000000
vn 0.000000 -0.000000 -1.000000
vn 0.000000 0.000000 -1.000000
vn 0.000000 0.000000 -1.000000
vn 0.000000 0.000000 -1.000000
vn 0.000000 -0.000000 -1.000000
vn 0.000000 -0.000000 -1.000000
vn 0.000000 0.000000 -1.000000
vn 0.000000 0.000000 -1.000000
vn 0.000000 0.000000 -1.000000
vn 0.000000 -0.000000 -1.000000
vn 0.000000 0.000000 -1.000000
vn 0.000000 0.000000 -1.000000
vn 0.000000 0.000000 -1.000000
vn 0.000000 0.000000 -1.000000
vn 0.000000 0.000000 -1.000000
vn 0.000000 0.000000 -1.000000
vn 0.000000 -0.000000 -1.000000
vn 0.000000 0.000000 -1.000000
vn 0.000000 0.000000 -1.000000
vn 0.000000 -0.000000 -1.000000
vn 0.000000 -0.000000 -1.000000
vn 0.000000 -0.000000 -1.000000
vn 0.000000 -0.000000 -1.000000
vn 0.000000 -0.000000 -1.000000
vn 0.000000 -0.000000 -1.000000
vn 0.000000 0.000000 -1.000000
vn 0.000000 0.000000 -1.000000
vn 0.000000 0.000000 -1.000000
vn 0.000000 -0.000000 -1.000000
vn 0.000000 -0.000000 -1.000000
vn 0.000000 0.000000 -1.000000
vn 0.000000 0.000000 -1.000000
vn 0.000000 0.000000 -1.000000
vn 0.000000 0.000000 -1.000000
vn 0.000000 -0.000000 -1.000000
vn 0.000000 0.000000 -1.000000
vn 0.000000 0.000000 -1.000000
vn 0.000000 -0.000000 -1.000000
vn 0.000000 0.000000 -1.000000
vn 0.000000 -0.000000 -1.000000
vn 0.000000 -0.000000 -1.000000
vn 0.000000 0.000000 -1.000000
vn 0.000000 0.000000 -1.000000
vn 0.000000 0.000000 -1.000000
vn -0.000000 -0.000000 -1.000000
vn -0.000000 -0.000000 -1.000000
vn -0.000000 -0.000000 -1.000000
vn 0.000000 0.000000 -1.000000
vn 0.000000 0.000000 -1.000000
vn 0.000000 0.000000 -1.000000
vn 0.000000 0.000000 -1.000000
vn -0.000000 -0.000000 -1.000000
vn 0.000000 0.000000 -1.000000
vn -0.000000 -0.000000 -1.000000
vn -0.000000 -0.000000 -1.000000
vn 0.000000 0.000000 -1.000000
vn 0.000000 0.000000 -1.000000
vn 0.000000 0.000000 -1.000000
vn -0.000000 -0.000000 -1.000000
vn -0.000000 -0.000000 -1.000000
vn -0.000000 -0.000000 -1.000000
vn 0.000000 0.000000 -1.000000
vn -0.000000 -0.000000 -1.000000
vn 0.000000 0.000000 -1.000000
vn -0.000000 -0.000000 -1.000000
vn -0.000000 -0.000000 -1.000000
vn 0.000000 -0.000000 -1.000000
vn 0.000000 0.000000 -1.000000
vn 0.000000 0.000000 -1.000000
vn 0.000000 0.000000 -1.000000
vn 0.000000 0.000000 -1.000000
vn 0.000000 0.000000 -1.000000
vn -0.000000 -0.000000 -1.000000
vn 0.000000 0.000000 -1.000000
vn -0.000000 -0.000000 -1.000000
vn -0.000000 -0.000000 -1.000000
vn 0.000000 0.000000 -1.000000
vn 0.999689 0.000000 0.024931
vn 0.999689 0.000000 0.024931
vn 0.997204 -0.000000 0.074731
vn 0.992239 -0.000000 0.124346
vn 0.997204 0.000000 0.074731
vn 0.992239 0.000000 0.124346
vn 0.984808 0.000000 0.173649
vn 0.974927 -0.000000 0.222524
vn 0.984808 0.000000 0.173649
vn 0.974927 0.000000 0.222524
vn 0.962624 0.000000 0.270840
vn 0.962624 0.000000 0.270840
vn 0.947929 0.000000 0.318482
vn 0.930875 -0.000000 0.365338
vn 0.947929 0.000000 0.318482
vn 0.930875 0.000000 0.365338
vn 0.911506 0.000000 0.411287
vn 0.911506 0.000000 0.411287
vn 0.889873 0.000000 0.456208
vn 0.889873 0.000000 0.456208
vn 0.866025 0.000000 0.500001
vn 0.866025 0.000000 0.500001
vn 0.840021 -0.000000 0.542554
vn 0.840021 0.000000 0.542554
vn 0.811941 0.000000 0.583739
vn 0.811941 0.000000 0.583739
vn 0.781829 0.000000 0.623493
vn 0.781829 0.000000 0.623493
vn 0.749781 0.000000 0.661686
vn 0.715870 -0.000000 0.698233
vn 0.749781 0.000000 0.661686
vn 0.715870 0.000000 0.698233
vn 0.680172 0.000000 0.733053
vn 0.680172 0.000000 0.733053
vn 0.642788 0.000000 0.766044
vn 0.603806 -0.000000 0.797131
vn 0.642788 0.000000 0.766044
vn 0.603806 0.000000 0.797131
vn 0.563314 0.000000 0.826243
vn 0.563314 0.000000 0.826243
vn 0.521444 0.000000 0.853286
vn 0.521444 0.000000 0.853286
vn 0.478252 0.000000 0.878223
vn 0.478252 0.000000 0.878223
vn 0.433883 0.000000 0.900969
vn 0.433883 0.000000 0.900969
vn 0.388426 0.000000 0.921480
vn 0.388426 0.000000 0.921480
vn 0.342015 0.000000 0.939695
vn 0.342015 0.000000 0.939695
vn 0.294762 0.000000 0.955571
vn 0.294762 0.000000 0.955571
vn 0.246758 0.000000 0.969077
vn 0.246758 0.000000 0.969077
vn 0.198140 0.000000 0.980174
vn 0.149053 -0.000000 0.988829
vn 0.198140 0.000000 0.980174
vn 0.149053 0.000000 0.988829
vn 0.099560 0.000000 0.995032
vn 0.099560 0.000000 0.995032
vn 0.049841 0.000000 0.998757
vn 0.049841 0.000000 0.998757
vn 0.000000 0.000000 1.000000
vn 0.000000 0.000000 1.000000
vn -0.049841 0.000000 0.998757
vn -0.049841 0.000000 0.998757
vn -0.099560 0.000000 0.995032
vn -0.099560 0.000000 0.995032
vn -0.149053 0.000000 0.988829
vn -0.149053 0.000000 0.988829
vn -0.198142 0.000000 0.980173
vn -0.198142 0.000000 0.980173
vn -0.246758 0.000000 0.969077
vn -0.294760 0.000000 0.955571
vn -0.246758 0.000000 0.969077
vn -0.294760 0.000000 0.955571
vn -0.342015 0.000000 0.939695
vn -0.342015 0.000000 0.939695
vn -0.388426 0.000000 0.921480
vn -0.388426 0.000000 0.921480
vn -0.433883 0.000000 0.900969
vn -0.433883 0.000000 0.900969
vn -0.478256 0.000000 0.878220
vn -0.478256 0.000000 0.878220
vn -0.521439 0.000000 0.853288
vn -0.521439 0.000000 0.853288
vn -0.563314 0.000000 0.826243
vn -0.563314 0.000000 0.826243
vn -0.603806 0.000000 0.797131
vn -0.603806 0.000000 0.797131
vn -0.642788 0.000000 0.766044
vn -0.642788 0.000000 0.766044
vn -0.680172 0.000000 0.733053
vn -0.680172 0.000000 0.733053
vn -0.715870 0.000000 0.698233
vn -0.715870 0.000000 0.698233
vn -0.749781 0.000000 0.661686
vn -0.749781 0.000000 0.661686
vn -0.781829 0.000000 0.623493
vn -0.811941 0.000000 0.583739
vn -0.781829 0.000000 0.623493
vn -0.811941 0.000000 0.583739
vn -0.840026 0.000000 0.542546
vn -0.866025 0.000000 0.500001
vn -0.840026 0.000000 0.542546
vn -0.866025 0.000000 0.500001
vn -0.889873 0.000000 0.456208
vn -0.911506 0.000000 0.411287
vn -0.889873 0.000000 0.456208
vn -0.911506 0.000000 0.411287
vn -0.930875 0.000000 0.365338
vn -0.930875 0.000000 0.365338
vn -0.947926 0.000000 0.318491
vn -0.962624 0.000000 0.270840
vn -0.947926 0.000000 0.318491
vn -0.962624 0.000000 0.270840
vn -0.974927 0.000000 0.222524
vn -0.974927 0.000000 0.222524
vn -0.984808 0.000000 0.173649
vn -0.984808 0.000000 0.173649
vn -0.992240 0.000000 0.124336
vn -0.992240 0.000000 0.124336
vn -0.997204 0.000000 0.074731
vn -0.997204 0.000000 0.074731
vn -0.999689 0.000000 0.024931
vn -0.999689 0.000000 0.024931
vn -0.999689 0.000000 -0.024931
vn -0.999689 0.000000 -0.024931
vn -0.997204 -0.000000 -0.074731
vn -0.997204 0.000000 -0.074731
vn -0.992240 0.000000 -0.124336
vn -0.992240 0.000000 -0.124336
vn -0.984808 0.000000 -0.173649
vn -0.984808 0.000000 -0.173649
vn -0.974927 0.000000 -0.222524
vn -0.974927 0.000000 -0.222524
vn -0.962624 -0.000000 -0.270840
vn -0.962624 0.000000 -0.270840
vn -0.947926 0.000000 -0.318491
vn -0.947926 0.000000 -0.318491
vn -0.930875 0.000000 -0.365338
vn -0.930875 0.000000 -0.365338
vn -0.911506 -0.000000 -0.411287
vn -0.911506 0.000000 -0.411287
vn -0.889873 0.000000 -0.456208
vn -0.889873 0.000000 -0.456208
vn -0.866025 -0.000000 -0.500001
vn -0.866025 0.000000 -0.500001
vn -0.840026 -0.000000 -0.542546
vn -0.840026 0.000000 -0.542546
vn -0.811941 -0.000000 -0.583739
vn -0.811941 0.000000 -0.583739
vn -0.781829 0.000000 -0.623493
vn -0.781829 0.000000 -0.623493
vn -0.749781 -0.000000 -0.661686
vn -0.749781 0.000000 -0.661686
vn -0.715870 -0.000000 -0.698233
vn -0.715870 0.000000 -0.698233
vn -0.680172 0.000000 -0.733053
vn -0.680172 0.000000 -0.733053
vn -0.642788 -0.000000 -0.766044
vn -0.642788 0.000000 -0.766044
vn -0.603806 -0.000000 -0.797131
vn -0.603806 0.000000 -0.797131
vn -0.563314 0.000000 -0.826243
vn -0.563314 -0.000000 -0.826243
vn -0.521439 0.000000 -0.853288
vn -0.521439 0.000000 -0.853288
vn -0.478256 0.000000 -0.878220
vn -0.478256 -0.000000 -0.878220
vn -0.433883 0.000000 -0.900969
vn -0.433883 -0.000000 -0.900969
vn -0.388426 0.000000 -0.921480
vn -0.388426 -0.000000 -0.921480
vn -0.342015 -0.000000 -0.939695
vn -0.342015 0.000000 -0.939695
vn -0.294760 -0.000000 -0.955571
vn -0.294760 0.000000 -0.955571
vn -0.246758 -0.000000 -0.969077
vn -0.246758 0.000000 -0.969077
vn -0.198142 -0.000000 -0.980173
vn -0.198142 0.000000 -0.980173
vn -0.149053 0.000000 -0.988829
vn -0.149053 0.000000 -0.988829
vn -0.099560 -0.000000 -0.995032
vn -0.099560 0.000000 -0.995032
vn -0.049841 -0.000000 -0.998757
vn -0.049841 0.000000 -0.998757
vn 0.000000 0.000000 -1.000000
vn 0.000000 0.000000 -1.000000
vn 0.049841 0.000000 -0.998757
vn 0.049841 0.000000 -0.998757
vn 0.099560 0.000000 -0.995032
vn 0.099560 0.000000 -0.995032
vn 0.149053 0.000000 -0.988829
vn 0.149053 0.000000 -0.988829
vn 0.198140 0.000000 -0.980174
vn 0.198140 0.000000 -0.980174
vn 0.246758 0.000000 -0.969077
vn 0.246758 0.000000 -0.969077
vn 0.294762 0.000000 -0.955571
vn 0.294762 0.000000 -0.955571
vn 0.342015 0.000000 -0.939695
vn 0.342015 0.000000 -0.939695
vn 0.388426 0.000000 -0.921480
vn 0.388426 0.000000 -0.921480
vn 0.433883 0.000000 -0.900969
vn 0.478252 0.000000 -0.878223
vn 0.433883 0.000000 -0.900969
vn 0.478252 0.000000 -0.878223
vn 0.521444 0.000000 -0.853286
vn 0.521444 0.000000 -0.853286
vn 0.563314 0.000000 -0.826243
vn 0.563314 0.000000 -0.826243
vn 0.603806 0.000000 -0.797131
vn 0.603806 0.000000 -0.797131
vn 0.642788 0.000000 -0.766044
vn 0.642788 0.000000 -0.766044
vn 0.680172 0.000000 -0.733053
vn 0.680172 0.000000 -0.733053
vn 0.715870 0.000000 -0.698233
vn 0.715870 0.000000 -0.698233
vn 0.749781 0.000000 -0.661686
vn 0.749781 0.000000 -0.661686
vn 0.781829 0.000000 -0.623493
vn 0.781829 0.000000 -0.623493
vn 0.811941 0.000000 -0.583739
vn 0.811941 0.000000 -0.583739
vn 0.840021 0.000000 -0.542554
vn 0.840021 0.000000 -0.542554
vn 0.866025 0.000000 -0.500001
vn 0.866025 0.000000 -0.500001
vn 0.889873 0.000000 -0.456208
vn 0.889873 0.000000 -0.456208
vn 0.911506 0.000000 -0.411287
vn 0.911506 0.000000 -0.411287
vn 0.930875 0.000000 -0.365338
vn 0.947929 0.000000 -0.318482
vn 0.930875 0.000000 -0.365338
vn 0.947929 0.000000 -0.318482
vn 0.962624 0.000000 -0.270840
vn 0.962624 0.000000 -0.270840
vn 0.974927 0.000000 -0.222524
vn 0.974927 0.000000 -0.222524
vn 0.984808 0.000000 -0.173649
vn 0.984808 0.000000 -0.173649
vn 0.992239 0.000000 -0.124346
vn 0.992239 0.000000 -0.124346
vn 0.997204 0.000000 -0.074731
vn 0.999689 0.000000 -0.024931
vn 0.997204 0.000000 -0.074731
vn 0.999689 0.000000 -0.024931
vn 0.000000 -1.000000 0.000000
vn 0.000000 -1.000000 0.000000
vn 0.000000 -1.000000 0.000000
vn 0.000000 -1.000000 0.000000
vn 0.000000 -1.000000 0.000000
vn 0.000000 -1.000000 0.000000
vn 0.000000 -1.000000 0.000000
vn 0.000000 -1.000000 0.000000
vn 0.000000 -1.000000 0.000000
vn 0.000000 -1.000000 0.000000
vn 0.000000 -1.000000 0.000000
vn 0.000000 -1.000000 0.000000
vn 0.000000 -1.000000 0.000000
vn 0.000000 -1.000000 0.000000
vn 0.000000 -1.000000 0.000000
vn 0.000000 -1.000000 0.000000
vn 0.000000 -1.000000 0.000000
vn 0.000000 -1.000000 0.000000
vn 0.000000 -1.000000 0.000000
vn 0.000000 -1.000000 0.000000
vn 0.000000 -1.000000 0.000000
vn 0.000000 -1.000000 0.000000
vn 0.000000 -1.000000 0.000000
vn 0.000000 -1.000000 0.000000
vn 0.000000 -1.000000 0.000000
vn -0.000000 -1.000000 0.000000
vn 0.000000 -1.000000 0.000000
vn 0.000000 -1.000000 0.000000
vn -0.000000 -1.000000 0.000000
vn 0.000000 -1.000000 0.000000
vn 0.000000 -1.000000 0.000000
vn 0.000000 -1.000000 0.000000
vn 0.000000 -1.000000 0.000000
vn -0.000000 -1.000000 0.000000
vn -0.000000 -1.000000 0.000000
vn -0.000000 -1.000000 0.000000
vn 0.000000 -1.000000 0.000000
vn -0.000000 -1.000000 0.000000
vn -0.000000 -1.000000 0.000000
vn 0.000000 -1.000000 0.000000
vn 0.000000 -1.000000 0.000000
vn 0.000000 -1.000000 0.000000
vn 0.000000 -1.000000 0.000000
vn 0.000000 -1.000000 0.000000
vn -0.000000 -1.000000 0.000000
vn -0.000000 -1.000000 0.000000
vn 0.000000 -1.000000 0.000000
vn 0.000000 -1.000000 0.000000
vn -0.000000 -1.000000 0.000000
vn 0.000000 -1.000000 0.000000
vn 0.000000 -1.000000 0.000000
vn 0.000000 -1.000000 0.000000
vn -0.000000 -1.000000 0.000000
vn -0.000000 -1.000000 0.000000
vn -0.000000 -1.000000 0.000000
vn -0.000000 -1.000000 0.000000
vn -0.000000 -1.000000 0.000000
vn 0.000000 -1.000000 0.000000
vn -0.000000 -1.000000 0.000000
vn 0.000000 -1.000000 0.000000
vn 0.000000 -1.000000 0.000000
vn 0.000000 -1.000000 0.000000
vn 0.000000 -1.000000 0.000000
vn 0.000000 -1.000000 0.000000
vn 0.000000 -1.000000 0.000000
vn -0.000000 -1.000000 0.000000
vn -0.000000 -1.000000 0.000000
vn -0.000000 -1.000000 0.000000
vn 0.000000 -1.000000 0.000000
vn 0.000000 -1.000000 0.000000
vn 0.000000 -1.000000 0.000000
vn 0.000000 -1.000000 0.000000
vn 0.000000 -1.000000 0.000000
vn 0.000000 -1.000000 0.000000
vn -0.000000 -1.000000 0.000000
vn -0.000000 -1.000000 0.000000
vn 0.000000 -1.000000 0.000000
vn 0.000000 -1.000000 0.000000
vn -0.000000 -1.000000 0.000000
vn -0.000000 -1.000000 0.000000
vn 0.000000 -1.000000 0.000000
vn 0.000000 -1.000000 0.000000
vn -0.000000 -1.000000 0.000000
vn -0.000000 -1.000000 0.000000
vn 0.000000 -1.000000 0.000000
vn -0.000000 -1.000000 0.000000
vn 0.000000 -1.000000 0.000000
vn 0.000000 -1.000000 0.000000
vn 0.000000 -1.000000 0.000000
vn 0.000000 -1.000000 0.000000
vn -0.000000 -1.000000 -0.000000
vn -0.000000 -1.000000 -0.000000
vn -0.000000 -1.000000 0.000000
vn -0.000000 -1.000000 -0.000000
vn -0.000000 -1.000000 -0.000000
vn -0.000000 -1.000000 -0.000000
vn 0.000000 -1.000000 0.000000
vn 0.000000 -1.000000 0.000000
vn 0.000000 -1.000000 0.000000
vn -0.000000 -1.000000 -0.000000
vn 0.000000 -1.000000 0.000000
vn 0.000000 -1.000000 0.000000
vn 0.000000 -1.000000 0.000000
vn 0.000000 -1.000000 0.000000
vn -0.000000 -1.000000 -0.000000
vn -0.000000 -1.000000 -0.000000
vn -0.000000 -1.000000 -0.000000
vn 0.000000 -1.000000 0.000000
vn 0.000000 -1.000000 0.000000
vn -0.000000 -1.000000 -0.000000
vn -0.000000 -1.000000 -0.000000
vn -0.000000 -1.000000 0.000000
vn 0.000000 -1.000000 0.000000
vn 0.000000 -1.000000 0.000000
vn 0.000000 -1.000000 0.000000
vn -0.000000 -1.000000 0.000000
vn -0.000000 -1.000000 0.000000
vn -0.000000 -1.000000 -0.000000
vn -0.000000 -1.000000 0.000000
vn -0.000000 -1.000000 -0.000000
vn 0.000000 -1.000000 0.000000
vn -0.000000 -1.000000 -0.000000
vn -0.000000 -1.000000 -0.000000
vn 0.000000 -1.000000 0.000000
f 1//1 2//1 3//1
f 1//2 3//2 4//2
f 5//3 2//3 1//3
f 5//4 6//4 2//4
f 7//5 6//5 5//5
f 7//6 8//6 6//6
f 9//7 8//7 7//7
f 9//8 10//8 8//8
f 9//9 11//9 10//9
f 12//10 11//10 9//10
f 13//11 11//11 12//11
f 13//12 14//12 11//12
f 15//13 14//13 13//13
f 15//14 16//14 14//14
f 17//15 16//15 15//15
f 17//16 18//16 16//16
f 19//17 18//17 17//17
f 19//18 20//18 18//18
f 21//19 20//19 19//19
f 21//20 22//20 20//20
f 23//21 22//21 21//21
f 23//22 24//22 22//22
f 25//23 24//23 23//23
f 25//24 26//24 24//24
f 27//25 28//25 26//25
f 27//26 26//26 25//26
f 29//27 28//27 27//27
f 29//28 30//28 28//28
f 31//29 32//29 30//29
f 31//30 30//30 29//30
f 33//31 34//31 32//31
f 33//32 32//32 31//32
f 35//33 36//33 34//33
f 35//34 34//34 33//34
f 37//35 36//35 35//35
f 38//36 36//36 37//36
f 39//37 37//37 40//37
f 39//38 38//38 37//38
f 41//39 40//39 42//39
f 41//40 39//40 40//40
f 43//41 44//41 45//41
f 43//42 42//42 44//42
f 43//43 41//43 42//43
f 46//44 43//44 45//44
f 47//45 45//45 48//45
f 47//46 46//46 45//46
f 49//47 50//47 51//47
f 49//48 48//48 50//48
f 49//49 47//49 48//49
f 52//50 49//50 51//50
f 53//51 51//51 54//51
f 53//52 52//52 51//52
f 55//53 54//53 56//53
f 55//54 53//54 54//54
f 57//55 56//55 58//55
f 57//56 55//56 56//56
f 59//57 58//57 60//57
f 59//58 57//58 58//58
f 61//59 59//59 60//59
f 61//60 60//60 62//60
f 63//61 62//61 64//61
f 63//62 61//62 62//62
f 65//63 64//63 66//63
f 65//64 63//64 64//64
f 67//65 68//65 69//65
f 70//66 67//66 69//66
f 71//67 70//67 69//67
f 72//68 71//68 69//68
f 73//69 72//69 69//69
f 74//70 73//70 69//70
f 75//71 74//71 69//71
f 76//72 75//72 69//72
f 77//73 76//73 69//73
f 78//74 66//74 79//74
f 78//75 65//75 66//75
f 78//76 79//76 80//76
f 81//77 77//77 69//77
f 82//78 80//78 83//78
f 84//79 81//79 69//79
f 85//80 80//80 82//80
f 86//81 84//81 69//81
f 87//82 80//82 85//82
f 88//83 86//83 69//83
f 89//84 80//84 87//84
f 90//85 88//85 69//85
f 91//86 80//86 89//86
f 92//87 90//87 69//87
f 93//88 80//88 91//88
f 94//89 92//89 69//89
f 95//90 80//90 93//90
f 96//91 94//91 69//91
f 97//92 80//92 95//92
f 98//93 96//93 69//93
f 99//94 80//94 97//94
f 100//95 98//95 69//95
f 101//96 80//96 99//96
f 102//97 100//97 69//97
f 103//98 80//98 101//98
f 104//99 102//99 69//99
f 105//100 80//100 103//100
f 106//101 104//101 69//101
f 107//102 80//102 105//102
f 108//103 106//103 69//103
f 109//104 80//104 107//104
f 110//105 80//105 109//105
f 111//106 80//106 110//106
f 112//107 80//107 111//107
f 113//108 80//108 112//108
f 114//109 80//109 113//109
f 115//110 80//110 114//110
f 116//111 80//111 115//111
f 117//112 118//112 119//112
f 117//113 120//113 118//113
f 117//114 121//114 120//114
f 117//115 122//115 121//115
f 117//116 123//116 122//116
f 117//117 124//117 123//117
f 117//118 125//118 124//118
f 117//119 126//119 125//119
f 117//120 127//120 126//120
f 117//121 128//121 127//121
f 117//122 129//122 128//122
f 117//123 116//123 129//123
f 117//124 78//124 80//124
f 117//125 80//125 116//125
f 117//126 130//126 131//126
f 117//127 132//127 130//127
f 117//128 133//128 132//128
f 117//129 134//129 133//129
f 117//130 135//130 134//130
f 117//131 136//131 135//131
f 117//132 119//132 136//132
f 137//133 108//133 69//133
f 137//134 138//134 139//134
f 137//135 140//135 138//135
f 137//136 141//136 140//136
f 137//137 142//137 141//137
f 137//138 143//138 142//138
f 137//139 144//139 143//139
f 137//140 145//140 144//140
f 137//141 146//141 145//141
f 137//142 147//142 146//142
f 137//143 148//143 108//143
f 137//144 149//144 147//144
f 137//145 150//145 148//145
f 137//146 151//146 149//146
f 137//147 152//147 150//147
f 137//148 153//148 151//148
f 137//149 154//149 152//149
f 137//150 155//150 153//150
f 137//151 156//151 154//151
f 137//152 157//152 155//152
f 137//153 158//153 156//153
f 137//154 159//154 158//154
f 137//155 160//155 159//155
f 137//156 161//156 160//156
f 137//157 162//157 161//157
f 137//158 163//158 162//158
f 137//159 164//159 163//159
f 137//160 165//160 164//160
f 137//161 166//161 165//161
f 137//162 167//162 166//162
f 137//163 139//163 167//163
f 80//164 69//164 168//164
f 168//165 69//165 169//165
f 169//166 69//166 170//166
f 170//167 69//167 171//167
f 171//168 69//168 172//168
f 172//169 69//169 173//169
f 173//170 69//170 174//170
f 174//171 69//171 175//171
f 175//172 69//172 68//172
f 80//173 168//173 176//173
f 80//174 176//174 177//174
f 80//175 177//175 178//175
f 80//176 178//176 179//176
f 80//177 179//177 180//177
f 80//178 180//178 181//178
f 80//179 181//179 182//179
f 80//180 182//180 183//180
f 80//181 183//181 184//181
f 80//182 184//182 185//182
f 80//183 185//183 186//183
f 80//184 186//184 187//184
f 80//185 187//185 188//185
f 80//186 188//186 189//186
f 80//187 189//187 190//187
f 80//188 190//188 191//188
f 80//189 191//189 192//189
f 80//190 192//190 83//190
f 137//191 117//191 193//191
f 193//192 117//192 194//192
f 194//193 117//193 195//193
f 195//194 117//194 196//194
f 196//195 117//195 197//195
f 197//196 117//196 131//196
f 137//197 193//197 198//197
f 137//198 198//198 157//198
f 199//199 3//199 2//199
f 199//200 200//200 3//200
f 201//201 2//201 6//201
f 201//202 199//202 2//202
f 202//203 6//203 8//203
f 202//204 201//204 6//204
f 203//205 8//205 10//205
f 203//206 202//206 8//206
f 204//207 10//207 11//207
f 204//208 203//208 10//208
f 205//209 11//209 14//209
f 205//210 204//210 11//210
f 206//211 14//211 16//211
f 206//212 205//212 14//212
f 207//213 16//213 18//213
f 207//214 18//214 20//214
f 207//215 206//215 16//215
f 208//216 207//216 20//216
f 209//217 208//217 20//217
f 209//218 20//218 22//218
f 209//219 22//219 24//219
f 210//220 209//220 24//220
f 211//221 210//221 24//221
f 211//222 24//222 26//222
f 212//223 26//223 28//223
f 212//224 211//224 26//224
f 213//225 28//225 30//225
f 213//226 30//226 32//226
f 213//227 212//227 28//227
f 214//228 32//228 34//228
f 214//229 213//229 32//229
f 215//230 214//230 34//230
f 216//231 34//231 36//231
f 216//232 215//232 34//232
f 217//233 36//233 38//233
f 217//234 216//234 36//234
f 218//235 38//235 39//235
f 218//236 39//236 41//236
f 218//237 217//237 38//237
f 219//238 41//238 43//238
f 219//239 218//239 41//239
f 220//240 219//240 43//240
f 221//241 43//241 46//241
f 221//242 220//242 43//242
f 222//243 46//243 47//243
f 222//244 221//244 46//244
f 223//245 47//245 49//245
f 223//246 222//246 47//246
f 224//247 49//247 52//247
f 224//248 223//248 49//248
f 225//249 52//249 53//249
f 225//250 224//250 52//250
f 226//251 53//251 55//251
f 226//252 55//252 57//252
f 226//253 225//253 53//253
f 227//254 226//254 57//254
f 228//255 57//255 59//255
f 228//256 227//256 57//256
f 229//257 59//257 61//257
f 229//258 61//258 63//258
f 229//259 228//259 59//259
f 230//260 229//260 63//260
f 231//261 63//261 65//261
f 231//262 65//262 78//262
f 231//263 230//263 63//263
f 232//264 231//264 78//264
f 233//265 200//265 234//265
f 235//266 234//266 200//266
f 236//267 200//267 233//267
f 237//268 235//268 200//268
f 238//269 200//269 236//269
f 239//270 237//270 200//270
f 240//271 200//271 238//271
f 241//272 239//272 200//272
f 242//273 200//273 240//273
f 243//274 241//274 200//274
f 244//275 200//275 242//275
f 245//276 243//276 200//276
f 246//277 200//277 244//277
f 247//278 245//278 200//278
f 248//279 200//279 246//279
f 249//280 247//280 200//280
f 250//281 200//281 248//281
f 251//282 249//282 200//282
f 252//283 200//283 250//283
f 253//284 251//284 200//284
f 254//285 200//285 252//285
f 255//286 253//286 200//286
f 256//287 200//287 254//287
f 257//288 255//288 200//288
f 258//289 200//289 256//289
f 259//290 257//290 200//290
f 260//291 200//291 258//291
f 261//292 259//292 200//292
f 262//293 200//293 260//293
f 263//294 261//294 200//294
f 264//295 200//295 262//295
f 265//296 263//296 200//296
f 3//297 266//297 267//297
f 3//298 268//298 266//298
f 3//299 269//299 268//299
f 3//300 270//300 269//300
f 3//301 271//301 270//301
f 3//302 272//302 271//302
f 3//303 273//303 272//303
f 3//304 274//304 273//304
f 3//305 275//305 274//305
f 3//306 276//306 275//306
f 3//307 277//307 276//307
f 3//308 278//308 277//308
f 3//309 279//309 278//309
f 3//310 280//310 279//310
f 3//311 264//311 280//311
f 3//312 200//312 264//312
f 281//313 282//313 265//313
f 281//314 283//314 282//314
f 281//315 284//315 283//315
f 281//316 285//316 284//316
f 281//317 286//317 285//317
f 281//318 287//318 286//318
f 281//319 288//319 287//319
f 281//320 289//320 288//320
f 281//321 290//321 289//321
f 281//322 291//322 290//322
f 281//323 292//323 291//323
f 281//324 293//324 292//324
f 281//325 294//325 293//325
f 281//326 295//326 294//326
f 281//327 296//327 295//327
f 281//328 265//328 200//328
f 297//329 3//329 267//329
f 298//330 296//330 281//330
f 299//331 3//331 297//331
f 300//332 298//332 281//332
f 301//333 3//333 299//333
f 302//334 300//334 281//334
f 303//335 3//335 301//335
f 304//336 302//336 281//336
f 305//337 3//337 303//337
f 306//338 304//338 281//338
f 307//339 3//339 305//339
f 308//340 306//340 281//340
f 309//341 3//341 307//341
f 310//342 308//342 281//342
f 311//343 3//343 309//343
f 312//344 310//344 281//344
f 313//345 3//345 311//345
f 314//346 312//346 281//346
f 315//347 3//347 313//347
f 316//348 314//348 281//348
f 317//349 3//349 315//349
f 318//350 316//350 281//350
f 319//351 3//351 317//351
f 320//352 318//352 281//352
f 321//353 3//353 319//353
f 322//354 320//354 281//354
f 323//355 3//355 321//355
f 324//356 322//356 281//356
f 325//357 3//357 323//357
f 326//358 324//358 281//358
f 327//359 326//359 281//359
f 4//360 327//360 281//360
f 4//361 328//361 327//361
f 4//362 329//362 328//362
f 4//363 330//363 329//363
f 4//364 331//364 330//364
f 4//365 332//365 331//365
f 4//366 333//366 332//366
f 4//367 334//367 333//367
f 4//368 335//368 334//368
f 4//369 336//369 335//369
f 4//370 337//370 336//370
f 4//371 338//371 337//371
f 4//372 339//372 338//372
f 4//373 340//373 339//373
f 4//374 341//374 340//374
f 4//375 342//375 341//375
f 4//376 343//376 342//376
f 4//377 344//377 343//377
f 4//378 345//378 344//378
f 4//379 346//379 345//379
f 4//380 347//380 346//380
f 4//381 348//381 347//381
f 4//382 349//382 348//382
f 4//383 350//383 349//383
f 4//384 351//384 350//384
f 4//385 352//385 351//385
f 4//386 353//386 352//386
f 4//387 354//387 353//387
f 4//388 355//388 354//388
f 4//389 356//389 355//389
f 4//390 357//390 356//390
f 4//391 3//391 358//391
f 358//392 3//392 359//392
f 359//393 3//393 325//393
f 4//394 358//394 357//394
f 117//395 360//395 232//395
f 78//396 117//396 232//396
f 4//397 361//397 1//397
f 281//398 361//398 4//398
f 362//399 360//399 117//399
f 363//400 360//400 362//400
f 137//401 364//401 362//401
f 137//402 362//402 117//402
f 365//403 366//403 364//403
f 365//404 364//404 137//404
f 367//405 66//405 368//405
f 79//406 66//406 367//406
f 368//407 64//407 369//407
f 66//408 64//408 368//408
f 369//409 62//409 370//409
f 64//410 62//410 369//410
f 370//411 60//411 371//411
f 62//412 60//412 370//412
f 371//413 58//413 372//413
f 60//414 58//414 371//414
f 372//415 56//415 373//415
f 58//416 56//416 372//416
f 373//417 54//417 374//417
f 56//418 54//418 373//418
f 374//419 51//419 375//419
f 54//420 51//420 374//420
f 51//421 50//421 375//421
f 375//422 50//422 376//422
f 376//423 48//423 377//423
f 50//424 48//424 376//424
f 377//425 45//425 378//425
f 48//426 45//426 377//426
f 378//427 44//427 379//427
f 45//428 44//428 378//428
f 379//429 42//429 380//429
f 44//430 42//430 379//430
f 380//431 40//431 381//431
f 42//432 40//432 380//432
f 381//433 37//433 382//433
f 382//434 37//434 383//434
f 40//435 37//435 381//435
f 383//436 35//436 384//436
f 37//437 35//437 383//437
f 35//438 33//438 384//438
f 384//439 31//439 385//439
f 385//440 31//440 386//440
f 33//441 31//441 384//441
f 386//442 29//442 387//442
f 31//443 29//443 386//443
f 29//444 27//444 387//444
f 387//445 25//445 388//445
f 27//446 25//446 387//446
f 388//447 23//447 389//447
f 25//448 23//448 388//448
f 389//449 21//449 390//449
f 23//450 21//450 389//450
f 390//451 19//451 391//451
f 21//452 19//452 390//452
f 391//453 17//453 392//453
f 19//454 17//454 391//454
f 392//455 15//455 393//455
f 17//456 15//456 392//456
f 393//457 13//457 394//457
f 15//458 13//458 393//458
f 394//459 12//459 395//459
f 13//460 12//460 394//460
f 395//461 9//461 396//461
f 396//462 9//462 397//462
f 12//463 9//463 395//463
f 9//464 7//464 397//464
f 397//465 5//465 398//465
f 7//466 5//466 397//466
f 398//467 1//467 361//467
f 5//468 1//468 398//468
f 399//469 137//469 69//469
f 399//470 365//470 137//470
f 79//471 367//471 400//471
f 80//472 79//472 400//472
f 401//473 80//473 400//473
f 401//474 400//474 402//474
f 399//475 403//475 404//475
f 69//476 403//476 399//476
f 69//477 80//477 401//477
f 69//478 401//478 403//478
f 405//479 406//479 139//479
f 405//480 139//480 138//480
f 407//481 138//481 140//481
f 407//482 405//482 138//482
f 408//483 140//483 141//483
f 408//484 407//484 140//484
f 409//485 141//485 142//485
f 409//486 408//486 141//486
f 410//487 142//487 143//487
f 410//488 143//488 144//488
f 410//489 409//489 142//489
f 411//490 410//490 144//490
f 412//491 144//491 145//491
f 412//492 411//492 144//492
f 413//493 145//493 146//493
f 413//494 412//494 145//494
f 414//495 146//495 147//495
f 414//496 147//496 149//496
f 414//497 413//497 146//497
f 415//498 414//498 149//498
f 416//499 415//499 149//499
f 416//500 149//500 151//500
f 417//501 416//501 151//501
f 417//502 151//502 153//502
f 418//503 417//503 153//503
f 418//504 153//504 155//504
f 419//505 418//505 155//505
f 419//506 155//506 157//506
f 420//507 157//507 198//507
f 420//508 419//508 157//508
f 421//509 198//509 193//509
f 421//510 420//510 198//510
f 422//511 193//511 194//511
f 422//512 421//512 193//512
f 423//513 194//513 195//513
f 423//514 422//514 194//514
f 424//515 195//515 196//515
f 424//516 423//516 195//516
f 425//517 196//517 197//517
f 425//518 424//518 196//518
f 426//519 197//519 131//519
f 426//520 425//520 197//520
f 427//521 131//521 130//521
f 427//522 426//522 131//522
f 428//523 130//523 132//523
f 428//524 427//524 130//524
f 429//525 132//525 133//525
f 429//526 133//526 134//526
f 429//527 428//527 132//527
f 430//528 429//528 134//528
f 431//529 134//529 135//529
f 431//530 430//530 134//530
f 432//531 135//531 136//531
f 432//532 431//532 135//532
f 433//533 136//533 119//533
f 433//534 432//534 136//534
f 434//535 119//535 118//535
f 434//536 433//536 119//536
f 435//537 118//537 120//537
f 435//538 434//538 118//538
f 436//539 120//539 121//539
f 436//540 435//540 120//540
f 437//541 121//541 122//541
f 437//542 436//542 121//542
f 438//543 122//543 123//543
f 438//544 437//544 122//544
f 439//545 123//545 124//545
f 439//546 438//546 123//546
f 440//547 124//547 125//547
f 440//548 125//548 126//548
f 440//549 439//549 124//549
f 441//550 440//550 126//550
f 442//551 441//551 126//551
f 442//552 126//552 127//552
f 443//553 442//553 127//553
f 443//554 127//554 128//554
f 444//555 443//555 128//555
f 444//556 128//556 129//556
f 445//557 444//557 129//557
f 445//558 129//558 116//558
f 446//559 445//559 116//559
f 446//560 116//560 115//560
f 447//561 446//561 115//561
f 447//562 115//562 114//562
f 447//563 114//563 113//563
f 448//564 447//564 113//564
f 449//565 448//565 113//565
f 449//566 113//566 112//566
f 449//567 112//567 111//567
f 450//568 449//568 111//568
f 451//569 450//569 111//569
f 451//570 111//570 110//570
f 451//571 110//571 109//571
f 452//572 451//572 109//572
f 452//573 109//573 107//573
f 453//574 452//574 107//574
f 454//575 107//575 105//575
f 454//576 453//576 107//576
f 455//577 105//577 103//577
f 455//578 454//578 105//578
f 456//579 103//579 101//579
f 456//580 455//580 103//580
f 457//581 101//581 99//581
f 457//582 456//582 101//582
f 458//583 99//583 97//583
f 458//584 457//584 99//584
f 459//585 97//585 95//585
f 459//586 95//586 93//586
f 459//587 458//587 97//587
f 460//588 459//588 93//588
f 461//589 93//589 91//589
f 461//590 460//590 93//590
f 462//591 91//591 89//591
f 462//592 89//592 87//592
f 462//593 461//593 91//593
f 463//594 462//594 87//594
f 464//595 87//595 85//595
f 464//596 463//596 87//596
f 465//597 85//597 82//597
f 465//598 464//598 85//598
f 466//599 82//599 83//599
f 466//600 465//600 82//600
f 467//601 466//601 83//601
f 467//602 83//602 192//602
f 468//603 467//603 192//603
f 468//604 192//604 191//604
f 469//605 468//605 191//605
f 469//606 191//606 190//606
f 470//607 469//607 190//607
f 470//608 190//608 189//608
f 470//609 189//609 188//609
f 471//610 470//610 188//610
f 472//611 471//611 188//611
f 472//612 188//612 187//612
f 473//613 472//613 187//613
f 473//614 187//614 186//614
f 473//615 186//615 185//615
f 474//616 473//616 185//616
f 475//617 474//617 185//617
f 475//618 185//618 184//618
f 476//619 475//619 184//619
f 476//620 184//620 183//620
f 476//621 183//621 182//621
f 477//622 476//622 182//622
f 477//623 182//623 181//623
f 478//624 477//624 181//624
f 478//625 181//625 180//625
f 479//626 478//626 180//626
f 480//627 479//627 180//627
f 480//628 180//628 179//628
f 481//629 480//629 179//629
f 481//630 179//630 178//630
f 482//631 481//631 178//631
f 482//632 178//632 177//632
f 483//633 482//633 177//633
f 483//634 177//634 176//634
f 484//635 483//635 176//635
f 484//636 176//636 168//636
f 485//637 484//637 168//637
f 485//638 168//638 169//638
f 486//639 485//639 169//639
f 486//640 169//640 170//640
f 487//641 486//641 170//641
f 487//642 170//642 171//642
f 488//643 171//643 172//643
f 488//644 487//644 171//644
f 488//645 172//645 173//645
f 489//646 488//646 173//646
f 490//647 173//647 174//647
f 490//648 174//648 175//648
f 490//649 489//649 173//649
f 491//650 490//650 175//650
f 492//651 175//651 68//651
f 492//652 68//652 67//652
f 492//653 491//653 175//653
f 493//654 492//654 67//654
f 494//655 493//655 67//655
f 494//656 67//656 70//656
f 495//657 494//657 70//657
f 495//658 70//658 71//658
f 495//659 71//659 72//659
f 496//660 495//660 72//660
f 497//661 496//661 72//661
f 497//662 72//662 73//662
f 497//663 73//663 74//663
f 498//664 497//664 74//664
f 499//665 498//665 74//665
f 499//666 74//666 75//666
f 500//667 499//667 75//667
f 500//668 75//668 76//668
f 501//669 500//669 76//669
f 501//670 76//670 77//670
f 501//671 77//671 81//671
f 502//672 501//672 81//672
f 502//673 81//673 84//673
f 503//674 502//674 84//674
f 503//675 84//675 86//675
f 504//676 86//676 88//676
f 504//677 503//677 86//677
f 505//678 504//678 88//678
f 506//679 88//679 90//679
f 506//680 90//680 92//680
f 506//681 505//681 88//681
f 507//682 506//682 92//682
f 508//683 92//683 94//683
f 508//684 94//684 96//684
f 508//685 507//685 92//685
f 509//686 508//686 96//686
f 510//687 96//687 98//687
f 510//688 509//688 96//688
f 511//689 98//689 100//689
f 511//690 510//690 98//690
f 512//691 100//691 102//691
f 512//692 102//692 104//692
f 512//693 511//693 100//693
f 513//694 512//694 104//694
f 514//695 104//695 106//695
f 514//696 513//696 104//696
f 515//697 106//697 108//697
f 515//698 108//698 148//698
f 515//699 514//699 106//699
f 516//700 515//700 148//700
f 517//701 516//701 148//701
f 517//702 148//702 150//702
f 517//703 150//703 152//703
f 518//704 517//704 152//704
f 519//705 518//705 152//705
f 519//706 152//706 154//706
f 519//707 154//707 156//707
f 520//708 519//708 156//708
f 521//709 520//709 156//709
f 521//710 156//710 158//710
f 521//711 158//711 159//711
f 522//712 521//712 159//712
f 523//713 159//713 160//713
f 523//714 522//714 159//714
f 524//715 160//715 161//715
f 524//716 523//716 160//716
f 525//717 161//717 162//717
f 525//718 524//718 161//718
f 526//719 162//719 163//719
f 526//720 163//720 164//720
f 526//721 525//721 162//721
f 527//722 526//722 164//722
f 528//723 164//723 165//723
f 528//724 527//724 164//724
f 529//725 165//725 166//725
f 529//726 528//726 165//726
f 530//727 166//727 167//727
f 530//728 529//728 166//728
f 406//729 167//729 139//729
f 406//730 530//730 167//730
f 531//731 532//731 533//731
f 534//732 535//732 536//732
f 537//733 535//733 534//733
f 538//734 535//734 537//734
f 532//735 539//735 533//735
f 538//736 540//736 535//736
f 541//737 542//737 543//737
f 544//738 545//738 546//738
f 539//739 547//739 533//739
f 542//740 547//740 543//740
f 543//741 547//741 539//741
f 538//742 548//742 540//742
f 547//743 548//743 533//743
f 549//744 548//744 538//744
f 550//745 548//745 549//745
f 551//746 548//746 550//746
f 533//747 548//747 551//747
f 552//748 553//748 548//748
f 554//749 555//749 556//749
f 557//750 558//750 553//750
f 559//751 558//751 557//751
f 560//752 561//752 562//752
f 563//753 561//753 560//753
f 564//754 565//754 558//754
f 563//755 566//755 561//755
f 555//756 566//756 563//756
f 567//757 566//757 554//757
f 545//758 566//758 567//758
f 540//759 566//759 544//759
f 544//760 566//760 545//760
f 548//761 566//761 540//761
f 553//762 566//762 548//762
f 554//763 566//763 555//763
f 566//764 568//764 569//764
f 570//765 571//765 572//765
f 565//766 573//766 558//766
f 571//767 573//767 572//767
f 572//768 573//768 565//768
f 558//769 573//769 553//769
f 568//770 574//770 575//770
f 566//771 574//771 568//771
f 576//772 577//772 573//772
f 578//773 579//773 580//773
f 553//774 581//774 566//774
f 566//775 581//775 574//775
f 573//776 581//776 553//776
f 577//777 581//777 573//777
f 582//778 581//778 577//778
f 578//779 583//779 579//779
f 578//780 584//780 583//780
f 585//781 586//781 581//781
f 587//782 586//782 585//782
f 588//783 589//783 586//783
f 581//784 402//784 574//784
f 586//785 402//785 581//785
f 589//786 402//786 586//786
f 590//787 363//787 591//787
f 592//788 363//788 590//788
f 584//789 363//789 592//789
f 578//790 363//790 584//790
f 574//791 363//791 578//791
f 402//792 363//792 574//792
f 402//793 400//793 363//793
f 200//794 361//794 281//794
f 400//795 360//795 363//795
f 367//796 232//796 400//796
f 400//797 232//797 360//797
f 200//798 199//798 361//798
f 398//799 201//799 397//799
f 361//800 201//800 398//800
f 199//801 201//801 361//801
f 368//802 231//802 367//802
f 369//803 231//803 368//803
f 367//804 231//804 232//804
f 397//805 202//805 396//805
f 201//806 202//806 397//806
f 370//807 230//807 369//807
f 369//808 230//808 231//808
f 202//809 203//809 396//809
f 371//810 229//810 370//810
f 370//811 229//811 230//811
f 203//812 204//812 396//812
f 396//813 204//813 395//813
f 372//814 228//814 371//814
f 371//815 228//815 229//815
f 394//816 205//816 393//816
f 395//817 205//817 394//817
f 204//818 205//818 395//818
f 372//819 227//819 228//819
f 205//820 206//820 393//820
f 393//821 206//821 392//821
f 373//822 226//822 372//822
f 372//823 226//823 227//823
f 206//824 207//824 392//824
f 374//825 225//825 373//825
f 373//826 225//826 226//826
f 207//827 208//827 392//827
f 392//828 208//828 391//828
f 375//829 224//829 374//829
f 374//830 224//830 225//830
f 208//831 209//831 391//831
f 390//832 209//832 389//832
f 391//833 209//833 390//833
f 376//834 223//834 375//834
f 375//835 223//835 224//835
f 209//836 210//836 389//836
f 377//837 222//837 376//837
f 376//838 222//838 223//838
f 389//839 211//839 388//839
f 210//840 211//840 389//840
f 378//841 221//841 377//841
f 379//842 221//842 378//842
f 377//843 221//843 222//843
f 388//844 212//844 387//844
f 211//845 212//845 388//845
f 379//846 220//846 221//846
f 387//847 213//847 386//847
f 212//848 213//848 387//848
f 379//849 219//849 220//849
f 380//850 219//850 379//850
f 381//851 219//851 380//851
f 386//852 214//852 385//852
f 213//853 214//853 386//853
f 381//854 218//854 219//854
f 382//855 218//855 381//855
f 385//856 215//856 384//856
f 214//857 215//857 385//857
f 382//858 217//858 218//858
f 382//859 216//859 217//859
f 383//860 216//860 382//860
f 384//861 216//861 383//861
f 215//862 216//862 384//862
f 264//863 262//863 593//863
f 593//864 262//864 594//864
f 594//865 260//865 595//865
f 262//866 260//866 594//866
f 595//867 258//867 596//867
f 260//868 258//868 595//868
f 596//869 256//869 597//869
f 258//870 256//870 596//870
f 597//871 254//871 598//871
f 598//872 254//872 599//872
f 256//873 254//873 597//873
f 254//874 252//874 599//874
f 599//875 250//875 600//875
f 252//876 250//876 599//876
f 600//877 248//877 601//877
f 250//878 248//878 600//878
f 601//879 246//879 602//879
f 602//880 246//880 603//880
f 248//881 246//881 601//881
f 246//882 244//882 603//882
f 244//883 242//883 603//883
f 603//884 242//884 604//884
f 242//885 240//885 604//885
f 604//886 240//886 605//886
f 240//887 238//887 605//887
f 605//888 238//888 606//888
f 238//889 236//889 606//889
f 606//890 236//890 607//890
f 607//891 233//891 608//891
f 236//892 233//892 607//892
f 608//893 234//893 609//893
f 233//894 234//894 608//894
f 609//895 235//895 610//895
f 234//896 235//896 609//896
f 610//897 237//897 611//897
f 235//898 237//898 610//898
f 611//899 239//899 612//899
f 237//900 239//900 611//900
f 612//901 241//901 613//901
f 239//902 241//902 612//902
f 613//903 243//903 614//903
f 241//904 243//904 613//904
f 614//905 245//905 615//905
f 243//906 245//906 614//906
f 615//907 247//907 616//907
f 245//908 247//908 615//908
f 616//909 249//909 617//909
f 617//910 249//910 618//910
f 247//911 249//911 616//911
f 249//912 251//912 618//912
f 618//913 253//913 619//913
f 251//914 253//914 618//914
f 619//915 255//915 620//915
f 253//916 255//916 619//916
f 620//917 257//917 621//917
f 255//918 257//918 620//918
f 621//919 259//919 622//919
f 257//920 259//920 621//920
f 622//921 261//921 623//921
f 259//922 261//922 622//922
f 623//923 263//923 624//923
f 261//924 263//924 623//924
f 624//925 265//925 625//925
f 263//926 265//926 624//926
f 625//927 282//927 626//927
f 265//928 282//928 625//928
f 626//929 283//929 627//929
f 282//930 283//930 626//930
f 627//931 284//931 628//931
f 628//932 284//932 629//932
f 283//933 284//933 627//933
f 284//934 285//934 629//934
f 285//935 286//935 629//935
f 629//936 286//936 630//936
f 286//937 287//937 630//937
f 630//938 287//938 631//938
f 287//939 288//939 631//939
f 631//940 288//940 632//940
f 288//941 289//941 632//941
f 632//942 289//942 633//942
f 289//943 290//943 633//943
f 633//944 290//944 634//944
f 290//945 291//945 634//945
f 634//946 291//946 635//946
f 635//947 291//947 636//947
f 291//948 292//948 636//948
f 292//949 293//949 636//949
f 636//950 293//950 637//950
f 637//951 293//951 638//951
f 293//952 294//952 638//952
f 294//953 295//953 638//953
f 638//954 295//954 639//954
f 639//955 295//955 640//955
f 295//956 296//956 640//956
f 640//957 296//957 641//957
f 296//958 298//958 641//958
f 641//959 300//959 642//959
f 298//960 300//960 641//960
f 642//961 302//961 643//961
f 300//962 302//962 642//962
f 643//963 304//963 644//963
f 302//964 304//964 643//964
f 644//965 306//965 645//965
f 304//966 306//966 644//966
f 645//967 308//967 646//967
f 306//968 308//968 645//968
f 646//969 310//969 647//969
f 647//970 310//970 648//970
f 308//971 310//971 646//971
f 310//972 312//972 648//972
f 648//973 314//973 649//973
f 312//974 314//974 648//974
f 649//975 316//975 650//975
f 650//976 316//976 651//976
f 314//977 316//977 649//977
f 316//978 318//978 651//978
f 651//979 320//979 652//979
f 318//980 320//980 651//980
f 652//981 322//981 653//981
f 320//982 322//982 652//982
f 653//983 324//983 654//983
f 322//984 324//984 653//984
f 324//985 326//985 654//985
f 654//986 326//986 655//986
f 326//987 327//987 655//987
f 655//988 327//988 656//988
f 327//989 328//989 656//989
f 656//990 328//990 657//990
f 328//991 329//991 657//991
f 657//992 329//992 658//992
f 658//993 329//993 659//993
f 329//994 330//994 659//994
f 330//995 331//995 659//995
f 659//996 331//996 660//996
f 331//997 332//997 660//997
f 660//998 332//998 661//998
f 661//999 332//999 662//999
f 332//1000 333//1000 662//1000
f 333//1001 334//1001 662//1001
f 662//1002 334//1002 663//1002
f 334//1003 335//1003 663//1003
f 663//1004 335//1004 664//1004
f 664//1005 335//1005 665//1005
f 335//1006 336//1006 665//1006
f 665//1007 336//1007 666//1007
f 336//1008 337//1008 666//1008
f 666//1009 337//1009 667//1009
f 337//1010 338//1010 667//1010
f 338//1011 339//1011 667//1011
f 667//1012 339//1012 668//1012
f 339//1013 340//1013 668//1013
f 668//1014 340//1014 669//1014
f 340//1015 341//1015 669//1015
f 669//1016 341//1016 670//1016
f 341//1017 342//1017 670//1017
f 670//1018 342//1018 671//1018
f 342//1019 343//1019 671//1019
f 671//1020 343//1020 672//1020
f 343//1021 344//1021 672//1021
f 672//1022 344//1022 673//1022
f 344//1023 345//1023 673//1023
f 673//1024 345//1024 674//1024
f 345//1025 346//1025 674//1025
f 674//1026 346//1026 675//1026
f 675//1027 347//1027 676//1027
f 346//1028 347//1028 675//1028
f 676//1029 347//1029 677//1029
f 347//1030 348//1030 677//1030
f 677//1031 349//1031 678//1031
f 678//1032 349//1032 679//1032
f 348//1033 349//1033 677//1033
f 349//1034 350//1034 679//1034
f 679//1035 351//1035 680//1035
f 680//1036 351//1036 681//1036
f 350//1037 351//1037 679//1037
f 351//1038 352//1038 681//1038
f 352//1039 353//1039 681//1039
f 681//1040 353//1040 682//1040
f 353//1041 354//1041 682//1041
f 682//1042 354//1042 683//1042
f 683//1043 354//1043 684//1043
f 354//1044 355//1044 684//1044
f 355//1045 356//1045 684//1045
f 684//1046 356//1046 685//1046
f 685//1047 356//1047 686//1047
f 356//1048 357//1048 686//1048
f 357//1049 358//1049 686//1049
f 686//1050 358//1050 687//1050
f 358//1051 359//1051 687//1051
f 687//1052 359//1052 688//1052
f 359//1053 325//1053 688//1053
f 688//1054 325//1054 689//1054
f 689//1055 325//1055 690//1055
f 325//1056 323//1056 690//1056
f 690//1057 323//1057 691//1057
f 323//1058 321//1058 691//1058
f 691//1059 321//1059 692//1059
f 692//1060 319//1060 693//1060
f 321//1061 319//1061 692//1061
f 319//1062 317//1062 693//1062
f 693//1063 315//1063 694//1063
f 694//1064 315//1064 695//1064
f 317//1065 315//1065 693//1065
f 315//1066 313//1066 695//1066
f 695//1067 311//1067 696//1067
f 696//1068 311//1068 697//1068
f 313//1069 311//1069 695//1069
f 311//1070 309//1070 697//1070
f 697//1071 307//1071 698//1071
f 309//1072 307//1072 697//1072
f 698//1073 305//1073 699//1073
f 307//1074 305//1074 698//1074
f 699//1075 303//1075 700//1075
f 700//1076 303//1076 701//1076
f 305//1077 303//1077 699//1077
f 303//1078 301//1078 701//1078
f 701//1079 299//1079 702//1079
f 301//1080 299//1080 701//1080
f 702//1081 297//1081 703//1081
f 703//1082 297//1082 704//1082
f 299//1083 297//1083 702//1083
f 297//1084 267//1084 704//1084
f 267//1085 266//1085 704//1085
f 704//1086 266//1086 705//1086
f 705//1087 266//1087 706//1087
f 266//1088 268//1088 706//1088
f 268//1089 269//1089 706//1089
f 706//1090 269//1090 707//1090
f 707//1091 269//1091 708//1091
f 269//1092 270//1092 708//1092
f 270//1093 271//1093 708//1093
f 708//1094 271//1094 709//1094
f 709//1095 271//1095 710//1095
f 271//1096 272//1096 710//1096
f 710//1097 273//1097 711//1097
f 272//1098 273//1098 710//1098
f 711//1099 274//1099 712//1099
f 273//1100 274//1100 711//1100
f 712//1101 275//1101 713//1101
f 274//1102 275//1102 712//1102
f 713//1103 276//1103 714//1103
f 714//1104 276//1104 715//1104
f 275//1105 276//1105 713//1105
f 276//1106 277//1106 715//1106
f 715//1107 278//1107 716//1107
f 277//1108 278//1108 715//1108
f 716//1109 279//1109 717//1109
f 278//1110 279//1110 716//1110
f 717//1111 280//1111 718//1111
f 279//1112 280//1112 717//1112
f 718//1113 264//1113 593//1113
f 280//1114 264//1114 718//1114
f 399//1115 719//1115 365//1115
f 719//1116 720//1116 365//1116
f 399//1117 721//1117 719//1117
f 720//1118 722//1118 365//1118
f 399//1119 723//1119 721//1119
f 722//1120 724//1120 365//1120
f 399//1121 725//1121 723//1121
f 724//1122 726//1122 365//1122
f 399//1123 727//1123 725//1123
f 726//1124 728//1124 365//1124
f 399//1125 729//1125 727//1125
f 728//1126 730//1126 365//1126
f 399//1127 731//1127 729//1127
f 730//1128 732//1128 365//1128
f 399//1129 733//1129 731//1129
f 732//1130 734//1130 365//1130
f 399//1131 735//1131 733//1131
f 734//1132 736//1132 365//1132
f 399//1133 737//1133 735//1133
f 736//1134 738//1134 365//1134
f 399//1135 739//1135 737//1135
f 738//1136 740//1136 365//1136
f 399//1137 741//1137 739//1137
f 740//1138 742//1138 365//1138
f 399//1139 743//1139 741//1139
f 742//1140 744//1140 365//1140
f 399//1141 745//1141 743//1141
f 744//1142 746//1142 365//1142
f 399//1143 747//1143 745//1143
f 746//1144 748//1144 365//1144
f 399//1145 749//1145 747//1145
f 748//1146 750//1146 365//1146
f 399//1147 751//1147 749//1147
f 750//1148 752//1148 365//1148
f 399//1149 753//1149 751//1149
f 752//1150 754//1150 365//1150
f 399//1151 755//1151 753//1151
f 754//1152 756//1152 365//1152
f 399//1153 757//1153 755//1153
f 756//1154 758//1154 365//1154
f 399//1155 759//1155 757//1155
f 758//1156 760//1156 365//1156
f 399//1157 761//1157 759//1157
f 760//1158 762//1158 365//1158
f 399//1159 763//1159 761//1159
f 762//1160 764//1160 365//1160
f 399//1161 765//1161 763//1161
f 764//1162 766//1162 365//1162
f 399//1163 767//1163 765//1163
f 766//1164 768//1164 365//1164
f 399//1165 769//1165 767//1165
f 768//1166 770//1166 365//1166
f 399//1167 771//1167 769//1167
f 770//1168 772//1168 365//1168
f 399//1169 773//1169 771//1169
f 772//1170 774//1170 365//1170
f 399//1171 775//1171 773//1171
f 774//1172 776//1172 365//1172
f 399//1173 777//1173 775//1173
f 776//1174 778//1174 365//1174
f 399//1175 779//1175 777//1175
f 778//1176 780//1176 365//1176
f 399//1177 781//1177 779//1177
f 780//1178 782//1178 365//1178
f 399//1179 783//1179 781//1179
f 782//1180 784//1180 365//1180
f 399//1181 785//1181 783//1181
f 784//1182 786//1182 365//1182
f 399//1183 787//1183 785//1183
f 786//1184 788//1184 365//1184
f 399//1185 789//1185 787//1185
f 788//1186 790//1186 365//1186
f 399//1187 791//1187 789//1187
f 790//1188 792//1188 365//1188
f 399//1189 404//1189 791//1189
f 793//1190 404//1190 794//1190
f 794//1191 404//1191 795//1191
f 795//1192 404//1192 796//1192
f 796//1193 404//1193 797//1193
f 797//1194 404//1194 798//1194
f 798//1195 404//1195 799//1195
f 799//1196 404//1196 800//1196
f 800//1197 404//1197 801//1197
f 801//1198 404//1198 802//1198
f 802//1199 404//1199 803//1199
f 803//1200 404//1200 804//1200
f 804//1201 404//1201 805//1201
f 805//1202 404//1202 806//1202
f 806//1203 404//1203 807//1203
f 791//1204 404//1204 808//1204
f 807//1205 404//1205 809//1205
f 808//1206 404//1206 810//1206
f 809//1207 404//1207 811//1207
f 810//1208 404//1208 812//1208
f 812//1209 404//1209 813//1209
f 813//1210 404//1210 814//1210
f 814//1211 404//1211 815//1211
f 815//1212 404//1212 816//1212
f 816//1213 404//1213 817//1213
f 817//1214 404//1214 818//1214
f 818//1215 404//1215 819//1215
f 819//1216 404//1216 793//1216
f 820//1217 366//1217 821//1217
f 821//1218 366//1218 822//1218
f 822//1219 366//1219 823//1219
f 823//1220 366//1220 824//1220
f 824//1221 366//1221 825//1221
f 825//1222 366//1222 826//1222
f 826//1223 366//1223 827//1223
f 827//1224 366//1224 792//1224
f 792//1225 366//1225 365//1225
f 811//1226 366//1226 828//1226
f 828//1227 366//1227 829//1227
f 829//1228 366//1228 830//1228
f 830//1229 366//1229 831//1229
f 831//1230 366//1230 832//1230
f 832//1231 366//1231 833//1231
f 833//1232 366//1232 834//1232
f 834//1233 366//1233 835//1233
f 835//1234 366//1234 836//1234
f 836//1235 366//1235 837//1235
f 404//1236 366//1236 811//1236
f 837//1237 366//1237 838//1237
f 838//1238 366//1238 839//1238
f 839//1239 366//1239 840//1239
f 840//1240 366//1240 841//1240
f 841//1241 366//1241 842//1241
f 842//1242 366//1242 843//1242
f 843//1243 366//1243 844//1243
f 844//1244 366//1244 820//1244
f 366//1245 845//1245 846//1245
f 847//1246 848//1246 404//1246
f 849//1247 848//1247 847//1247
f 850//1248 848//1248 849//1248
f 845//1249 851//1249 852//1249
f 366//1250 853//1250 845//1250
f 851//1251 853//1251 854//1251
f 845//1252 853//1252 851//1252
f 366//1253 855//1253 853//1253
f 856//1254 857//1254 858//1254
f 859//1255 857//1255 856//1255
f 855//1256 860//1256 861//1256
f 366//1257 860//1257 855//1257
f 862//1258 863//1258 857//1258
f 857//1259 863//1259 858//1259
f 858//1260 864//1260 848//1260
f 865//1261 864//1261 863//1261
f 848//1262 864//1262 404//1262
f 366//1263 864//1263 860//1263
f 404//1264 864//1264 366//1264
f 863//1265 864//1265 858//1265
f 866//1266 867//1266 868//1266
f 869//1267 867//1267 866//1267
f 870//1268 871//1268 864//1268
f 869//1269 872//1269 867//1269
f 867//1270 872//1270 873//1270
f 874//1271 875//1271 876//1271
f 872//1272 877//1272 878//1272
f 860//1273 877//1273 869//1273
f 869//1274 877//1274 872//1274
f 875//1275 879//1275 876//1275
f 860//1276 880//1276 877//1276
f 879//1277 881//1277 876//1277
f 860//1278 882//1278 880//1278
f 871//1279 883//1279 864//1279
f 860//1280 883//1280 882//1280
f 876//1281 883//1281 871//1281
f 881//1282 883//1282 876//1282
f 864//1283 883//1283 860//1283
f 884//1284 885//1284 883//1284
f 886//1285 887//1285 885//1285
f 888//1286 889//1286 890//1286
f 891//1287 889//1287 888//1287
f 885//1288 892//1288 883//1288
f 887//1289 892//1289 885//1289
f 891//1290 893//1290 889//1290
f 894//1291 893//1291 891//1291
f 892//1292 895//1292 883//1292
f 893//1293 896//1293 897//1293
f 882//1294 896//1294 894//1294
f 894//1295 896//1295 893//1295
f 898//1296 899//1296 895//1296
f 900//1297 899//1297 898//1297
f 895//1298 901//1298 883//1298
f 899//1299 901//1299 895//1299
f 902//1300 903//1300 904//1300
f 896//1301 903//1301 902//1301
f 883//1302 905//1302 882//1302
f 906//1303 905//1303 901//1303
f 882//1304 905//1304 896//1304
f 896//1305 905//1305 903//1305
f 901//1306 905//1306 883//1306
f 403//1307 907//1307 404//1307
f 404//1308 907//1308 847//1308
f 847//1309 908//1309 849//1309
f 907//1310 908//1310 847//1310
f 849//1311 909//1311 850//1311
f 850//1312 909//1312 848//1312
f 908//1313 909//1313 849//1313
f 909//1314 910//1314 848//1314
f 848//1315 911//1315 858//1315
f 910//1316 911//1316 848//1316
f 858//1317 912//1317 856//1317
f 911//1318 912//1318 858//1318
f 856//1319 913//1319 859//1319
f 912//1320 913//1320 856//1320
f 859//1321 914//1321 857//1321
f 913//1322 914//1322 859//1322
f 857//1323 915//1323 862//1323
f 914//1324 915//1324 857//1324
f 862//1325 916//1325 863//1325
f 915//1326 916//1326 862//1326
f 863//1327 917//1327 865//1327
f 865//1328 917//1328 864//1328
f 916//1329 917//1329 863//1329
f 917//1330 918//1330 864//1330
f 864//1331 919//1331 870//1331
f 918//1332 919//1332 864//1332
f 870//1333 920//1333 871//1333
f 919//1334 920//1334 870//1334
f 871//1335 921//1335 876//1335
f 920//1336 921//1336 871//1336
f 876//1337 922//1337 874//1337
f 921//1338 922//1338 876//1338
f 874//1339 923//1339 875//1339
f 922//1340 923//1340 874//1340
f 875//1341 924//1341 879//1341
f 923//1342 924//1342 875//1342
f 924//1343 925//1343 879//1343
f 879//1344 925//1344 881//1344
f 925//1345 926//1345 881//1345
f 881//1346 926//1346 883//1346
f 926//1347 927//1347 883//1347
f 883//1348 927//1348 884//1348
f 927//1349 928//1349 884//1349
f 884//1350 928//1350 885//1350
f 885//1351 928//1351 886//1351
f 928//1352 929//1352 886//1352
f 886//1353 930//1353 887//1353
f 929//1354 930//1354 886//1354
f 887//1355 931//1355 892//1355
f 892//1356 931//1356 895//1356
f 930//1357 931//1357 887//1357
f 931//1358 932//1358 895//1358
f 895//1359 933//1359 898//1359
f 932//1360 933//1360 895//1360
f 898//1361 934//1361 900//1361
f 933//1362 934//1362 898//1362
f 900//1363 935//1363 899//1363
f 934//1364 935//1364 900//1364
f 899//1365 936//1365 901//1365
f 901//1366 936//1366 906//1366
f 935//1367 936//1367 899//1367
f 906//1368 937//1368 905//1368
f 936//1369 937//1369 906//1369
f 937//1370 938//1370 905//1370
f 905//1371 939//1371 903//1371
f 903//1372 939//1372 904//1372
f 938//1373 939//1373 905//1373
f 939//1374 940//1374 904//1374
f 904//1375 941//1375 902//1375
f 940//1376 941//1376 904//1376
f 902//1377 942//1377 896//1377
f 941//1378 942//1378 902//1378
f 896//1379 943//1379 897//1379
f 942//1380 943//1380 896//1380
f 897//1381 944//1381 893//1381
f 893//1382 944//1382 889//1382
f 943//1383 944//1383 897//1383
f 944//1384 945//1384 889//1384
f 889//1385 946//1385 890//1385
f 945//1386 946//1386 889//1386
f 890//1387 947//1387 888//1387
f 888//1388 947//1388 891//1388
f 946//1389 947//1389 890//1389
f 891//1390 948//1390 894//1390
f 947//1391 948//1391 891//1391
f 948//1392 949//1392 894//1392
f 949//1393 950//1393 894//1393
f 894//1394 950//1394 882//1394
f 950//1395 951//1395 882//1395
f 882//1396 951//1396 880//1396
f 880//1397 951//1397 877//1397
f 951//1398 952//1398 877//1398
f 952//1399 953//1399 877//1399
f 877//1400 953//1400 878//1400
f 878//1401 953//1401 872//1401
f 953//1402 954//1402 872//1402
f 954//1403 955//1403 872//1403
f 872//1404 955//1404 873//1404
f 955//1405 956//1405 873//1405
f 873//1406 956//1406 867//1406
f 956//1407 957//1407 867//1407
f 867//1408 957//1408 868//1408
f 868//1409 957//1409 866//1409
f 957//1410 958//1410 866//1410
f 958//1411 959//1411 866//1411
f 866//1412 959//1412 869//1412
f 869//1413 959//1413 860//1413
f 959//1414 960//1414 860//1414
f 860//1415 960//1415 861//1415
f 960//1416 961//1416 861//1416
f 961//1417 962//1417 861//1417
f 861//1418 962//1418 855//1418
f 855//1419 963//1419 853//1419
f 853//1420 963//1420 854//1420
f 962//1421 963//1421 855//1421
f 963//1422 964//1422 854//1422
f 854//1423 965//1423 851//1423
f 851//1424 965//1424 852//1424
f 964//1425 965//1425 854//1425
f 852//1426 966//1426 845//1426
f 965//1427 966//1427 852//1427
f 966//1428 967//1428 845//1428
f 845//1429 968//1429 846//1429
f 967//1430 968//1430 845//1430
f 846//1431 364//1431 366//1431
f 968//1432 364//1432 846//1432
f 911//1433 486//1433 912//1433
f 969//1434 481//1434 970//1434
f 912//1435 487//1435 913//1435
f 486//1436 487//1436 912//1436
f 971//1437 480//1437 969//1437
f 969//1438 480//1438 481//1438
f 913//1439 488//1439 914//1439
f 487//1440 488//1440 913//1440
f 972//1441 479//1441 971//1441
f 971//1442 479//1442 480//1442
f 914//1443 489//1443 915//1443
f 488//1444 489//1444 914//1444
f 973//1445 478//1445 972//1445
f 972//1446 478//1446 479//1446
f 915//1447 490//1447 916//1447
f 489//1448 490//1448 915//1448
f 974//1449 477//1449 973//1449
f 973//1450 477//1450 478//1450
f 490//1451 491//1451 916//1451
f 916//1452 491//1452 917//1452
f 974//1453 476//1453 477//1453
f 975//1454 476//1454 974//1454
f 917//1455 492//1455 918//1455
f 491//1456 492//1456 917//1456
f 975//1457 475//1457 476//1457
f 976//1458 475//1458 975//1458
f 918//1459 493//1459 919//1459
f 492//1460 493//1460 918//1460
f 977//1461 474//1461 976//1461
f 976//1462 474//1462 475//1462
f 493//1463 494//1463 919//1463
f 978//1464 473//1464 977//1464
f 977//1465 473//1465 474//1465
f 919//1466 495//1466 920//1466
f 494//1467 495//1467 919//1467
f 979//1468 472//1468 978//1468
f 978//1469 472//1469 473//1469
f 920//1470 496//1470 921//1470
f 495//1471 496//1471 920//1471
f 979//1472 471//1472 472//1472
f 980//1473 471//1473 979//1473
f 921//1474 497//1474 922//1474
f 496//1475 497//1475 921//1475
f 981//1476 470//1476 980//1476
f 980//1477 470//1477 471//1477
f 922//1478 498//1478 923//1478
f 497//1479 498//1479 922//1479
f 981//1480 469//1480 470//1480
f 923//1481 499//1481 924//1481
f 498//1482 499//1482 923//1482
f 982//1483 468//1483 981//1483
f 981//1484 468//1484 469//1484
f 924//1485 500//1485 925//1485
f 499//1486 500//1486 924//1486
f 983//1487 467//1487 982//1487
f 982//1488 467//1488 468//1488
f 500//1489 501//1489 925//1489
f 925//1490 501//1490 926//1490
f 984//1491 466//1491 983//1491
f 983//1492 466//1492 467//1492
f 926//1493 502//1493 927//1493
f 501//1494 502//1494 926//1494
f 985//1495 465//1495 984//1495
f 984//1496 465//1496 466//1496
f 502//1497 503//1497 927//1497
f 986//1498 464//1498 985//1498
f 985//1499 464//1499 465//1499
f 503//1500 504//1500 927//1500
f 927//1501 504//1501 928//1501
f 987//1502 463//1502 986//1502
f 986//1503 463//1503 464//1503
f 928//1504 505//1504 929//1504
f 504//1505 505//1505 928//1505
f 988//1506 462//1506 987//1506
f 987//1507 462//1507 463//1507
f 929//1508 506//1508 930//1508
f 505//1509 506//1509 929//1509
f 988//1510 461//1510 462//1510
f 930//1511 507//1511 931//1511
f 506//1512 507//1512 930//1512
f 989//1513 460//1513 988//1513
f 988//1514 460//1514 461//1514
f 931//1515 508//1515 932//1515
f 507//1516 508//1516 931//1516
f 990//1517 459//1517 989//1517
f 989//1518 459//1518 460//1518
f 932//1519 509//1519 933//1519
f 508//1520 509//1520 932//1520
f 991//1521 458//1521 990//1521
f 990//1522 458//1522 459//1522
f 509//1523 510//1523 933//1523
f 991//1524 457//1524 458//1524
f 992//1525 457//1525 991//1525
f 933//1526 511//1526 934//1526
f 510//1527 511//1527 933//1527
f 992//1528 456//1528 457//1528
f 993//1529 456//1529 992//1529
f 934//1530 512//1530 935//1530
f 511//1531 512//1531 934//1531
f 993//1532 455//1532 456//1532
f 993//1533 994//1533 455//1533
f 935//1534 513//1534 936//1534
f 512//1535 513//1535 935//1535
f 994//1536 454//1536 455//1536
f 513//1537 514//1537 936//1537
f 514//1538 937//1538 936//1538
f 995//1539 453//1539 994//1539
f 994//1540 453//1540 454//1540
f 514//1541 515//1541 937//1541
f 995//1542 452//1542 453//1542
f 516//1543 938//1543 515//1543
f 515//1544 938//1544 937//1544
f 995//1545 996//1545 452//1545
f 996//1546 451//1546 452//1546
f 516//1547 939//1547 938//1547
f 517//1548 939//1548 516//1548
f 996//1549 997//1549 451//1549
f 451//1550 997//1550 450//1550
f 517//1551 518//1551 939//1551
f 518//1552 940//1552 939//1552
f 519//1553 940//1553 518//1553
f 997//1554 998//1554 450//1554
f 450//1555 998//1555 449//1555
f 519//1556 941//1556 940//1556
f 520//1557 941//1557 519//1557
f 998//1558 999//1558 449//1558
f 449//1559 999//1559 448//1559
f 520//1560 942//1560 941//1560
f 521//1561 942//1561 520//1561
f 999//1562 1000//1562 448//1562
f 447//1563 1000//1563 446//1563
f 448//1564 1000//1564 447//1564
f 521//1565 943//1565 942//1565
f 522//1566 943//1566 521//1566
f 1000//1567 1001//1567 446//1567
f 446//1568 1001//1568 445//1568
f 523//1569 944//1569 522//1569
f 522//1570 944//1570 943//1570
f 445//1571 1002//1571 444//1571
f 1001//1572 1002//1572 445//1572
f 524//1573 945//1573 523//1573
f 525//1574 945//1574 524//1574
f 523//1575 945//1575 944//1575
f 444//1576 1003//1576 443//1576
f 1002//1577 1003//1577 444//1577
f 526//1578 946//1578 525//1578
f 525//1579 946//1579 945//1579
f 443//1580 1004//1580 442//1580
f 1003//1581 1004//1581 443//1581
f 527//1582 947//1582 526//1582
f 526//1583 947//1583 946//1583
f 442//1584 1005//1584 441//1584
f 1004//1585 1005//1585 442//1585
f 527//1586 948//1586 947//1586
f 528//1587 948//1587 527//1587
f 1005//1588 1006//1588 441//1588
f 440//1589 1006//1589 439//1589
f 441//1590 1006//1590 440//1590
f 529//1591 949//1591 528//1591
f 528//1592 949//1592 948//1592
f 1006//1593 1007//1593 439//1593
f 439//1594 1007//1594 438//1594
f 529//1595 950//1595 949//1595
f 530//1596 950//1596 529//1596
f 1007//1597 1008//1597 438//1597
f 438//1598 1008//1598 437//1598
f 530//1599 951//1599 950//1599
f 406//1600 951//1600 530//1600
f 437//1601 1009//1601 436//1601
f 1008//1602 1009//1602 437//1602
f 406//1603 952//1603 951//1603
f 405//1604 952//1604 406//1604
f 407//1605 952//1605 405//1605
f 436//1606 1010//1606 435//1606
f 1009//1607 1010//1607 436//1607
f 408//1608 953//1608 407//1608
f 407//1609 953//1609 952//1609
f 1010//1610 1011//1610 435//1610
f 435//1611 1011//1611 434//1611
f 409//1612 954//1612 408//1612
f 408//1613 954//1613 953//1613
f 1011//1614 1012//1614 434//1614
f 434//1615 1012//1615 433//1615
f 410//1616 955//1616 409//1616
f 409//1617 955//1617 954//1617
f 1012//1618 1013//1618 433//1618
f 433//1619 1013//1619 432//1619
f 411//1620 956//1620 410//1620
f 410//1621 956//1621 955//1621
f 431//1622 1014//1622 430//1622
f 432//1623 1014//1623 431//1623
f 1013//1624 1014//1624 432//1624
f 411//1625 957//1625 956//1625
f 412//1626 957//1626 411//1626
f 1014//1627 1015//1627 430//1627
f 430//1628 1015//1628 429//1628
f 412//1629 958//1629 957//1629
f 413//1630 958//1630 412//1630
f 429//1631 1016//1631 428//1631
f 1015//1632 1016//1632 429//1632
f 414//1633 959//1633 413//1633
f 413//1634 959//1634 958//1634
f 1016//1635 1017//1635 428//1635
f 428//1636 1017//1636 427//1636
f 414//1637 960//1637 959//1637
f 415//1638 960//1638 414//1638
f 1017//1639 1018//1639 427//1639
f 427//1640 1018//1640 426//1640
f 415//1641 961//1641 960//1641
f 416//1642 961//1642 415//1642
f 426//1643 1019//1643 425//1643
f 1018//1644 1019//1644 426//1644
f 416//1645 962//1645 961//1645
f 417//1646 962//1646 416//1646
f 417//1647 963//1647 962//1647
f 418//1648 963//1648 417//1648
f 362//1649 364//1649 1020//1649
f 1020//1650 364//1650 968//1650
f 1020//1651 968//1651 1021//1651
f 1021//1652 968//1652 967//1652
f 1021//1653 967//1653 1022//1653
f 1022//1654 967//1654 966//1654
f 1022//1655 966//1655 1023//1655
f 1023//1656 966//1656 965//1656
f 1023//1657 965//1657 1024//1657
f 1024//1658 965//1658 964//1658
f 1024//1659 964//1659 1025//1659
f 1025//1660 964//1660 963//1660
f 1025//1661 963//1661 1026//1661
f 1026//1662 963//1662 1019//1662
f 1019//1663 963//1663 421//1663
f 1019//1664 421//1664 422//1664
f 1019//1665 422//1665 423//1665
f 1019//1666 423//1666 424//1666
f 1019//1667 424//1667 425//1667
f 421//1668 963//1668 420//1668
f 420//1669 963//1669 419//1669
f 419//1670 963//1670 418//1670
f 403//1671 401//1671 907//1671
f 907//1672 401//1672 1027//1672
f 907//1673 1027//1673 908//1673
f 908//1674 1027//1674 1028//1674
f 908//1675 1028//1675 909//1675
f 909//1676 1028//1676 1029//1676
f 909//1677 1029//1677 910//1677
f 910//1678 1029//1678 1030//1678
f 910//1679 1030//1679 911//1679
f 911//1680 1030//1680 970//1680
f 911//1681 970//1681 484//1681
f 911//1682 484//1682 485//1682
f 911//1683 485//1683 486//1683
f 484//1684 970//1684 483//1684
f 483//1685 970//1685 482//1685
f 482//1686 970//1686 481//1686
f 362//1687 1020//1687 363//1687
f 363//1688 1020//1688 591//1688
f 591//1689 1021//1689 590//1689
f 1020//1690 1021//1690 591//1690
f 590//1691 1022//1691 592//1691
f 592//1692 1022//1692 584//1692
f 1021//1693 1022//1693 590//1693
f 1022//1694 1023//1694 584//1694
f 584//1695 1024//1695 583//1695
f 1023//1696 1024//1696 584//1696
f 583//1697 1025//1697 579//1697
f 1024//1698 1025//1698 583//1698
f 579//1699 1026//1699 580//1699
f 580//1700 1026//1700 578//1700
f 1025//1701 1026//1701 579//1701
f 1026//1702 1019//1702 578//1702
f 578//1703 1018//1703 574//1703
f 1019//1704 1018//1704 578//1704
f 574//1705 1017//1705 575//1705
f 1018//1706 1017//1706 574//1706
f 575//1707 1016//1707 568//1707
f 1017//1708 1016//1708 575//1708
f 568//1709 1015//1709 569//1709
f 569//1710 1015//1710 566//1710
f 1016//1711 1015//1711 568//1711
f 1015//1712 1014//1712 566//1712
f 566//1713 1013//1713 561//1713
f 1014//1714 1013//1714 566//1714
f 561//1715 1012//1715 562//1715
f 1013//1716 1012//1716 561//1716
f 562//1717 1011//1717 560//1717
f 1012//1718 1011//1718 562//1718
f 560//1719 1010//1719 563//1719
f 563//1720 1010//1720 555//1720
f 1011//1721 1010//1721 560//1721
f 1010//1722 1009//1722 555//1722
f 555//1723 1009//1723 556//1723
f 1009//1724 1008//1724 556//1724
f 1008//1725 1007//1725 556//1725
f 556//1726 1007//1726 554//1726
f 1007//1727 1006//1727 554//1727
f 554//1728 1006//1728 567//1728
f 1006//1729 1005//1729 567//1729
f 567//1730 1005//1730 545//1730
f 545//1731 1004//1731 546//1731
f 1005//1732 1004//1732 545//1732
f 546//1733 1003//1733 544//1733
f 1004//1734 1003//1734 546//1734
f 544//1735 1002//1735 540//1735
f 1003//1736 1002//1736 544//1736
f 540//1737 1001//1737 535//1737
f 1002//1738 1001//1738 540//1738
f 535//1739 1000//1739 536//1739
f 536//1740 1000//1740 534//1740
f 1001//1741 1000//1741 535//1741
f 1000//1742 999//1742 534//1742
f 534//1743 998//1743 537//1743
f 537//1744 998//1744 538//1744
f 999//1745 998//1745 534//1745
f 538//1746 997//1746 549//1746
f 998//1747 997//1747 538//1747
f 997//1748 996//1748 549//1748
f 549//1749 995//1749 550//1749
f 550//1750 995//1750 551//1750
f 996//1751 995//1751 549//1751
f 995//1752 994//1752 551//1752
f 551//1753 993//1753 533//1753
f 533//1754 993//1754 531//1754
f 994//1755 993//1755 551//1755
f 993//1756 992//1756 531//1756
f 531//1757 991//1757 532//1757
f 532//1758 991//1758 539//1758
f 992//1759 991//1759 531//1759
f 539//1760 990//1760 543//1760
f 991//1761 990//1761 539//1761
f 990//1762 989//1762 543//1762
f 543//1763 988//1763 541//1763
f 989//1764 988//1764 543//1764
f 541//1765 987//1765 542//1765
f 542//1766 987//1766 547//1766
f 988//1767 987//1767 541//1767
f 547//1768 986//1768 548//1768
f 987//1769 986//1769 547//1769
f 548//1770 985//1770 552//1770
f 986//1771 985//1771 548//1771
f 985//1772 984//1772 552//1772
f 552//1773 984//1773 553//1773
f 984//1774 983//1774 553//1774
f 983//1775 982//1775 553//1775
f 553//1776 982//1776 557//1776
f 982//1777 981//1777 557//1777
f 557//1778 981//1778 559//1778
f 981//1779 980//1779 559//1779
f 559//1780 980//1780 558//1780
f 558//1781 980//1781 564//1781
f 980//1782 979//1782 564//1782
f 979//1783 978//1783 564//1783
f 564//1784 978//1784 565//1784
f 978//1785 977//1785 565//1785
f 565//1786 977//1786 572//1786
f 977//1787 976//1787 572//1787
f 572//1788 976//1788 570//1788
f 570//1789 976//1789 571//1789
f 976//1790 975//1790 571//1790
f 571//1791 975//1791 573//1791
f 975//1792 974//1792 573//1792
f 974//1793 973//1793 573//1793
f 573//1794 973//1794 576//1794
f 576//1795 973//1795 577//1795
f 973//1796 972//1796 577//1796
f 972//1797 971//1797 577//1797
f 577//1798 971//1798 582//1798
f 582//1799 969//1799 581//1799
f 581//1800 969//1800 585//1800
f 971//1801 969//1801 582//1801
f 969//1802 970//1802 585//1802
f 585//1803 1030//1803 587//1803
f 970//1804 1030//1804 585//1804
f 587//1805 1029//1805 586//1805
f 1030//1806 1029//1806 587//1806
f 586//1807 1028//1807 588//1807
f 1029//1808 1028//1808 586//1808
f 588//1809 1027//1809 589//1809
f 1028//1810 1027//1810 588//1810
f 589//1811 401//1811 402//1811
f 1027//1812 401//1812 589//1812
f 641//1813 642//1813 640//1813
f 643//1814 645//1814 642//1814
f 644//1815 645//1815 643//1815
f 637//1816 635//1816 636//1816
f 638//1817 635//1817 637//1817
f 639//1818 635//1818 638//1818
f 640//1819 635//1819 639//1819
f 635//1820 633//1820 634//1820
f 648//1821 649//1821 647//1821
f 645//1822 650//1822 642//1822
f 646//1823 650//1823 645//1823
f 647//1824 650//1824 646//1824
f 649//1825 650//1825 647//1825
f 631//1826 629//1826 630//1826
f 632//1827 629//1827 631//1827
f 633//1828 629//1828 632//1828
f 642//1829 628//1829 640//1829
f 640//1830 628//1830 635//1830
f 635//1831 628//1831 633//1831
f 633//1832 628//1832 629//1832
f 652//1833 653//1833 651//1833
f 627//1834 625//1834 626//1834
f 628//1835 625//1835 627//1835
f 651//1836 656//1836 650//1836
f 654//1837 656//1837 653//1837
f 655//1838 656//1838 654//1838
f 653//1839 656//1839 651//1839
f 625//1840 623//1840 624//1840
f 657//1841 660//1841 656//1841
f 658//1842 660//1842 657//1842
f 659//1843 660//1843 658//1843
f 622//1844 620//1844 621//1844
f 623//1845 620//1845 622//1845
f 661//1846 662//1846 660//1846
f 623//1847 618//1847 620//1847
f 620//1848 618//1848 619//1848
f 625//1849 618//1849 623//1849
f 662//1850 664//1850 660//1850
f 663//1851 664//1851 662//1851
f 618//1852 616//1852 617//1852
f 664//1853 665//1853 660//1853
f 650//1854 665//1854 642//1854
f 656//1855 665//1855 650//1855
f 660//1856 665//1856 656//1856
f 625//1857 615//1857 618//1857
f 618//1858 615//1858 616//1858
f 628//1859 615//1859 625//1859
f 666//1860 667//1860 665//1860
f 615//1861 613//1861 614//1861
f 615//1862 612//1862 613//1862
f 665//1863 669//1863 642//1863
f 667//1864 669//1864 665//1864
f 668//1865 669//1865 667//1865
f 628//1866 671//1866 615//1866
f 669//1867 671//1867 642//1867
f 642//1868 671//1868 628//1868
f 670//1869 671//1869 669//1869
f 611//1870 609//1870 610//1870
f 671//1871 672//1871 615//1871
f 612//1872 608//1872 611//1872
f 611//1873 608//1873 609//1873
f 615//1874 607//1874 612//1874
f 612//1875 607//1875 608//1875
f 673//1876 674//1876 672//1876
f 607//1877 605//1877 606//1877
f 615//1878 605//1878 607//1878
f 677//1879 679//1879 676//1879
f 678//1880 679//1880 677//1880
f 674//1881 680//1881 672//1881
f 675//1882 680//1882 674//1882
f 676//1883 680//1883 675//1883
f 679//1884 680//1884 676//1884
f 602//1885 600//1885 601//1885
f 603//1886 600//1886 602//1886
f 604//1887 600//1887 603//1887
f 680//1888 682//1888 672//1888
f 681//1889 682//1889 680//1889
f 600//1890 598//1890 599//1890
f 605//1891 683//1891 604//1891
f 672//1892 683//1892 615//1892
f 615//1893 683//1893 605//1893
f 682//1894 683//1894 672//1894
f 598//1895 596//1895 597//1895
f 600//1896 596//1896 598//1896
f 684//1897 685//1897 683//1897
f 596//1898 594//1898 595//1898
f 685//1899 687//1899 683//1899
f 686//1900 687//1900 685//1900
f 594//1901 718//1901 593//1901
f 596//1902 718//1902 594//1902
f 600//1903 718//1903 596//1903
f 688//1904 691//1904 687//1904
f 689//1905 691//1905 688//1905
f 690//1906 691//1906 689//1906
f 600//1907 715//1907 718//1907
f 717//1908 715//1908 716//1908
f 718//1909 715//1909 717//1909
f 604//1910 715//1910 600//1910
f 691//1911 692//1911 687//1911
f 604//1912 714//1912 715//1912
f 692//1913 693//1913 687//1913
f 693//1914 694//1914 687//1914
f 714//1915 712//1915 713//1915
f 604//1916 712//1916 714//1916
f 711//1917 709//1917 710//1917
f 695//1918 698//1918 694//1918
f 696//1919 698//1919 695//1919
f 697//1920 698//1920 696//1920
f 711//1921 708//1921 709//1921
f 698//1922 699//1922 694//1922
f 708//1923 706//1923 707//1923
f 700//1924 701//1924 699//1924
f 699//1925 701//1925 694//1925
f 687//1926 705//1926 683//1926
f 712//1927 705//1927 711//1927
f 604//1928 705//1928 712//1928
f 711//1929 705//1929 708//1929
f 708//1930 705//1930 706//1930
f 683//1931 705//1931 604//1931
f 702//1932 703//1932 701//1932
f 705//1933 703//1933 704//1933
f 694//1934 703//1934 687//1934
f 701//1935 703//1935 694//1935
f 687//1936 703//1936 705//1936
f 793//1937 794//1937 1031//1937
f 1031//1938 794//1938 1032//1938
f 1032//1939 794//1939 1033//1939
f 1033//1940 795//1940 1034//1940
f 794//1941 795//1941 1033//1941
f 795//1942 796//1942 1034//1942
f 1034//1943 797//1943 1035//1943
f 1035//1944 797//1944 1036//1944
f 796//1945 797//1945 1034//1945
f 797//1946 798//1946 1036//1946
f 1036//1947 799//1947 1037//1947
f 798//1948 799//1948 1036//1948
f 1037//1949 800//1949 1038//1949
f 1038//1950 800//1950 1039//1950
f 799//1951 800//1951 1037//1951
f 800//1952 801//1952 1039//1952
f 1039//1953 802//1953 1040//1953
f 801//1954 802//1954 1039//1954
f 1040//1955 803//1955 1041//1955
f 802//1956 803//1956 1040//1956
f 803//1957 804//1957 1041//1957
f 1041//1958 804//1958 1042//1958
f 1042//1959 804//1959 1043//1959
f 804//1960 805//1960 1043//1960
f 805//1961 806//1961 1043//1961
f 1043//1962 806//1962 1044//1962
f 806//1963 807//1963 1044//1963
f 1044//1964 807//1964 1045//1964
f 1045//1965 809//1965 1046//1965
f 1046//1966 809//1966 1047//1966
f 807//1967 809//1967 1045//1967
f 809//1968 811//1968 1047//1968
f 1047//1969 828//1969 1048//1969
f 811//1970 828//1970 1047//1970
f 1048//1971 829//1971 1049//1971
f 1049//1972 829//1972 1050//1972
f 828//1973 829//1973 1048//1973
f 829//1974 830//1974 1050//1974
f 1050//1975 831//1975 1051//1975
f 830//1976 831//1976 1050//1976
f 1051//1977 832//1977 1052//1977
f 831//1978 832//1978 1051//1978
f 1052//1979 833//1979 1053//1979
f 832//1980 833//1980 1052//1980
f 1053//1981 834//1981 1054//1981
f 833//1982 834//1982 1053//1982
f 1054//1983 835//1983 1055//1983
f 834//1984 835//1984 1054//1984
f 1055//1985 836//1985 1056//1985
f 835//1986 836//1986 1055//1986
f 1056//1987 837//1987 1057//1987
f 836//1988 837//1988 1056//1988
f 1057//1989 838//1989 1058//1989
f 837//1990 838//1990 1057//1990
f 1058//1991 839//1991 1059//1991
f 1059//1992 839//1992 1060//1992
f 838//1993 839//1993 1058//1993
f 839//1994 840//1994 1060//1994
f 1060//1995 841//1995 1061//1995
f 840//1996 841//1996 1060//1996
f 1061//1997 842//1997 1062//1997
f 841//1998 842//1998 1061//1998
f 1062//1999 843//1999 1063//1999
f 842//2000 843//2000 1062//2000
f 1063//2001 844//2001 1064//2001
f 843//2002 844//2002 1063//2002
f 1064//2003 820//2003 1065//2003
f 844//2004 820//2004 1064//2004
f 1065//2005 821//2005 1066//2005
f 820//2006 821//2006 1065//2006
f 1066//2007 822//2007 1067//2007
f 821//2008 822//2008 1066//2008
f 1067//2009 823//2009 1068//2009
f 1068//2010 823//2010 1069//2010
f 822//2011 823//2011 1067//2011
f 823//2012 824//2012 1069//2012
f 1069//2013 824//2013 1070//2013
f 824//2014 825//2014 1070//2014
f 825//2015 826//2015 1070//2015
f 1070//2016 826//2016 1071//2016
f 826//2017 827//2017 1071//2017
f 1071//2018 827//2018 1072//2018
f 827//2019 792//2019 1072//2019
f 1072//2020 792//2020 1073//2020
f 792//2021 790//2021 1073//2021
f 1073//2022 790//2022 1074//2022
f 790//2023 788//2023 1074//2023
f 1074//2024 788//2024 1075//2024
f 788//2025 786//2025 1075//2025
f 1075//2026 786//2026 1076//2026
f 786//2027 784//2027 1076//2027
f 1076//2028 784//2028 1077//2028
f 1077//2029 784//2029 1078//2029
f 784//2030 782//2030 1078//2030
f 1078//2031 780//2031 1079//2031
f 782//2032 780//2032 1078//2032
f 1079//2033 778//2033 1080//2033
f 780//2034 778//2034 1079//2034
f 1080//2035 776//2035 1081//2035
f 1081//2036 776//2036 1082//2036
f 778//2037 776//2037 1080//2037
f 776//2038 774//2038 1082//2038
f 1082//2039 772//2039 1083//2039
f 1083//2040 772//2040 1084//2040
f 774//2041 772//2041 1082//2041
f 772//2042 770//2042 1084//2042
f 1084//2043 768//2043 1085//2043
f 1085//2044 768//2044 1086//2044
f 770//2045 768//2045 1084//2045
f 768//2046 766//2046 1086//2046
f 1086//2047 764//2047 1087//2047
f 766//2048 764//2048 1086//2048
f 1087//2049 762//2049 1088//2049
f 1088//2050 762//2050 1089//2050
f 764//2051 762//2051 1087//2051
f 762//2052 760//2052 1089//2052
f 1089//2053 758//2053 1090//2053
f 760//2054 758//2054 1089//2054
f 1090//2055 756//2055 1091//2055
f 758//2056 756//2056 1090//2056
f 1091//2057 754//2057 1092//2057
f 756//2058 754//2058 1091//2058
f 754//2059 752//2059 1092//2059
f 1092//2060 752//2060 1093//2060
f 1093//2061 752//2061 1094//2061
f 752//2062 750//2062 1094//2062
f 1094//2063 750//2063 1095//2063
f 750//2064 748//2064 1095//2064
f 748//2065 746//2065 1095//2065
f 1095//2066 746//2066 1096//2066
f 1096//2067 746//2067 1097//2067
f 746//2068 744//2068 1097//2068
f 1097//2069 744//2069 1098//2069
f 744//2070 742//2070 1098//2070
f 1098//2071 742//2071 1099//2071
f 742//2072 740//2072 1099//2072
f 740//2073 738//2073 1099//2073
f 1099//2074 738//2074 1100//2074
f 1100//2075 738//2075 1101//2075
f 738//2076 736//2076 1101//2076
f 1101//2077 736//2077 1102//2077
f 736//2078 734//2078 1102//2078
f 734//2079 732//2079 1102//2079
f 1102//2080 732//2080 1103//2080
f 1103//2081 732//2081 1104//2081
f 732//2082 730//2082 1104//2082
f 730//2083 728//2083 1104//2083
f 1104//2084 728//2084 1105//2084
f 728//2085 726//2085 1105//2085
f 1105//2086 726//2086 1106//2086
f 726//2087 724//2087 1106//2087
f 1106//2088 724//2088 1107//2088
f 1107//2089 724//2089 1108//2089
f 724//2090 722//2090 1108//2090
f 722//2091 720//2091 1108//2091
f 1108//2092 720//2092 1109//2092
f 720//2093 719//2093 1109//2093
f 1109//2094 719//2094 1110//2094
f 1110//2095 719//2095 1111//2095
f 719//2096 721//2096 1111//2096
f 721//2097 723//2097 1111//2097
f 1111//2098 723//2098 1112//2098
f 723//2099 725//2099 1112//2099
f 1112//2100 725//2100 1113//2100
f 1113//2101 727//2101 1114//2101
f 725//2102 727//2102 1113//2102
f 1114//2103 727//2103 1115//2103
f 727//2104 729//2104 1115//2104
f 1115//2105 731//2105 1116//2105
f 729//2106 731//2106 1115//2106
f 1116//2107 733//2107 1117//2107
f 731//2108 733//2108 1116//2108
f 1117//2109 735//2109 1118//2109
f 733//2110 735//2110 1117//2110
f 735//2111 737//2111 1118//2111
f 1118//2112 737//2112 1119//2112
f 737//2113 739//2113 1119//2113
f 1119//2114 739//2114 1120//2114
f 739//2115 741//2115 1120//2115
f 1120//2116 741//2116 1121//2116
f 741//2117 743//2117 1121//2117
f 1121//2118 743//2118 1122//2118
f 1122//2119 743//2119 1123//2119
f 743//2120 745//2120 1123//2120
f 745//2121 747//2121 1123//2121
f 1123//2122 747//2122 1124//2122
f 747//2123 749//2123 1124//2123
f 1124//2124 749//2124 1125//2124
f 749//2125 751//2125 1125//2125
f 1125//2126 751//2126 1126//2126
f 751//2127 753//2127 1126//2127
f 1126//2128 753//2128 1127//2128
f 753//2129 755//2129 1127//2129
f 1127//2130 755//2130 1128//2130
f 755//2131 757//2131 1128//2131
f 1128//2132 757//2132 1129//2132
f 757//2133 759//2133 1129//2133
f 1129//2134 759//2134 1130//2134
f 1130//2135 761//2135 1131//2135
f 759//2136 761//2136 1130//2136
f 1131//2137 763//2137 1132//2137
f 761//2138 763//2138 1131//2138
f 1132//2139 765//2139 1133//2139
f 763//2140 765//2140 1132//2140
f 1133//2141 767//2141 1134//2141
f 765//2142 767//2142 1133//2142
f 1134//2143 769//2143 1135//2143
f 1135//2144 769//2144 1136//2144
f 767//2145 769//2145 1134//2145
f 769//2146 771//2146 1136//2146
f 1136//2147 773//2147 1137//2147
f 771//2148 773//2148 1136//2148
f 1137//2149 775//2149 1138//2149
f 773//2150 775//2150 1137//2150
f 1138//2151 777//2151 1139//2151
f 775//2152 777//2152 1138//2152
f 1139//2153 779//2153 1140//2153
f 777//2154 779//2154 1139//2154
f 1140//2155 781//2155 1141//2155
f 779//2156 781//2156 1140//2156
f 1141//2157 783//2157 1142//2157
f 781//2158 783//2158 1141//2158
f 783//2159 785//2159 1142//2159
f 1142//2160 785//2160 1143//2160
f 785//2161 787//2161 1143//2161
f 1143//2162 787//2162 1144//2162
f 787//2163 789//2163 1144//2163
f 1144//2164 789//2164 1145//2164
f 789//2165 791//2165 1145//2165
f 1145//2166 791//2166 1146//2166
f 791//2167 808//2167 1146//2167
f 1146//2168 808//2168 1147//2168
f 1147//2169 810//2169 1148//2169
f 808//2170 810//2170 1147//2170
f 1148//2171 812//2171 1149//2171
f 810//2172 812//2172 1148//2172
f 1149//2173 813//2173 1150//2173
f 1150//2174 813//2174 1151//2174
f 812//2175 813//2175 1149//2175
f 813//2176 814//2176 1151//2176
f 1151//2177 815//2177 1152//2177
f 814//2178 815//2178 1151//2178
f 1152//2179 816//2179 1153//2179
f 815//2180 816//2180 1152//2180
f 1153//2181 817//2181 1154//2181
f 816//2182 817//2182 1153//2182
f 1154//2183 818//2183 1155//2183
f 817//2184 818//2184 1154//2184
f 1155//2185 819//2185 1156//2185
f 1156//2186 819//2186 1031//2186
f 818//2187 819//2187 1155//2187
f 819//2188 793//2188 1031//2188
f 1110//2189 1112//2189 1109//2189
f 1111//2190 1112//2190 1110//2190
f 1108//2191 1106//2191 1107//2191
f 1109//2192 1106//2192 1108//2192
f 1113//2193 1114//2193 1112//2193
f 1104//2194 1102//2194 1103//2194
f 1105//2195 1102//2195 1104//2195
f 1106//2196 1102//2196 1105//2196
f 1106//2197 1101//2197 1102//2197
f 1118//2198 1119//2198 1117//2198
f 1112//2199 1100//2199 1109//2199
f 1114//2200 1100//2200 1112//2200
f 1109//2201 1100//2201 1106//2201
f 1106//2202 1100//2202 1101//2202
f 1119//2203 1121//2203 1117//2203
f 1120//2204 1121//2204 1119//2204
f 1100//2205 1098//2205 1099//2205
f 1121//2206 1122//2206 1117//2206
f 1122//2207 1123//2207 1117//2207
f 1116//2208 1123//2208 1115//2208
f 1117//2209 1123//2209 1116//2209
f 1097//2210 1095//2210 1096//2210
f 1098//2211 1095//2211 1097//2211
f 1124//2212 1125//2212 1123//2212
f 1098//2213 1094//2213 1095//2213
f 1127//2214 1128//2214 1126//2214
f 1093//2215 1091//2215 1092//2215
f 1094//2216 1091//2216 1093//2216
f 1128//2217 1129//2217 1126//2217
f 1126//2218 1129//2218 1125//2218
f 1100//2219 1090//2219 1098//2219
f 1098//2220 1090//2220 1094//2220
f 1094//2221 1090//2221 1091//2221
f 1130//2222 1131//2222 1129//2222
f 1129//2223 1132//2223 1125//2223
f 1131//2224 1132//2224 1129//2224
f 1088//2225 1086//2225 1087//2225
f 1133//2226 1134//2226 1132//2226
f 1132//2227 1134//2227 1125//2227
f 1088//2228 1084//2228 1086//2228
f 1086//2229 1084//2229 1085//2229
f 1089//2230 1084//2230 1088//2230
f 1090//2231 1084//2231 1089//2231
f 1090//2232 1083//2232 1084//2232
f 1135//2233 1137//2233 1134//2233
f 1136//2234 1137//2234 1135//2234
f 1090//2235 1082//2235 1083//2235
f 1100//2236 1082//2236 1090//2236
f 1139//2237 1140//2237 1138//2237
f 1080//2238 1078//2238 1079//2238
f 1081//2239 1078//2239 1080//2239
f 1082//2240 1078//2240 1081//2240
f 1138//2241 1142//2241 1137//2241
f 1141//2242 1142//2242 1140//2242
f 1140//2243 1142//2243 1138//2243
f 1143//2244 1145//2244 1142//2244
f 1144//2245 1145//2245 1143//2245
f 1076//2246 1074//2246 1075//2246
f 1145//2247 1146//2247 1142//2247
f 1074//2248 1072//2248 1073//2248
f 1076//2249 1072//2249 1074//2249
f 1077//2250 1071//2250 1076//2250
f 1078//2251 1071//2251 1077//2251
f 1082//2252 1071//2252 1078//2252
f 1076//2253 1071//2253 1072//2253
f 1147//2254 1149//2254 1146//2254
f 1148//2255 1149//2255 1147//2255
f 1149//2256 1150//2256 1146//2256
f 1100//2257 1068//2257 1082//2257
f 1070//2258 1068//2258 1069//2258
f 1071//2259 1068//2259 1070//2259
f 1114//2260 1068//2260 1100//2260
f 1082//2261 1068//2261 1071//2261
f 1068//2262 1066//2262 1067//2262
f 1152//2263 1154//2263 1151//2263
f 1153//2264 1154//2264 1152//2264
f 1066//2265 1064//2265 1065//2265
f 1068//2266 1064//2266 1066//2266
f 1154//2267 1156//2267 1151//2267
f 1155//2268 1156//2268 1154//2268
f 1068//2269 1063//2269 1064//2269
f 1068//2270 1061//2270 1063//2270
f 1137//2271 1061//2271 1134//2271
f 1134//2272 1061//2272 1125//2272
f 1063//2273 1061//2273 1062//2273
f 1142//2274 1061//2274 1137//2274
f 1114//2275 1061//2275 1068//2275
f 1123//2276 1061//2276 1115//2276
f 1115//2277 1061//2277 1114//2277
f 1125//2278 1061//2278 1123//2278
f 1032//2279 1033//2279 1031//2279
f 1033//2280 1034//2280 1031//2280
f 1031//2281 1034//2281 1156//2281
f 1035//2282 1036//2282 1034//2282
f 1034//2283 1036//2283 1156//2283
f 1036//2284 1037//2284 1156//2284
f 1058//2285 1056//2285 1057//2285
f 1059//2286 1056//2286 1058//2286
f 1060//2287 1056//2287 1059//2287
f 1037//2288 1038//2288 1156//2288
f 1061//2289 1055//2289 1060//2289
f 1060//2290 1055//2290 1056//2290
f 1061//2291 1054//2291 1055//2291
f 1142//2292 1054//2292 1061//2292
f 1039//2293 1041//2293 1038//2293
f 1040//2294 1041//2294 1039//2294
f 1041//2295 1042//2295 1038//2295
f 1053//2296 1051//2296 1052//2296
f 1054//2297 1051//2297 1053//2297
f 1043//2298 1044//2298 1042//2298
f 1042//2299 1044//2299 1038//2299
f 1151//2300 1049//2300 1150//2300
f 1051//2301 1049//2301 1050//2301
f 1054//2302 1049//2302 1051//2302
f 1142//2303 1049//2303 1054//2303
f 1146//2304 1049//2304 1142//2304
f 1150//2305 1049//2305 1146//2305
f 1044//2306 1045//2306 1038//2306
f 1156//2307 1048//2307 1151//2307
f 1038//2308 1048//2308 1156//2308
f 1151//2309 1048//2309 1049//2309
f 1046//2310 1047//2310 1045//2310
f 1045//2311 1047//2311 1038//2311
f 1038//2312 1047//2312 1048//2312
