# Created by FreeCAD <https://www.freecad.org>
v 348.000519 164.600006 40.816082
v 322.604340 164.600006 40.376202
v 322.501617 164.600006 42.828175
v 347.845642 164.600006 44.513657
v 322.278717 164.600006 45.272152
v 347.509521 164.600006 48.199177
v 321.936188 164.600006 47.702255
v 346.992950 164.600006 51.863770
v 321.474792 164.600006 50.112617
v 346.297180 164.600006 55.498596
v 320.895721 164.600006 52.497440
v 345.423920 164.600006 59.094906
v 344.375244 164.600006 62.644039
v 320.200317 164.600006 54.850975
v 319.390259 164.600006 57.167553
v 343.153687 164.600006 66.137436
v 318.467499 164.600006 59.441589
v 341.762207 164.600006 69.566689
v 340.204102 164.600006 72.923531
v 317.434296 164.600006 61.667614
v 316.293091 164.600006 63.840260
v 338.483154 164.600006 76.199883
v 336.603546 164.600006 79.387840
v 315.046631 164.600006 65.954292
v 334.569794 164.600006 82.479729
v 313.697998 164.600006 68.004616
v 312.250366 164.600006 69.986298
v 332.386719 164.600006 85.468109
v 310.707214 164.600006 71.894554
v 330.059692 164.600006 88.345764
v 327.594238 164.600006 91.105774
v 309.072296 164.600006 73.724800
v 324.996368 164.600006 93.741486
v 307.349579 164.600006 75.472626
v 305.543152 164.600006 77.133804
v 322.272247 164.600006 96.246544
v 319.428528 164.600006 98.614929
v 303.657379 164.600006 78.704346
v 316.471985 164.600006 100.840919
v 301.696838 164.600006 80.180466
v 313.409821 164.600006 102.919151
v 299.666199 164.600006 81.558617
v 310.249329 164.600006 104.844643
v 297.570404 164.600006 82.835464
v 295.414459 164.600006 84.007935
v 306.998199 164.600006 106.612724
v 293.203613 164.600006 85.073204
v 303.664215 164.600006 108.219162
v 290.943115 164.600006 86.028717
v 300.255463 164.600006 109.660072
v 296.780060 164.600006 110.931976
v 288.638489 164.600006 86.872154
v 293.246429 164.600006 112.031822
v 286.295258 164.600006 87.601501
v 283.919067 164.600006 88.214981
v 286.038727 164.600006 113.705162
v 281.515625 164.600006 88.711136
v 279.090698 164.600006 89.088760
v 276.650208 164.600006 89.346939
v 274.199951 164.600006 89.485069
v 138.636444 164.600006 -25.584396
v 138.287292 164.600006 -25.718365
v 137.931915 164.600006 -25.834763
v 137.571167 164.600006 -25.933302
v 137.205963 164.600006 -26.013739
v 136.837204 164.600006 -26.075871
v 136.465805 164.600006 -26.119541
v 136.092697 164.600006 -26.144648
v 135.718781 164.600006 -26.151125
v 135.345016 164.600006 -26.138954
v 271.306030 164.600006 114.898987
v 271.745911 164.600006 89.502800
v 257.669067 164.600006 89.258980
v 134.972321 164.600006 -26.108171
v 143.171646 164.600006 -17.405258
v 143.224564 164.600006 -17.775455
v 134.601639 164.600006 -26.058847
v 143.100342 164.600006 -17.038158
v 134.233856 164.600006 -25.991108
v 143.010818 164.600006 -16.675070
v 133.869919 164.600006 -25.905119
v 142.903336 164.600006 -16.316895
v 133.510712 164.600006 -25.801100
v 142.778091 164.600006 -15.964523
v 133.157150 164.600006 -25.679300
v 142.635483 164.600006 -15.618832
v 132.810089 164.600006 -25.540030
v 142.475784 164.600006 -15.280680
v 132.470398 164.600006 -25.383635
v 142.299438 164.600006 -14.950907
v 132.138947 164.600006 -25.210501
v 142.106888 164.600006 -14.630335
v 131.816498 164.600006 -25.021061
v 141.898575 164.600006 -14.319758
v 131.503922 164.600006 -24.815784
v 141.675064 164.600006 -14.019952
v 131.201965 164.600006 -24.595181
v 141.436874 164.600006 -13.731660
v 130.911377 164.600006 -24.359800
v 141.184601 164.600006 -13.455599
v 130.632874 164.600006 -24.110231
v 140.918900 164.600006 -13.192454
v 140.640396 164.600006 -12.942883
v 140.349808 164.600006 -12.707503
v 140.047852 164.600006 -12.486900
v 139.735275 164.600006 -12.281623
v 139.412842 164.600006 -12.092182
v 139.081375 164.600006 -11.919049
v 138.741684 164.600006 -11.762653
v 134.714569 164.600006 -11.226815
v 134.345810 164.600006 -11.288946
v 135.085968 164.600006 -11.183142
v 135.459091 164.600006 -11.158036
v 135.833008 164.600006 -11.151560
v 136.206757 164.600006 -11.163729
v 136.579453 164.600006 -11.194514
v 136.950134 164.600006 -11.243837
v 137.317917 164.600006 -11.311577
v 137.681854 164.600006 -11.397565
v 138.041061 164.600006 -11.501586
v 138.394623 164.600006 -11.623384
v 132.239243 164.600006 -12.037560
v 131.913971 164.600006 -12.222069
v 132.573303 164.600006 -11.869493
v 132.915329 164.600006 -11.718288
v 133.264481 164.600006 -11.584320
v 133.619858 164.600006 -11.467921
v 133.980606 164.600006 -11.369382
v 128.279861 164.600006 -18.407280
v 128.277023 164.600006 -18.781229
v 128.301346 164.600006 -18.033936
v 128.341400 164.600006 -17.662128
v 128.399963 164.600006 -17.292780
v 128.476852 164.600006 -16.926809
v 128.571869 164.600006 -16.565125
v 128.684830 164.600006 -16.208628
v 128.815399 164.600006 -15.858205
v 128.963272 164.600006 -15.514726
v 130.367172 164.600006 -23.847086
v 129.128098 164.600006 -15.179044
v 130.114899 164.600006 -23.571024
v 129.309433 164.600006 -14.851995
v 129.876709 164.600006 -23.282732
v 129.506866 164.600006 -14.534392
v 129.653198 164.600006 -22.982925
v 129.719864 164.600006 -14.227025
v 129.444885 164.600006 -22.672350
v 129.947922 164.600006 -13.930657
v 129.252335 164.600006 -22.351778
v 129.075989 164.600006 -22.022005
v 128.916306 164.600006 -21.683853
v 128.773682 164.600006 -21.338161
v 128.648438 164.600006 -20.985790
v 128.540955 164.600006 -20.627615
v 128.451431 164.600006 -20.264526
v 128.380127 164.600006 -19.897429
v 128.327209 164.600006 -19.527229
v 128.292816 164.600006 -19.154856
v 141.104858 164.600006 -23.928848
v 140.835175 164.600006 -24.187914
v 140.552902 164.600006 -24.433216
v 140.258759 164.600006 -24.664145
v 139.953476 164.600006 -24.880123
v 139.637817 164.600006 -25.080616
v 139.312531 164.600006 -25.265125
v 138.978470 164.600006 -25.433189
v 141.361298 164.600006 -23.656660
v 141.603851 164.600006 -23.372026
v 141.831909 164.600006 -23.075659
v 142.044907 164.600006 -22.768291
v 142.242340 164.600006 -22.450689
v 142.423676 164.600006 -22.123642
v 142.588501 164.600006 -21.787960
v 142.736389 164.600006 -21.444479
v 142.866943 164.600006 -21.094057
v 142.979904 164.600006 -20.737558
v 143.074921 164.600006 -20.375875
v 143.151810 164.600006 -20.009905
v 143.210373 164.600006 -19.640556
v 143.250427 164.600006 -19.268747
v 143.271927 164.600006 -18.895407
v 143.274765 164.600006 -18.521458
v 143.258972 164.600006 -18.147831
v 130.446915 164.600006 -13.373837
v 130.716599 164.600006 -13.114770
v 130.998871 164.600006 -12.869468
v 131.293015 164.600006 -12.638540
v 131.598297 164.600006 -12.422562
v 130.190475 164.600006 -13.646025
v 350.158356 190.000000 -83.765236
v 350.158356 164.600006 -83.765236
v 348.000519 190.000000 40.816082
v 347.845642 190.000000 44.513657
v 347.509521 190.000000 48.199177
v 346.992950 190.000000 51.863770
v 346.297180 190.000000 55.498596
v 345.423920 190.000000 59.094906
v 344.375244 190.000000 62.644039
v 343.153687 190.000000 66.137436
v 341.762207 190.000000 69.566689
v 340.204102 190.000000 72.923531
v 338.483154 190.000000 76.199883
v 336.603546 190.000000 79.387840
v 334.569794 190.000000 82.479729
v 332.386719 190.000000 85.468109
v 330.059692 190.000000 88.345764
v 327.594238 190.000000 91.105774
v 324.996368 190.000000 93.741486
v 322.272247 190.000000 96.246544
v 319.428528 190.000000 98.614929
v 316.471985 190.000000 100.840919
v 313.409821 190.000000 102.919151
v 310.249329 190.000000 104.844643
v 306.998199 190.000000 106.612724
v 303.664215 190.000000 108.219162
v 300.255463 190.000000 109.660072
v 296.780060 190.000000 110.931976
v 293.246429 190.000000 112.031822
v 289.663147 164.600006 112.956963
v 289.663147 190.000000 112.956963
v 286.038727 190.000000 113.705162
v 282.381989 190.000000 114.274620
v 282.381989 164.600006 114.274620
v 278.701691 164.600006 114.663963
v 278.701691 190.000000 114.663963
v 275.006775 190.000000 114.872253
v 275.006775 164.600006 114.872253
v 271.306030 190.000000 114.898987
v 342.957306 182.401291 -83.889961
v 342.696259 182.669006 -83.894485
v 342.422150 182.923355 -83.899231
v 343.204712 182.120911 -83.885674
v 342.135712 183.163742 -83.904190
v 343.437866 181.828537 -83.881638
v 341.837677 183.389542 -83.909355
v 343.656128 181.524902 -83.877861
v 341.528748 183.600189 -83.914703
v 343.858978 181.210770 -83.874344
v 341.209686 183.795197 -83.920235
v 344.045929 180.886902 -83.871109
v 340.881317 183.974045 -83.925919
v 344.216522 180.554123 -83.868149
v 340.544434 184.136292 -83.931755
v 344.370270 180.213257 -83.865486
v 340.199921 184.281555 -83.937721
v 344.506897 179.865158 -83.863121
v 339.848572 184.409454 -83.943810
v 344.625977 179.510666 -83.861061
v 339.491241 184.519684 -83.949997
v 344.727264 179.150681 -83.859306
v 339.128906 184.611954 -83.956276
v 344.810455 178.786102 -83.857864
v 338.762421 184.686066 -83.962624
v 344.875366 178.417816 -83.856743
v 338.392700 184.741791 -83.969025
v 344.921875 178.046753 -83.855934
v 338.020660 184.779022 -83.975471
v 344.949799 177.673843 -83.855453
v 337.647186 184.797668 -83.981934
v 344.959106 177.300003 -83.855286
v 337.273285 184.797668 -83.988411
v 336.899872 184.779022 -83.994881
v 324.762177 190.000000 -84.205116
v 336.527832 184.741791 -84.001328
v 336.158112 184.686066 -84.007729
v 335.791595 184.611954 -84.014076
v 335.429260 184.519684 -84.020355
v 335.071960 184.409454 -84.026543
v 334.720612 184.281555 -84.032631
v 334.376038 184.136292 -84.038597
v 334.039185 183.974045 -84.044434
v 333.710815 183.795197 -84.050117
v 333.391754 183.600189 -84.055641
v 333.082855 183.389542 -84.060997
v 332.784790 183.163742 -84.066154
v 332.498352 182.923355 -84.071121
v 332.224274 182.669006 -84.075867
v 343.204712 172.479095 -83.885674
v 342.957306 172.198700 -83.889961
v 343.437866 172.771469 -83.881638
v 343.656128 173.075104 -83.877861
v 343.858978 173.389236 -83.874344
v 344.045929 173.713089 -83.871109
v 344.216522 174.045868 -83.868149
v 344.370270 174.386734 -83.865486
v 344.506897 174.734848 -83.863121
v 344.625977 175.089340 -83.861061
v 344.727264 175.449326 -83.859306
v 344.810455 175.813904 -83.857864
v 344.875366 176.182190 -83.856743
v 344.921875 176.553238 -83.855934
v 344.949799 176.926163 -83.855453
v 342.696259 171.931000 -83.894485
v 331.963196 182.401291 -84.080391
v 342.422150 171.676636 -83.899231
v 331.715790 182.120911 -84.084671
v 342.135712 171.436264 -83.904190
v 331.482666 181.828537 -84.088715
v 341.837677 171.210464 -83.909355
v 331.264404 181.524902 -84.092491
v 341.528748 170.999802 -83.914703
v 331.061554 181.210770 -84.096008
v 341.209686 170.804810 -83.920235
v 330.874603 180.886902 -84.099243
v 340.881317 170.625961 -83.925919
v 330.703979 180.554123 -84.102196
v 340.544434 170.463699 -83.931755
v 330.550201 180.213257 -84.104858
v 340.199921 170.318451 -83.937721
v 330.413635 179.865158 -84.107231
v 339.848572 170.190552 -83.943810
v 330.294525 179.510666 -84.109291
v 339.491241 170.080322 -83.949997
v 330.193268 179.150681 -84.111046
v 339.128906 169.988037 -83.956276
v 330.110046 178.786102 -84.112488
v 338.762421 169.913940 -83.962624
v 330.045135 178.417816 -84.113609
v 338.392700 169.858200 -83.969025
v 329.998657 178.046753 -84.114418
v 338.020660 169.820969 -83.975471
v 329.970703 177.673843 -84.114899
v 329.961365 177.300003 -84.115059
v 324.762177 164.600006 -84.205116
v 329.970703 176.926163 -84.114899
v 329.998657 176.553238 -84.114418
v 330.045135 176.182190 -84.113609
v 330.110046 175.813904 -84.112488
v 330.193268 175.449326 -84.111046
v 330.294525 175.089340 -84.109291
v 330.413635 174.734848 -84.107231
v 330.550201 174.386734 -84.104858
v 330.703979 174.045868 -84.102196
v 330.874603 173.713089 -84.099243
v 331.061554 173.389236 -84.096008
v 331.264404 173.075104 -84.092491
v 331.482666 172.771469 -84.088715
v 331.715790 172.479095 -84.084671
v 331.963196 172.198700 -84.080391
v 332.224274 171.931000 -84.075867
v 332.498352 171.676636 -84.071121
v 332.784790 171.436264 -84.066154
v 333.082855 171.210464 -84.060997
v 333.391754 170.999802 -84.055641
v 333.710815 170.804810 -84.050117
v 334.039185 170.625961 -84.044434
v 334.376038 170.463699 -84.038597
v 334.720612 170.318451 -84.032631
v 335.071960 170.190552 -84.026543
v 335.429260 170.080322 -84.020355
v 335.791595 169.988037 -84.014076
v 336.158112 169.913940 -84.007729
v 336.527832 169.858200 -84.001328
v 336.899872 169.820969 -83.994881
v 337.273285 169.802338 -83.988411
v 337.647186 169.802338 -83.981934
v 246.709732 164.600006 114.472961
v 246.709732 190.000000 114.472961
v 322.604340 190.000000 40.376202
v 170.758408 177.300003 35.844196
v 170.758408 190.000000 35.844196
v 82.524513 177.300003 -55.500107
v 37.725185 164.600006 -101.878700
v 82.524513 190.000000 -55.500107
v 37.725185 190.000000 -101.878700
v 271.745911 190.000000 89.502800
v 274.199951 190.000000 89.485069
v 276.650208 190.000000 89.346939
v 279.090698 190.000000 89.088760
v 281.515625 190.000000 88.711136
v 283.919067 190.000000 88.214981
v 286.295258 190.000000 87.601501
v 288.638489 190.000000 86.872154
v 290.943115 190.000000 86.028717
v 293.203613 190.000000 85.073204
v 295.414459 190.000000 84.007935
v 297.570404 190.000000 82.835464
v 299.666199 190.000000 81.558617
v 301.696838 190.000000 80.180466
v 303.657379 190.000000 78.704346
v 305.543152 190.000000 77.133804
v 307.349579 190.000000 75.472626
v 309.072296 190.000000 73.724800
v 310.707214 190.000000 71.894554
v 312.250366 190.000000 69.986298
v 313.697998 190.000000 68.004616
v 315.046631 190.000000 65.954292
v 316.293091 190.000000 63.840260
v 317.434296 190.000000 61.667614
v 318.467499 190.000000 59.441589
v 319.390259 190.000000 57.167553
v 320.200317 190.000000 54.850975
v 320.895721 190.000000 52.497440
v 321.474792 190.000000 50.112617
v 321.936188 190.000000 47.702255
v 322.278717 190.000000 45.272152
v 322.501617 190.000000 42.828175
v 55.994049 190.000000 -119.525475
v 55.994049 164.600006 -119.525475
v 257.669067 190.000000 89.258980
v 189.027252 177.300003 18.197424
v 189.027252 190.000000 18.197424
v 100.793381 177.300003 -73.146881
v 100.793381 190.000000 -73.146881
v 128.277023 177.300003 -18.781229
v 128.279861 177.300003 -18.407280
v 128.301346 177.300003 -18.033936
v 128.341400 177.300003 -17.662128
v 128.399963 177.300003 -17.292780
v 128.476852 177.300003 -16.926809
v 128.571869 177.300003 -16.565125
v 128.684830 177.300003 -16.208628
v 128.815399 177.300003 -15.858205
v 128.963272 177.300003 -15.514726
v 129.128098 177.300003 -15.179044
v 129.309433 177.300003 -14.851995
v 129.506866 177.300003 -14.534392
v 129.719864 177.300003 -14.227025
v 129.947922 177.300003 -13.930657
v 130.190475 177.300003 -13.646025
v 130.446915 177.300003 -13.373837
v 130.716599 177.300003 -13.114770
v 130.998871 177.300003 -12.869468
v 131.293015 177.300003 -12.638540
v 131.598297 177.300003 -12.422562
v 131.913971 177.300003 -12.222069
v 132.239243 177.300003 -12.037560
v 132.573303 177.300003 -11.869493
v 132.915329 177.300003 -11.718288
v 133.264481 177.300003 -11.584320
v 133.619858 177.300003 -11.467921
v 133.980606 177.300003 -11.369382
v 134.345810 177.300003 -11.288946
v 134.714569 177.300003 -11.226815
v 135.085968 177.300003 -11.183142
v 135.459091 177.300003 -11.158036
v 135.833008 177.300003 -11.151560
v 136.206757 177.300003 -11.163729
v 136.579453 177.300003 -11.194514
v 136.950134 177.300003 -11.243837
v 137.317917 177.300003 -11.311577
v 137.681854 177.300003 -11.397565
v 138.041061 177.300003 -11.501586
v 138.394623 177.300003 -11.623384
v 138.741684 177.300003 -11.762653
v 139.081375 177.300003 -11.919049
v 139.412842 177.300003 -12.092182
v 139.735275 177.300003 -12.281623
v 140.047852 177.300003 -12.486900
v 140.349808 177.300003 -12.707503
v 140.640396 177.300003 -12.942883
v 140.918900 177.300003 -13.192454
v 141.184601 177.300003 -13.455599
v 141.436874 177.300003 -13.731660
v 141.675064 177.300003 -14.019952
v 141.898575 177.300003 -14.319758
v 142.106888 177.300003 -14.630335
v 142.299438 177.300003 -14.950907
v 142.475784 177.300003 -15.280680
v 142.635483 177.300003 -15.618832
v 142.778091 177.300003 -15.964523
v 142.903336 177.300003 -16.316895
v 143.010818 177.300003 -16.675070
v 143.100342 177.300003 -17.038158
v 143.171646 177.300003 -17.405258
v 143.224564 177.300003 -17.775455
v 143.258972 177.300003 -18.147831
v 143.274765 177.300003 -18.521458
v 143.271927 177.300003 -18.895407
v 143.250427 177.300003 -19.268747
v 143.210373 177.300003 -19.640556
v 143.151810 177.300003 -20.009905
v 143.074921 177.300003 -20.375875
v 142.979904 177.300003 -20.737558
v 142.866943 177.300003 -21.094057
v 142.736389 177.300003 -21.444479
v 142.588501 177.300003 -21.787960
v 142.423676 177.300003 -22.123642
v 142.242340 177.300003 -22.450689
v 142.044907 177.300003 -22.768291
v 141.831909 177.300003 -23.075659
v 141.603851 177.300003 -23.372026
v 141.361298 177.300003 -23.656660
v 141.104858 177.300003 -23.928848
v 140.835175 177.300003 -24.187914
v 140.552902 177.300003 -24.433216
v 140.258759 177.300003 -24.664145
v 139.953476 177.300003 -24.880123
v 139.637817 177.300003 -25.080616
v 139.312531 177.300003 -25.265125
v 138.978470 177.300003 -25.433189
v 138.636444 177.300003 -25.584396
v 138.287292 177.300003 -25.718365
v 137.931915 177.300003 -25.834763
v 137.571167 177.300003 -25.933302
v 137.205963 177.300003 -26.013739
v 136.837204 177.300003 -26.075871
v 136.465805 177.300003 -26.119541
v 136.092697 177.300003 -26.144648
v 135.718781 177.300003 -26.151125
v 135.345016 177.300003 -26.138954
v 134.972321 177.300003 -26.108171
v 134.601639 177.300003 -26.058847
v 134.233856 177.300003 -25.991108
v 133.869919 177.300003 -25.905119
v 133.510712 177.300003 -25.801100
v 133.157150 177.300003 -25.679300
v 132.810089 177.300003 -25.540030
v 132.470398 177.300003 -25.383635
v 132.138947 177.300003 -25.210501
v 131.816498 177.300003 -25.021061
v 131.503922 177.300003 -24.815784
v 131.201965 177.300003 -24.595181
v 130.911377 177.300003 -24.359800
v 130.632874 177.300003 -24.110231
v 130.367172 177.300003 -23.847086
v 130.114899 177.300003 -23.571024
v 129.876709 177.300003 -23.282732
v 129.653198 177.300003 -22.982925
v 129.444885 177.300003 -22.672350
v 129.252335 177.300003 -22.351778
v 129.075989 177.300003 -22.022005
v 128.916306 177.300003 -21.683853
v 128.773682 177.300003 -21.338161
v 128.648438 177.300003 -20.985790
v 128.540955 177.300003 -20.627615
v 128.451431 177.300003 -20.264526
v 128.380127 177.300003 -19.897429
v 128.327209 177.300003 -19.527229
v 128.292816 177.300003 -19.154856
v 173.323273 190.000000 16.152010
v 172.789658 190.000000 16.492987
v 172.273727 190.000000 16.860138
v 168.925247 190.000000 20.617517
v 169.617310 190.000000 19.557318
v 169.258057 190.000000 20.078787
v 170.002106 190.000000 19.054403
v 170.411499 190.000000 18.571295
v 173.873184 190.000000 15.838056
v 168.619705 190.000000 21.172165
v 175.607132 190.000000 15.065778
v 175.016556 190.000000 15.294263
v 174.438095 190.000000 15.551903
v 167.873917 190.000000 22.917662
v 168.342194 190.000000 21.741354
v 168.093384 190.000000 22.323669
v 176.208359 190.000000 14.867014
v 176.818771 190.000000 14.698467
v 170.844452 190.000000 18.109192
v 171.299911 190.000000 17.669245
v 171.776718 190.000000 17.252548
v 178.060959 190.000000 14.453622
v 177.436798 190.000000 14.560555
v 167.299194 190.000000 25.380516
v 167.525116 190.000000 24.134748
v 167.396622 190.000000 24.754816
v 179.954453 190.000000 14.320960
v 178.689651 190.000000 14.377933
v 179.321335 190.000000 14.333674
v 167.223892 190.000000 27.908419
v 167.198456 190.000000 26.642590
v 167.195389 190.000000 27.275822
v 167.233093 190.000000 26.010298
v 181.218643 190.000000 14.390204
v 180.587418 190.000000 14.339818
v 167.283875 190.000000 28.538811
v 167.684341 190.000000 23.521854
v 167.497665 190.000000 29.786713
v 167.375214 190.000000 29.165428
v 183.086334 190.000000 14.728880
v 182.469650 190.000000 14.584977
v 181.846573 190.000000 14.471991
v 183.695068 190.000000 14.903343
v 167.834671 190.000000 31.007128
v 167.650955 190.000000 30.401123
v 184.882675 190.000000 15.342137
v 184.294342 190.000000 15.107932
v 168.563477 190.000000 32.759777
v 168.048355 190.000000 31.603222
v 168.291489 190.000000 32.187923
v 186.020706 190.000000 15.896999
v 185.458603 190.000000 15.605378
v 168.863632 190.000000 33.317368
v 169.191193 190.000000 33.859299
v 187.610184 190.000000 16.934557
v 186.567566 190.000000 16.216276
v 187.097824 190.000000 16.562416
v 188.576096 190.000000 17.753077
v 188.103348 190.000000 17.331772
v 169.925262 190.000000 34.890858
v 170.329956 190.000000 35.377918
v 169.545364 190.000000 34.384232
v 345.398987 177.300003 -109.251472
v 345.389679 177.673843 -109.251633
v 345.361755 178.046753 -109.252121
v 345.315247 178.417816 -109.252922
v 345.250336 178.786102 -109.254051
v 345.167145 179.150681 -109.255493
v 345.065857 179.510666 -109.257248
v 344.946777 179.865158 -109.259308
v 344.810150 180.213257 -109.261673
v 344.656403 180.554123 -109.264336
v 344.485809 180.886902 -109.267288
v 344.298859 181.210770 -109.270531
v 344.096008 181.524902 -109.274040
v 343.877747 181.828537 -109.277824
v 343.644592 182.120911 -109.281860
v 343.397186 182.401291 -109.286148
v 343.136139 182.669006 -109.290672
v 342.862030 182.923355 -109.295418
v 342.575592 183.163742 -109.300377
v 342.277557 183.389542 -109.305542
v 341.968628 183.600189 -109.310890
v 341.649567 183.795197 -109.316414
v 341.321198 183.974045 -109.322105
v 340.984314 184.136292 -109.327942
v 340.639801 184.281555 -109.333908
v 340.288452 184.409454 -109.339989
v 339.931122 184.519684 -109.346184
v 339.568787 184.611954 -109.352455
v 339.202301 184.686066 -109.358803
v 338.832581 184.741791 -109.365211
v 338.460541 184.779022 -109.371651
v 338.087067 184.797668 -109.378120
v 337.713165 184.797668 -109.384598
v 337.339752 184.779022 -109.391068
v 336.967712 184.741791 -109.397507
v 336.597992 184.686066 -109.403915
v 336.231476 184.611954 -109.410263
v 335.869141 184.519684 -109.416534
v 335.511841 184.409454 -109.422729
v 335.160492 184.281555 -109.428810
v 334.815918 184.136292 -109.434784
v 334.479065 183.974045 -109.440613
v 334.150696 183.795197 -109.446304
v 333.831635 183.600189 -109.451828
v 333.522736 183.389542 -109.457176
v 333.224670 183.163742 -109.462341
v 332.938232 182.923355 -109.467300
v 332.664154 182.669006 -109.472054
v 332.403076 182.401291 -109.476570
v 332.155640 182.120911 -109.480858
v 331.922546 181.828537 -109.484894
v 331.704285 181.524902 -109.488678
v 331.501434 181.210770 -109.492188
v 331.314484 180.886902 -109.495430
v 331.143860 180.554123 -109.498383
v 330.990082 180.213257 -109.501045
v 330.853516 179.865158 -109.503410
v 330.734406 179.510666 -109.505478
v 330.633148 179.150681 -109.507233
v 330.549927 178.786102 -109.508667
v 330.485016 178.417816 -109.509796
v 330.438538 178.046753 -109.510597
v 330.410583 177.673843 -109.511086
v 330.401245 177.300003 -109.511246
v 330.410583 176.926163 -109.511086
v 330.438538 176.553238 -109.510597
v 330.485016 176.182190 -109.509796
v 330.549927 175.813904 -109.508667
v 330.633148 175.449326 -109.507233
v 330.734406 175.089340 -109.505478
v 330.853516 174.734848 -109.503410
v 330.990082 174.386734 -109.501045
v 331.143860 174.045868 -109.498383
v 331.314484 173.713089 -109.495430
v 331.501434 173.389236 -109.492188
v 331.704285 173.075104 -109.488678
v 331.922546 172.771469 -109.484894
v 332.155640 172.479095 -109.480858
v 332.403076 172.198700 -109.476570
v 332.664154 171.931000 -109.472054
v 332.938232 171.676636 -109.467300
v 333.224670 171.436264 -109.462341
v 333.522736 171.210464 -109.457176
v 333.831635 170.999802 -109.451828
v 334.150696 170.804810 -109.446304
v 334.479065 170.625961 -109.440613
v 334.815918 170.463699 -109.434784
v 335.160492 170.318451 -109.428810
v 335.511841 170.190552 -109.422729
v 335.869141 170.080322 -109.416534
v 336.231476 169.988037 -109.410263
v 336.597992 169.913940 -109.403915
v 336.967712 169.858200 -109.397507
v 337.339752 169.820969 -109.391068
v 337.713165 169.802338 -109.384598
v 338.087067 169.802338 -109.378120
v 338.460541 169.820969 -109.371651
v 338.832581 169.858200 -109.365211
v 339.202301 169.913940 -109.358803
v 339.568787 169.988037 -109.352455
v 339.931122 170.080322 -109.346184
v 340.288452 170.190552 -109.339989
v 340.639801 170.318451 -109.333908
v 340.984314 170.463699 -109.327942
v 341.321198 170.625961 -109.322105
v 341.649567 170.804810 -109.316414
v 341.968628 170.999802 -109.310890
v 342.277557 171.210464 -109.305542
v 342.575592 171.436264 -109.300377
v 342.862030 171.676636 -109.295418
v 343.136139 171.931000 -109.290672
v 343.397186 172.198700 -109.286148
v 343.644592 172.479095 -109.281860
v 343.877747 172.771469 -109.277824
v 344.096008 173.075104 -109.274040
v 344.298859 173.389236 -109.270531
v 344.485809 173.713089 -109.267288
v 344.656403 174.045868 -109.264336
v 344.810150 174.386734 -109.261673
v 344.946777 174.734848 -109.259308
v 345.065857 175.089340 -109.257248
v 345.167145 175.449326 -109.255493
v 345.250336 175.813904 -109.254051
v 345.315247 176.182190 -109.252922
v 345.361755 176.553238 -109.252121
v 345.389679 176.926163 -109.251633
v 50.539993 190.000000 -107.026550
v 50.274284 190.000000 -106.763405
v 50.818489 190.000000 -107.276123
v 50.022022 190.000000 -106.487343
v 51.109081 190.000000 -107.511505
v 49.783833 190.000000 -106.199051
v 51.411045 190.000000 -107.732109
v 49.560310 190.000000 -105.899246
v 51.723625 190.000000 -107.937378
v 49.352013 190.000000 -105.588669
v 52.046055 190.000000 -108.126823
v 49.159451 190.000000 -105.268097
v 52.377522 190.000000 -108.299957
v 48.983109 190.000000 -104.938324
v 52.717205 190.000000 -108.456352
v 48.823425 190.000000 -104.600174
v 53.064266 190.000000 -108.595619
v 48.680794 190.000000 -104.254478
v 53.417835 190.000000 -108.717415
v 48.555569 190.000000 -103.902107
v 53.777039 190.000000 -108.821434
v 48.448067 190.000000 -103.543930
v 54.140980 190.000000 -108.907425
v 48.358551 190.000000 -103.180847
v 54.508751 190.000000 -108.975166
v 48.287243 190.000000 -102.813751
v 54.879444 190.000000 -109.024490
v 48.234329 190.000000 -102.443550
v 55.252136 190.000000 -109.055275
v 48.199928 190.000000 -102.071167
v 55.625900 190.000000 -109.067436
v 48.184132 190.000000 -101.697548
v 55.999802 190.000000 -109.060966
v 48.186977 190.000000 -101.323601
v 56.372921 190.000000 -109.035858
v 48.208462 190.000000 -100.950256
v 56.744320 190.000000 -108.992188
v 48.248528 190.000000 -100.578445
v 57.113083 190.000000 -108.930054
v 48.307076 190.000000 -100.209099
v 57.478294 190.000000 -108.849617
v 48.383965 190.000000 -99.843132
v 57.839035 190.000000 -108.751083
v 48.479000 190.000000 -99.481445
v 58.194420 190.000000 -108.634682
v 48.591946 190.000000 -99.124954
v 58.543560 190.000000 -108.500717
v 48.722519 190.000000 -98.774521
v 58.885590 190.000000 -108.349510
v 48.870399 190.000000 -98.431046
v 59.219654 190.000000 -108.181450
v 49.035213 190.000000 -98.095360
v 59.544930 190.000000 -107.996941
v 49.216557 190.000000 -97.768311
v 59.860600 190.000000 -107.796440
v 49.413975 190.000000 -97.450714
v 60.165886 190.000000 -107.580467
v 49.626980 190.000000 -97.143341
v 60.460026 190.000000 -107.349541
v 49.855045 190.000000 -96.846977
v 60.742290 190.000000 -107.104233
v 50.097595 190.000000 -96.562340
v 61.011978 190.000000 -106.845169
v 50.354034 190.000000 -96.290154
v 61.268414 190.000000 -106.572975
v 50.623718 190.000000 -96.031090
v 61.510963 190.000000 -106.288345
v 50.905987 190.000000 -95.785782
v 61.739029 190.000000 -105.991982
v 51.200127 190.000000 -95.554855
v 61.952034 190.000000 -105.684608
v 51.505409 190.000000 -95.338882
v 62.149456 190.000000 -105.367012
v 51.821083 190.000000 -95.138382
v 63.181881 190.000000 -101.437775
v 63.166084 190.000000 -101.064156
v 63.131687 190.000000 -100.691772
v 63.078766 190.000000 -100.321571
v 63.007458 190.000000 -99.954475
v 62.917946 190.000000 -99.591393
v 62.810440 190.000000 -99.233215
v 62.685223 190.000000 -98.880844
v 62.542591 190.000000 -98.535149
v 62.382904 190.000000 -98.196999
v 62.206562 190.000000 -97.867226
v 62.014000 190.000000 -97.546654
v 61.805698 190.000000 -97.236076
v 61.582176 190.000000 -96.936272
v 61.343987 190.000000 -96.647980
v 62.330799 190.000000 -105.039963
v 61.091724 190.000000 -96.371918
v 62.495617 190.000000 -104.704277
v 60.826015 190.000000 -96.108772
v 62.643494 190.000000 -104.360802
v 62.774067 190.000000 -104.010368
v 62.887009 190.000000 -103.653877
v 62.982044 190.000000 -103.292191
v 63.058933 190.000000 -102.926224
v 63.117481 190.000000 -102.556877
v 63.157551 190.000000 -102.185066
v 63.179035 190.000000 -101.811722
v 54.621689 190.000000 -94.143135
v 54.252926 190.000000 -94.205269
v 53.887722 190.000000 -94.285698
v 53.526978 190.000000 -94.384239
v 53.171589 190.000000 -94.500641
v 52.822453 190.000000 -94.634605
v 52.480423 190.000000 -94.785812
v 52.146358 190.000000 -94.953873
v 60.547520 190.000000 -95.859200
v 60.256927 190.000000 -95.623817
v 59.954964 190.000000 -95.403214
v 59.642384 190.000000 -95.197945
v 59.319962 190.000000 -95.008499
v 58.988491 190.000000 -94.835365
v 58.648804 190.000000 -94.678970
v 58.301743 190.000000 -94.539703
v 57.948174 190.000000 -94.417908
v 57.588974 190.000000 -94.313881
v 57.225033 190.000000 -94.227898
v 56.857258 190.000000 -94.160156
v 56.486565 190.000000 -94.110832
v 56.113876 190.000000 -94.080048
v 55.740112 190.000000 -94.067879
v 55.366207 190.000000 -94.074356
v 54.993092 190.000000 -94.099464
v 83.448433 190.000000 -54.634457
v 82.975677 190.000000 -55.055759
v 102.360580 190.000000 -71.161980
v 101.221832 190.000000 -72.680603
v 101.626511 190.000000 -72.193542
v 102.006416 190.000000 -71.686920
v 84.453957 190.000000 -53.865101
v 83.941597 190.000000 -54.237240
v 85.531067 190.000000 -53.199684
v 84.984215 190.000000 -53.518963
v 86.093163 190.000000 -52.908066
v 103.503418 190.000000 -68.905907
v 102.988304 190.000000 -70.062462
v 102.688148 190.000000 -70.620049
v 103.260284 190.000000 -69.490608
v 87.257431 190.000000 -52.410614
v 86.669098 190.000000 -52.644825
v 103.900826 190.000000 -67.703804
v 103.717110 190.000000 -68.309814
v 104.176559 190.000000 -66.468109
v 104.054100 190.000000 -67.089394
v 89.705200 190.000000 -51.774677
v 88.465439 190.000000 -52.031563
v 89.082115 190.000000 -51.887661
v 87.856720 190.000000 -52.206028
v 104.327896 190.000000 -65.211105
v 104.267906 190.000000 -65.841492
v 90.964363 190.000000 -51.642502
v 90.333130 190.000000 -51.692890
v 104.318680 190.000000 -63.312984
v 104.353317 190.000000 -63.945271
v 104.356384 190.000000 -64.578506
v 92.230431 190.000000 -51.636356
v 91.597321 190.000000 -51.623642
v 104.252571 190.000000 -62.683201
v 92.862122 190.000000 -51.680614
v 104.155159 190.000000 -62.057503
v 93.490822 190.000000 -51.756306
v 104.026672 190.000000 -61.437435
v 103.677856 190.000000 -60.220345
v 103.867447 190.000000 -60.824539
v 103.209587 190.000000 -59.044041
v 103.458389 190.000000 -59.626350
v 96.535225 190.000000 -52.596947
v 95.343407 190.000000 -52.169701
v 95.944641 190.000000 -52.368462
v 94.733009 190.000000 -52.001152
v 102.932076 190.000000 -58.474846
v 97.113686 190.000000 -52.854588
v 94.114967 190.000000 -51.863239
v 102.626534 190.000000 -57.920200
v 98.228516 190.000000 -53.454697
v 97.678581 190.000000 -53.140739
v 101.549667 190.000000 -56.357086
v 102.293716 190.000000 -57.381474
v 101.934464 190.000000 -56.860001
v 101.140282 190.000000 -55.873981
v 99.775047 190.000000 -54.555233
v 98.762108 190.000000 -53.795673
v 99.278053 190.000000 -54.162823
v 100.251869 190.000000 -54.971928
v 100.707321 190.000000 -55.411877
v 101.221832 177.300003 -72.680603
v 101.626511 177.300003 -72.193542
v 102.006416 177.300003 -71.686920
v 102.360580 177.300003 -71.161980
v 102.688148 177.300003 -70.620049
v 102.988304 177.300003 -70.062462
v 103.260284 177.300003 -69.490608
v 103.503418 177.300003 -68.905907
v 103.717110 177.300003 -68.309814
v 103.900826 177.300003 -67.703804
v 104.054100 177.300003 -67.089394
v 104.176559 177.300003 -66.468109
v 104.267906 177.300003 -65.841492
v 104.327896 177.300003 -65.211105
v 104.356384 177.300003 -64.578506
v 104.353317 177.300003 -63.945271
v 104.318680 177.300003 -63.312984
v 104.252571 177.300003 -62.683201
v 104.155159 177.300003 -62.057503
v 104.026672 177.300003 -61.437435
v 103.867447 177.300003 -60.824539
v 103.677856 177.300003 -60.220345
v 103.458389 177.300003 -59.626350
v 103.209587 177.300003 -59.044041
v 102.932076 177.300003 -58.474846
v 102.626534 177.300003 -57.920200
v 102.293716 177.300003 -57.381474
v 101.934464 177.300003 -56.860001
v 101.549667 177.300003 -56.357086
v 101.140282 177.300003 -55.873981
v 100.707321 177.300003 -55.411877
v 100.251869 177.300003 -54.971928
v 99.775047 177.300003 -54.555233
v 99.278053 177.300003 -54.162823
v 98.762108 177.300003 -53.795673
v 98.228516 177.300003 -53.454697
v 97.678581 177.300003 -53.140739
v 97.113686 177.300003 -52.854588
v 96.535225 177.300003 -52.596947
v 95.944641 177.300003 -52.368462
v 95.343407 177.300003 -52.169701
v 94.733009 177.300003 -52.001152
v 94.114967 177.300003 -51.863239
v 93.490822 177.300003 -51.756306
v 92.862122 177.300003 -51.680614
v 92.230431 177.300003 -51.636356
v 91.597321 177.300003 -51.623642
v 90.964363 177.300003 -51.642502
v 90.333130 177.300003 -51.692890
v 89.705200 177.300003 -51.774677
v 89.082115 177.300003 -51.887661
v 88.465439 177.300003 -52.031563
v 87.856720 177.300003 -52.206028
v 87.257431 177.300003 -52.410614
v 86.669098 177.300003 -52.644825
v 86.093163 177.300003 -52.908066
v 85.531067 177.300003 -53.199684
v 84.984215 177.300003 -53.518963
v 84.453957 177.300003 -53.865101
v 83.941597 177.300003 -54.237240
v 83.448433 177.300003 -54.634457
v 82.975677 177.300003 -55.055759
v 186.020706 177.300003 15.896999
v 186.567566 177.300003 16.216276
v 185.458603 177.300003 15.605378
v 184.882675 177.300003 15.342137
v 184.294342 177.300003 15.107932
v 183.695068 177.300003 14.903343
v 183.086334 177.300003 14.728880
v 182.469650 177.300003 14.584977
v 181.846573 177.300003 14.471991
v 181.218643 177.300003 14.390204
v 180.587418 177.300003 14.339818
v 179.954453 177.300003 14.320960
v 179.321335 177.300003 14.333674
v 178.689651 177.300003 14.377933
v 178.060959 177.300003 14.453622
v 177.436798 177.300003 14.560555
v 176.818771 177.300003 14.698467
v 176.208359 177.300003 14.867014
v 175.607132 177.300003 15.065778
v 175.016556 177.300003 15.294263
v 174.438095 177.300003 15.551903
v 173.873184 177.300003 15.838056
v 173.323273 177.300003 16.152010
v 172.789658 177.300003 16.492987
v 172.273727 177.300003 16.860138
v 171.776718 177.300003 17.252548
v 171.299911 177.300003 17.669245
v 170.844452 177.300003 18.109192
v 170.411499 177.300003 18.571295
v 170.002106 177.300003 19.054403
v 169.617310 177.300003 19.557318
v 169.258057 177.300003 20.078787
v 168.925247 177.300003 20.617517
v 168.619705 177.300003 21.172165
v 168.342194 177.300003 21.741354
v 168.093384 177.300003 22.323669
v 167.873917 177.300003 22.917662
v 167.684341 177.300003 23.521854
v 167.525116 177.300003 24.134748
v 167.396622 177.300003 24.754816
v 167.299194 177.300003 25.380516
v 167.233093 177.300003 26.010298
v 167.198456 177.300003 26.642590
v 167.195389 177.300003 27.275822
v 167.223892 177.300003 27.908419
v 167.283875 177.300003 28.538811
v 167.375214 177.300003 29.165428
v 167.497665 177.300003 29.786713
v 167.650955 177.300003 30.401123
v 167.834671 177.300003 31.007128
v 168.048355 177.300003 31.603222
v 170.329956 177.300003 35.377918
v 169.925262 177.300003 34.890858
v 169.545364 177.300003 34.384232
v 169.191193 177.300003 33.859299
v 168.863632 177.300003 33.317368
v 168.563477 177.300003 32.759777
v 168.291489 177.300003 32.187923
v 188.576096 177.300003 17.753077
v 188.103348 177.300003 17.331772
v 187.610184 177.300003 16.934557
v 187.097824 177.300003 16.562416
v 63.181881 270.000000 -101.437775
v 63.166084 270.000000 -101.064156
v 63.131687 270.000000 -100.691772
v 63.078766 270.000000 -100.321571
v 63.007458 270.000000 -99.954475
v 62.917946 270.000000 -99.591393
v 62.810440 270.000000 -99.233215
v 62.685223 270.000000 -98.880844
v 62.542591 270.000000 -98.535149
v 62.382904 270.000000 -98.196999
v 62.206562 270.000000 -97.867226
v 62.014000 270.000000 -97.546654
v 61.805698 270.000000 -97.236076
v 61.582176 270.000000 -96.936272
v 61.343987 270.000000 -96.647980
v 61.091724 270.000000 -96.371918
v 60.826015 270.000000 -96.108772
v 60.547520 270.000000 -95.859200
v 60.256927 270.000000 -95.623817
v 59.954964 270.000000 -95.403214
v 59.642384 270.000000 -95.197945
v 59.319962 270.000000 -95.008499
v 58.988491 270.000000 -94.835365
v 58.648804 270.000000 -94.678970
v 58.301743 270.000000 -94.539703
v 57.948174 270.000000 -94.417908
v 57.588974 270.000000 -94.313881
v 57.225033 270.000000 -94.227898
v 56.857258 270.000000 -94.160156
v 56.486565 270.000000 -94.110832
v 56.113876 270.000000 -94.080048
v 55.740112 270.000000 -94.067879
v 55.366207 270.000000 -94.074356
v 54.993092 270.000000 -94.099464
v 54.621689 270.000000 -94.143135
v 54.252926 270.000000 -94.205269
v 53.887722 270.000000 -94.285698
v 53.526978 270.000000 -94.384239
v 53.171589 270.000000 -94.500641
v 52.822453 270.000000 -94.634605
v 52.480423 270.000000 -94.785812
v 52.146358 270.000000 -94.953873
v 51.821083 270.000000 -95.138382
v 51.505409 270.000000 -95.338882
v 51.200127 270.000000 -95.554855
v 50.905987 270.000000 -95.785782
v 50.623718 270.000000 -96.031090
v 50.354034 270.000000 -96.290154
v 50.097595 270.000000 -96.562340
v 49.855045 270.000000 -96.846977
v 49.626980 270.000000 -97.143341
v 49.413975 270.000000 -97.450714
v 49.216557 270.000000 -97.768311
v 49.035213 270.000000 -98.095360
v 48.870399 270.000000 -98.431046
v 48.722519 270.000000 -98.774521
v 48.591946 270.000000 -99.124954
v 48.479000 270.000000 -99.481445
v 48.383965 270.000000 -99.843132
v 48.307076 270.000000 -100.209099
v 48.248528 270.000000 -100.578445
v 48.208462 270.000000 -100.950256
v 48.186977 270.000000 -101.323601
v 48.184132 270.000000 -101.697548
v 48.199928 270.000000 -102.071167
v 48.234329 270.000000 -102.443550
v 48.287243 270.000000 -102.813751
v 48.358551 270.000000 -103.180847
v 48.448067 270.000000 -103.543930
v 48.555569 270.000000 -103.902107
v 48.680794 270.000000 -104.254478
v 48.823425 270.000000 -104.600174
v 48.983109 270.000000 -104.938324
v 49.159451 270.000000 -105.268097
v 49.352013 270.000000 -105.588669
v 49.560310 270.000000 -105.899246
v 49.783833 270.000000 -106.199051
v 50.022022 270.000000 -106.487343
v 50.274284 270.000000 -106.763405
v 50.539993 270.000000 -107.026550
v 50.818489 270.000000 -107.276123
v 51.109081 270.000000 -107.511505
v 51.411045 270.000000 -107.732109
v 51.723625 270.000000 -107.937378
v 52.046055 270.000000 -108.126823
v 52.377522 270.000000 -108.299957
v 52.717205 270.000000 -108.456352
v 53.064266 270.000000 -108.595619
v 53.417835 270.000000 -108.717415
v 53.777039 270.000000 -108.821434
v 54.140980 270.000000 -108.907425
v 54.508751 270.000000 -108.975166
v 54.879444 270.000000 -109.024490
v 55.252136 270.000000 -109.055275
v 55.625900 270.000000 -109.067436
v 55.999802 270.000000 -109.060966
v 56.372921 270.000000 -109.035858
v 56.744320 270.000000 -108.992188
v 57.113083 270.000000 -108.930054
v 57.478294 270.000000 -108.849617
v 57.839035 270.000000 -108.751083
v 58.194420 270.000000 -108.634682
v 58.543560 270.000000 -108.500717
v 58.885590 270.000000 -108.349510
v 59.219654 270.000000 -108.181450
v 59.544930 270.000000 -107.996941
v 59.860600 270.000000 -107.796440
v 60.165886 270.000000 -107.580467
v 60.460026 270.000000 -107.349541
v 60.742290 270.000000 -107.104233
v 61.011978 270.000000 -106.845169
v 61.268414 270.000000 -106.572975
v 61.510963 270.000000 -106.288345
v 61.739029 270.000000 -105.991982
v 61.952034 270.000000 -105.684608
v 62.149456 270.000000 -105.367012
v 62.330799 270.000000 -105.039963
v 62.495617 270.000000 -104.704277
v 62.643494 270.000000 -104.360802
v 62.774067 270.000000 -104.010368
v 62.887009 270.000000 -103.653877
v 62.982044 270.000000 -103.292191
v 63.058933 270.000000 -102.926224
v 63.117481 270.000000 -102.556877
v 63.157551 270.000000 -102.185066
v 63.179035 270.000000 -101.811722
vn 0.000000 -1.000000 -0.000000
vn -0.000000 -1.000000 0.000000
vn -0.000000 -1.000000 0.000000
vn 0.000000 -1.000000 -0.000000
vn -0.000000 -1.000000 0.000000
vn 0.000000 -1.000000 -0.000000
vn 0.000000 -1.000000 0.000000
vn 0.000000 -1.000000 -0.000000
vn 0.000000 -1.000000 0.000000
vn 0.000000 -1.000000 -0.000000
vn 0.000000 -1.000000 0.000000
vn 0.000000 -1.000000 -0.000000
vn 0.000000 -1.000000 -0.000000
vn 0.000000 -1.000000 0.000000
vn 0.000000 -1.000000 0.000000
vn 0.000000 -1.000000 -0.000000
vn 0.000000 -1.000000 0.000000
vn 0.000000 -1.000000 -0.000000
vn 0.000000 -1.000000 -0.000000
vn 0.000000 -1.000000 0.000000
vn 0.000000 -1.000000 0.000000
vn 0.000000 -1.000000 -0.000000
vn 0.000000 -1.000000 -0.000000
vn 0.000000 -1.000000 0.000000
vn 0.000000 -1.000000 -0.000000
vn 0.000000 -1.000000 0.000000
vn 0.000000 -1.000000 0.000000
vn 0.000000 -1.000000 -0.000000
vn 0.000000 -1.000000 0.000000
vn 0.000000 -1.000000 -0.000000
vn 0.000000 -1.000000 -0.000000
vn 0.000000 -1.000000 0.000000
vn 0.000000 -1.000000 -0.000000
vn 0.000000 -1.000000 0.000000
vn 0.000000 -1.000000 0.000000
vn -0.000000 -1.000000 0.000000
vn 0.000000 -1.000000 0.000000
vn -0.000000 -1.000000 0.000000
vn 0.000000 -1.000000 0.000000
vn -0.000000 -1.000000 0.000000
vn 0.000000 -1.000000 0.000000
vn -0.000000 -1.000000 0.000000
vn 0.000000 -1.000000 0.000000
vn -0.000000 -1.000000 0.000000
vn 0.000000 -1.000000 0.000000
vn 0.000000 -1.000000 0.000000
vn -0.000000 -1.000000 0.000000
vn 0.000000 -1.000000 0.000000
vn -0.000000 -1.000000 0.000000
vn -0.000000 -1.000000 0.000000
vn 0.000000 -1.000000 0.000000
vn -0.000000 -1.000000 0.000000
vn 0.000000 -1.000000 0.000000
vn -0.000000 -1.000000 0.000000
vn 0.000000 -1.000000 0.000000
vn -0.000000 -1.000000 0.000000
vn -0.000000 -1.000000 0.000000
vn 0.000000 -1.000000 0.000000
vn 0.000000 -1.000000 0.000000
vn -0.000000 -1.000000 0.000000
vn 0.000000 -1.000000 0.000000
vn -0.000000 -1.000000 0.000000
vn 0.000000 -1.000000 0.000000
vn -0.000000 -1.000000 0.000000
vn 0.000000 -1.000000 0.000000
vn 0.000000 -1.000000 0.000000
vn 0.000000 -1.000000 0.000000
vn 0.000000 -1.000000 0.000000
vn 0.000000 -1.000000 0.000000
vn 0.000000 -1.000000 0.000000
vn 0.000000 -1.000000 0.000000
vn 0.000000 -1.000000 0.000000
vn -0.000000 -1.000000 0.000000
vn 0.000000 -1.000000 0.000000
vn -0.000000 -1.000000 0.000000
vn -0.000000 -1.000000 0.000000
vn -0.000000 -1.000000 0.000000
vn 0.000000 -1.000000 0.000000
vn -0.000000 -1.000000 0.000000
vn 0.000000 -1.000000 0.000000
vn -0.000000 -1.000000 0.000000
vn 0.000000 -1.000000 0.000000
vn -0.000000 -1.000000 0.000000
vn 0.000000 -1.000000 0.000000
vn -0.000000 -1.000000 0.000000
vn 0.000000 -1.000000 0.000000
vn -0.000000 -1.000000 0.000000
vn 0.000000 -1.000000 0.000000
vn -0.000000 -1.000000 0.000000
vn 0.000000 -1.000000 0.000000
vn -0.000000 -1.000000 0.000000
vn 0.000000 -1.000000 0.000000
vn -0.000000 -1.000000 0.000000
vn 0.000000 -1.000000 0.000000
vn -0.000000 -1.000000 0.000000
vn 0.000000 -1.000000 0.000000
vn -0.000000 -1.000000 0.000000
vn 0.000000 -1.000000 0.000000
vn -0.000000 -1.000000 0.000000
vn 0.000000 -1.000000 0.000000
vn -0.000000 -1.000000 0.000000
vn 0.000000 -1.000000 0.000000
vn -0.000000 -1.000000 0.000000
vn 0.000000 -1.000000 0.000000
vn 0.000000 -1.000000 0.000000
vn 0.000000 -1.000000 0.000000
vn 0.000000 -1.000000 0.000000
vn 0.000000 -1.000000 0.000000
vn 0.000000 -1.000000 0.000000
vn 0.000000 -1.000000 0.000000
vn 0.000000 -1.000000 0.000000
vn -0.000000 -1.000000 0.000000
vn -0.000000 -1.000000 0.000000
vn -0.000000 -1.000000 0.000000
vn -0.000000 -1.000000 0.000000
vn 0.000000 -1.000000 0.000000
vn 0.000000 -1.000000 0.000000
vn 0.000000 -1.000000 0.000000
vn 0.000000 -1.000000 0.000000
vn 0.000000 -1.000000 0.000000
vn 0.000000 -1.000000 0.000000
vn 0.000000 -1.000000 0.000000
vn 0.000000 -1.000000 0.000000
vn 0.000000 -1.000000 0.000000
vn -0.000000 -1.000000 0.000000
vn -0.000000 -1.000000 0.000000
vn -0.000000 -1.000000 0.000000
vn -0.000000 -1.000000 0.000000
vn -0.000000 -1.000000 0.000000
vn -0.000000 -1.000000 0.000000
vn -0.000000 -1.000000 0.000000
vn -0.000000 -1.000000 0.000000
vn 0.000000 -1.000000 0.000000
vn 0.000000 -1.000000 0.000000
vn 0.000000 -1.000000 0.000000
vn 0.000000 -1.000000 0.000000
vn 0.000000 -1.000000 0.000000
vn 0.000000 -1.000000 0.000000
vn 0.000000 -1.000000 0.000000
vn 0.000000 -1.000000 0.000000
vn 0.000000 -1.000000 0.000000
vn 0.000000 -1.000000 0.000000
vn 0.000000 -1.000000 -0.000000
vn 0.000000 -1.000000 0.000000
vn 0.000000 -1.000000 -0.000000
vn 0.000000 -1.000000 0.000000
vn 0.000000 -1.000000 -0.000000
vn 0.000000 -1.000000 0.000000
vn 0.000000 -1.000000 -0.000000
vn 0.000000 -1.000000 0.000000
vn 0.000000 -1.000000 -0.000000
vn 0.000000 -1.000000 0.000000
vn 0.000000 -1.000000 -0.000000
vn 0.000000 -1.000000 -0.000000
vn 0.000000 -1.000000 -0.000000
vn 0.000000 -1.000000 -0.000000
vn 0.000000 -1.000000 -0.000000
vn 0.000000 -1.000000 -0.000000
vn 0.000000 -1.000000 -0.000000
vn 0.000000 -1.000000 -0.000000
vn 0.000000 -1.000000 -0.000000
vn 0.000000 -1.000000 -0.000000
vn 0.000000 -1.000000 -0.000000
vn 0.000000 -1.000000 0.000000
vn 0.000000 -1.000000 0.000000
vn 0.000000 -1.000000 0.000000
vn 0.000000 -1.000000 0.000000
vn 0.000000 -1.000000 0.000000
vn 0.000000 -1.000000 0.000000
vn 0.000000 -1.000000 0.000000
vn 0.000000 -1.000000 0.000000
vn 0.000000 -1.000000 0.000000
vn 0.000000 -1.000000 0.000000
vn 0.000000 -1.000000 0.000000
vn 0.000000 -1.000000 0.000000
vn 0.000000 -1.000000 0.000000
vn 0.000000 -1.000000 0.000000
vn 0.000000 -1.000000 0.000000
vn 0.000000 -1.000000 0.000000
vn 0.000000 -1.000000 0.000000
vn 0.000000 -1.000000 0.000000
vn 0.000000 -1.000000 0.000000
vn 0.000000 -1.000000 0.000000
vn 0.000000 -1.000000 0.000000
vn 0.000000 -1.000000 0.000000
vn 0.000000 -1.000000 0.000000
vn 0.000000 -1.000000 0.000000
vn 0.000000 -1.000000 0.000000
vn 0.000000 -1.000000 0.000000
vn 0.000000 -1.000000 0.000000
vn 0.000000 -1.000000 0.000000
vn 0.000000 -1.000000 0.000000
vn 0.000000 -1.000000 0.000000
vn 0.000000 -1.000000 0.000000
vn 0.000000 -1.000000 0.000000
vn 0.000000 -1.000000 0.000000
vn 0.000000 -1.000000 0.000000
vn 0.000000 -1.000000 0.000000
vn 0.999850 0.000000 0.017318
vn 0.999850 0.000000 0.017318
vn 0.999124 0.000000 0.041849
vn 0.999124 0.000000 0.041849
vn 0.995867 0.000000 0.090823
vn 0.995867 0.000000 0.090823
vn 0.990210 0.000000 0.139583
vn 0.990210 0.000000 0.139583
vn 0.982168 0.000000 0.188004
vn 0.982168 0.000000 0.188004
vn 0.971762 0.000000 0.235964
vn 0.971762 0.000000 0.235964
vn 0.959013 0.000000 0.283363
vn 0.959013 0.000000 0.283363
vn 0.943954 0.000000 0.330078
vn 0.926622 -0.000000 0.375993
vn 0.943954 0.000000 0.330078
vn 0.926622 0.000000 0.375993
vn 0.907053 0.000000 0.421016
vn 0.907053 0.000000 0.421016
vn 0.885302 -0.000000 0.465017
vn 0.885302 0.000000 0.465017
vn 0.861421 0.000000 0.507891
vn 0.861421 0.000000 0.507891
vn 0.835465 0.000000 0.549544
vn 0.835465 0.000000 0.549544
vn 0.807487 0.000000 0.589886
vn 0.777576 -0.000000 0.628789
vn 0.807487 0.000000 0.589886
vn 0.745782 -0.000000 0.666190
vn 0.777576 0.000000 0.628789
vn 0.745782 0.000000 0.666190
vn 0.712201 0.000000 0.701976
vn 0.712201 0.000000 0.701976
vn 0.676891 0.000000 0.736084
vn 0.676891 0.000000 0.736084
vn 0.639964 0.000000 0.768405
vn 0.601483 -0.000000 0.798885
vn 0.639964 0.000000 0.768405
vn 0.561563 -0.000000 0.827434
vn 0.601483 0.000000 0.798885
vn 0.561563 0.000000 0.827434
vn 0.520285 0.000000 0.853993
vn 0.520285 0.000000 0.853993
vn 0.477756 0.000000 0.878493
vn 0.477756 0.000000 0.878493
vn 0.434076 0.000000 0.900876
vn 0.434076 0.000000 0.900876
vn 0.389353 0.000000 0.921089
vn 0.389353 0.000000 0.921089
vn 0.343681 0.000000 0.939087
vn 0.343681 0.000000 0.939087
vn 0.297188 0.000000 0.954819
vn 0.249985 -0.000000 0.968250
vn 0.297188 0.000000 0.954819
vn 0.249985 0.000000 0.968250
vn 0.202170 0.000000 0.979350
vn 0.202170 0.000000 0.979350
vn 0.153874 0.000000 0.988091
vn 0.105204 -0.000000 0.994451
vn 0.153874 0.000000 0.988091
vn 0.105204 0.000000 0.994451
vn 0.056283 0.000000 0.998415
vn 0.007224 -0.000000 0.999974
vn 0.056283 0.000000 0.998415
vn 0.007224 0.000000 0.999974
vn 0.017323 -0.000005 -0.999850
vn 0.017314 0.000004 -0.999850
vn 0.017323 -0.000005 -0.999850
vn 0.017314 0.000004 -0.999850
vn 0.017313 0.000004 -0.999850
vn 0.017323 -0.000006 -0.999850
vn 0.017310 0.000007 -0.999850
vn 0.017313 0.000006 -0.999850
vn 0.017326 -0.000006 -0.999850
vn 0.017326 -0.000012 -0.999850
vn 0.017310 0.000005 -0.999850
vn 0.017312 0.000009 -0.999850
vn 0.017332 -0.000009 -0.999850
vn 0.017320 -0.000004 -0.999850
vn 0.017317 0.000000 -0.999850
vn 0.017316 0.000003 -0.999850
vn 0.017314 0.000002 -0.999850
vn 0.017323 -0.000008 -0.999850
vn 0.017310 0.000005 -0.999850
vn 0.017315 0.000006 -0.999850
vn 0.017319 -0.000001 -0.999850
vn 0.017324 -0.000011 -0.999850
vn 0.017322 -0.000002 -0.999850
vn 0.017318 0.000001 -0.999850
vn 0.017306 0.000005 -0.999850
vn 0.017313 0.000012 -0.999850
vn 0.017333 -0.000007 -0.999850
vn 0.017324 -0.000014 -0.999850
vn 0.017302 0.000007 -0.999850
vn 0.017302 0.000038 -0.999850
vn 0.017358 -0.000017 -0.999849
vn 0.017321 -0.000008 -0.999850
vn 0.017323 0.000010 -0.999850
vn 0.017324 0.000014 -0.999850
vn 0.017313 -0.000012 -0.999850
vn 0.017317 -0.000003 -0.999850
vn 0.017324 0.000011 -0.999850
vn 0.017316 -0.000004 -0.999850
vn 0.017323 0.000008 -0.999850
vn 0.017315 -0.000006 -0.999850
vn 0.017321 0.000005 -0.999850
vn 0.017312 -0.000009 -0.999850
vn 0.017314 -0.000007 -0.999850
vn 0.017328 0.000012 -0.999850
vn 0.017309 -0.000011 -0.999850
vn 0.017328 0.000011 -0.999850
vn 0.017315 -0.000003 -0.999850
vn 0.017318 -0.000001 -0.999850
vn 0.017323 0.000005 -0.999850
vn 0.017313 -0.000004 -0.999850
vn 0.017310 -0.000007 -0.999850
vn 0.017326 0.000006 -0.999850
vn 0.017310 -0.000005 -0.999850
vn 0.017332 0.000009 -0.999850
vn 0.017317 -0.000000 -0.999850
vn 0.017314 -0.000002 -0.999850
vn 0.017310 -0.000005 -0.999850
vn 0.017319 0.000001 -0.999850
vn 0.017322 0.000002 -0.999850
vn 0.017306 -0.000005 -0.999850
vn 0.017333 0.000007 -0.999850
vn 0.017302 -0.000007 -0.999850
vn 0.017358 0.000017 -0.999849
vn 0.017317 0.000000 -0.999850
vn 0.017323 0.000005 -0.999850
vn 0.017322 0.000004 -0.999850
vn 0.017314 -0.000004 -0.999850
vn 0.017308 -0.000009 -0.999850
vn 0.017314 -0.000004 -0.999850
vn 0.017330 0.000010 -0.999850
vn 0.017323 0.000006 -0.999850
vn 0.017310 -0.000007 -0.999850
vn 0.017313 -0.000006 -0.999850
vn 0.017326 0.000006 -0.999850
vn 0.017326 0.000012 -0.999850
vn 0.017310 -0.000005 -0.999850
vn 0.017312 -0.000009 -0.999850
vn 0.017311 -0.000005 -0.999850
vn 0.017320 0.000004 -0.999850
vn 0.017316 -0.000002 -0.999850
vn 0.017316 -0.000003 -0.999850
vn 0.017340 0.000012 -0.999850
vn 0.017323 0.000008 -0.999850
vn 0.017308 -0.000005 -0.999850
vn 0.017315 -0.000006 -0.999850
vn 0.017321 0.000002 -0.999850
vn 0.017324 0.000011 -0.999850
vn 0.017320 0.000001 -0.999850
vn 0.017318 -0.000001 -0.999850
vn 0.017306 -0.000006 -0.999850
vn 0.017313 -0.000012 -0.999850
vn 0.017336 0.000008 -0.999850
vn 0.017324 0.000014 -0.999850
vn 0.017299 -0.000008 -0.999850
vn 0.017309 -0.000004 -0.999850
vn 0.017319 0.000000 -0.999850
vn 0.017309 0.000004 -0.999850
vn 0.017299 0.000008 -0.999850
vn 0.017336 -0.000008 -0.999850
vn 0.017306 0.000006 -0.999850
vn 0.017320 -0.000001 -0.999850
vn 0.017321 -0.000002 -0.999850
vn 0.017308 0.000005 -0.999850
vn 0.017340 -0.000012 -0.999850
vn 0.017316 0.000002 -0.999850
vn 0.017311 0.000005 -0.999850
vn 0.017310 0.000005 -0.999850
vn 0.017326 -0.000006 -0.999850
vn 0.017310 0.000007 -0.999850
vn 0.017330 -0.000010 -0.999850
vn 0.017308 0.000009 -0.999850
vn 0.017322 -0.000004 -0.999850
vn 0.017315 0.000003 -0.999850
vn 0.017328 -0.000011 -0.999850
vn 0.017309 0.000011 -0.999850
vn 0.017328 -0.000012 -0.999850
vn 0.017314 0.000007 -0.999850
vn 0.017312 0.000009 -0.999850
vn 0.017321 -0.000005 -0.999850
vn 0.017315 0.000006 -0.999850
vn 0.017323 -0.000008 -0.999850
vn 0.017316 0.000004 -0.999850
vn 0.017324 -0.000011 -0.999850
vn 0.017317 0.000003 -0.999850
vn 0.017313 0.000012 -0.999850
vn 0.017324 -0.000014 -0.999850
vn 0.017318 0.000001 -0.999850
vn 0.017321 0.000008 -0.999850
vn 0.017302 -0.000038 -0.999850
vn 0.017323 -0.000010 -0.999850
vn -0.017318 0.000000 0.999850
vn -0.017318 0.000000 0.999850
vn -0.999850 0.000000 -0.017318
vn -0.999850 -0.000000 -0.017318
vn -0.719247 0.000000 0.694755
vn -0.719247 0.000000 0.694755
vn -0.719246 -0.000000 0.694755
vn -0.719246 0.000001 0.694755
vn -0.719247 0.000000 0.694755
vn -0.719247 0.000000 0.694755
vn -0.007225 0.000000 -0.999974
vn -0.007225 0.000000 -0.999974
vn -0.056284 0.000000 -0.998415
vn -0.056284 0.000000 -0.998415
vn -0.105203 0.000000 -0.994451
vn -0.105203 0.000000 -0.994451
vn -0.153872 0.000000 -0.988091
vn -0.153872 0.000000 -0.988091
vn -0.202172 0.000000 -0.979350
vn -0.202172 0.000000 -0.979350
vn -0.249981 0.000000 -0.968251
vn -0.249981 0.000000 -0.968251
vn -0.297194 0.000000 -0.954817
vn -0.297194 0.000000 -0.954817
vn -0.343683 0.000000 -0.939086
vn -0.343683 0.000000 -0.939086
vn -0.389346 0.000000 -0.921092
vn -0.389346 0.000000 -0.921092
vn -0.434076 0.000000 -0.900876
vn -0.434076 0.000000 -0.900876
vn -0.477753 0.000000 -0.878494
vn -0.477753 0.000000 -0.878494
vn -0.520288 0.000000 -0.853991
vn -0.520288 0.000000 -0.853991
vn -0.561562 0.000000 -0.827435
vn -0.561562 0.000000 -0.827435
vn -0.601489 0.000000 -0.798881
vn -0.601489 0.000000 -0.798881
vn -0.639959 0.000000 -0.768409
vn -0.676894 0.000000 -0.736080
vn -0.639959 0.000000 -0.768409
vn -0.712204 0.000000 -0.701973
vn -0.676894 0.000000 -0.736080
vn -0.712204 0.000000 -0.701973
vn -0.745782 0.000000 -0.666190
vn -0.777569 0.000000 -0.628798
vn -0.745782 0.000000 -0.666190
vn -0.807492 0.000000 -0.589878
vn -0.777569 0.000000 -0.628798
vn -0.807492 0.000000 -0.589878
vn -0.835467 0.000000 -0.549541
vn -0.835467 0.000000 -0.549541
vn -0.861415 0.000000 -0.507901
vn -0.861415 0.000000 -0.507901
vn -0.885303 0.000000 -0.465015
vn -0.885303 0.000000 -0.465015
vn -0.907057 0.000000 -0.421008
vn -0.907057 0.000000 -0.421008
vn -0.926618 0.000000 -0.376004
vn -0.926618 0.000000 -0.376004
vn -0.943953 0.000000 -0.330080
vn -0.943953 0.000000 -0.330080
vn -0.959013 0.000000 -0.283362
vn -0.959013 0.000000 -0.283362
vn -0.971763 0.000000 -0.235959
vn -0.971763 0.000000 -0.235959
vn -0.982168 0.000000 -0.188008
vn -0.990212 0.000000 -0.139573
vn -0.982168 0.000000 -0.188008
vn -0.990212 0.000000 -0.139573
vn -0.995867 0.000000 -0.090827
vn -0.995867 0.000000 -0.090827
vn -0.999124 0.000000 -0.041857
vn -0.999124 0.000000 -0.041857
vn -0.694755 0.000000 -0.719247
vn -0.694755 -0.000000 -0.719247
vn 0.017318 0.000000 -0.999850
vn 0.017318 0.000000 -0.999850
vn 0.719246 0.000000 -0.694755
vn 0.719246 0.000000 -0.694755
vn 0.719247 0.000000 -0.694755
vn 0.719247 0.000000 -0.694755
vn 0.719246 0.000001 -0.694755
vn 0.719247 0.000002 -0.694755
vn 0.999971 0.000000 -0.007589
vn 0.999971 0.000000 -0.007589
vn 0.998348 0.000000 -0.057451
vn 0.998348 0.000000 -0.057451
vn 0.994247 0.000000 -0.107109
vn 0.994247 0.000000 -0.107109
vn 0.987662 0.000000 -0.156602
vn 0.987662 0.000000 -0.156602
vn 0.978635 0.000000 -0.205607
vn 0.967182 0.000000 -0.254084
vn 0.978635 0.000000 -0.205607
vn 0.967182 0.000000 -0.254084
vn 0.953288 0.000000 -0.302062
vn 0.953288 0.000000 -0.302062
vn 0.937065 0.000000 -0.349155
vn 0.937065 0.000000 -0.349155
vn 0.918497 0.000000 -0.395427
vn 0.897629 0.000000 -0.440751
vn 0.918497 0.000000 -0.395427
vn 0.897629 0.000000 -0.440751
vn 0.874563 0.000000 -0.484911
vn 0.874563 0.000000 -0.484911
vn 0.849280 0.000000 -0.527943
vn 0.849280 0.000000 -0.527943
vn 0.821936 0.000000 -0.569580
vn 0.821936 0.000000 -0.569580
vn 0.792517 0.000000 -0.609850
vn 0.792517 0.000000 -0.609850
vn 0.761126 0.000000 -0.648604
vn 0.761126 0.000000 -0.648604
vn 0.727849 0.000000 -0.685738
vn 0.727849 0.000000 -0.685738
vn 0.692770 0.000000 -0.721159
vn 0.692770 0.000000 -0.721159
vn 0.655947 0.000000 -0.754807
vn 0.655947 0.000000 -0.754807
vn 0.617515 0.000000 -0.786559
vn 0.617515 0.000000 -0.786559
vn 0.577549 0.000000 -0.816356
vn 0.577549 0.000000 -0.816356
vn 0.536132 0.000000 -0.844134
vn 0.536132 0.000000 -0.844134
vn 0.493394 0.000000 -0.869806
vn 0.493394 0.000000 -0.869806
vn 0.449428 0.000000 -0.893317
vn 0.449428 0.000000 -0.893317
vn 0.404337 0.000000 -0.914610
vn 0.358232 0.000000 -0.933633
vn 0.404337 0.000000 -0.914610
vn 0.358232 0.000000 -0.933633
vn 0.311265 0.000000 -0.950323
vn 0.311265 0.000000 -0.950323
vn 0.263499 0.000000 -0.964660
vn 0.263499 0.000000 -0.964660
vn 0.215094 0.000000 -0.976593
vn 0.215094 0.000000 -0.976593
vn 0.166145 0.000000 -0.986101
vn 0.166145 0.000000 -0.986101
vn 0.116787 0.000000 -0.993157
vn 0.116787 0.000000 -0.993157
vn 0.067133 0.000000 -0.997744
vn 0.067133 0.000000 -0.997744
vn 0.017318 0.000000 -0.999850
vn 0.017318 0.000000 -0.999850
vn -0.032542 0.000000 -0.999470
vn -0.032542 -0.000000 -0.999470
vn -0.082322 0.000000 -0.996606
vn -0.082322 -0.000000 -0.996606
vn -0.131898 0.000000 -0.991263
vn -0.181137 0.000000 -0.983458
vn -0.131898 -0.000000 -0.991263
vn -0.181137 0.000000 -0.983458
vn -0.229941 -0.000000 -0.973205
vn -0.229941 0.000000 -0.973205
vn -0.278157 -0.000000 -0.960536
vn -0.278157 0.000000 -0.960536
vn -0.325704 -0.000000 -0.945472
vn -0.325704 0.000000 -0.945472
vn -0.372417 -0.000000 -0.928065
vn -0.372417 0.000000 -0.928065
vn -0.418210 -0.000000 -0.908350
vn -0.418210 0.000000 -0.908350
vn -0.462973 -0.000000 -0.886372
vn -0.462973 0.000000 -0.886372
vn -0.506571 0.000000 -0.862198
vn -0.506571 0.000000 -0.862198
vn -0.548935 -0.000000 -0.835865
vn -0.548935 0.000000 -0.835865
vn -0.589917 0.000000 -0.807464
vn -0.589917 0.000000 -0.807464
vn -0.629428 -0.000000 -0.777059
vn -0.629428 0.000000 -0.777059
vn -0.667364 0.000000 -0.744731
vn -0.667364 0.000000 -0.744731
vn -0.703680 0.000000 -0.710517
vn -0.703680 0.000000 -0.710517
vn -0.738195 0.000000 -0.674587
vn -0.738195 -0.000000 -0.674587
vn -0.770915 0.000000 -0.636938
vn -0.770915 -0.000000 -0.636938
vn -0.801722 0.000000 -0.597697
vn -0.801722 -0.000000 -0.597697
vn -0.830489 0.000000 -0.557034
vn -0.830489 -0.000000 -0.557034
vn -0.857248 0.000000 -0.514904
vn -0.857248 -0.000000 -0.514904
vn -0.881834 0.000000 -0.471560
vn -0.904233 0.000000 -0.427041
vn -0.881834 -0.000000 -0.471560
vn -0.904233 0.000000 -0.427041
vn -0.924428 0.000000 -0.381356
vn -0.924428 -0.000000 -0.381356
vn -0.942251 0.000000 -0.334907
vn -0.957804 0.000000 -0.287422
vn -0.942251 -0.000000 -0.334907
vn -0.957804 0.000000 -0.287422
vn -0.970923 0.000000 -0.239391
vn -0.970923 -0.000000 -0.239391
vn -0.981654 0.000000 -0.190673
vn -0.981654 -0.000000 -0.190673
vn -0.989937 0.000000 -0.141506
vn -0.989937 -0.000000 -0.141506
vn -0.995758 -0.000000 -0.092011
vn -0.995758 0.000000 -0.092011
vn -0.999108 -0.000000 -0.042231
vn -0.999108 0.000000 -0.042231
vn -0.999971 0.000000 0.007589
vn -0.999971 0.000000 0.007589
vn -0.998346 0.000000 0.057492
vn -0.998346 0.000000 0.057492
vn -0.994247 0.000000 0.107108
vn -0.994247 0.000000 0.107108
vn -0.987662 0.000000 0.156602
vn -0.987662 0.000000 0.156602
vn -0.978635 0.000000 0.205607
vn -0.978635 0.000000 0.205607
vn -0.967182 0.000000 0.254085
vn -0.967182 0.000000 0.254085
vn -0.953289 0.000000 0.302061
vn -0.953289 0.000000 0.302061
vn -0.937078 0.000000 0.349120
vn -0.937078 0.000000 0.349120
vn -0.918483 0.000000 0.395459
vn -0.918483 0.000000 0.395459
vn -0.897629 0.000000 0.440751
vn -0.897629 0.000000 0.440751
vn -0.874563 0.000000 0.484912
vn -0.874563 0.000000 0.484912
vn -0.849279 0.000000 0.527944
vn -0.849279 0.000000 0.527944
vn -0.821936 0.000000 0.569580
vn -0.821936 0.000000 0.569580
vn -0.792517 0.000000 0.609850
vn -0.792517 0.000000 0.609850
vn -0.761127 0.000000 0.648603
vn -0.761127 0.000000 0.648603
vn -0.727850 0.000000 0.685736
vn -0.727850 0.000000 0.685736
vn -0.692767 0.000000 0.721161
vn -0.692767 0.000000 0.721161
vn -0.655947 0.000000 0.754807
vn -0.655947 0.000000 0.754807
vn -0.617517 0.000000 0.786558
vn -0.617517 0.000000 0.786558
vn -0.577549 0.000000 0.816356
vn -0.577549 0.000000 0.816356
vn -0.536151 0.000000 0.844122
vn -0.536151 0.000000 0.844122
vn -0.493377 0.000000 0.869816
vn -0.449424 0.000000 0.893319
vn -0.493377 0.000000 0.869816
vn -0.449424 0.000000 0.893319
vn -0.404341 0.000000 0.914608
vn -0.358232 0.000000 0.933633
vn -0.404341 0.000000 0.914608
vn -0.358232 0.000000 0.933633
vn -0.311263 0.000000 0.950324
vn -0.311263 0.000000 0.950324
vn -0.263499 0.000000 0.964660
vn -0.263499 0.000000 0.964660
vn -0.215096 0.000000 0.976593
vn -0.215096 0.000000 0.976593
vn -0.166147 0.000000 0.986101
vn -0.166147 0.000000 0.986101
vn -0.116780 0.000000 0.993158
vn -0.116780 0.000000 0.993158
vn -0.067138 0.000000 0.997744
vn -0.067138 0.000000 0.997744
vn -0.017320 0.000000 0.999850
vn -0.017320 0.000000 0.999850
vn 0.032546 0.000000 0.999470
vn 0.032546 0.000000 0.999470
vn 0.082314 -0.000000 0.996606
vn 0.082314 0.000000 0.996606
vn 0.131900 -0.000000 0.991263
vn 0.131900 0.000000 0.991263
vn 0.181137 -0.000000 0.983458
vn 0.229943 -0.000000 0.973204
vn 0.181137 0.000000 0.983458
vn 0.229943 0.000000 0.973204
vn 0.278152 0.000000 0.960537
vn 0.325708 -0.000000 0.945470
vn 0.278152 0.000000 0.960537
vn 0.325708 0.000000 0.945470
vn 0.372419 0.000000 0.928065
vn 0.418208 -0.000000 0.908351
vn 0.372419 0.000000 0.928065
vn 0.418208 0.000000 0.908351
vn 0.462992 0.000000 0.886362
vn 0.462992 0.000000 0.886362
vn 0.506551 0.000000 0.862210
vn 0.506551 0.000000 0.862210
vn 0.548934 0.000000 0.835866
vn 0.589918 -0.000000 0.807463
vn 0.548934 0.000000 0.835866
vn 0.589918 0.000000 0.807463
vn 0.629428 0.000000 0.777059
vn 0.629428 0.000000 0.777059
vn 0.667361 0.000000 0.744734
vn 0.703681 -0.000000 0.710516
vn 0.667361 0.000000 0.744734
vn 0.703681 0.000000 0.710516
vn 0.738197 0.000000 0.674586
vn 0.738197 0.000000 0.674586
vn 0.770915 -0.000000 0.636938
vn 0.770915 0.000000 0.636938
vn 0.801722 0.000000 0.597697
vn 0.801722 0.000000 0.597697
vn 0.830489 -0.000000 0.557036
vn 0.830489 0.000000 0.557036
vn 0.857248 0.000000 0.514904
vn 0.857248 0.000000 0.514904
vn 0.881834 -0.000000 0.471560
vn 0.881834 0.000000 0.471560
vn 0.904248 0.000000 0.427007
vn 0.904248 0.000000 0.427007
vn 0.924414 0.000000 0.381391
vn 0.924414 0.000000 0.381391
vn 0.942251 0.000000 0.334907
vn 0.942251 0.000000 0.334907
vn 0.957804 0.000000 0.287422
vn 0.970923 -0.000000 0.239391
vn 0.957804 0.000000 0.287422
vn 0.970923 0.000000 0.239391
vn 0.981653 0.000000 0.190674
vn 0.981653 0.000000 0.190674
vn 0.989938 0.000000 0.141505
vn 0.989938 0.000000 0.141505
vn 0.995762 0.000000 0.091971
vn 0.995762 0.000000 0.091971
vn 0.999108 0.000000 0.042231
vn 0.999108 0.000000 0.042231
vn 0.000000 1.000000 0.000000
vn 0.000000 1.000000 0.000000
vn 0.000000 1.000000 0.000000
vn 0.000000 1.000000 0.000000
vn 0.000000 1.000000 0.000000
vn 0.000000 1.000000 0.000000
vn 0.000000 1.000000 0.000000
vn 0.000000 1.000000 0.000000
vn 0.000000 1.000000 0.000000
vn 0.000000 1.000000 0.000000
vn 0.000000 1.000000 0.000000
vn 0.000000 1.000000 0.000000
vn 0.000000 1.000000 0.000000
vn 0.000000 1.000000 0.000000
vn 0.000000 1.000000 0.000000
vn 0.000000 1.000000 0.000000
vn 0.000000 1.000000 0.000000
vn 0.000000 1.000000 0.000000
vn 0.000000 1.000000 0.000000
vn 0.000000 1.000000 0.000000
vn 0.000000 1.000000 0.000000
vn 0.000000 1.000000 0.000000
vn 0.000000 1.000000 0.000000
vn 0.000000 1.000000 0.000000
vn 0.000000 1.000000 0.000000
vn 0.000000 1.000000 0.000000
vn 0.000000 1.000000 0.000000
vn 0.000000 1.000000 0.000000
vn 0.000000 1.000000 0.000000
vn 0.000000 1.000000 0.000000
vn 0.000000 1.000000 0.000000
vn 0.000000 1.000000 0.000000
vn 0.000000 1.000000 0.000000
vn 0.000000 1.000000 0.000000
vn 0.000000 1.000000 0.000000
vn 0.000000 1.000000 0.000000
vn 0.000000 1.000000 0.000000
vn 0.000000 1.000000 0.000000
vn 0.000000 1.000000 0.000000
vn 0.000000 1.000000 0.000000
vn 0.000000 1.000000 0.000000
vn 0.000000 1.000000 0.000000
vn 0.000000 1.000000 0.000000
vn 0.000000 1.000000 0.000000
vn 0.000000 1.000000 0.000000
vn 0.000000 1.000000 0.000000
vn 0.000000 1.000000 0.000000
vn 0.000000 1.000000 0.000000
vn 0.000000 1.000000 0.000000
vn 0.000000 1.000000 0.000000
vn 0.000000 1.000000 0.000000
vn 0.000000 1.000000 0.000000
vn 0.000000 1.000000 0.000000
vn 0.000000 1.000000 0.000000
vn 0.000000 1.000000 0.000000
vn 0.000000 1.000000 0.000000
vn 0.000000 1.000000 0.000000
vn 0.000000 1.000000 0.000000
vn 0.000000 1.000000 0.000000
vn 0.000000 1.000000 0.000000
vn 0.000000 1.000000 0.000000
vn 0.000000 1.000000 0.000000
vn 0.000000 1.000000 0.000000
vn 0.000000 1.000000 0.000000
vn 0.000000 1.000000 0.000000
vn 0.000000 1.000000 0.000000
vn 0.000000 1.000000 0.000000
vn 0.000000 1.000000 0.000000
vn 0.000000 1.000000 0.000000
vn 0.000000 1.000000 0.000000
vn 0.000000 1.000000 0.000000
vn 0.000000 1.000000 0.000000
vn 0.000000 1.000000 0.000000
vn 0.000000 1.000000 0.000000
vn 0.000000 1.000000 0.000000
vn 0.000000 1.000000 0.000000
vn 0.000000 1.000000 0.000000
vn 0.000000 1.000000 0.000000
vn 0.000000 1.000000 0.000000
vn 0.000000 1.000000 0.000000
vn 0.000000 1.000000 0.000000
vn 0.000000 1.000000 0.000000
vn 0.000000 1.000000 0.000000
vn 0.000000 1.000000 0.000000
vn 0.000000 1.000000 0.000000
vn 0.000000 1.000000 0.000000
vn 0.000000 1.000000 0.000000
vn 0.000000 1.000000 0.000000
vn 0.000000 1.000000 0.000000
vn 0.000000 1.000000 0.000000
vn 0.000000 1.000000 0.000000
vn 0.000000 1.000000 0.000000
vn 0.000000 1.000000 0.000000
vn 0.000000 1.000000 0.000000
vn 0.000000 1.000000 0.000000
vn 0.000000 1.000000 0.000000
vn 0.000000 1.000000 0.000000
vn 0.000000 1.000000 0.000000
vn 0.000000 1.000000 0.000000
vn 0.000000 1.000000 0.000000
vn 0.000000 1.000000 0.000000
vn 0.000000 1.000000 0.000000
vn 0.000000 1.000000 0.000000
vn 0.000000 1.000000 0.000000
vn 0.000000 1.000000 0.000000
vn 0.000000 1.000000 0.000000
vn 0.000000 1.000000 0.000000
vn 0.000000 1.000000 0.000000
vn 0.000000 1.000000 0.000000
vn 0.000000 1.000000 0.000000
vn 0.000000 1.000000 0.000000
vn 0.000000 1.000000 0.000000
vn 0.000000 1.000000 0.000000
vn 0.000000 1.000000 0.000000
vn 0.000000 1.000000 0.000000
vn 0.000000 1.000000 0.000000
vn 0.000000 1.000000 0.000000
vn 0.000000 1.000000 0.000000
vn 0.000000 1.000000 0.000000
vn 0.000000 1.000000 0.000000
vn 0.000000 1.000000 0.000000
vn 0.000000 1.000000 0.000000
vn 0.000000 1.000000 0.000000
vn 0.000000 1.000000 0.000000
vn 0.000000 1.000000 0.000000
vn 0.000000 1.000000 0.000000
vn 0.000000 1.000000 0.000000
vn 0.000000 1.000000 0.000000
vn 0.000000 1.000000 0.000000
vn 0.000000 1.000000 0.000000
vn 0.000000 1.000000 0.000000
vn 0.000000 1.000000 0.000000
vn 0.999540 0.024894 0.017313
vn 0.999540 0.024894 0.017313
vn 0.997058 0.074683 0.017270
vn 0.997058 0.074682 0.017270
vn 0.992085 0.124384 0.017184
vn 0.992085 0.124385 0.017184
vn 0.984668 0.173601 0.017055
vn 0.984668 0.173601 0.017055
vn 0.974787 0.222498 0.016884
vn 0.962467 0.270887 0.016671
vn 0.974787 0.222498 0.016884
vn 0.962467 0.270887 0.016671
vn 0.947790 0.318473 0.016416
vn 0.947790 0.318473 0.016416
vn 0.930708 0.365408 0.016121
vn 0.930708 0.365408 0.016121
vn 0.911403 0.411211 0.015786
vn 0.889724 0.456238 0.015411
vn 0.911403 0.411211 0.015786
vn 0.889724 0.456239 0.015411
vn 0.865903 0.499987 0.014998
vn 0.865903 0.499987 0.014998
vn 0.839909 0.542532 0.014548
vn 0.839909 0.542532 0.014548
vn 0.811821 0.583737 0.014061
vn 0.811821 0.583737 0.014061
vn 0.781676 0.623537 0.013539
vn 0.781676 0.623537 0.013539
vn 0.749661 0.661695 0.012985
vn 0.749661 0.661695 0.012985
vn 0.715807 0.698188 0.012398
vn 0.715807 0.698188 0.012398
vn 0.680034 0.733086 0.011779
vn 0.680034 0.733086 0.011779
vn 0.642693 0.766043 0.011132
vn 0.642693 0.766043 0.011132
vn 0.603736 0.797116 0.010457
vn 0.603736 0.797116 0.010457
vn 0.563220 0.826249 0.009755
vn 0.563220 0.826249 0.009755
vn 0.521364 0.853286 0.009030
vn 0.521364 0.853287 0.009030
vn 0.478184 0.878220 0.008283
vn 0.478185 0.878220 0.008283
vn 0.433792 0.900982 0.007514
vn 0.433792 0.900982 0.007514
vn 0.388416 0.921459 0.006728
vn 0.341968 0.939693 0.005923
vn 0.388416 0.921459 0.006728
vn 0.341968 0.939693 0.005923
vn 0.294689 0.955580 0.005104
vn 0.294689 0.955580 0.005104
vn 0.246706 0.969081 0.004273
vn 0.246706 0.969081 0.004273
vn 0.198153 0.980165 0.003432
vn 0.198153 0.980165 0.003432
vn 0.148995 0.988835 0.002581
vn 0.148995 0.988835 0.002581
vn 0.099547 0.995031 0.001724
vn 0.099547 0.995031 0.001724
vn 0.049849 0.998756 0.000863
vn 0.049849 0.998756 0.000863
vn 0.000000 1.000000 0.000000
vn -0.000000 1.000000 0.000000
vn -0.049858 0.998756 -0.000864
vn -0.049858 0.998756 -0.000864
vn -0.099547 0.995031 -0.001724
vn -0.099547 0.995031 -0.001724
vn -0.148995 0.988835 -0.002581
vn -0.198137 0.980168 -0.003432
vn -0.148995 0.988835 -0.002581
vn -0.198137 0.980168 -0.003432
vn -0.246706 0.969081 -0.004273
vn -0.246706 0.969081 -0.004273
vn -0.294712 0.955572 -0.005105
vn -0.294712 0.955572 -0.005105
vn -0.341968 0.939693 -0.005923
vn -0.341968 0.939693 -0.005923
vn -0.388358 0.921484 -0.006727
vn -0.388358 0.921484 -0.006727
vn -0.433824 0.900966 -0.007514
vn -0.433824 0.900966 -0.007514
vn -0.478185 0.878220 -0.008283
vn -0.478184 0.878220 -0.008283
vn -0.521365 0.853286 -0.009030
vn -0.521365 0.853286 -0.009030
vn -0.563258 0.826224 -0.009756
vn -0.563258 0.826223 -0.009756
vn -0.603697 0.797145 -0.010456
vn -0.603697 0.797145 -0.010456
vn -0.642693 0.766043 -0.011132
vn -0.642693 0.766043 -0.011132
vn -0.680075 0.733048 -0.011779
vn -0.680075 0.733048 -0.011779
vn -0.715767 0.698230 -0.012398
vn -0.715766 0.698230 -0.012398
vn -0.749620 0.661741 -0.012983
vn -0.749661 0.661695 -0.012985
vn -0.781756 0.623438 -0.013541
vn -0.781716 0.623488 -0.013539
vn -0.811821 0.583737 -0.014061
vn -0.811821 0.583737 -0.014061
vn -0.839909 0.542532 -0.014548
vn -0.839909 0.542532 -0.014548
vn -0.865903 0.499987 -0.014998
vn -0.865903 0.499987 -0.014998
vn -0.889691 0.456303 -0.015410
vn -0.911373 0.411279 -0.015786
vn -0.889691 0.456303 -0.015410
vn -0.911373 0.411279 -0.015786
vn -0.930763 0.365267 -0.016121
vn -0.930763 0.365267 -0.016121
vn -0.947765 0.318547 -0.016416
vn -0.962488 0.270812 -0.016671
vn -0.947765 0.318546 -0.016416
vn -0.962488 0.270812 -0.016671
vn -0.974769 0.222575 -0.016884
vn -0.974769 0.222575 -0.016884
vn -0.984668 0.173601 -0.017055
vn -0.984668 0.173601 -0.017055
vn -0.992095 0.124304 -0.017184
vn -0.992095 0.124304 -0.017184
vn -0.997052 0.074763 -0.017270
vn -0.997052 0.074764 -0.017270
vn -0.999538 0.024975 -0.017313
vn -0.999538 0.024976 -0.017313
vn -0.999538 -0.024975 -0.017313
vn -0.999538 -0.024975 -0.017313
vn -0.997052 -0.074760 -0.017270
vn -0.997052 -0.074761 -0.017270
vn -0.992095 -0.124309 -0.017184
vn -0.992095 -0.124309 -0.017184
vn -0.984668 -0.173601 -0.017055
vn -0.984668 -0.173601 -0.017055
vn -0.974769 -0.222575 -0.016884
vn -0.974769 -0.222575 -0.016884
vn -0.962488 -0.270812 -0.016671
vn -0.962488 -0.270812 -0.016671
vn -0.947765 -0.318546 -0.016416
vn -0.947765 -0.318547 -0.016416
vn -0.930769 -0.365253 -0.016122
vn -0.930769 -0.365253 -0.016122
vn -0.911373 -0.411279 -0.015786
vn -0.911373 -0.411279 -0.015786
vn -0.889691 -0.456303 -0.015410
vn -0.889691 -0.456303 -0.015410
vn -0.865893 -0.500005 -0.014998
vn -0.865893 -0.500005 -0.014998
vn -0.839909 -0.542532 -0.014548
vn -0.839909 -0.542532 -0.014548
vn -0.811821 -0.583737 -0.014061
vn -0.811821 -0.583737 -0.014061
vn -0.781716 -0.623488 -0.013540
vn -0.781756 -0.623437 -0.013540
vn -0.749679 -0.661675 -0.012984
vn -0.749638 -0.661721 -0.012984
vn -0.715747 -0.698250 -0.012397
vn -0.715747 -0.698250 -0.012397
vn -0.680097 -0.733027 -0.011780
vn -0.680097 -0.733028 -0.011780
vn -0.642669 -0.766063 -0.011131
vn -0.642669 -0.766063 -0.011131
vn -0.603697 -0.797145 -0.010456
vn -0.603697 -0.797145 -0.010456
vn -0.563286 -0.826204 -0.009757
vn -0.563286 -0.826205 -0.009757
vn -0.521335 -0.853304 -0.009030
vn -0.521335 -0.853304 -0.009030
vn -0.478185 -0.878220 -0.008283
vn -0.433857 -0.900950 -0.007515
vn -0.478185 -0.878220 -0.008283
vn -0.433857 -0.900950 -0.007515
vn -0.388323 -0.921499 -0.006726
vn -0.341968 -0.939693 -0.005923
vn -0.388323 -0.921499 -0.006726
vn -0.341968 -0.939693 -0.005923
vn -0.294712 -0.955572 -0.005105
vn -0.294712 -0.955572 -0.005105
vn -0.246744 -0.969071 -0.004274
vn -0.246744 -0.969071 -0.004274
vn -0.198098 -0.980176 -0.003431
vn -0.198098 -0.980176 -0.003431
vn -0.149035 -0.988829 -0.002581
vn -0.149035 -0.988829 -0.002581
vn -0.099547 -0.995031 -0.001724
vn -0.099547 -0.995031 -0.001724
vn -0.049817 -0.998758 -0.000863
vn -0.049817 -0.998758 -0.000863
vn 0.000000 -1.000000 -0.000000
vn 0.000000 -1.000000 0.000000
vn 0.049809 -0.998758 0.000863
vn 0.049809 -0.998758 0.000863
vn 0.099547 -0.995031 0.001724
vn 0.099547 -0.995031 0.001724
vn 0.149035 -0.988829 0.002581
vn 0.149035 -0.988829 0.002581
vn 0.198114 -0.980173 0.003431
vn 0.246744 -0.969071 0.004274
vn 0.198114 -0.980173 0.003431
vn 0.246744 -0.969071 0.004274
vn 0.294689 -0.955579 0.005104
vn 0.341968 -0.939693 0.005923
vn 0.294689 -0.955579 0.005104
vn 0.341968 -0.939693 0.005923
vn 0.388382 -0.921474 0.006727
vn 0.433825 -0.900966 0.007514
vn 0.388382 -0.921474 0.006727
vn 0.433825 -0.900966 0.007514
vn 0.478185 -0.878220 0.008283
vn 0.478185 -0.878220 0.008283
vn 0.521335 -0.853304 0.009030
vn 0.521335 -0.853305 0.009030
vn 0.563248 -0.826230 0.009756
vn 0.603736 -0.797116 0.010457
vn 0.563248 -0.826230 0.009756
vn 0.603736 -0.797116 0.010457
vn 0.642669 -0.766063 0.011131
vn 0.642669 -0.766063 0.011131
vn 0.680056 -0.733065 0.011779
vn 0.715787 -0.698208 0.012398
vn 0.680056 -0.733065 0.011779
vn 0.715787 -0.698208 0.012398
vn 0.749678 -0.661675 0.012985
vn 0.749678 -0.661675 0.012985
vn 0.781676 -0.623537 0.013539
vn 0.781676 -0.623537 0.013539
vn 0.811821 -0.583737 0.014061
vn 0.811821 -0.583737 0.014061
vn 0.839909 -0.542532 0.014548
vn 0.839909 -0.542532 0.014548
vn 0.865893 -0.500005 0.014998
vn 0.865893 -0.500005 0.014998
vn 0.889724 -0.456238 0.015411
vn 0.889724 -0.456238 0.015411
vn 0.911403 -0.411212 0.015786
vn 0.911403 -0.411212 0.015786
vn 0.930713 -0.365394 0.016121
vn 0.930713 -0.365394 0.016121
vn 0.947790 -0.318473 0.016416
vn 0.947790 -0.318473 0.016416
vn 0.962467 -0.270887 0.016671
vn 0.974787 -0.222498 0.016884
vn 0.962467 -0.270887 0.016671
vn 0.974787 -0.222498 0.016884
vn 0.984668 -0.173601 0.017055
vn 0.984668 -0.173601 0.017055
vn 0.992085 -0.124389 0.017184
vn 0.992085 -0.124390 0.017184
vn 0.997058 -0.074680 0.017270
vn 0.997058 -0.074679 0.017270
vn 0.999540 -0.024894 0.017313
vn 0.999540 -0.024894 0.017313
vn 0.000000 1.000000 0.000000
vn 0.000000 1.000000 0.000000
vn 0.000000 1.000000 0.000000
vn 0.000000 1.000000 0.000000
vn 0.000000 1.000000 0.000000
vn 0.000000 1.000000 0.000000
vn 0.000000 1.000000 0.000000
vn 0.000000 1.000000 0.000000
vn 0.000000 1.000000 0.000000
vn 0.000000 1.000000 0.000000
vn 0.000000 1.000000 0.000000
vn 0.000000 1.000000 0.000000
vn 0.000000 1.000000 0.000000
vn 0.000000 1.000000 0.000000
vn 0.000000 1.000000 0.000000
vn 0.000000 1.000000 0.000000
vn 0.000000 1.000000 0.000000
vn 0.000000 1.000000 0.000000
vn 0.000000 1.000000 0.000000
vn 0.000000 1.000000 0.000000
vn 0.000000 1.000000 0.000000
vn 0.000000 1.000000 0.000000
vn 0.000000 1.000000 0.000000
vn 0.000000 1.000000 0.000000
vn 0.000000 1.000000 0.000000
vn 0.000000 1.000000 0.000000
vn 0.000000 1.000000 0.000000
vn 0.000000 1.000000 0.000000
vn 0.000000 1.000000 0.000000
vn 0.000000 1.000000 0.000000
vn 0.000000 1.000000 0.000000
vn 0.000000 1.000000 0.000000
vn 0.000000 1.000000 0.000000
vn 0.000000 1.000000 0.000000
vn 0.000000 1.000000 0.000000
vn 0.000000 1.000000 0.000000
vn 0.000000 1.000000 0.000000
vn 0.000000 1.000000 0.000000
vn 0.000000 1.000000 0.000000
vn 0.000000 1.000000 0.000000
vn 0.000000 1.000000 0.000000
vn 0.000000 1.000000 0.000000
vn 0.000000 1.000000 0.000000
vn 0.000000 1.000000 0.000000
vn 0.000000 1.000000 0.000000
vn 0.000000 1.000000 0.000000
vn 0.000000 1.000000 0.000000
vn 0.000000 1.000000 0.000000
vn 0.000000 1.000000 0.000000
vn 0.000000 1.000000 0.000000
vn 0.000000 1.000000 0.000000
vn 0.000000 1.000000 0.000000
vn 0.000000 1.000000 0.000000
vn 0.000000 1.000000 0.000000
vn 0.000000 1.000000 0.000000
vn 0.000000 1.000000 0.000000
vn 0.000000 1.000000 0.000000
vn 0.000000 1.000000 0.000000
vn 0.000000 1.000000 0.000000
vn 0.000000 1.000000 0.000000
vn 0.000000 1.000000 0.000000
vn 0.000000 1.000000 0.000000
vn 0.000000 1.000000 0.000000
vn 0.000000 1.000000 0.000000
vn 0.000000 1.000000 0.000000
vn 0.000000 1.000000 0.000000
vn 0.000000 1.000000 0.000000
vn 0.000000 1.000000 0.000000
vn 0.000000 1.000000 0.000000
vn 0.000000 1.000000 0.000000
vn 0.000000 1.000000 0.000000
vn 0.000000 1.000000 0.000000
vn 0.000000 1.000000 0.000000
vn 0.000000 1.000000 0.000000
vn 0.000000 1.000000 0.000000
vn 0.000000 1.000000 0.000000
vn 0.000000 1.000000 0.000000
vn 0.000000 1.000000 0.000000
vn 0.000000 1.000000 0.000000
vn 0.000000 1.000000 0.000000
vn 0.000000 1.000000 0.000000
vn 0.000000 1.000000 0.000000
vn 0.000000 1.000000 0.000000
vn 0.000000 1.000000 0.000000
vn 0.000000 1.000000 0.000000
vn 0.000000 1.000000 0.000000
vn 0.000000 1.000000 0.000000
vn 0.000000 1.000000 0.000000
vn 0.000000 1.000000 0.000000
vn 0.000000 1.000000 0.000000
vn 0.000000 1.000000 0.000000
vn 0.000000 1.000000 0.000000
vn 0.000000 1.000000 0.000000
vn 0.000000 1.000000 0.000000
vn 0.000000 1.000000 0.000000
vn 0.000000 1.000000 0.000000
vn 0.000000 1.000000 0.000000
vn 0.000000 1.000000 0.000000
vn 0.000000 1.000000 0.000000
vn 0.000000 1.000000 0.000000
vn 0.000000 1.000000 0.000000
vn 0.000000 1.000000 0.000000
vn 0.000000 1.000000 0.000000
vn 0.000000 1.000000 0.000000
vn 0.000000 1.000000 0.000000
vn 0.000000 1.000000 0.000000
vn 0.000000 1.000000 0.000000
vn 0.000000 1.000000 0.000000
vn 0.000000 1.000000 0.000000
vn 0.000000 1.000000 0.000000
vn 0.000000 1.000000 0.000000
vn 0.000000 1.000000 0.000000
vn 0.000000 1.000000 0.000000
vn 0.000000 1.000000 0.000000
vn 0.000000 1.000000 0.000000
vn 0.000000 1.000000 0.000000
vn 0.000000 1.000000 0.000000
vn 0.000000 1.000000 0.000000
vn 0.000000 1.000000 0.000000
vn 0.000000 1.000000 0.000000
vn 0.000000 1.000000 0.000000
vn 0.000000 1.000000 0.000000
vn 0.000000 1.000000 0.000000
vn 0.000000 1.000000 0.000000
vn 0.000000 1.000000 0.000000
vn 0.000000 1.000000 0.000000
vn 0.000000 1.000000 0.000000
vn 0.000000 1.000000 0.000000
vn 0.000000 1.000000 0.000000
vn 0.000000 1.000000 0.000000
vn 0.000000 1.000000 0.000000
vn 0.000000 1.000000 0.000000
vn 0.000000 1.000000 0.000000
vn 0.000000 1.000000 0.000000
vn 0.000000 1.000000 0.000000
vn 0.000000 1.000000 0.000000
vn 0.000000 1.000000 0.000000
vn 0.000000 1.000000 0.000000
vn 0.000000 1.000000 0.000000
vn 0.000000 1.000000 0.000000
vn 0.000000 1.000000 0.000000
vn 0.000000 1.000000 0.000000
vn 0.000000 1.000000 0.000000
vn 0.000000 1.000000 0.000000
vn 0.000000 1.000000 0.000000
vn 0.000000 1.000000 0.000000
vn 0.000000 1.000000 0.000000
vn 0.000000 1.000000 0.000000
vn 0.000000 1.000000 0.000000
vn 0.000000 1.000000 0.000000
vn 0.000000 1.000000 0.000000
vn 0.000000 1.000000 0.000000
vn 0.000000 1.000000 0.000000
vn 0.000000 1.000000 0.000000
vn 0.000000 1.000000 0.000000
vn 0.000000 1.000000 0.000000
vn 0.000000 1.000000 0.000000
vn 0.000000 1.000000 0.000000
vn 0.000000 1.000000 0.000000
vn 0.000000 1.000000 0.000000
vn 0.000000 1.000000 0.000000
vn 0.000000 1.000000 0.000000
vn 0.000000 1.000000 0.000000
vn 0.000000 1.000000 0.000000
vn 0.000000 1.000000 0.000000
vn 0.000000 1.000000 0.000000
vn 0.000000 1.000000 0.000000
vn 0.000000 1.000000 0.000000
vn 0.000000 1.000000 0.000000
vn 0.000000 1.000000 0.000000
vn 0.000000 1.000000 0.000000
vn 0.000000 1.000000 0.000000
vn 0.000000 1.000000 0.000000
vn 0.000000 1.000000 0.000000
vn 0.000000 1.000000 0.000000
vn 0.000000 1.000000 0.000000
vn 0.000000 1.000000 0.000000
vn 0.000000 1.000000 0.000000
vn 0.000000 1.000000 0.000000
vn 0.000000 1.000000 0.000000
vn 0.000000 1.000000 0.000000
vn 0.000000 1.000000 0.000000
vn 0.000000 1.000000 0.000000
vn 0.000000 1.000000 0.000000
vn 0.000000 1.000000 0.000000
vn 0.000000 1.000000 0.000000
vn 0.000000 1.000000 0.000000
vn 0.000000 1.000000 0.000000
vn 0.000000 1.000000 0.000000
vn 0.000000 1.000000 0.000000
vn 0.000000 1.000000 0.000000
vn 0.000000 1.000000 0.000000
vn 0.736343 0.000000 -0.676608
vn 0.736343 0.000000 -0.676608
vn 0.769157 0.000000 -0.639060
vn 0.769157 0.000000 -0.639060
vn 0.800046 0.000000 -0.599938
vn 0.828974 0.000000 -0.559288
vn 0.800046 0.000000 -0.599938
vn 0.828974 0.000000 -0.559288
vn 0.855810 0.000000 -0.517291
vn 0.855810 0.000000 -0.517291
vn 0.880526 0.000000 -0.473998
vn 0.880526 0.000000 -0.473998
vn 0.903063 0.000000 -0.429507
vn 0.903063 0.000000 -0.429507
vn 0.923353 0.000000 -0.383953
vn 0.923353 0.000000 -0.383953
vn 0.941340 0.000000 -0.337459
vn 0.941340 0.000000 -0.337459
vn 0.956991 0.000000 -0.290118
vn 0.956991 0.000000 -0.290118
vn 0.970264 0.000000 -0.242048
vn 0.981123 0.000000 -0.193386
vn 0.970264 0.000000 -0.242048
vn 0.981123 0.000000 -0.193386
vn 0.989541 0.000000 -0.144253
vn 0.989541 0.000000 -0.144253
vn 0.995502 0.000000 -0.094736
vn 0.995502 0.000000 -0.094736
vn 0.998987 0.000000 -0.044988
vn 0.998987 0.000000 -0.044988
vn 0.999988 -0.000000 0.004843
vn 0.999988 0.000000 0.004843
vn 0.998503 -0.000000 0.054699
vn 0.998503 0.000000 0.054699
vn 0.994536 -0.000000 0.104397
vn 0.994536 0.000000 0.104397
vn 0.988097 0.000000 0.153832
vn 0.988097 -0.000000 0.153832
vn 0.979199 0.000000 0.202904
vn 0.979199 -0.000000 0.202904
vn 0.967872 0.000000 0.251445
vn 0.967872 -0.000000 0.251445
vn 0.954129 0.000000 0.299396
vn 0.954129 -0.000000 0.299396
vn 0.938021 -0.000000 0.346577
vn 0.938021 -0.000000 0.346577
vn 0.919578 -0.000000 0.392906
vn 0.919578 0.000000 0.392906
vn 0.898858 -0.000000 0.438239
vn 0.875891 -0.000000 0.482509
vn 0.898858 0.000000 0.438239
vn 0.875891 -0.000000 0.482509
vn 0.850746 -0.000000 0.525577
vn 0.850746 0.000000 0.525577
vn 0.823496 -0.000000 0.567322
vn 0.823496 0.000000 0.567322
vn 0.794194 -0.000000 0.607664
vn 0.794194 0.000000 0.607664
vn 0.762915 -0.000000 0.646499
vn 0.729744 -0.000000 0.683720
vn 0.762915 0.000000 0.646499
vn 0.694760 -0.000000 0.719242
vn 0.729744 -0.000000 0.683720
vn 0.694760 -0.000000 0.719242
vn 0.658035 -0.000000 0.752987
vn 0.619690 -0.000000 0.784847
vn 0.658035 0.000000 0.752987
vn 0.619690 -0.000000 0.784847
vn 0.579791 -0.000000 0.814765
vn 0.579791 0.000000 0.814765
vn 0.538468 -0.000000 0.842646
vn 0.538468 0.000000 0.842646
vn 0.495792 -0.000000 0.868441
vn 0.495792 0.000000 0.868441
vn 0.451887 -0.000000 0.892075
vn 0.406860 -0.000000 0.913491
vn 0.451887 0.000000 0.892075
vn 0.406860 -0.000000 0.913491
vn 0.360818 -0.000000 0.932636
vn 0.360818 0.000000 0.932636
vn 0.313881 -0.000000 0.949462
vn 0.266168 -0.000000 0.963927
vn 0.313881 0.000000 0.949462
vn 0.217788 -0.000000 0.975996
vn 0.266168 -0.000000 0.963927
vn 0.217788 -0.000000 0.975996
vn 0.168867 0.000000 0.985639
vn 0.168867 -0.000000 0.985639
vn 0.119530 0.000000 0.992831
vn 0.119530 -0.000000 0.992831
vn 0.069892 -0.000000 0.997555
vn 0.069892 -0.000000 0.997555
vn 0.020078 0.000000 0.999798
vn 0.020078 -0.000000 0.999798
vn -0.029783 0.000000 0.999556
vn -0.029783 0.000000 0.999556
vn -0.079572 0.000000 0.996829
vn -0.079572 0.000000 0.996829
vn -0.129158 0.000000 0.991624
vn -0.129158 0.000000 0.991624
vn -0.178420 0.000000 0.983954
vn -0.178420 0.000000 0.983954
vn -0.227246 0.000000 0.973837
vn -0.227246 0.000000 0.973837
vn -0.275518 0.000000 0.961296
vn -0.275518 0.000000 0.961296
vn -0.323074 0.000000 0.946374
vn -0.323074 0.000000 0.946374
vn -0.369862 0.000000 0.929087
vn -0.369862 0.000000 0.929087
vn -0.415702 0.000000 0.909501
vn -0.415702 0.000000 0.909501
vn -0.460518 0.000000 0.887650
vn -0.504203 0.000000 0.863585
vn -0.460518 0.000000 0.887650
vn -0.504203 0.000000 0.863585
vn -0.546619 0.000000 0.837381
vn -0.587669 0.000000 0.809101
vn -0.546619 0.000000 0.837381
vn -0.627278 0.000000 0.778796
vn -0.587669 0.000000 0.809101
vn -0.627278 0.000000 0.778796
vn -0.665312 0.000000 0.746565
vn -0.665312 0.000000 0.746565
vn -0.701704 0.000000 0.712469
vn -0.701704 0.000000 0.712469
vn 0.000000 1.000000 0.000000
vn 0.000000 1.000000 0.000000
vn 0.000000 1.000000 0.000000
vn -0.000000 1.000000 0.000000
vn 0.000000 1.000000 0.000000
vn -0.000000 1.000000 0.000000
vn 0.000000 1.000000 0.000000
vn -0.000000 1.000000 0.000000
vn 0.000000 1.000000 0.000000
vn -0.000000 1.000000 0.000000
vn 0.000000 1.000000 0.000000
vn -0.000000 1.000000 0.000000
vn 0.000000 1.000000 0.000000
vn -0.000000 1.000000 0.000000
vn 0.000000 1.000000 0.000000
vn -0.000000 1.000000 0.000000
vn 0.000000 1.000000 0.000000
vn -0.000000 1.000000 0.000000
vn -0.000000 1.000000 0.000000
vn 0.000000 1.000000 0.000000
vn -0.000000 1.000000 0.000000
vn 0.000000 1.000000 0.000000
vn 0.000000 1.000000 0.000000
vn -0.000000 1.000000 0.000000
vn -0.000000 1.000000 0.000000
vn 0.000000 1.000000 0.000000
vn -0.000000 1.000000 0.000000
vn 0.000000 1.000000 0.000000
vn 0.000000 1.000000 0.000000
vn -0.000000 1.000000 0.000000
vn -0.000000 1.000000 0.000000
vn 0.000000 1.000000 0.000000
vn -0.000000 1.000000 0.000000
vn 0.000000 1.000000 0.000000
vn -0.000000 1.000000 0.000000
vn 0.000000 1.000000 0.000000
vn -0.000000 1.000000 0.000000
vn 0.000000 1.000000 0.000000
vn -0.000000 1.000000 0.000000
vn 0.000000 1.000000 0.000000
vn -0.000000 1.000000 0.000000
vn 0.000000 1.000000 0.000000
vn -0.000000 1.000000 0.000000
vn 0.000000 1.000000 0.000000
vn -0.000000 1.000000 0.000000
vn 0.000000 1.000000 0.000000
vn -0.000000 1.000000 0.000000
vn -0.000000 1.000000 0.000000
vn 0.000000 1.000000 0.000000
vn -0.000000 1.000000 0.000000
vn 0.000000 1.000000 0.000000
vn -0.000000 1.000000 0.000000
vn 0.000000 1.000000 0.000000
vn -0.000000 1.000000 0.000000
vn 0.000000 1.000000 0.000000
vn -0.000000 1.000000 0.000000
vn 0.000000 1.000000 0.000000
vn 0.000000 1.000000 0.000000
vn 0.000000 1.000000 0.000000
vn -0.000000 1.000000 0.000000
vn 0.000000 1.000000 0.000000
vn 0.000000 1.000000 0.000000
vn 0.000000 1.000000 0.000000
vn -0.000000 1.000000 0.000000
vn 0.000000 1.000000 0.000000
vn 0.000000 1.000000 0.000000
vn -0.000000 1.000000 0.000000
vn 0.000000 1.000000 0.000000
vn 0.000000 1.000000 0.000000
vn 0.000000 1.000000 0.000000
vn -0.000000 1.000000 0.000000
vn 0.000000 1.000000 0.000000
vn 0.000000 1.000000 0.000000
vn 0.000000 1.000000 0.000000
vn -0.000000 1.000000 0.000000
vn 0.000000 1.000000 0.000000
vn 0.000000 1.000000 0.000000
vn -0.000000 1.000000 0.000000
vn 0.000000 1.000000 0.000000
vn 0.000000 1.000000 0.000000
vn 0.000000 1.000000 0.000000
vn -0.000000 1.000000 0.000000
vn 0.000000 1.000000 0.000000
vn 0.000000 1.000000 0.000000
vn 0.000000 1.000000 0.000000
vn -0.000000 1.000000 0.000000
vn 0.000000 1.000000 0.000000
vn 0.000000 1.000000 0.000000
vn 0.000000 1.000000 0.000000
vn -0.000000 1.000000 0.000000
vn 0.000000 1.000000 0.000000
vn -0.000000 1.000000 0.000000
vn 0.000000 1.000000 0.000000
vn 0.000000 1.000000 0.000000
vn 0.000000 1.000000 0.000000
vn -0.000000 1.000000 0.000000
vn 0.000000 1.000000 0.000000
vn 0.000000 1.000000 0.000000
vn 0.000000 1.000000 0.000000
vn -0.000000 1.000000 0.000000
vn 0.000000 1.000000 0.000000
vn 0.000000 1.000000 0.000000
vn 0.000000 1.000000 0.000000
vn -0.000000 1.000000 0.000000
vn 0.000000 1.000000 0.000000
vn -0.000000 1.000000 0.000000
vn -0.000000 1.000000 0.000000
vn 0.000000 1.000000 0.000000
vn 0.000000 1.000000 0.000000
vn -0.000000 1.000000 0.000000
vn 0.000000 1.000000 0.000000
vn -0.000000 1.000000 0.000000
vn 0.000000 1.000000 0.000000
vn -0.000000 1.000000 0.000000
vn -0.000000 1.000000 0.000000
vn 0.000000 1.000000 0.000000
vn 0.000000 1.000000 0.000000
vn 0.000000 1.000000 0.000000
vn 0.000000 1.000000 0.000000
vn -0.000000 1.000000 0.000000
vn 0.000000 1.000000 0.000000
vn 0.000000 1.000000 0.000000
vn 0.000000 1.000000 0.000000
vn -0.000000 1.000000 0.000000
vn 0.000000 1.000000 0.000000
vn 0.000000 1.000000 0.000000
vn 0.000000 1.000000 0.000000
vn -0.000000 1.000000 0.000000
vn 0.000000 1.000000 0.000000
vn 0.000000 1.000000 0.000000
vn 0.000000 1.000000 0.000000
vn 0.000000 1.000000 0.000000
vn 0.000000 1.000000 0.000000
vn -0.000000 1.000000 0.000000
vn 0.000000 1.000000 0.000000
vn 0.000000 1.000000 0.000000
vn 0.000000 1.000000 0.000000
vn -0.000000 1.000000 0.000000
vn 0.000000 1.000000 0.000000
vn 0.000000 1.000000 0.000000
vn 0.000000 1.000000 0.000000
vn 0.000000 1.000000 0.000000
vn -0.000000 1.000000 0.000000
vn 0.000000 1.000000 0.000000
vn 0.000000 1.000000 0.000000
vn -0.000000 1.000000 0.000000
vn 0.000000 1.000000 0.000000
vn 0.000000 1.000000 0.000000
vn 0.000000 1.000000 0.000000
vn 0.000000 1.000000 0.000000
vn -0.000000 1.000000 0.000000
vn 0.000000 1.000000 0.000000
vn 0.000000 1.000000 0.000000
vn 0.000000 1.000000 0.000000
vn -0.000000 1.000000 0.000000
vn 0.000000 1.000000 0.000000
vn 0.000000 1.000000 0.000000
vn 0.000000 1.000000 0.000000
vn 0.000000 1.000000 0.000000
vn -0.000000 1.000000 0.000000
vn 0.000000 1.000000 0.000000
vn 0.000000 1.000000 0.000000
vn 0.000000 1.000000 0.000000
vn -0.000000 1.000000 0.000000
vn 0.000000 1.000000 0.000000
vn 0.000000 1.000000 0.000000
vn -0.000000 1.000000 0.000000
vn 0.000000 1.000000 0.000000
vn 0.000000 1.000000 0.000000
vn 0.000000 1.000000 0.000000
vn -0.000000 1.000000 0.000000
vn 0.000000 1.000000 0.000000
vn 0.000000 1.000000 0.000000
vn 0.000000 1.000000 0.000000
vn 0.000000 1.000000 0.000000
vn 0.000000 1.000000 0.000000
vn -0.000000 1.000000 0.000000
vn 0.000000 1.000000 0.000000
vn 0.000000 1.000000 0.000000
vn 0.000000 1.000000 0.000000
vn 0.000000 1.000000 0.000000
vn 0.000000 1.000000 0.000000
vn 0.000000 1.000000 0.000000
vn 0.000000 1.000000 0.000000
vn 0.000000 1.000000 0.000000
vn 0.000000 1.000000 0.000000
vn 0.000000 1.000000 0.000000
vn 0.000000 1.000000 0.000000
vn 0.000000 1.000000 0.000000
vn 0.000000 1.000000 0.000000
vn 0.000000 1.000000 0.000000
vn 0.000000 1.000000 0.000000
vn 0.000000 1.000000 0.000000
vn 0.000000 1.000000 0.000000
vn 0.000000 1.000000 0.000000
vn 0.000000 1.000000 0.000000
vn 0.000000 1.000000 0.000000
vn 0.000000 1.000000 0.000000
vn 0.000000 1.000000 0.000000
vn 0.000000 1.000000 0.000000
vn 0.000000 1.000000 0.000000
vn 0.000000 1.000000 0.000000
vn 0.000000 1.000000 0.000000
vn 0.000000 1.000000 0.000000
vn 0.000000 1.000000 0.000000
vn 0.000000 1.000000 0.000000
vn 0.000000 1.000000 0.000000
vn 0.000000 1.000000 0.000000
vn 0.000000 1.000000 0.000000
vn 0.000000 1.000000 0.000000
vn 0.000000 1.000000 0.000000
vn 0.000000 1.000000 0.000000
vn 0.000000 1.000000 0.000000
vn 0.000000 1.000000 0.000000
vn 0.000000 1.000000 0.000000
vn 0.000000 1.000000 0.000000
vn 0.000000 1.000000 0.000000
vn 0.000000 1.000000 0.000000
vn 0.000000 1.000000 0.000000
vn 0.000000 1.000000 0.000000
vn 0.000000 1.000000 0.000000
vn 0.000000 1.000000 0.000000
vn 0.000000 1.000000 0.000000
vn 0.000000 1.000000 0.000000
vn 0.000000 1.000000 0.000000
vn 0.000000 1.000000 0.000000
vn 0.000000 1.000000 0.000000
vn 0.000000 1.000000 0.000000
vn 0.000000 1.000000 0.000000
vn 0.000000 1.000000 0.000000
vn 0.000000 1.000000 0.000000
vn 0.000000 1.000000 0.000000
vn 0.000000 1.000000 0.000000
vn 0.000000 1.000000 0.000000
vn 0.000000 1.000000 0.000000
vn 0.000000 1.000000 0.000000
vn 0.000000 1.000000 0.000000
vn 0.000000 1.000000 0.000000
vn 0.000000 1.000000 0.000000
vn 0.000000 1.000000 0.000000
vn 0.000000 1.000000 0.000000
vn 0.000000 1.000000 0.000000
vn 0.000000 1.000000 0.000000
vn 0.000000 1.000000 0.000000
vn 0.000000 1.000000 0.000000
vn 0.000000 1.000000 0.000000
vn 0.000000 1.000000 0.000000
vn 0.000000 1.000000 0.000000
vn 0.000000 1.000000 0.000000
vn 0.000000 1.000000 0.000000
vn 0.000000 1.000000 0.000000
vn 0.000000 1.000000 0.000000
vn 0.000000 1.000000 0.000000
vn 0.000000 1.000000 0.000000
vn -0.736343 0.000000 0.676608
vn -0.736343 0.000000 0.676608
vn -0.769145 0.000000 0.639075
vn -0.769145 0.000000 0.639075
vn -0.800054 0.000000 0.599928
vn -0.828964 0.000000 0.559302
vn -0.800054 0.000000 0.599928
vn -0.828964 0.000000 0.559302
vn -0.855815 0.000000 0.517282
vn -0.855815 0.000000 0.517282
vn -0.880527 0.000000 0.473995
vn -0.880527 0.000000 0.473995
vn -0.903059 0.000000 0.429517
vn -0.923353 0.000000 0.383953
vn -0.903059 0.000000 0.429517
vn -0.923353 0.000000 0.383953
vn -0.941344 0.000000 0.337447
vn -0.941344 0.000000 0.337447
vn -0.956990 0.000000 0.290120
vn -0.956990 0.000000 0.290120
vn -0.970259 0.000000 0.242071
vn -0.970259 0.000000 0.242071
vn -0.981125 0.000000 0.193374
vn -0.989543 0.000000 0.144241
vn -0.981125 0.000000 0.193374
vn -0.989543 0.000000 0.144241
vn -0.995504 0.000000 0.094723
vn -0.995504 0.000000 0.094723
vn -0.998986 0.000000 0.045012
vn -0.998986 0.000000 0.045012
vn -0.999988 0.000000 -0.004843
vn -0.999988 0.000000 -0.004843
vn -0.998503 0.000000 -0.054699
vn -0.994537 0.000000 -0.104385
vn -0.998503 0.000000 -0.054699
vn -0.994537 0.000000 -0.104385
vn -0.988093 0.000000 -0.153855
vn -0.988093 0.000000 -0.153855
vn -0.979196 0.000000 -0.202915
vn -0.979196 0.000000 -0.202915
vn -0.967871 0.000000 -0.251446
vn -0.967871 0.000000 -0.251446
vn -0.954135 0.000000 -0.299375
vn -0.954135 0.000000 -0.299375
vn -0.938021 0.000000 -0.346578
vn -0.938021 0.000000 -0.346578
vn -0.919576 0.000000 -0.392913
vn -0.919576 0.000000 -0.392913
vn -0.898857 0.000000 -0.438243
vn -0.898857 0.000000 -0.438243
vn -0.875892 0.000000 -0.482508
vn -0.875892 0.000000 -0.482508
vn -0.850753 0.000000 -0.525566
vn -0.823494 0.000000 -0.567325
vn -0.850753 0.000000 -0.525566
vn -0.823494 0.000000 -0.567325
vn -0.794194 0.000000 -0.607664
vn -0.762912 0.000000 -0.646503
vn -0.794194 0.000000 -0.607664
vn -0.729749 0.000000 -0.683715
vn -0.762912 0.000000 -0.646503
vn -0.729749 0.000000 -0.683715
vn -0.694752 0.000000 -0.719249
vn -0.658049 0.000000 -0.752975
vn -0.694752 0.000000 -0.719249
vn -0.658049 0.000000 -0.752975
vn -0.619678 0.000000 -0.784856
vn -0.579804 0.000000 -0.814756
vn -0.619678 0.000000 -0.784856
vn -0.579804 0.000000 -0.814756
vn -0.538452 0.000000 -0.842656
vn -0.495805 0.000000 -0.868434
vn -0.538452 0.000000 -0.842656
vn -0.451878 0.000000 -0.892079
vn -0.495805 0.000000 -0.868434
vn -0.451878 0.000000 -0.892079
vn -0.406859 0.000000 -0.913491
vn -0.406859 0.000000 -0.913491
vn -0.360822 0.000000 -0.932635
vn -0.313889 0.000000 -0.949460
vn -0.360822 0.000000 -0.932635
vn -0.266159 0.000000 -0.963929
vn -0.313889 0.000000 -0.949460
vn -0.217792 0.000000 -0.975995
vn -0.266159 0.000000 -0.963929
vn -0.217792 0.000000 -0.975995
vn -0.168863 0.000000 -0.985639
vn -0.168863 0.000000 -0.985639
vn -0.119528 0.000000 -0.992831
vn -0.119528 0.000000 -0.992831
vn -0.069892 0.000000 -0.997555
vn -0.069892 0.000000 -0.997555
vn -0.020078 0.000000 -0.999798
vn -0.020078 0.000000 -0.999798
vn 0.029780 0.000000 -0.999556
vn 0.029780 0.000000 -0.999556
vn 0.079570 0.000000 -0.996829
vn 0.079570 0.000000 -0.996829
vn 0.129156 0.000000 -0.991624
vn 0.129156 0.000000 -0.991624
vn 0.178426 0.000000 -0.983953
vn 0.178426 0.000000 -0.983953
vn 0.227244 0.000000 -0.973838
vn 0.227244 0.000000 -0.973838
vn 0.275508 0.000000 -0.961299
vn 0.275508 0.000000 -0.961299
vn 0.323086 0.000000 -0.946370
vn 0.323086 0.000000 -0.946370
vn 0.369855 0.000000 -0.929090
vn 0.369855 0.000000 -0.929090
vn 0.415707 0.000000 -0.909499
vn 0.415707 0.000000 -0.909499
vn 0.460517 0.000000 -0.887651
vn 0.504195 0.000000 -0.863590
vn 0.460517 0.000000 -0.887651
vn 0.504195 0.000000 -0.863590
vn 0.546622 0.000000 -0.837380
vn 0.546622 0.000000 -0.837380
vn 0.587671 0.000000 -0.809100
vn 0.587671 0.000000 -0.809100
vn 0.627276 0.000000 -0.778797
vn 0.627276 0.000000 -0.778797
vn 0.665320 0.000000 -0.746558
vn 0.665320 0.000000 -0.746558
vn 0.701710 0.000000 -0.712463
vn 0.701710 0.000000 -0.712463
vn 0.017024 0.000267 -0.999855
vn 0.017281 0.000025 -0.999851
vn 0.017660 -0.000234 -0.999844
vn 0.017297 0.000021 -0.999850
vn 0.017219 0.000141 -0.999852
vn 0.017337 -0.000032 -0.999850
vn 0.017227 0.000121 -0.999852
vn 0.017081 0.000458 -0.999854
vn 0.017289 0.000011 -0.999851
vn 0.017301 0.000011 -0.999850
vn 0.017402 -0.000035 -0.999849
vn 0.017223 0.000040 -0.999852
vn 0.017149 0.000069 -0.999853
vn 0.017162 0.000564 -0.999853
vn 0.017378 -0.000203 -0.999849
vn 0.017263 0.000168 -0.999851
vn 0.017325 -0.000013 -0.999850
vn 0.017317 0.000002 -0.999850
vn 0.017324 -0.000018 -0.999850
vn 0.017311 0.000026 -0.999850
vn 0.016689 0.000124 -0.999861
vn 0.017341 -0.000360 -0.999850
vn 0.017298 0.000224 -0.999850
vn 0.017347 -0.000006 -0.999849
vn 0.017131 0.000013 -0.999853
vn 0.017620 -0.000012 -0.999845
vn 0.017303 -0.000000 -0.999850
vn 0.017321 0.000012 -0.999850
vn 0.017404 0.000006 -0.999849
vn 0.017189 -0.000021 -0.999852
vn 0.017785 0.000069 -0.999842
vn 0.017371 0.000263 -0.999849
vn 0.017280 -0.000253 -0.999851
vn 0.017735 0.000115 -0.999843
vn 0.017316 -0.000014 -0.999850
vn 0.017169 -0.000537 -0.999852
vn 0.017321 0.000011 -0.999850
vn 0.017451 0.000042 -0.999848
vn 0.017077 -0.000094 -0.999854
vn 0.017233 -0.000195 -0.999851
vn 0.017310 -0.000001 -0.999850
vn 0.017321 -0.000000 -0.999850
vn 0.017315 -0.000001 -0.999850
vn 0.017301 -0.000004 -0.999850
vn 0.017323 0.000021 -0.999850
vn 0.017253 -0.000144 -0.999851
vn 0.017319 0.000007 -0.999850
vn 0.017655 0.000181 -0.999844
vn 0.017497 0.000307 -0.999847
vn 0.017379 0.000101 -0.999849
vn 0.017320 -0.000000 -0.999850
vn 0.017297 -0.000014 -0.999850
vn 0.017660 0.000234 -0.999844
vn 0.017318 -0.000000 -0.999850
vn 0.017319 -0.000000 -0.999850
vn 0.017318 -0.000000 -0.999850
vn 0.017455 0.000114 -0.999848
vn 0.017316 0.000007 -0.999850
vn 0.017306 0.000009 -0.999850
vn 0.017381 0.000070 -0.999849
vn 0.017197 -0.000128 -0.999852
vn 0.017309 -0.000013 -0.999850
vn 0.017288 -0.000036 -0.999851
vn 0.017035 -0.000328 -0.999855
vn 0.017055 -0.000201 -0.999855
vn 0.017316 -0.000004 -0.999850
vn 0.017346 0.000059 -0.999849
vn 0.017081 -0.000458 -0.999854
vn 0.017308 -0.000019 -0.999850
vn 0.017295 -0.000041 -0.999850
vn 0.017343 0.000046 -0.999850
vn 0.017405 0.000167 -0.999848
vn 0.017367 0.000023 -0.999849
vn 0.017272 -0.000017 -0.999851
vn 0.017456 0.000066 -0.999848
vn 0.017320 -0.000000 -0.999850
vn 0.017514 0.000577 -0.999846
vn 0.017164 -0.000044 -0.999853
vn 0.017309 0.000007 -0.999850
vn 0.017319 -0.000000 -0.999850
vn 0.017319 -0.000000 -0.999850
vn 0.017294 -0.000045 -0.999850
vn 0.017119 -0.000048 -0.999853
vn 0.017213 -0.000029 -0.999852
vn 0.017375 0.000291 -0.999849
vn 0.016833 -0.000049 -0.999858
vn 0.017307 -0.000094 -0.999850
vn 0.017341 0.000360 -0.999850
vn 0.017211 0.000000 -0.999852
vn 0.017320 0.000000 -0.999850
vn 0.017330 0.000000 -0.999850
vn 0.017321 -0.000021 -0.999850
vn 0.017322 -0.000030 -0.999850
vn 0.017254 0.000514 -0.999851
vn 0.017339 0.000002 -0.999850
vn 0.017814 -0.000074 -0.999841
vn 0.017161 0.000024 -0.999853
vn 0.017320 0.000000 -0.999850
vn 0.017321 -0.000014 -0.999850
vn 0.017325 0.000001 -0.999850
vn 0.017328 -0.000088 -0.999850
vn 0.017305 0.000096 -0.999850
vn 0.017164 0.000044 -0.999853
vn 0.017311 -0.000001 -0.999850
vn 0.017227 0.000040 -0.999852
vn 0.017247 0.000157 -0.999851
vn 0.017264 0.000121 -0.999851
vn 0.017263 0.000123 -0.999851
vn 0.017499 -0.000091 -0.999847
vn 0.017340 -0.000050 -0.999850
vn 0.017660 -0.000234 -0.999844
vn 0.017143 0.000244 -0.999853
vn 0.017311 0.000010 -0.999850
vn 0.017319 -0.000001 -0.999850
vn 0.017334 -0.000010 -0.999850
vn 0.017317 -0.000000 -0.999850
vn 0.017295 0.000014 -0.999850
vn 0.017249 0.000046 -0.999851
vn 0.017319 -0.000000 -0.999850
vn 0.017316 -0.000007 -0.999850
vn 0.017332 -0.000003 -0.999850
vn 0.017321 -0.000009 -0.999850
vn 0.017327 -0.000020 -0.999850
vn 0.017311 0.000016 -0.999850
vn 0.999107 0.000000 0.042242
vn 0.999107 -0.000000 0.042242
vn 0.995761 -0.000000 0.091979
vn 0.989936 -0.000000 0.141514
vn 0.995761 -0.000000 0.091979
vn 0.989936 -0.000000 0.141514
vn 0.981651 -0.000000 0.190685
vn 0.970929 -0.000000 0.239366
vn 0.981651 0.000000 0.190685
vn 0.970929 -0.000000 0.239366
vn 0.957788 -0.000000 0.287477
vn 0.957788 0.000000 0.287477
vn 0.942274 -0.000000 0.334843
vn 0.924408 -0.000000 0.381404
vn 0.942274 0.000000 0.334843
vn 0.924408 -0.000000 0.381404
vn 0.904243 -0.000000 0.427017
vn 0.904243 0.000000 0.427017
vn 0.881838 -0.000000 0.471552
vn 0.881838 0.000000 0.471552
vn 0.857234 0.000000 0.514926
vn 0.857234 -0.000000 0.514926
vn 0.830504 -0.000000 0.557012
vn 0.830504 -0.000000 0.557012
vn 0.801706 0.000000 0.597719
vn 0.801706 -0.000000 0.597719
vn 0.770915 0.000000 0.636938
vn 0.770915 -0.000000 0.636938
vn 0.738212 -0.000000 0.674569
vn 0.703671 -0.000000 0.710526
vn 0.738212 0.000000 0.674569
vn 0.703671 -0.000000 0.710526
vn 0.667377 -0.000000 0.744720
vn 0.667377 0.000000 0.744720
vn 0.629426 -0.000000 0.777061
vn 0.589909 -0.000000 0.807470
vn 0.629426 0.000000 0.777061
vn 0.589909 -0.000000 0.807470
vn 0.548915 -0.000000 0.835878
vn 0.548915 0.000000 0.835878
vn 0.506594 -0.000000 0.862185
vn 0.506594 0.000000 0.862185
vn 0.462971 -0.000000 0.886373
vn 0.462971 0.000000 0.886373
vn 0.418212 -0.000000 0.908350
vn 0.418212 0.000000 0.908350
vn 0.372411 -0.000000 0.928068
vn 0.372411 0.000000 0.928068
vn 0.325693 -0.000000 0.945476
vn 0.325693 0.000000 0.945476
vn 0.278176 -0.000000 0.960530
vn 0.278176 0.000000 0.960530
vn 0.229926 -0.000000 0.973208
vn 0.229926 0.000000 0.973208
vn 0.181145 -0.000000 0.983456
vn 0.131896 -0.000000 0.991264
vn 0.181145 0.000000 0.983456
vn 0.131896 -0.000000 0.991264
vn 0.082321 -0.000000 0.996606
vn 0.082321 0.000000 0.996606
vn 0.032540 -0.000000 0.999470
vn 0.032540 0.000000 0.999470
vn -0.017321 0.000000 0.999850
vn -0.017321 0.000000 0.999850
vn -0.067142 0.000000 0.997743
vn -0.067142 0.000000 0.997743
vn -0.116779 0.000000 0.993158
vn -0.116779 0.000000 0.993158
vn -0.166151 0.000000 0.986100
vn -0.166151 0.000000 0.986100
vn -0.215077 0.000000 0.976597
vn -0.215077 0.000000 0.976597
vn -0.263507 0.000000 0.964658
vn -0.311263 0.000000 0.950324
vn -0.263507 0.000000 0.964658
vn -0.311263 0.000000 0.950324
vn -0.358237 0.000000 0.933631
vn -0.358237 0.000000 0.933631
vn -0.404338 0.000000 0.914610
vn -0.404338 0.000000 0.914610
vn -0.449412 0.000000 0.893325
vn -0.449412 0.000000 0.893325
vn -0.493390 0.000000 0.869808
vn -0.493390 0.000000 0.869808
vn -0.536147 0.000000 0.844125
vn -0.536147 0.000000 0.844125
vn -0.577538 0.000000 0.816364
vn -0.577538 0.000000 0.816364
vn -0.617518 0.000000 0.786556
vn -0.617518 0.000000 0.786556
vn -0.655961 0.000000 0.754795
vn -0.655961 0.000000 0.754795
vn -0.692765 0.000000 0.721164
vn -0.692765 0.000000 0.721164
vn -0.727848 0.000000 0.685739
vn -0.727848 0.000000 0.685739
vn -0.761136 0.000000 0.648592
vn -0.761136 0.000000 0.648592
vn -0.792503 0.000000 0.609868
vn -0.821931 0.000000 0.569587
vn -0.792503 0.000000 0.609868
vn -0.821931 0.000000 0.569587
vn -0.849293 0.000000 0.527921
vn -0.874555 0.000000 0.484926
vn -0.849293 0.000000 0.527921
vn -0.874555 0.000000 0.484926
vn -0.897644 0.000000 0.440722
vn -0.918488 0.000000 0.395448
vn -0.897644 0.000000 0.440722
vn -0.918488 0.000000 0.395448
vn -0.937065 0.000000 0.349155
vn -0.937065 0.000000 0.349155
vn -0.953299 0.000000 0.302030
vn -0.967170 0.000000 0.254130
vn -0.953299 0.000000 0.302030
vn -0.967170 0.000000 0.254130
vn -0.978634 0.000000 0.205609
vn -0.978634 0.000000 0.205609
vn -0.987668 0.000000 0.156563
vn -0.987668 0.000000 0.156563
vn -0.994244 0.000000 0.107138
vn -0.994244 0.000000 0.107138
vn -0.998348 0.000000 0.057451
vn -0.998348 0.000000 0.057451
vn -0.999971 0.000000 0.007610
vn -0.999971 0.000000 0.007610
vn -0.999107 0.000000 -0.042242
vn -0.999107 0.000000 -0.042242
vn -0.995760 0.000000 -0.091989
vn -0.995760 0.000000 -0.091989
vn -0.989939 0.000000 -0.141494
vn -0.989939 0.000000 -0.141494
vn -0.981651 0.000000 -0.190685
vn -0.981651 0.000000 -0.190685
vn -0.970927 0.000000 -0.239376
vn -0.970927 0.000000 -0.239376
vn -0.957790 0.000000 -0.287468
vn -0.957790 0.000000 -0.287468
vn -0.942267 0.000000 -0.334861
vn -0.942267 0.000000 -0.334861
vn -0.924408 0.000000 -0.381404
vn -0.924408 0.000000 -0.381404
vn -0.904247 0.000000 -0.427009
vn -0.904247 0.000000 -0.427009
vn -0.881838 0.000000 -0.471552
vn -0.881838 0.000000 -0.471552
vn -0.857234 0.000000 -0.514926
vn -0.857234 0.000000 -0.514926
vn -0.830509 0.000000 -0.557005
vn -0.830509 0.000000 -0.557005
vn -0.801706 0.000000 -0.597719
vn -0.801706 0.000000 -0.597719
vn -0.770915 0.000000 -0.636938
vn -0.770915 0.000000 -0.636938
vn -0.738212 0.000000 -0.674569
vn -0.738212 0.000000 -0.674569
vn -0.703671 0.000000 -0.710526
vn -0.703671 0.000000 -0.710526
vn -0.667377 0.000000 -0.744720
vn -0.667377 0.000000 -0.744720
vn -0.629426 0.000000 -0.777061
vn -0.629426 0.000000 -0.777061
vn -0.589909 0.000000 -0.807470
vn -0.589909 0.000000 -0.807470
vn -0.548915 0.000000 -0.835878
vn -0.548915 0.000000 -0.835878
vn -0.506585 0.000000 -0.862190
vn -0.506585 0.000000 -0.862190
vn -0.462975 0.000000 -0.886371
vn -0.462975 0.000000 -0.886371
vn -0.418216 0.000000 -0.908348
vn -0.418216 0.000000 -0.908348
vn -0.372411 0.000000 -0.928068
vn -0.372411 0.000000 -0.928068
vn -0.325693 0.000000 -0.945476
vn -0.325693 0.000000 -0.945476
vn -0.278155 0.000000 -0.960536
vn -0.278155 0.000000 -0.960536
vn -0.229946 0.000000 -0.973203
vn -0.229946 0.000000 -0.973203
vn -0.181147 0.000000 -0.983456
vn -0.181147 0.000000 -0.983456
vn -0.131896 0.000000 -0.991264
vn -0.131896 0.000000 -0.991264
vn -0.082320 0.000000 -0.996606
vn -0.082320 0.000000 -0.996606
vn -0.032520 0.000000 -0.999471
vn -0.032520 0.000000 -0.999471
vn 0.017301 0.000000 -0.999850
vn 0.017301 0.000000 -0.999850
vn 0.067141 0.000000 -0.997743
vn 0.067141 0.000000 -0.997743
vn 0.116780 0.000000 -0.993158
vn 0.116780 0.000000 -0.993158
vn 0.166151 0.000000 -0.986100
vn 0.166151 0.000000 -0.986100
vn 0.215092 0.000000 -0.976594
vn 0.215092 0.000000 -0.976594
vn 0.263490 0.000000 -0.964662
vn 0.263490 0.000000 -0.964662
vn 0.311266 0.000000 -0.950323
vn 0.311266 0.000000 -0.950323
vn 0.358233 0.000000 -0.933632
vn 0.358233 0.000000 -0.933632
vn 0.404338 0.000000 -0.914610
vn 0.404338 0.000000 -0.914610
vn 0.449412 0.000000 -0.893325
vn 0.493390 0.000000 -0.869808
vn 0.449412 0.000000 -0.893325
vn 0.493390 0.000000 -0.869808
vn 0.536151 0.000000 -0.844122
vn 0.536151 0.000000 -0.844122
vn 0.577534 0.000000 -0.816367
vn 0.577534 0.000000 -0.816367
vn 0.617518 0.000000 -0.786556
vn 0.617518 0.000000 -0.786556
vn 0.655966 0.000000 -0.754790
vn 0.655966 0.000000 -0.754790
vn 0.692759 0.000000 -0.721169
vn 0.692759 0.000000 -0.721169
vn 0.727862 0.000000 -0.685723
vn 0.727862 0.000000 -0.685723
vn 0.761128 0.000000 -0.648602
vn 0.761128 0.000000 -0.648602
vn 0.792503 0.000000 -0.609868
vn 0.792503 0.000000 -0.609868
vn 0.821931 0.000000 -0.569587
vn 0.821931 0.000000 -0.569587
vn 0.849289 0.000000 -0.527929
vn 0.849289 0.000000 -0.527929
vn 0.874555 0.000000 -0.484926
vn 0.874555 0.000000 -0.484926
vn 0.897639 0.000000 -0.440731
vn 0.897639 0.000000 -0.440731
vn 0.918492 0.000000 -0.395439
vn 0.918492 0.000000 -0.395439
vn 0.937065 0.000000 -0.349155
vn 0.953302 0.000000 -0.302020
vn 0.937065 0.000000 -0.349155
vn 0.953302 0.000000 -0.302020
vn 0.967170 0.000000 -0.254130
vn 0.967170 0.000000 -0.254130
vn 0.978634 0.000000 -0.205609
vn 0.978634 0.000000 -0.205609
vn 0.987668 0.000000 -0.156563
vn 0.987668 0.000000 -0.156563
vn 0.994243 0.000000 -0.107148
vn 0.994243 0.000000 -0.107148
vn 0.998348 0.000000 -0.057451
vn 0.999971 0.000000 -0.007610
vn 0.998348 0.000000 -0.057451
vn 0.999971 0.000000 -0.007610
vn 0.000000 1.000000 0.000000
vn 0.000000 1.000000 0.000000
vn 0.000000 1.000000 0.000000
vn 0.000000 1.000000 0.000000
vn 0.000000 1.000000 0.000000
vn 0.000000 1.000000 0.000000
vn 0.000000 1.000000 0.000000
vn 0.000000 1.000000 0.000000
vn 0.000000 1.000000 0.000000
vn 0.000000 1.000000 0.000000
vn 0.000000 1.000000 0.000000
vn 0.000000 1.000000 0.000000
vn 0.000000 1.000000 0.000000
vn 0.000000 1.000000 0.000000
vn 0.000000 1.000000 0.000000
vn 0.000000 1.000000 0.000000
vn 0.000000 1.000000 0.000000
vn 0.000000 1.000000 0.000000
vn 0.000000 1.000000 0.000000
vn 0.000000 1.000000 0.000000
vn 0.000000 1.000000 0.000000
vn 0.000000 1.000000 0.000000
vn 0.000000 1.000000 0.000000
vn 0.000000 1.000000 0.000000
vn 0.000000 1.000000 0.000000
vn 0.000000 1.000000 0.000000
vn 0.000000 1.000000 0.000000
vn 0.000000 1.000000 0.000000
vn 0.000000 1.000000 0.000000
vn 0.000000 1.000000 0.000000
vn 0.000000 1.000000 0.000000
vn 0.000000 1.000000 0.000000
vn 0.000000 1.000000 0.000000
vn 0.000000 1.000000 0.000000
vn 0.000000 1.000000 0.000000
vn 0.000000 1.000000 0.000000
vn 0.000000 1.000000 0.000000
vn 0.000000 1.000000 0.000000
vn 0.000000 1.000000 0.000000
vn 0.000000 1.000000 0.000000
vn 0.000000 1.000000 0.000000
vn 0.000000 1.000000 0.000000
vn 0.000000 1.000000 0.000000
vn 0.000000 1.000000 0.000000
vn 0.000000 1.000000 0.000000
vn 0.000000 1.000000 0.000000
vn 0.000000 1.000000 0.000000
vn 0.000000 1.000000 0.000000
vn 0.000000 1.000000 0.000000
vn 0.000000 1.000000 0.000000
vn 0.000000 1.000000 0.000000
vn 0.000000 1.000000 0.000000
vn 0.000000 1.000000 0.000000
vn 0.000000 1.000000 0.000000
vn 0.000000 1.000000 0.000000
vn 0.000000 1.000000 0.000000
vn 0.000000 1.000000 0.000000
vn 0.000000 1.000000 0.000000
vn 0.000000 1.000000 0.000000
vn 0.000000 1.000000 0.000000
vn 0.000000 1.000000 0.000000
vn 0.000000 1.000000 0.000000
vn 0.000000 1.000000 0.000000
vn 0.000000 1.000000 0.000000
vn 0.000000 1.000000 0.000000
vn 0.000000 1.000000 0.000000
vn 0.000000 1.000000 0.000000
vn 0.000000 1.000000 0.000000
vn 0.000000 1.000000 0.000000
vn 0.000000 1.000000 0.000000
vn 0.000000 1.000000 0.000000
vn 0.000000 1.000000 0.000000
vn 0.000000 1.000000 0.000000
vn 0.000000 1.000000 0.000000
vn 0.000000 1.000000 0.000000
vn 0.000000 1.000000 0.000000
vn 0.000000 1.000000 0.000000
vn 0.000000 1.000000 0.000000
vn 0.000000 1.000000 0.000000
vn 0.000000 1.000000 0.000000
vn 0.000000 1.000000 0.000000
vn 0.000000 1.000000 0.000000
vn 0.000000 1.000000 0.000000
vn 0.000000 1.000000 0.000000
vn 0.000000 1.000000 0.000000
vn 0.000000 1.000000 0.000000
vn 0.000000 1.000000 0.000000
vn 0.000000 1.000000 0.000000
vn 0.000000 1.000000 0.000000
vn 0.000000 1.000000 0.000000
vn 0.000000 1.000000 0.000000
vn 0.000000 1.000000 0.000000
vn 0.000000 1.000000 0.000000
vn 0.000000 1.000000 0.000000
vn 0.000000 1.000000 0.000000
vn 0.000000 1.000000 0.000000
vn 0.000000 1.000000 0.000000
vn 0.000000 1.000000 0.000000
vn 0.000000 1.000000 0.000000
vn 0.000000 1.000000 0.000000
vn 0.000000 1.000000 0.000000
vn 0.000000 1.000000 0.000000
vn 0.000000 1.000000 0.000000
vn 0.000000 1.000000 0.000000
vn 0.000000 1.000000 0.000000
vn 0.000000 1.000000 0.000000
vn 0.000000 1.000000 0.000000
vn 0.000000 1.000000 0.000000
vn 0.000000 1.000000 0.000000
vn 0.000000 1.000000 0.000000
vn 0.000000 1.000000 0.000000
vn 0.000000 1.000000 0.000000
vn 0.000000 1.000000 0.000000
vn 0.000000 1.000000 0.000000
vn 0.000000 1.000000 0.000000
vn 0.000000 1.000000 0.000000
vn 0.000000 1.000000 0.000000
vn 0.000000 1.000000 0.000000
vn 0.000000 1.000000 0.000000
vn 0.000000 1.000000 0.000000
vn 0.000000 1.000000 0.000000
vn 0.000000 1.000000 0.000000
vn 0.000000 1.000000 0.000000
vn 0.000000 1.000000 0.000000
f 1//1 2//1 191//1
f 191//2 2//2 324//2
f 1//3 3//3 2//3
f 4//4 3//4 1//4
f 4//5 5//5 3//5
f 6//6 5//6 4//6
f 6//7 7//7 5//7
f 8//8 7//8 6//8
f 8//9 9//9 7//9
f 10//10 9//10 8//10
f 10//11 11//11 9//11
f 12//12 11//12 10//12
f 13//13 11//13 12//13
f 13//14 14//14 11//14
f 13//15 15//15 14//15
f 16//16 15//16 13//16
f 16//17 17//17 15//17
f 18//18 17//18 16//18
f 19//19 17//19 18//19
f 19//20 20//20 17//20
f 19//21 21//21 20//21
f 22//22 21//22 19//22
f 23//23 21//23 22//23
f 23//24 24//24 21//24
f 25//25 26//25 23//25
f 23//26 26//26 24//26
f 25//27 27//27 26//27
f 28//28 27//28 25//28
f 28//29 29//29 27//29
f 30//30 29//30 28//30
f 31//31 32//31 30//31
f 30//32 32//32 29//32
f 33//33 34//33 31//33
f 31//34 34//34 32//34
f 33//35 35//35 34//35
f 33//36 36//36 35//36
f 35//37 37//37 38//37
f 36//38 37//38 35//38
f 38//39 39//39 40//39
f 37//40 39//40 38//40
f 40//41 41//41 42//41
f 39//42 41//42 40//42
f 42//43 43//43 44//43
f 41//44 43//44 42//44
f 45//45 46//45 47//45
f 44//46 46//46 45//46
f 43//47 46//47 44//47
f 47//48 48//48 49//48
f 46//49 48//49 47//49
f 48//50 50//50 49//50
f 49//51 51//51 52//51
f 50//52 51//52 49//52
f 52//53 53//53 54//53
f 51//54 53//54 52//54
f 54//55 219//55 55//55
f 53//56 219//56 54//56
f 219//57 56//57 55//57
f 55//58 56//58 57//58
f 57//59 223//59 58//59
f 56//60 223//60 57//60
f 58//61 224//61 59//61
f 223//62 224//62 58//62
f 59//63 227//63 60//63
f 224//64 227//64 59//64
f 61//65 62//65 399//65
f 62//66 63//66 399//66
f 63//67 64//67 399//67
f 64//68 65//68 399//68
f 65//69 66//69 399//69
f 66//70 67//70 399//70
f 67//71 68//71 399//71
f 68//72 69//72 399//72
f 69//73 70//73 399//73
f 60//74 71//74 72//74
f 227//75 71//75 60//75
f 72//76 71//76 73//76
f 70//77 74//77 399//77
f 73//78 75//78 76//78
f 74//79 77//79 399//79
f 73//80 78//80 75//80
f 77//81 79//81 399//81
f 73//82 80//82 78//82
f 79//83 81//83 399//83
f 73//84 82//84 80//84
f 81//85 83//85 399//85
f 73//86 84//86 82//86
f 83//87 85//87 399//87
f 73//88 86//88 84//88
f 85//89 87//89 399//89
f 73//90 88//90 86//90
f 87//91 89//91 399//91
f 73//92 90//92 88//92
f 89//93 91//93 399//93
f 73//94 92//94 90//94
f 91//95 93//95 399//95
f 73//96 94//96 92//96
f 93//97 95//97 399//97
f 73//98 96//98 94//98
f 95//99 97//99 399//99
f 73//100 98//100 96//100
f 97//101 99//101 399//101
f 73//102 100//102 98//102
f 99//103 101//103 399//103
f 73//104 102//104 100//104
f 73//105 103//105 102//105
f 73//106 104//106 103//106
f 73//107 105//107 104//107
f 73//108 106//108 105//108
f 73//109 107//109 106//109
f 73//110 108//110 107//110
f 73//111 109//111 108//111
f 110//112 357//112 111//112
f 112//113 357//113 110//113
f 113//114 357//114 112//114
f 114//115 357//115 113//115
f 115//116 357//116 114//116
f 116//117 357//117 115//117
f 117//118 357//118 116//118
f 118//119 357//119 117//119
f 119//120 357//120 118//120
f 120//121 357//121 119//121
f 121//122 357//122 120//122
f 109//123 357//123 121//123
f 71//124 357//124 73//124
f 73//125 357//125 109//125
f 122//126 357//126 123//126
f 124//127 357//127 122//127
f 125//128 357//128 124//128
f 126//129 357//129 125//129
f 127//130 357//130 126//130
f 128//131 357//131 127//131
f 111//132 357//132 128//132
f 101//133 363//133 399//133
f 129//134 363//134 130//134
f 131//135 363//135 129//135
f 132//136 363//136 131//136
f 133//137 363//137 132//137
f 134//138 363//138 133//138
f 135//139 363//139 134//139
f 136//140 363//140 135//140
f 137//141 363//141 136//141
f 138//142 363//142 137//142
f 139//143 363//143 101//143
f 140//144 363//144 138//144
f 141//145 363//145 139//145
f 142//146 363//146 140//146
f 143//147 363//147 141//147
f 144//148 363//148 142//148
f 145//149 363//149 143//149
f 146//150 363//150 144//150
f 147//151 363//151 145//151
f 148//152 363//152 146//152
f 149//153 363//153 147//153
f 150//154 363//154 149//154
f 151//155 363//155 150//155
f 152//156 363//156 151//156
f 153//157 363//157 152//157
f 154//158 363//158 153//158
f 155//159 363//159 154//159
f 156//160 363//160 155//160
f 157//161 363//161 156//161
f 158//162 363//162 157//162
f 130//163 363//163 158//163
f 399//164 73//164 159//164
f 399//165 159//165 160//165
f 399//166 160//166 161//166
f 399//167 161//167 162//167
f 399//168 162//168 163//168
f 399//169 163//169 164//169
f 399//170 164//170 165//170
f 399//171 165//171 166//171
f 399//172 166//172 61//172
f 159//173 73//173 167//173
f 167//174 73//174 168//174
f 168//175 73//175 169//175
f 169//176 73//176 170//176
f 170//177 73//177 171//177
f 171//178 73//178 172//178
f 172//179 73//179 173//179
f 173//180 73//180 174//180
f 174//181 73//181 175//181
f 175//182 73//182 176//182
f 176//183 73//183 177//183
f 177//184 73//184 178//184
f 178//185 73//185 179//185
f 179//186 73//186 180//186
f 180//187 73//187 181//187
f 181//188 73//188 182//188
f 182//189 73//189 183//189
f 183//190 73//190 76//190
f 357//191 363//191 184//191
f 357//192 184//192 185//192
f 357//193 185//193 186//193
f 357//194 186//194 187//194
f 357//195 187//195 188//195
f 357//196 188//196 123//196
f 184//197 363//197 189//197
f 189//198 363//198 148//198
f 190//199 1//199 191//199
f 190//200 192//200 1//200
f 1//201 193//201 4//201
f 192//202 193//202 1//202
f 4//203 194//203 6//203
f 193//204 194//204 4//204
f 6//205 195//205 8//205
f 194//206 195//206 6//206
f 8//207 196//207 10//207
f 195//208 196//208 8//208
f 10//209 197//209 12//209
f 196//210 197//210 10//210
f 12//211 198//211 13//211
f 197//212 198//212 12//212
f 13//213 199//213 16//213
f 16//214 199//214 18//214
f 198//215 199//215 13//215
f 199//216 200//216 18//216
f 200//217 201//217 18//217
f 18//218 201//218 19//218
f 19//219 201//219 22//219
f 201//220 202//220 22//220
f 202//221 203//221 22//221
f 22//222 203//222 23//222
f 23//223 204//223 25//223
f 203//224 204//224 23//224
f 25//225 205//225 28//225
f 28//226 205//226 30//226
f 204//227 205//227 25//227
f 30//228 206//228 31//228
f 205//229 206//229 30//229
f 206//230 207//230 31//230
f 31//231 208//231 33//231
f 207//232 208//232 31//232
f 33//233 209//233 36//233
f 208//234 209//234 33//234
f 36//235 210//235 37//235
f 37//236 210//236 39//236
f 209//237 210//237 36//237
f 39//238 211//238 41//238
f 210//239 211//239 39//239
f 211//240 212//240 41//240
f 41//241 213//241 43//241
f 212//242 213//242 41//242
f 43//243 214//243 46//243
f 213//244 214//244 43//244
f 46//245 215//245 48//245
f 214//246 215//246 46//246
f 48//247 216//247 50//247
f 215//248 216//248 48//248
f 50//249 217//249 51//249
f 216//250 217//250 50//250
f 51//251 218//251 53//251
f 53//252 218//252 219//252
f 217//253 218//253 51//253
f 218//254 220//254 219//254
f 219//255 221//255 56//255
f 220//256 221//256 219//256
f 56//257 222//257 223//257
f 223//258 222//258 224//258
f 221//259 222//259 56//259
f 222//260 225//260 224//260
f 224//261 226//261 227//261
f 227//262 226//262 71//262
f 225//263 226//263 224//263
f 226//264 228//264 71//264
f 190//265 229//265 230//265
f 230//266 231//266 190//266
f 190//267 232//267 229//267
f 231//268 233//268 190//268
f 190//269 234//269 232//269
f 233//270 235//270 190//270
f 190//271 236//271 234//271
f 235//272 237//272 190//272
f 190//273 238//273 236//273
f 237//274 239//274 190//274
f 190//275 240//275 238//275
f 239//276 241//276 190//276
f 190//277 242//277 240//277
f 241//278 243//278 190//278
f 190//279 244//279 242//279
f 243//280 245//280 190//280
f 190//281 246//281 244//281
f 245//282 247//282 190//282
f 190//283 248//283 246//283
f 247//284 249//284 190//284
f 190//285 250//285 248//285
f 249//286 251//286 190//286
f 190//287 252//287 250//287
f 251//288 253//288 190//288
f 190//289 254//289 252//289
f 253//290 255//290 190//290
f 190//291 256//291 254//291
f 255//292 257//292 190//292
f 190//293 258//293 256//293
f 257//294 259//294 190//294
f 190//295 260//295 258//295
f 259//296 261//296 190//296
f 262//297 263//297 261//297
f 264//298 263//298 262//298
f 265//299 263//299 264//299
f 266//300 263//300 265//300
f 267//301 263//301 266//301
f 268//302 263//302 267//302
f 269//303 263//303 268//303
f 270//304 263//304 269//304
f 271//305 263//305 270//305
f 272//306 263//306 271//306
f 273//307 263//307 272//307
f 274//308 263//308 273//308
f 275//309 263//309 274//309
f 276//310 263//310 275//310
f 277//311 263//311 276//311
f 261//312 263//312 190//312
f 278//313 191//313 279//313
f 280//314 191//314 278//314
f 281//315 191//315 280//315
f 282//316 191//316 281//316
f 283//317 191//317 282//317
f 284//318 191//318 283//318
f 285//319 191//319 284//319
f 286//320 191//320 285//320
f 287//321 191//321 286//321
f 288//322 191//322 287//322
f 289//323 191//323 288//323
f 290//324 191//324 289//324
f 291//325 191//325 290//325
f 292//326 191//326 291//326
f 260//327 191//327 292//327
f 190//328 191//328 260//328
f 191//329 293//329 279//329
f 277//330 294//330 263//330
f 191//331 295//331 293//331
f 294//332 296//332 263//332
f 191//333 297//333 295//333
f 296//334 298//334 263//334
f 191//335 299//335 297//335
f 298//336 300//336 263//336
f 191//337 301//337 299//337
f 300//338 302//338 263//338
f 191//339 303//339 301//339
f 302//340 304//340 263//340
f 191//341 305//341 303//341
f 304//342 306//342 263//342
f 191//343 307//343 305//343
f 306//344 308//344 263//344
f 191//345 309//345 307//345
f 308//346 310//346 263//346
f 191//347 311//347 309//347
f 310//348 312//348 263//348
f 191//349 313//349 311//349
f 312//350 314//350 263//350
f 191//351 315//351 313//351
f 314//352 316//352 263//352
f 191//353 317//353 315//353
f 316//354 318//354 263//354
f 191//355 319//355 317//355
f 318//356 320//356 263//356
f 191//357 321//357 319//357
f 320//358 322//358 263//358
f 322//359 323//359 263//359
f 323//360 324//360 263//360
f 325//361 324//361 323//361
f 326//362 324//362 325//362
f 327//363 324//363 326//363
f 328//364 324//364 327//364
f 329//365 324//365 328//365
f 330//366 324//366 329//366
f 331//367 324//367 330//367
f 332//368 324//368 331//368
f 333//369 324//369 332//369
f 334//370 324//370 333//370
f 335//371 324//371 334//371
f 336//372 324//372 335//372
f 337//373 324//373 336//373
f 338//374 324//374 337//374
f 339//375 324//375 338//375
f 340//376 324//376 339//376
f 341//377 324//377 340//377
f 342//378 324//378 341//378
f 343//379 324//379 342//379
f 344//380 324//380 343//380
f 345//381 324//381 344//381
f 346//382 324//382 345//382
f 347//383 324//383 346//383
f 348//384 324//384 347//384
f 349//385 324//385 348//385
f 350//386 324//386 349//386
f 351//387 324//387 350//387
f 352//388 324//388 351//388
f 353//389 324//389 352//389
f 354//390 324//390 353//390
f 191//391 324//391 355//391
f 191//392 355//392 356//392
f 191//393 356//393 321//393
f 355//394 324//394 354//394
f 357//395 71//395 358//395
f 358//396 71//396 228//396
f 2//397 263//397 324//397
f 359//398 263//398 2//398
f 358//399 360//399 357//399
f 358//400 361//400 360//400
f 362//401 363//401 360//401
f 360//402 363//402 357//402
f 364//403 365//403 362//403
f 362//404 365//404 363//404
f 60//405 366//405 367//405
f 60//406 72//406 366//406
f 59//407 367//407 368//407
f 59//408 60//408 367//408
f 58//409 368//409 369//409
f 58//410 59//410 368//410
f 57//411 369//411 370//411
f 57//412 58//412 369//412
f 55//413 370//413 371//413
f 55//414 57//414 370//414
f 54//415 371//415 372//415
f 54//416 55//416 371//416
f 52//417 372//417 373//417
f 52//418 54//418 372//418
f 49//419 373//419 374//419
f 49//420 52//420 373//420
f 47//421 49//421 374//421
f 47//422 374//422 375//422
f 45//423 375//423 376//423
f 45//424 47//424 375//424
f 44//425 376//425 377//425
f 44//426 45//426 376//426
f 42//427 377//427 378//427
f 42//428 44//428 377//428
f 40//429 378//429 379//429
f 40//430 42//430 378//430
f 38//431 379//431 380//431
f 38//432 40//432 379//432
f 35//433 380//433 381//433
f 35//434 381//434 382//434
f 35//435 38//435 380//435
f 34//436 382//436 383//436
f 34//437 35//437 382//437
f 32//438 34//438 383//438
f 29//439 383//439 384//439
f 29//440 384//440 385//440
f 29//441 32//441 383//441
f 27//442 385//442 386//442
f 27//443 29//443 385//443
f 26//444 27//444 386//444
f 24//445 386//445 387//445
f 24//446 26//446 386//446
f 21//447 387//447 388//447
f 21//448 24//448 387//448
f 20//449 388//449 389//449
f 20//450 21//450 388//450
f 17//451 389//451 390//451
f 17//452 20//452 389//452
f 15//453 390//453 391//453
f 15//454 17//454 390//454
f 14//455 391//455 392//455
f 14//456 15//456 391//456
f 11//457 392//457 393//457
f 11//458 14//458 392//458
f 9//459 393//459 394//459
f 9//460 11//460 393//460
f 7//461 394//461 395//461
f 7//462 395//462 396//462
f 7//463 9//463 394//463
f 5//464 7//464 396//464
f 3//465 396//465 397//465
f 3//466 5//466 396//466
f 2//467 397//467 359//467
f 2//468 3//468 397//468
f 363//469 398//469 399//469
f 365//470 398//470 363//470
f 72//471 73//471 366//471
f 366//472 73//472 400//472
f 73//473 401//473 400//473
f 400//474 401//474 402//474
f 403//475 398//475 404//475
f 403//476 399//476 398//476
f 73//477 399//477 403//477
f 73//478 403//478 401//478
f 405//479 406//479 130//479
f 130//480 406//480 129//480
f 129//481 407//481 131//481
f 406//482 407//482 129//482
f 131//483 408//483 132//483
f 407//484 408//484 131//484
f 132//485 409//485 133//485
f 408//486 409//486 132//486
f 133//487 410//487 134//487
f 134//488 410//488 135//488
f 409//489 410//489 133//489
f 410//490 411//490 135//490
f 135//491 412//491 136//491
f 411//492 412//492 135//492
f 136//493 413//493 137//493
f 412//494 413//494 136//494
f 137//495 414//495 138//495
f 138//496 414//496 140//496
f 413//497 414//497 137//497
f 414//498 415//498 140//498
f 415//499 416//499 140//499
f 140//500 416//500 142//500
f 416//501 417//501 142//501
f 142//502 417//502 144//502
f 417//503 418//503 144//503
f 144//504 418//504 146//504
f 418//505 419//505 146//505
f 146//506 419//506 148//506
f 148//507 420//507 189//507
f 419//508 420//508 148//508
f 189//509 421//509 184//509
f 420//510 421//510 189//510
f 184//511 422//511 185//511
f 421//512 422//512 184//512
f 185//513 423//513 186//513
f 422//514 423//514 185//514
f 186//515 424//515 187//515
f 423//516 424//516 186//516
f 187//517 425//517 188//517
f 424//518 425//518 187//518
f 188//519 426//519 123//519
f 425//520 426//520 188//520
f 123//521 427//521 122//521
f 426//522 427//522 123//522
f 122//523 428//523 124//523
f 427//524 428//524 122//524
f 124//525 429//525 125//525
f 125//526 429//526 126//526
f 428//527 429//527 124//527
f 429//528 430//528 126//528
f 126//529 431//529 127//529
f 430//530 431//530 126//530
f 127//531 432//531 128//531
f 431//532 432//532 127//532
f 128//533 433//533 111//533
f 432//534 433//534 128//534
f 111//535 434//535 110//535
f 433//536 434//536 111//536
f 110//537 435//537 112//537
f 434//538 435//538 110//538
f 112//539 436//539 113//539
f 435//540 436//540 112//540
f 113//541 437//541 114//541
f 436//542 437//542 113//542
f 114//543 438//543 115//543
f 437//544 438//544 114//544
f 115//545 439//545 116//545
f 438//546 439//546 115//546
f 116//547 440//547 117//547
f 117//548 440//548 118//548
f 439//549 440//549 116//549
f 440//550 441//550 118//550
f 441//551 442//551 118//551
f 118//552 442//552 119//552
f 442//553 443//553 119//553
f 119//554 443//554 120//554
f 443//555 444//555 120//555
f 120//556 444//556 121//556
f 444//557 445//557 121//557
f 121//558 445//558 109//558
f 445//559 446//559 109//559
f 109//560 446//560 108//560
f 446//561 447//561 108//561
f 108//562 447//562 107//562
f 107//563 447//563 106//563
f 447//564 448//564 106//564
f 448//565 449//565 106//565
f 106//566 449//566 105//566
f 105//567 449//567 104//567
f 449//568 450//568 104//568
f 450//569 451//569 104//569
f 104//570 451//570 103//570
f 103//571 451//571 102//571
f 451//572 452//572 102//572
f 102//573 452//573 100//573
f 452//574 453//574 100//574
f 100//575 454//575 98//575
f 453//576 454//576 100//576
f 98//577 455//577 96//577
f 454//578 455//578 98//578
f 96//579 456//579 94//579
f 455//580 456//580 96//580
f 94//581 457//581 92//581
f 456//582 457//582 94//582
f 92//583 458//583 90//583
f 457//584 458//584 92//584
f 90//585 459//585 88//585
f 88//586 459//586 86//586
f 458//587 459//587 90//587
f 459//588 460//588 86//588
f 86//589 461//589 84//589
f 460//590 461//590 86//590
f 84//591 462//591 82//591
f 82//592 462//592 80//592
f 461//593 462//593 84//593
f 462//594 463//594 80//594
f 80//595 464//595 78//595
f 463//596 464//596 80//596
f 78//597 465//597 75//597
f 464//598 465//598 78//598
f 75//599 466//599 76//599
f 465//600 466//600 75//600
f 466//601 467//601 76//601
f 76//602 467//602 183//602
f 467//603 468//603 183//603
f 183//604 468//604 182//604
f 468//605 469//605 182//605
f 182//606 469//606 181//606
f 469//607 470//607 181//607
f 181//608 470//608 180//608
f 180//609 470//609 179//609
f 470//610 471//610 179//610
f 471//611 472//611 179//611
f 179//612 472//612 178//612
f 472//613 473//613 178//613
f 178//614 473//614 177//614
f 177//615 473//615 176//615
f 473//616 474//616 176//616
f 474//617 475//617 176//617
f 176//618 475//618 175//618
f 475//619 476//619 175//619
f 175//620 476//620 174//620
f 174//621 476//621 173//621
f 476//622 477//622 173//622
f 173//623 477//623 172//623
f 477//624 478//624 172//624
f 172//625 478//625 171//625
f 478//626 479//626 171//626
f 479//627 480//627 171//627
f 171//628 480//628 170//628
f 480//629 481//629 170//629
f 170//630 481//630 169//630
f 481//631 482//631 169//631
f 169//632 482//632 168//632
f 482//633 483//633 168//633
f 168//634 483//634 167//634
f 483//635 484//635 167//635
f 167//636 484//636 159//636
f 484//637 485//637 159//637
f 159//638 485//638 160//638
f 485//639 486//639 160//639
f 160//640 486//640 161//640
f 486//641 487//641 161//641
f 161//642 487//642 162//642
f 162//643 488//643 163//643
f 487//644 488//644 162//644
f 163//645 488//645 164//645
f 488//646 489//646 164//646
f 164//647 490//647 165//647
f 165//648 490//648 166//648
f 489//649 490//649 164//649
f 490//650 491//650 166//650
f 166//651 492//651 61//651
f 61//652 492//652 62//652
f 491//653 492//653 166//653
f 492//654 493//654 62//654
f 493//655 494//655 62//655
f 62//656 494//656 63//656
f 494//657 495//657 63//657
f 63//658 495//658 64//658
f 64//659 495//659 65//659
f 495//660 496//660 65//660
f 496//661 497//661 65//661
f 65//662 497//662 66//662
f 66//663 497//663 67//663
f 497//664 498//664 67//664
f 498//665 499//665 67//665
f 67//666 499//666 68//666
f 499//667 500//667 68//667
f 68//668 500//668 69//668
f 500//669 501//669 69//669
f 69//670 501//670 70//670
f 70//671 501//671 74//671
f 501//672 502//672 74//672
f 74//673 502//673 77//673
f 502//674 503//674 77//674
f 77//675 503//675 79//675
f 79//676 504//676 81//676
f 503//677 504//677 79//677
f 504//678 505//678 81//678
f 81//679 506//679 83//679
f 83//680 506//680 85//680
f 505//681 506//681 81//681
f 506//682 507//682 85//682
f 85//683 508//683 87//683
f 87//684 508//684 89//684
f 507//685 508//685 85//685
f 508//686 509//686 89//686
f 89//687 510//687 91//687
f 509//688 510//688 89//688
f 91//689 511//689 93//689
f 510//690 511//690 91//690
f 93//691 512//691 95//691
f 95//692 512//692 97//692
f 511//693 512//693 93//693
f 512//694 513//694 97//694
f 97//695 514//695 99//695
f 513//696 514//696 97//696
f 99//697 515//697 101//697
f 101//698 515//698 139//698
f 514//699 515//699 99//699
f 515//700 516//700 139//700
f 516//701 517//701 139//701
f 139//702 517//702 141//702
f 141//703 517//703 143//703
f 517//704 518//704 143//704
f 518//705 519//705 143//705
f 143//706 519//706 145//706
f 145//707 519//707 147//707
f 519//708 520//708 147//708
f 520//709 521//709 147//709
f 147//710 521//710 149//710
f 149//711 521//711 150//711
f 521//712 522//712 150//712
f 150//713 523//713 151//713
f 522//714 523//714 150//714
f 151//715 524//715 152//715
f 523//716 524//716 151//716
f 152//717 525//717 153//717
f 524//718 525//718 152//718
f 153//719 526//719 154//719
f 154//720 526//720 155//720
f 525//721 526//721 153//721
f 526//722 527//722 155//722
f 155//723 528//723 156//723
f 527//724 528//724 155//724
f 156//725 529//725 157//725
f 528//726 529//726 156//726
f 157//727 530//727 158//727
f 529//728 530//728 157//728
f 158//729 405//729 130//729
f 530//730 405//730 158//730
f 531//731 532//731 533//731
f 534//732 535//732 536//732
f 534//733 537//733 535//733
f 534//734 538//734 537//734
f 539//735 531//735 533//735
f 540//736 538//736 534//736
f 541//737 542//737 543//737
f 544//738 545//738 546//738
f 547//739 539//739 533//739
f 547//740 541//740 543//740
f 547//741 543//741 539//741
f 548//742 538//742 540//742
f 548//743 547//743 533//743
f 548//744 549//744 538//744
f 548//745 550//745 549//745
f 548//746 551//746 550//746
f 548//747 533//747 551//747
f 552//748 553//748 548//748
f 554//749 555//749 556//749
f 557//750 558//750 552//750
f 557//751 559//751 558//751
f 560//752 561//752 562//752
f 560//753 563//753 561//753
f 564//754 565//754 557//754
f 566//755 563//755 560//755
f 566//756 554//756 563//756
f 566//757 567//757 555//757
f 566//758 544//758 567//758
f 566//759 540//759 545//759
f 566//760 545//760 544//760
f 566//761 548//761 540//761
f 566//762 552//762 548//762
f 566//763 555//763 554//763
f 568//764 566//764 569//764
f 570//765 571//765 572//765
f 573//766 564//766 557//766
f 573//767 570//767 572//767
f 573//768 572//768 564//768
f 573//769 557//769 552//769
f 574//770 568//770 575//770
f 574//771 566//771 568//771
f 576//772 577//772 573//772
f 578//773 579//773 580//773
f 581//774 552//774 566//774
f 581//775 566//775 574//775
f 581//776 573//776 552//776
f 581//777 576//777 573//777
f 581//778 582//778 576//778
f 583//779 579//779 578//779
f 584//780 579//780 583//780
f 585//781 586//781 581//781
f 585//782 587//782 586//782
f 588//783 589//783 585//783
f 402//784 581//784 574//784
f 402//785 585//785 581//785
f 402//786 588//786 585//786
f 361//787 590//787 591//787
f 361//788 592//788 590//788
f 361//789 584//789 592//789
f 361//790 579//790 584//790
f 361//791 574//791 579//791
f 361//792 402//792 574//792
f 400//793 402//793 361//793
f 359//794 190//794 263//794
f 358//795 400//795 361//795
f 192//796 190//796 359//796
f 228//797 366//797 400//797
f 228//798 400//798 358//798
f 193//799 397//799 396//799
f 193//800 359//800 397//800
f 193//801 192//801 359//801
f 226//802 367//802 366//802
f 226//803 366//803 228//803
f 194//804 396//804 395//804
f 194//805 193//805 396//805
f 225//806 368//806 367//806
f 225//807 369//807 368//807
f 225//808 367//808 226//808
f 195//809 194//809 395//809
f 222//810 370//810 369//810
f 222//811 369//811 225//811
f 196//812 195//812 395//812
f 196//813 394//813 393//813
f 196//814 395//814 394//814
f 221//815 371//815 370//815
f 221//816 370//816 222//816
f 197//817 196//817 393//817
f 220//818 371//818 221//818
f 198//819 393//819 392//819
f 198//820 197//820 393//820
f 218//821 372//821 371//821
f 218//822 371//822 220//822
f 199//823 198//823 392//823
f 199//824 392//824 391//824
f 217//825 373//825 372//825
f 217//826 372//826 218//826
f 200//827 199//827 391//827
f 200//828 391//828 390//828
f 216//829 374//829 373//829
f 216//830 375//830 374//830
f 216//831 373//831 217//831
f 201//832 390//832 389//832
f 201//833 200//833 390//833
f 215//834 375//834 216//834
f 202//835 389//835 388//835
f 202//836 201//836 389//836
f 214//837 376//837 375//837
f 214//838 375//838 215//838
f 203//839 388//839 387//839
f 203//840 202//840 388//840
f 213//841 377//841 376//841
f 213//842 378//842 377//842
f 213//843 376//843 214//843
f 204//844 387//844 386//844
f 204//845 203//845 387//845
f 212//846 379//846 378//846
f 212//847 378//847 213//847
f 205//848 385//848 384//848
f 205//849 386//849 385//849
f 205//850 204//850 386//850
f 211//851 379//851 212//851
f 206//852 205//852 384//852
f 210//853 380//853 379//853
f 210//854 379//854 211//854
f 207//855 384//855 383//855
f 207//856 206//856 384//856
f 209//857 381//857 380//857
f 209//858 382//858 381//858
f 209//859 380//859 210//859
f 208//860 382//860 209//860
f 208//861 383//861 382//861
f 208//862 207//862 383//862
f 258//863 260//863 593//863
f 258//864 593//864 594//864
f 256//865 594//865 595//865
f 256//866 258//866 594//866
f 254//867 595//867 596//867
f 254//868 256//868 595//868
f 252//869 596//869 597//869
f 252//870 254//870 596//870
f 250//871 597//871 598//871
f 250//872 598//872 599//872
f 250//873 252//873 597//873
f 248//874 250//874 599//874
f 246//875 599//875 600//875
f 246//876 248//876 599//876
f 244//877 600//877 601//877
f 244//878 246//878 600//878
f 242//879 601//879 602//879
f 242//880 602//880 603//880
f 242//881 244//881 601//881
f 240//882 242//882 603//882
f 238//883 240//883 603//883
f 238//884 603//884 604//884
f 236//885 238//885 604//885
f 236//886 604//886 605//886
f 234//887 236//887 605//887
f 234//888 605//888 606//888
f 232//889 234//889 606//889
f 232//890 606//890 607//890
f 229//891 607//891 608//891
f 229//892 232//892 607//892
f 230//893 608//893 609//893
f 230//894 229//894 608//894
f 231//895 609//895 610//895
f 231//896 230//896 609//896
f 233//897 610//897 611//897
f 233//898 231//898 610//898
f 235//899 611//899 612//899
f 235//900 233//900 611//900
f 237//901 612//901 613//901
f 237//902 235//902 612//902
f 239//903 613//903 614//903
f 239//904 237//904 613//904
f 241//905 614//905 615//905
f 241//906 239//906 614//906
f 243//907 615//907 616//907
f 243//908 241//908 615//908
f 245//909 616//909 617//909
f 245//910 617//910 618//910
f 245//911 243//911 616//911
f 247//912 245//912 618//912
f 249//913 618//913 619//913
f 249//914 247//914 618//914
f 251//915 619//915 620//915
f 251//916 249//916 619//916
f 253//917 620//917 621//917
f 253//918 251//918 620//918
f 255//919 621//919 622//919
f 255//920 253//920 621//920
f 257//921 622//921 623//921
f 257//922 255//922 622//922
f 259//923 623//923 624//923
f 259//924 257//924 623//924
f 261//925 624//925 625//925
f 261//926 259//926 624//926
f 262//927 625//927 626//927
f 262//928 261//928 625//928
f 264//929 626//929 627//929
f 264//930 262//930 626//930
f 265//931 627//931 628//931
f 265//932 628//932 629//932
f 265//933 264//933 627//933
f 266//934 265//934 629//934
f 267//935 266//935 629//935
f 267//936 629//936 630//936
f 268//937 267//937 630//937
f 268//938 630//938 631//938
f 269//939 268//939 631//939
f 269//940 631//940 632//940
f 270//941 269//941 632//941
f 270//942 632//942 633//942
f 271//943 270//943 633//943
f 271//944 633//944 634//944
f 272//945 271//945 634//945
f 272//946 634//946 635//946
f 272//947 635//947 636//947
f 273//948 272//948 636//948
f 274//949 273//949 636//949
f 274//950 636//950 637//950
f 274//951 637//951 638//951
f 275//952 274//952 638//952
f 276//953 275//953 638//953
f 276//954 638//954 639//954
f 276//955 639//955 640//955
f 277//956 276//956 640//956
f 277//957 640//957 641//957
f 294//958 277//958 641//958
f 296//959 641//959 642//959
f 296//960 294//960 641//960
f 298//961 642//961 643//961
f 298//962 296//962 642//962
f 300//963 643//963 644//963
f 300//964 298//964 643//964
f 302//965 644//965 645//965
f 302//966 300//966 644//966
f 304//967 645//967 646//967
f 304//968 302//968 645//968
f 306//969 646//969 647//969
f 306//970 647//970 648//970
f 306//971 304//971 646//971
f 308//972 306//972 648//972
f 310//973 648//973 649//973
f 310//974 308//974 648//974
f 312//975 649//975 650//975
f 312//976 650//976 651//976
f 312//977 310//977 649//977
f 314//978 312//978 651//978
f 316//979 651//979 652//979
f 316//980 314//980 651//980
f 318//981 652//981 653//981
f 318//982 316//982 652//982
f 320//983 653//983 654//983
f 320//984 318//984 653//984
f 322//985 320//985 654//985
f 322//986 654//986 655//986
f 323//987 322//987 655//987
f 323//988 655//988 656//988
f 325//989 323//989 656//989
f 325//990 656//990 657//990
f 326//991 325//991 657//991
f 326//992 657//992 658//992
f 326//993 658//993 659//993
f 327//994 326//994 659//994
f 328//995 327//995 659//995
f 328//996 659//996 660//996
f 329//997 328//997 660//997
f 329//998 660//998 661//998
f 329//999 661//999 662//999
f 330//1000 329//1000 662//1000
f 331//1001 330//1001 662//1001
f 331//1002 662//1002 663//1002
f 332//1003 331//1003 663//1003
f 332//1004 663//1004 664//1004
f 332//1005 664//1005 665//1005
f 333//1006 332//1006 665//1006
f 333//1007 665//1007 666//1007
f 334//1008 333//1008 666//1008
f 334//1009 666//1009 667//1009
f 335//1010 334//1010 667//1010
f 336//1011 335//1011 667//1011
f 336//1012 667//1012 668//1012
f 337//1013 336//1013 668//1013
f 337//1014 668//1014 669//1014
f 338//1015 337//1015 669//1015
f 338//1016 669//1016 670//1016
f 339//1017 338//1017 670//1017
f 339//1018 670//1018 671//1018
f 340//1019 339//1019 671//1019
f 340//1020 671//1020 672//1020
f 341//1021 340//1021 672//1021
f 341//1022 672//1022 673//1022
f 342//1023 341//1023 673//1023
f 342//1024 673//1024 674//1024
f 343//1025 342//1025 674//1025
f 343//1026 674//1026 675//1026
f 344//1027 675//1027 676//1027
f 344//1028 343//1028 675//1028
f 344//1029 676//1029 677//1029
f 345//1030 344//1030 677//1030
f 346//1031 677//1031 678//1031
f 346//1032 678//1032 679//1032
f 346//1033 345//1033 677//1033
f 347//1034 346//1034 679//1034
f 348//1035 679//1035 680//1035
f 348//1036 680//1036 681//1036
f 348//1037 347//1037 679//1037
f 349//1038 348//1038 681//1038
f 350//1039 349//1039 681//1039
f 350//1040 681//1040 682//1040
f 351//1041 350//1041 682//1041
f 351//1042 682//1042 683//1042
f 351//1043 683//1043 684//1043
f 352//1044 351//1044 684//1044
f 353//1045 352//1045 684//1045
f 353//1046 684//1046 685//1046
f 353//1047 685//1047 686//1047
f 354//1048 353//1048 686//1048
f 355//1049 354//1049 686//1049
f 355//1050 686//1050 687//1050
f 356//1051 355//1051 687//1051
f 356//1052 687//1052 688//1052
f 321//1053 356//1053 688//1053
f 321//1054 688//1054 689//1054
f 321//1055 689//1055 690//1055
f 319//1056 321//1056 690//1056
f 319//1057 690//1057 691//1057
f 317//1058 319//1058 691//1058
f 317//1059 691//1059 692//1059
f 315//1060 692//1060 693//1060
f 315//1061 317//1061 692//1061
f 313//1062 315//1062 693//1062
f 311//1063 693//1063 694//1063
f 311//1064 694//1064 695//1064
f 311//1065 313//1065 693//1065
f 309//1066 311//1066 695//1066
f 307//1067 695//1067 696//1067
f 307//1068 696//1068 697//1068
f 307//1069 309//1069 695//1069
f 305//1070 307//1070 697//1070
f 303//1071 697//1071 698//1071
f 303//1072 305//1072 697//1072
f 301//1073 698//1073 699//1073
f 301//1074 303//1074 698//1074
f 299//1075 699//1075 700//1075
f 299//1076 700//1076 701//1076
f 299//1077 301//1077 699//1077
f 297//1078 299//1078 701//1078
f 295//1079 701//1079 702//1079
f 295//1080 297//1080 701//1080
f 293//1081 702//1081 703//1081
f 293//1082 703//1082 704//1082
f 293//1083 295//1083 702//1083
f 279//1084 293//1084 704//1084
f 278//1085 279//1085 704//1085
f 278//1086 704//1086 705//1086
f 278//1087 705//1087 706//1087
f 280//1088 278//1088 706//1088
f 281//1089 280//1089 706//1089
f 281//1090 706//1090 707//1090
f 281//1091 707//1091 708//1091
f 282//1092 281//1092 708//1092
f 283//1093 282//1093 708//1093
f 283//1094 708//1094 709//1094
f 283//1095 709//1095 710//1095
f 284//1096 283//1096 710//1096
f 285//1097 710//1097 711//1097
f 285//1098 284//1098 710//1098
f 286//1099 711//1099 712//1099
f 286//1100 285//1100 711//1100
f 287//1101 712//1101 713//1101
f 287//1102 286//1102 712//1102
f 288//1103 713//1103 714//1103
f 288//1104 714//1104 715//1104
f 288//1105 287//1105 713//1105
f 289//1106 288//1106 715//1106
f 290//1107 715//1107 716//1107
f 290//1108 289//1108 715//1108
f 291//1109 716//1109 717//1109
f 291//1110 290//1110 716//1110
f 292//1111 717//1111 718//1111
f 292//1112 291//1112 717//1112
f 260//1113 718//1113 593//1113
f 260//1114 292//1114 718//1114
f 719//1115 398//1115 365//1115
f 720//1116 719//1116 365//1116
f 721//1117 398//1117 719//1117
f 722//1118 720//1118 365//1118
f 723//1119 398//1119 721//1119
f 724//1120 722//1120 365//1120
f 725//1121 398//1121 723//1121
f 726//1122 724//1122 365//1122
f 727//1123 398//1123 725//1123
f 728//1124 726//1124 365//1124
f 729//1125 398//1125 727//1125
f 730//1126 728//1126 365//1126
f 731//1127 398//1127 729//1127
f 732//1128 730//1128 365//1128
f 733//1129 398//1129 731//1129
f 734//1130 732//1130 365//1130
f 735//1131 398//1131 733//1131
f 736//1132 734//1132 365//1132
f 737//1133 398//1133 735//1133
f 738//1134 736//1134 365//1134
f 739//1135 398//1135 737//1135
f 740//1136 738//1136 365//1136
f 741//1137 398//1137 739//1137
f 742//1138 740//1138 365//1138
f 743//1139 398//1139 741//1139
f 744//1140 742//1140 365//1140
f 745//1141 398//1141 743//1141
f 746//1142 744//1142 365//1142
f 747//1143 398//1143 745//1143
f 748//1144 746//1144 365//1144
f 749//1145 398//1145 747//1145
f 750//1146 748//1146 365//1146
f 751//1147 398//1147 749//1147
f 752//1148 750//1148 365//1148
f 753//1149 398//1149 751//1149
f 754//1150 752//1150 365//1150
f 755//1151 398//1151 753//1151
f 756//1152 754//1152 365//1152
f 757//1153 398//1153 755//1153
f 758//1154 756//1154 365//1154
f 759//1155 398//1155 757//1155
f 760//1156 758//1156 365//1156
f 761//1157 398//1157 759//1157
f 762//1158 760//1158 365//1158
f 763//1159 398//1159 761//1159
f 764//1160 762//1160 365//1160
f 765//1161 398//1161 763//1161
f 766//1162 764//1162 365//1162
f 767//1163 398//1163 765//1163
f 768//1164 766//1164 365//1164
f 769//1165 398//1165 767//1165
f 770//1166 768//1166 365//1166
f 771//1167 398//1167 769//1167
f 772//1168 770//1168 365//1168
f 773//1169 398//1169 771//1169
f 774//1170 772//1170 365//1170
f 775//1171 398//1171 773//1171
f 776//1172 774//1172 365//1172
f 777//1173 398//1173 775//1173
f 778//1174 776//1174 365//1174
f 779//1175 398//1175 777//1175
f 780//1176 778//1176 365//1176
f 781//1177 398//1177 779//1177
f 782//1178 780//1178 365//1178
f 783//1179 398//1179 781//1179
f 784//1180 782//1180 365//1180
f 785//1181 398//1181 783//1181
f 786//1182 784//1182 365//1182
f 787//1183 398//1183 785//1183
f 788//1184 786//1184 365//1184
f 789//1185 398//1185 787//1185
f 790//1186 788//1186 365//1186
f 791//1187 398//1187 789//1187
f 792//1188 790//1188 365//1188
f 404//1189 398//1189 791//1189
f 404//1190 793//1190 794//1190
f 404//1191 794//1191 795//1191
f 404//1192 795//1192 796//1192
f 404//1193 796//1193 797//1193
f 404//1194 797//1194 798//1194
f 404//1195 798//1195 799//1195
f 404//1196 799//1196 800//1196
f 404//1197 800//1197 801//1197
f 404//1198 801//1198 802//1198
f 404//1199 802//1199 803//1199
f 404//1200 803//1200 804//1200
f 404//1201 804//1201 805//1201
f 404//1202 805//1202 806//1202
f 404//1203 806//1203 807//1203
f 404//1204 791//1204 808//1204
f 404//1205 807//1205 809//1205
f 404//1206 808//1206 810//1206
f 404//1207 809//1207 811//1207
f 404//1208 810//1208 812//1208
f 404//1209 812//1209 813//1209
f 404//1210 813//1210 814//1210
f 404//1211 814//1211 815//1211
f 404//1212 815//1212 816//1212
f 404//1213 816//1213 817//1213
f 404//1214 817//1214 818//1214
f 404//1215 818//1215 819//1215
f 404//1216 819//1216 793//1216
f 364//1217 820//1217 821//1217
f 364//1218 821//1218 822//1218
f 364//1219 822//1219 823//1219
f 364//1220 823//1220 824//1220
f 364//1221 824//1221 825//1221
f 364//1222 825//1222 826//1222
f 364//1223 826//1223 827//1223
f 364//1224 827//1224 792//1224
f 364//1225 792//1225 365//1225
f 364//1226 811//1226 828//1226
f 364//1227 828//1227 829//1227
f 364//1228 829//1228 830//1228
f 364//1229 830//1229 831//1229
f 364//1230 831//1230 832//1230
f 364//1231 832//1231 833//1231
f 364//1232 833//1232 834//1232
f 364//1233 834//1233 835//1233
f 364//1234 835//1234 836//1234
f 364//1235 836//1235 837//1235
f 364//1236 404//1236 811//1236
f 364//1237 837//1237 838//1237
f 364//1238 838//1238 839//1238
f 364//1239 839//1239 840//1239
f 364//1240 840//1240 841//1240
f 364//1241 841//1241 842//1241
f 364//1242 842//1242 843//1242
f 364//1243 843//1243 844//1243
f 364//1244 844//1244 820//1244
f 845//1245 364//1245 846//1245
f 847//1246 848//1246 404//1246
f 847//1247 849//1247 848//1247
f 847//1248 850//1248 849//1248
f 851//1249 845//1249 852//1249
f 853//1250 364//1250 845//1250
f 853//1251 851//1251 854//1251
f 853//1252 845//1252 851//1252
f 855//1253 364//1253 853//1253
f 856//1254 857//1254 858//1254
f 856//1255 859//1255 857//1255
f 860//1256 855//1256 861//1256
f 860//1257 364//1257 855//1257
f 862//1258 863//1258 856//1258
f 862//1259 856//1259 858//1259
f 864//1260 858//1260 847//1260
f 864//1261 865//1261 862//1261
f 864//1262 847//1262 404//1262
f 864//1263 364//1263 860//1263
f 864//1264 404//1264 364//1264
f 864//1265 862//1265 858//1265
f 866//1266 867//1266 868//1266
f 866//1267 869//1267 867//1267
f 870//1268 871//1268 864//1268
f 872//1269 869//1269 866//1269
f 872//1270 866//1270 873//1270
f 874//1271 875//1271 876//1271
f 877//1272 872//1272 878//1272
f 877//1273 860//1273 869//1273
f 877//1274 869//1274 872//1274
f 879//1275 874//1275 876//1275
f 880//1276 860//1276 877//1276
f 881//1277 879//1277 876//1277
f 882//1278 860//1278 880//1278
f 883//1279 870//1279 864//1279
f 883//1280 860//1280 882//1280
f 883//1281 876//1281 870//1281
f 883//1282 881//1282 876//1282
f 883//1283 864//1283 860//1283
f 884//1284 885//1284 883//1284
f 886//1285 887//1285 884//1285
f 888//1286 889//1286 890//1286
f 888//1287 891//1287 889//1287
f 892//1288 884//1288 883//1288
f 892//1289 886//1289 884//1289
f 893//1290 891//1290 888//1290
f 893//1291 894//1291 891//1291
f 895//1292 892//1292 883//1292
f 896//1293 893//1293 897//1293
f 896//1294 882//1294 894//1294
f 896//1295 894//1295 893//1295
f 898//1296 899//1296 895//1296
f 898//1297 900//1297 899//1297
f 901//1298 895//1298 883//1298
f 901//1299 898//1299 895//1299
f 902//1300 903//1300 904//1300
f 902//1301 896//1301 903//1301
f 905//1302 883//1302 882//1302
f 905//1303 906//1303 901//1303
f 905//1304 882//1304 896//1304
f 905//1305 896//1305 902//1305
f 905//1306 901//1306 883//1306
f 907//1307 403//1307 404//1307
f 907//1308 404//1308 848//1308
f 908//1309 848//1309 849//1309
f 908//1310 907//1310 848//1310
f 909//1311 849//1311 850//1311
f 909//1312 850//1312 847//1312
f 909//1313 908//1313 849//1313
f 910//1314 909//1314 847//1314
f 911//1315 847//1315 858//1315
f 911//1316 910//1316 847//1316
f 912//1317 858//1317 857//1317
f 912//1318 911//1318 858//1318
f 913//1319 857//1319 859//1319
f 913//1320 912//1320 857//1320
f 914//1321 859//1321 856//1321
f 914//1322 913//1322 859//1322
f 915//1323 856//1323 863//1323
f 915//1324 914//1324 856//1324
f 916//1325 863//1325 862//1325
f 916//1326 915//1326 863//1326
f 917//1327 862//1327 865//1327
f 917//1328 865//1328 864//1328
f 917//1329 916//1329 862//1329
f 918//1330 917//1330 864//1330
f 919//1331 864//1331 871//1331
f 919//1332 918//1332 864//1332
f 920//1333 871//1333 870//1333
f 920//1334 919//1334 871//1334
f 921//1335 870//1335 876//1335
f 921//1336 920//1336 870//1336
f 922//1337 876//1337 875//1337
f 922//1338 921//1338 876//1338
f 923//1339 875//1339 874//1339
f 923//1340 922//1340 875//1340
f 924//1341 874//1341 879//1341
f 924//1342 923//1342 874//1342
f 925//1343 924//1343 879//1343
f 925//1344 879//1344 881//1344
f 926//1345 925//1345 881//1345
f 926//1346 881//1346 883//1346
f 927//1347 926//1347 883//1347
f 927//1348 883//1348 885//1348
f 928//1349 927//1349 885//1349
f 928//1350 885//1350 884//1350
f 928//1351 884//1351 887//1351
f 929//1352 928//1352 887//1352
f 930//1353 887//1353 886//1353
f 930//1354 929//1354 887//1354
f 931//1355 886//1355 892//1355
f 931//1356 892//1356 895//1356
f 931//1357 930//1357 886//1357
f 932//1358 931//1358 895//1358
f 933//1359 895//1359 899//1359
f 933//1360 932//1360 895//1360
f 934//1361 899//1361 900//1361
f 934//1362 933//1362 899//1362
f 935//1363 900//1363 898//1363
f 935//1364 934//1364 900//1364
f 936//1365 898//1365 901//1365
f 936//1366 901//1366 906//1366
f 936//1367 935//1367 898//1367
f 937//1368 906//1368 905//1368
f 937//1369 936//1369 906//1369
f 938//1370 937//1370 905//1370
f 939//1371 905//1371 902//1371
f 939//1372 902//1372 904//1372
f 939//1373 938//1373 905//1373
f 940//1374 939//1374 904//1374
f 941//1375 904//1375 903//1375
f 941//1376 940//1376 904//1376
f 942//1377 903//1377 896//1377
f 942//1378 941//1378 903//1378
f 943//1379 896//1379 897//1379
f 943//1380 942//1380 896//1380
f 944//1381 897//1381 893//1381
f 944//1382 893//1382 888//1382
f 944//1383 943//1383 897//1383
f 945//1384 944//1384 888//1384
f 946//1385 888//1385 890//1385
f 946//1386 945//1386 888//1386
f 947//1387 890//1387 889//1387
f 947//1388 889//1388 891//1388
f 947//1389 946//1389 890//1389
f 948//1390 891//1390 894//1390
f 948//1391 947//1391 891//1391
f 949//1392 948//1392 894//1392
f 950//1393 949//1393 894//1393
f 950//1394 894//1394 882//1394
f 951//1395 950//1395 882//1395
f 951//1396 882//1396 880//1396
f 951//1397 880//1397 877//1397
f 952//1398 951//1398 877//1398
f 953//1399 952//1399 877//1399
f 953//1400 877//1400 878//1400
f 953//1401 878//1401 872//1401
f 954//1402 953//1402 872//1402
f 955//1403 954//1403 872//1403
f 955//1404 872//1404 873//1404
f 956//1405 955//1405 873//1405
f 956//1406 873//1406 866//1406
f 957//1407 956//1407 866//1407
f 957//1408 866//1408 868//1408
f 957//1409 868//1409 867//1409
f 958//1410 957//1410 867//1410
f 959//1411 958//1411 867//1411
f 959//1412 867//1412 869//1412
f 959//1413 869//1413 860//1413
f 960//1414 959//1414 860//1414
f 960//1415 860//1415 861//1415
f 961//1416 960//1416 861//1416
f 962//1417 961//1417 861//1417
f 962//1418 861//1418 855//1418
f 963//1419 855//1419 853//1419
f 963//1420 853//1420 854//1420
f 963//1421 962//1421 855//1421
f 964//1422 963//1422 854//1422
f 965//1423 854//1423 851//1423
f 965//1424 851//1424 852//1424
f 965//1425 964//1425 854//1425
f 966//1426 852//1426 845//1426
f 966//1427 965//1427 852//1427
f 967//1428 966//1428 845//1428
f 968//1429 845//1429 846//1429
f 968//1430 967//1430 845//1430
f 362//1431 846//1431 364//1431
f 362//1432 968//1432 846//1432
f 486//1433 911//1433 912//1433
f 481//1434 969//1434 970//1434
f 487//1435 912//1435 913//1435
f 487//1436 486//1436 912//1436
f 480//1437 971//1437 969//1437
f 480//1438 969//1438 481//1438
f 488//1439 913//1439 914//1439
f 488//1440 487//1440 913//1440
f 479//1441 972//1441 971//1441
f 479//1442 971//1442 480//1442
f 489//1443 914//1443 915//1443
f 489//1444 488//1444 914//1444
f 478//1445 973//1445 972//1445
f 478//1446 972//1446 479//1446
f 490//1447 915//1447 916//1447
f 490//1448 489//1448 915//1448
f 477//1449 974//1449 973//1449
f 477//1450 973//1450 478//1450
f 491//1451 490//1451 916//1451
f 491//1452 916//1452 917//1452
f 476//1453 974//1453 477//1453
f 476//1454 975//1454 974//1454
f 492//1455 917//1455 918//1455
f 492//1456 491//1456 917//1456
f 475//1457 975//1457 476//1457
f 475//1458 976//1458 975//1458
f 493//1459 492//1459 918//1459
f 493//1460 918//1460 919//1460
f 474//1461 977//1461 976//1461
f 474//1462 976//1462 475//1462
f 494//1463 493//1463 919//1463
f 473//1464 978//1464 977//1464
f 473//1465 977//1465 474//1465
f 495//1466 919//1466 920//1466
f 495//1467 494//1467 919//1467
f 472//1468 979//1468 978//1468
f 472//1469 978//1469 473//1469
f 496//1470 920//1470 921//1470
f 496//1471 495//1471 920//1471
f 471//1472 980//1472 979//1472
f 471//1473 979//1473 472//1473
f 497//1474 921//1474 922//1474
f 497//1475 496//1475 921//1475
f 470//1476 981//1476 980//1476
f 470//1477 980//1477 471//1477
f 498//1478 922//1478 923//1478
f 498//1479 497//1479 922//1479
f 469//1480 981//1480 470//1480
f 499//1481 923//1481 924//1481
f 499//1482 498//1482 923//1482
f 468//1483 982//1483 981//1483
f 468//1484 981//1484 469//1484
f 500//1485 924//1485 925//1485
f 500//1486 499//1486 924//1486
f 467//1487 983//1487 982//1487
f 467//1488 982//1488 468//1488
f 501//1489 500//1489 925//1489
f 501//1490 925//1490 926//1490
f 466//1491 984//1491 983//1491
f 466//1492 983//1492 467//1492
f 502//1493 926//1493 927//1493
f 502//1494 501//1494 926//1494
f 465//1495 985//1495 984//1495
f 465//1496 984//1496 466//1496
f 503//1497 502//1497 927//1497
f 464//1498 986//1498 985//1498
f 464//1499 985//1499 465//1499
f 504//1500 927//1500 928//1500
f 504//1501 503//1501 927//1501
f 463//1502 987//1502 986//1502
f 463//1503 986//1503 464//1503
f 505//1504 928//1504 929//1504
f 505//1505 504//1505 928//1505
f 462//1506 988//1506 987//1506
f 462//1507 987//1507 463//1507
f 506//1508 505//1508 929//1508
f 506//1509 929//1509 930//1509
f 461//1510 988//1510 462//1510
f 507//1511 930//1511 931//1511
f 507//1512 506//1512 930//1512
f 460//1513 989//1513 988//1513
f 460//1514 988//1514 461//1514
f 508//1515 931//1515 932//1515
f 508//1516 507//1516 931//1516
f 459//1517 990//1517 989//1517
f 459//1518 989//1518 460//1518
f 509//1519 932//1519 933//1519
f 509//1520 508//1520 932//1520
f 458//1521 991//1521 990//1521
f 458//1522 990//1522 459//1522
f 510//1523 509//1523 933//1523
f 457//1524 991//1524 458//1524
f 457//1525 992//1525 991//1525
f 511//1526 933//1526 934//1526
f 511//1527 510//1527 933//1527
f 456//1528 992//1528 457//1528
f 456//1529 993//1529 992//1529
f 512//1530 511//1530 934//1530
f 512//1531 934//1531 935//1531
f 455//1532 993//1532 456//1532
f 994//1533 993//1533 455//1533
f 513//1534 935//1534 936//1534
f 513//1535 512//1535 935//1535
f 454//1536 994//1536 455//1536
f 514//1537 513//1537 936//1537
f 937//1538 514//1538 936//1538
f 453//1539 994//1539 454//1539
f 453//1540 995//1540 994//1540
f 515//1541 514//1541 937//1541
f 452//1542 995//1542 453//1542
f 938//1543 516//1543 515//1543
f 938//1544 515//1544 937//1544
f 996//1545 995//1545 452//1545
f 451//1546 996//1546 452//1546
f 939//1547 516//1547 938//1547
f 939//1548 517//1548 516//1548
f 997//1549 996//1549 451//1549
f 997//1550 451//1550 450//1550
f 518//1551 517//1551 939//1551
f 940//1552 518//1552 939//1552
f 940//1553 519//1553 518//1553
f 998//1554 997//1554 450//1554
f 998//1555 450//1555 449//1555
f 941//1556 519//1556 940//1556
f 941//1557 520//1557 519//1557
f 999//1558 998//1558 449//1558
f 999//1559 449//1559 448//1559
f 942//1560 520//1560 941//1560
f 942//1561 521//1561 520//1561
f 1000//1562 999//1562 448//1562
f 1000//1563 447//1563 446//1563
f 1000//1564 448//1564 447//1564
f 943//1565 522//1565 521//1565
f 943//1566 521//1566 942//1566
f 1001//1567 1000//1567 446//1567
f 1001//1568 446//1568 445//1568
f 944//1569 523//1569 522//1569
f 944//1570 522//1570 943//1570
f 1002//1571 445//1571 444//1571
f 1002//1572 1001//1572 445//1572
f 945//1573 524//1573 523//1573
f 945//1574 525//1574 524//1574
f 945//1575 523//1575 944//1575
f 1003//1576 444//1576 443//1576
f 1003//1577 1002//1577 444//1577
f 946//1578 525//1578 945//1578
f 946//1579 526//1579 525//1579
f 1004//1580 443//1580 442//1580
f 1004//1581 1003//1581 443//1581
f 947//1582 527//1582 526//1582
f 947//1583 526//1583 946//1583
f 1005//1584 442//1584 441//1584
f 1005//1585 1004//1585 442//1585
f 948//1586 528//1586 527//1586
f 948//1587 527//1587 947//1587
f 1006//1588 1005//1588 441//1588
f 1006//1589 440//1589 439//1589
f 1006//1590 441//1590 440//1590
f 949//1591 529//1591 528//1591
f 949//1592 528//1592 948//1592
f 1007//1593 1006//1593 439//1593
f 1007//1594 439//1594 438//1594
f 950//1595 530//1595 529//1595
f 950//1596 529//1596 949//1596
f 1008//1597 1007//1597 438//1597
f 1008//1598 438//1598 437//1598
f 951//1599 530//1599 950//1599
f 951//1600 405//1600 530//1600
f 1009//1601 437//1601 436//1601
f 1009//1602 1008//1602 437//1602
f 952//1603 405//1603 951//1603
f 952//1604 406//1604 405//1604
f 952//1605 407//1605 406//1605
f 1010//1606 436//1606 435//1606
f 1010//1607 1009//1607 436//1607
f 953//1608 408//1608 407//1608
f 953//1609 407//1609 952//1609
f 1011//1610 435//1610 434//1610
f 1011//1611 1010//1611 435//1611
f 954//1612 409//1612 408//1612
f 954//1613 408//1613 953//1613
f 1012//1614 434//1614 433//1614
f 1012//1615 1011//1615 434//1615
f 955//1616 410//1616 409//1616
f 955//1617 409//1617 954//1617
f 1013//1618 1012//1618 433//1618
f 1013//1619 433//1619 432//1619
f 956//1620 411//1620 410//1620
f 956//1621 410//1621 955//1621
f 1014//1622 431//1622 430//1622
f 1014//1623 432//1623 431//1623
f 1014//1624 1013//1624 432//1624
f 957//1625 412//1625 411//1625
f 957//1626 411//1626 956//1626
f 1015//1627 1014//1627 430//1627
f 1015//1628 430//1628 429//1628
f 958//1629 412//1629 957//1629
f 958//1630 413//1630 412//1630
f 1016//1631 1015//1631 429//1631
f 1016//1632 429//1632 428//1632
f 959//1633 413//1633 958//1633
f 959//1634 414//1634 413//1634
f 1017//1635 1016//1635 428//1635
f 1017//1636 428//1636 427//1636
f 960//1637 415//1637 414//1637
f 960//1638 414//1638 959//1638
f 1018//1639 1017//1639 427//1639
f 1018//1640 427//1640 426//1640
f 961//1641 415//1641 960//1641
f 961//1642 416//1642 415//1642
f 1019//1643 1018//1643 426//1643
f 1019//1644 426//1644 425//1644
f 962//1645 416//1645 961//1645
f 962//1646 417//1646 416//1646
f 963//1647 417//1647 962//1647
f 963//1648 418//1648 417//1648
f 362//1649 360//1649 1020//1649
f 362//1650 1020//1650 968//1650
f 968//1651 1020//1651 1021//1651
f 968//1652 1021//1652 967//1652
f 967//1653 1021//1653 1022//1653
f 967//1654 1022//1654 966//1654
f 966//1655 1022//1655 1023//1655
f 966//1656 1023//1656 965//1656
f 965//1657 1023//1657 1024//1657
f 965//1658 1024//1658 964//1658
f 964//1659 1024//1659 1025//1659
f 964//1660 1025//1660 963//1660
f 963//1661 1025//1661 1026//1661
f 963//1662 1026//1662 1019//1662
f 963//1663 1019//1663 421//1663
f 421//1664 1019//1664 422//1664
f 422//1665 1019//1665 423//1665
f 423//1666 1019//1666 424//1666
f 424//1667 1019//1667 425//1667
f 963//1668 421//1668 420//1668
f 963//1669 420//1669 419//1669
f 963//1670 419//1670 418//1670
f 401//1671 403//1671 907//1671
f 401//1672 907//1672 1027//1672
f 1027//1673 907//1673 908//1673
f 1027//1674 908//1674 1028//1674
f 1028//1675 908//1675 909//1675
f 1028//1676 909//1676 1029//1676
f 1029//1677 909//1677 910//1677
f 1029//1678 910//1678 1030//1678
f 1030//1679 910//1679 911//1679
f 1030//1680 911//1680 970//1680
f 970//1681 911//1681 484//1681
f 484//1682 911//1682 485//1682
f 485//1683 911//1683 486//1683
f 970//1684 484//1684 483//1684
f 970//1685 483//1685 482//1685
f 970//1686 482//1686 481//1686
f 1020//1687 360//1687 361//1687
f 1020//1688 361//1688 591//1688
f 1021//1689 591//1689 590//1689
f 1021//1690 1020//1690 591//1690
f 1022//1691 590//1691 592//1691
f 1022//1692 592//1692 584//1692
f 1022//1693 1021//1693 590//1693
f 1023//1694 1022//1694 584//1694
f 1024//1695 584//1695 583//1695
f 1024//1696 1023//1696 584//1696
f 1025//1697 583//1697 578//1697
f 1025//1698 1024//1698 583//1698
f 1026//1699 578//1699 580//1699
f 1026//1700 580//1700 579//1700
f 1026//1701 1025//1701 578//1701
f 1019//1702 1026//1702 579//1702
f 1018//1703 579//1703 574//1703
f 1018//1704 1019//1704 579//1704
f 1017//1705 574//1705 575//1705
f 1017//1706 1018//1706 574//1706
f 1016//1707 575//1707 568//1707
f 1016//1708 1017//1708 575//1708
f 1015//1709 568//1709 569//1709
f 1015//1710 569//1710 566//1710
f 1015//1711 1016//1711 568//1711
f 1014//1712 1015//1712 566//1712
f 1013//1713 566//1713 560//1713
f 1013//1714 1014//1714 566//1714
f 1012//1715 560//1715 562//1715
f 1012//1716 1013//1716 560//1716
f 1011//1717 562//1717 561//1717
f 1011//1718 1012//1718 562//1718
f 1010//1719 561//1719 563//1719
f 1010//1720 563//1720 554//1720
f 1010//1721 1011//1721 561//1721
f 1009//1722 1010//1722 554//1722
f 1009//1723 554//1723 556//1723
f 1008//1724 1009//1724 556//1724
f 1007//1725 1008//1725 556//1725
f 1007//1726 556//1726 555//1726
f 1006//1727 1007//1727 555//1727
f 1006//1728 555//1728 567//1728
f 1005//1729 1006//1729 567//1729
f 1005//1730 567//1730 544//1730
f 1004//1731 544//1731 546//1731
f 1004//1732 1005//1732 544//1732
f 1003//1733 546//1733 545//1733
f 1003//1734 1004//1734 546//1734
f 1002//1735 545//1735 540//1735
f 1002//1736 1003//1736 545//1736
f 1001//1737 540//1737 534//1737
f 1001//1738 1002//1738 540//1738
f 1000//1739 534//1739 536//1739
f 1000//1740 536//1740 535//1740
f 1000//1741 1001//1741 534//1741
f 999//1742 1000//1742 535//1742
f 998//1743 535//1743 537//1743
f 998//1744 537//1744 538//1744
f 998//1745 999//1745 535//1745
f 997//1746 538//1746 549//1746
f 997//1747 998//1747 538//1747
f 996//1748 997//1748 549//1748
f 995//1749 549//1749 550//1749
f 995//1750 550//1750 551//1750
f 995//1751 996//1751 549//1751
f 994//1752 995//1752 551//1752
f 993//1753 551//1753 533//1753
f 993//1754 533//1754 532//1754
f 993//1755 994//1755 551//1755
f 992//1756 993//1756 532//1756
f 991//1757 532//1757 531//1757
f 991//1758 531//1758 539//1758
f 991//1759 992//1759 532//1759
f 990//1760 539//1760 543//1760
f 990//1761 991//1761 539//1761
f 989//1762 990//1762 543//1762
f 988//1763 543//1763 542//1763
f 988//1764 989//1764 543//1764
f 987//1765 542//1765 541//1765
f 987//1766 541//1766 547//1766
f 987//1767 988//1767 542//1767
f 986//1768 547//1768 548//1768
f 986//1769 987//1769 547//1769
f 985//1770 548//1770 553//1770
f 985//1771 986//1771 548//1771
f 984//1772 985//1772 553//1772
f 984//1773 553//1773 552//1773
f 983//1774 984//1774 552//1774
f 982//1775 983//1775 552//1775
f 982//1776 552//1776 558//1776
f 981//1777 982//1777 558//1777
f 981//1778 558//1778 559//1778
f 980//1779 981//1779 559//1779
f 980//1780 559//1780 557//1780
f 980//1781 557//1781 565//1781
f 979//1782 980//1782 565//1782
f 978//1783 979//1783 565//1783
f 978//1784 565//1784 564//1784
f 977//1785 978//1785 564//1785
f 977//1786 564//1786 572//1786
f 976//1787 977//1787 572//1787
f 976//1788 572//1788 571//1788
f 976//1789 571//1789 570//1789
f 975//1790 976//1790 570//1790
f 975//1791 570//1791 573//1791
f 974//1792 975//1792 573//1792
f 973//1793 974//1793 573//1793
f 973//1794 573//1794 577//1794
f 973//1795 577//1795 576//1795
f 972//1796 973//1796 576//1796
f 971//1797 972//1797 576//1797
f 971//1798 576//1798 582//1798
f 969//1799 582//1799 581//1799
f 969//1800 581//1800 586//1800
f 969//1801 971//1801 582//1801
f 970//1802 969//1802 586//1802
f 1030//1803 586//1803 587//1803
f 1030//1804 970//1804 586//1804
f 1029//1805 587//1805 585//1805
f 1029//1806 1030//1806 587//1806
f 1028//1807 585//1807 589//1807
f 1028//1808 1029//1808 585//1808
f 1027//1809 589//1809 588//1809
f 1027//1810 1028//1810 589//1810
f 401//1811 588//1811 402//1811
f 401//1812 1027//1812 588//1812
f 642//1813 641//1813 640//1813
f 645//1814 643//1814 642//1814
f 645//1815 644//1815 643//1815
f 635//1816 637//1816 636//1816
f 635//1817 638//1817 637//1817
f 635//1818 639//1818 638//1818
f 635//1819 640//1819 639//1819
f 633//1820 635//1820 634//1820
f 649//1821 648//1821 647//1821
f 650//1822 645//1822 642//1822
f 650//1823 646//1823 645//1823
f 650//1824 647//1824 646//1824
f 650//1825 649//1825 647//1825
f 629//1826 631//1826 630//1826
f 629//1827 632//1827 631//1827
f 629//1828 633//1828 632//1828
f 628//1829 642//1829 640//1829
f 628//1830 640//1830 635//1830
f 628//1831 635//1831 633//1831
f 628//1832 633//1832 629//1832
f 653//1833 652//1833 651//1833
f 625//1834 627//1834 626//1834
f 625//1835 628//1835 627//1835
f 656//1836 651//1836 650//1836
f 656//1837 654//1837 653//1837
f 656//1838 655//1838 654//1838
f 656//1839 653//1839 651//1839
f 623//1840 625//1840 624//1840
f 660//1841 657//1841 656//1841
f 660//1842 658//1842 657//1842
f 660//1843 659//1843 658//1843
f 620//1844 622//1844 621//1844
f 620//1845 623//1845 622//1845
f 662//1846 661//1846 660//1846
f 618//1847 623//1847 620//1847
f 618//1848 620//1848 619//1848
f 618//1849 625//1849 623//1849
f 664//1850 662//1850 660//1850
f 664//1851 663//1851 662//1851
f 616//1852 618//1852 617//1852
f 665//1853 664//1853 660//1853
f 665//1854 650//1854 642//1854
f 665//1855 656//1855 650//1855
f 665//1856 660//1856 656//1856
f 615//1857 625//1857 618//1857
f 615//1858 618//1858 616//1858
f 615//1859 628//1859 625//1859
f 667//1860 666//1860 665//1860
f 613//1861 615//1861 614//1861
f 612//1862 615//1862 613//1862
f 669//1863 665//1863 642//1863
f 669//1864 667//1864 665//1864
f 669//1865 668//1865 667//1865
f 671//1866 628//1866 615//1866
f 671//1867 669//1867 642//1867
f 671//1868 642//1868 628//1868
f 671//1869 670//1869 669//1869
f 609//1870 611//1870 610//1870
f 672//1871 671//1871 615//1871
f 608//1872 612//1872 611//1872
f 608//1873 611//1873 609//1873
f 607//1874 615//1874 612//1874
f 607//1875 612//1875 608//1875
f 674//1876 673//1876 672//1876
f 605//1877 607//1877 606//1877
f 605//1878 615//1878 607//1878
f 679//1879 677//1879 676//1879
f 679//1880 678//1880 677//1880
f 680//1881 674//1881 672//1881
f 680//1882 675//1882 674//1882
f 680//1883 676//1883 675//1883
f 680//1884 679//1884 676//1884
f 600//1885 602//1885 601//1885
f 600//1886 603//1886 602//1886
f 600//1887 604//1887 603//1887
f 682//1888 680//1888 672//1888
f 682//1889 681//1889 680//1889
f 598//1890 600//1890 599//1890
f 683//1891 605//1891 604//1891
f 683//1892 672//1892 615//1892
f 683//1893 615//1893 605//1893
f 683//1894 682//1894 672//1894
f 596//1895 598//1895 597//1895
f 596//1896 600//1896 598//1896
f 685//1897 684//1897 683//1897
f 594//1898 596//1898 595//1898
f 687//1899 685//1899 683//1899
f 687//1900 686//1900 685//1900
f 718//1901 594//1901 593//1901
f 718//1902 596//1902 594//1902
f 718//1903 600//1903 596//1903
f 691//1904 688//1904 687//1904
f 691//1905 689//1905 688//1905
f 691//1906 690//1906 689//1906
f 715//1907 600//1907 718//1907
f 715//1908 717//1908 716//1908
f 715//1909 718//1909 717//1909
f 715//1910 604//1910 600//1910
f 692//1911 691//1911 687//1911
f 714//1912 604//1912 715//1912
f 693//1913 692//1913 687//1913
f 694//1914 693//1914 687//1914
f 712//1915 714//1915 713//1915
f 712//1916 604//1916 714//1916
f 709//1917 711//1917 710//1917
f 698//1918 695//1918 694//1918
f 698//1919 696//1919 695//1919
f 698//1920 697//1920 696//1920
f 708//1921 711//1921 709//1921
f 699//1922 698//1922 694//1922
f 706//1923 708//1923 707//1923
f 701//1924 700//1924 699//1924
f 701//1925 699//1925 694//1925
f 705//1926 687//1926 683//1926
f 705//1927 712//1927 711//1927
f 705//1928 604//1928 712//1928
f 705//1929 711//1929 708//1929
f 705//1930 708//1930 706//1930
f 705//1931 683//1931 604//1931
f 703//1932 702//1932 701//1932
f 703//1933 705//1933 704//1933
f 703//1934 694//1934 687//1934
f 703//1935 701//1935 694//1935
f 703//1936 687//1936 705//1936
f 794//1937 793//1937 1031//1937
f 794//1938 1031//1938 1032//1938
f 794//1939 1032//1939 1033//1939
f 795//1940 1033//1940 1034//1940
f 795//1941 794//1941 1033//1941
f 796//1942 795//1942 1034//1942
f 797//1943 1034//1943 1035//1943
f 797//1944 1035//1944 1036//1944
f 797//1945 796//1945 1034//1945
f 798//1946 797//1946 1036//1946
f 799//1947 1036//1947 1037//1947
f 799//1948 798//1948 1036//1948
f 800//1949 1037//1949 1038//1949
f 800//1950 1038//1950 1039//1950
f 800//1951 799//1951 1037//1951
f 801//1952 800//1952 1039//1952
f 802//1953 1039//1953 1040//1953
f 802//1954 801//1954 1039//1954
f 803//1955 1040//1955 1041//1955
f 803//1956 802//1956 1040//1956
f 804//1957 803//1957 1041//1957
f 804//1958 1041//1958 1042//1958
f 804//1959 1042//1959 1043//1959
f 805//1960 804//1960 1043//1960
f 806//1961 805//1961 1043//1961
f 806//1962 1043//1962 1044//1962
f 807//1963 806//1963 1044//1963
f 807//1964 1044//1964 1045//1964
f 809//1965 1045//1965 1046//1965
f 809//1966 1046//1966 1047//1966
f 809//1967 807//1967 1045//1967
f 811//1968 809//1968 1047//1968
f 828//1969 1047//1969 1048//1969
f 828//1970 811//1970 1047//1970
f 829//1971 1048//1971 1049//1971
f 829//1972 1049//1972 1050//1972
f 829//1973 828//1973 1048//1973
f 830//1974 829//1974 1050//1974
f 831//1975 1050//1975 1051//1975
f 831//1976 830//1976 1050//1976
f 832//1977 1051//1977 1052//1977
f 832//1978 831//1978 1051//1978
f 833//1979 1052//1979 1053//1979
f 833//1980 832//1980 1052//1980
f 834//1981 1053//1981 1054//1981
f 834//1982 833//1982 1053//1982
f 835//1983 1054//1983 1055//1983
f 835//1984 834//1984 1054//1984
f 836//1985 1055//1985 1056//1985
f 836//1986 835//1986 1055//1986
f 837//1987 1056//1987 1057//1987
f 837//1988 836//1988 1056//1988
f 838//1989 1057//1989 1058//1989
f 838//1990 837//1990 1057//1990
f 839//1991 1058//1991 1059//1991
f 839//1992 1059//1992 1060//1992
f 839//1993 838//1993 1058//1993
f 840//1994 839//1994 1060//1994
f 841//1995 1060//1995 1061//1995
f 841//1996 840//1996 1060//1996
f 842//1997 1061//1997 1062//1997
f 842//1998 841//1998 1061//1998
f 843//1999 1062//1999 1063//1999
f 843//2000 842//2000 1062//2000
f 844//2001 1063//2001 1064//2001
f 844//2002 843//2002 1063//2002
f 820//2003 1064//2003 1065//2003
f 820//2004 844//2004 1064//2004
f 821//2005 1065//2005 1066//2005
f 821//2006 820//2006 1065//2006
f 822//2007 1066//2007 1067//2007
f 822//2008 821//2008 1066//2008
f 823//2009 1067//2009 1068//2009
f 823//2010 1068//2010 1069//2010
f 823//2011 822//2011 1067//2011
f 824//2012 823//2012 1069//2012
f 824//2013 1069//2013 1070//2013
f 825//2014 824//2014 1070//2014
f 826//2015 825//2015 1070//2015
f 826//2016 1070//2016 1071//2016
f 827//2017 826//2017 1071//2017
f 827//2018 1071//2018 1072//2018
f 792//2019 827//2019 1072//2019
f 792//2020 1072//2020 1073//2020
f 790//2021 792//2021 1073//2021
f 790//2022 1073//2022 1074//2022
f 788//2023 790//2023 1074//2023
f 788//2024 1074//2024 1075//2024
f 786//2025 788//2025 1075//2025
f 786//2026 1075//2026 1076//2026
f 784//2027 786//2027 1076//2027
f 784//2028 1076//2028 1077//2028
f 784//2029 1077//2029 1078//2029
f 782//2030 784//2030 1078//2030
f 780//2031 1078//2031 1079//2031
f 780//2032 782//2032 1078//2032
f 778//2033 1079//2033 1080//2033
f 778//2034 780//2034 1079//2034
f 776//2035 1080//2035 1081//2035
f 776//2036 1081//2036 1082//2036
f 776//2037 778//2037 1080//2037
f 774//2038 776//2038 1082//2038
f 772//2039 1082//2039 1083//2039
f 772//2040 1083//2040 1084//2040
f 772//2041 774//2041 1082//2041
f 770//2042 772//2042 1084//2042
f 768//2043 1084//2043 1085//2043
f 768//2044 1085//2044 1086//2044
f 768//2045 770//2045 1084//2045
f 766//2046 768//2046 1086//2046
f 764//2047 1086//2047 1087//2047
f 764//2048 766//2048 1086//2048
f 762//2049 1087//2049 1088//2049
f 762//2050 1088//2050 1089//2050
f 762//2051 764//2051 1087//2051
f 760//2052 762//2052 1089//2052
f 758//2053 1089//2053 1090//2053
f 758//2054 760//2054 1089//2054
f 756//2055 1090//2055 1091//2055
f 756//2056 758//2056 1090//2056
f 754//2057 1091//2057 1092//2057
f 754//2058 756//2058 1091//2058
f 752//2059 754//2059 1092//2059
f 752//2060 1092//2060 1093//2060
f 752//2061 1093//2061 1094//2061
f 750//2062 752//2062 1094//2062
f 750//2063 1094//2063 1095//2063
f 748//2064 750//2064 1095//2064
f 746//2065 748//2065 1095//2065
f 746//2066 1095//2066 1096//2066
f 746//2067 1096//2067 1097//2067
f 744//2068 746//2068 1097//2068
f 744//2069 1097//2069 1098//2069
f 742//2070 744//2070 1098//2070
f 742//2071 1098//2071 1099//2071
f 740//2072 742//2072 1099//2072
f 738//2073 740//2073 1099//2073
f 738//2074 1099//2074 1100//2074
f 738//2075 1100//2075 1101//2075
f 736//2076 738//2076 1101//2076
f 736//2077 1101//2077 1102//2077
f 734//2078 736//2078 1102//2078
f 732//2079 734//2079 1102//2079
f 732//2080 1102//2080 1103//2080
f 732//2081 1103//2081 1104//2081
f 730//2082 732//2082 1104//2082
f 728//2083 730//2083 1104//2083
f 728//2084 1104//2084 1105//2084
f 726//2085 728//2085 1105//2085
f 726//2086 1105//2086 1106//2086
f 724//2087 726//2087 1106//2087
f 724//2088 1106//2088 1107//2088
f 724//2089 1107//2089 1108//2089
f 722//2090 724//2090 1108//2090
f 720//2091 722//2091 1108//2091
f 720//2092 1108//2092 1109//2092
f 719//2093 720//2093 1109//2093
f 719//2094 1109//2094 1110//2094
f 719//2095 1110//2095 1111//2095
f 721//2096 719//2096 1111//2096
f 723//2097 721//2097 1111//2097
f 723//2098 1111//2098 1112//2098
f 725//2099 723//2099 1112//2099
f 725//2100 1112//2100 1113//2100
f 727//2101 1113//2101 1114//2101
f 727//2102 725//2102 1113//2102
f 727//2103 1114//2103 1115//2103
f 729//2104 727//2104 1115//2104
f 731//2105 1115//2105 1116//2105
f 731//2106 729//2106 1115//2106
f 733//2107 1116//2107 1117//2107
f 733//2108 731//2108 1116//2108
f 735//2109 1117//2109 1118//2109
f 735//2110 733//2110 1117//2110
f 737//2111 735//2111 1118//2111
f 737//2112 1118//2112 1119//2112
f 739//2113 737//2113 1119//2113
f 739//2114 1119//2114 1120//2114
f 741//2115 739//2115 1120//2115
f 741//2116 1120//2116 1121//2116
f 743//2117 741//2117 1121//2117
f 743//2118 1121//2118 1122//2118
f 743//2119 1122//2119 1123//2119
f 745//2120 743//2120 1123//2120
f 747//2121 745//2121 1123//2121
f 747//2122 1123//2122 1124//2122
f 749//2123 747//2123 1124//2123
f 749//2124 1124//2124 1125//2124
f 751//2125 749//2125 1125//2125
f 751//2126 1125//2126 1126//2126
f 753//2127 751//2127 1126//2127
f 753//2128 1126//2128 1127//2128
f 755//2129 753//2129 1127//2129
f 755//2130 1127//2130 1128//2130
f 757//2131 755//2131 1128//2131
f 757//2132 1128//2132 1129//2132
f 759//2133 757//2133 1129//2133
f 759//2134 1129//2134 1130//2134
f 761//2135 1130//2135 1131//2135
f 761//2136 759//2136 1130//2136
f 763//2137 1131//2137 1132//2137
f 763//2138 761//2138 1131//2138
f 765//2139 1132//2139 1133//2139
f 765//2140 763//2140 1132//2140
f 767//2141 1133//2141 1134//2141
f 767//2142 765//2142 1133//2142
f 769//2143 1134//2143 1135//2143
f 769//2144 1135//2144 1136//2144
f 769//2145 767//2145 1134//2145
f 771//2146 769//2146 1136//2146
f 773//2147 1136//2147 1137//2147
f 773//2148 771//2148 1136//2148
f 775//2149 1137//2149 1138//2149
f 775//2150 773//2150 1137//2150
f 777//2151 1138//2151 1139//2151
f 777//2152 775//2152 1138//2152
f 779//2153 1139//2153 1140//2153
f 779//2154 777//2154 1139//2154
f 781//2155 1140//2155 1141//2155
f 781//2156 779//2156 1140//2156
f 783//2157 1141//2157 1142//2157
f 783//2158 781//2158 1141//2158
f 785//2159 783//2159 1142//2159
f 785//2160 1142//2160 1143//2160
f 787//2161 785//2161 1143//2161
f 787//2162 1143//2162 1144//2162
f 789//2163 787//2163 1144//2163
f 789//2164 1144//2164 1145//2164
f 791//2165 789//2165 1145//2165
f 791//2166 1145//2166 1146//2166
f 808//2167 791//2167 1146//2167
f 808//2168 1146//2168 1147//2168
f 810//2169 1147//2169 1148//2169
f 810//2170 808//2170 1147//2170
f 812//2171 1148//2171 1149//2171
f 812//2172 810//2172 1148//2172
f 813//2173 1149//2173 1150//2173
f 813//2174 1150//2174 1151//2174
f 813//2175 812//2175 1149//2175
f 814//2176 813//2176 1151//2176
f 815//2177 1151//2177 1152//2177
f 815//2178 814//2178 1151//2178
f 816//2179 1152//2179 1153//2179
f 816//2180 815//2180 1152//2180
f 817//2181 1153//2181 1154//2181
f 817//2182 816//2182 1153//2182
f 818//2183 1154//2183 1155//2183
f 818//2184 817//2184 1154//2184
f 819//2185 1155//2185 1156//2185
f 819//2186 1156//2186 1031//2186
f 819//2187 818//2187 1155//2187
f 793//2188 819//2188 1031//2188
f 1112//2189 1110//2189 1109//2189
f 1112//2190 1111//2190 1110//2190
f 1106//2191 1108//2191 1107//2191
f 1106//2192 1109//2192 1108//2192
f 1114//2193 1113//2193 1112//2193
f 1102//2194 1104//2194 1103//2194
f 1102//2195 1105//2195 1104//2195
f 1102//2196 1106//2196 1105//2196
f 1101//2197 1106//2197 1102//2197
f 1119//2198 1118//2198 1117//2198
f 1100//2199 1112//2199 1109//2199
f 1100//2200 1114//2200 1112//2200
f 1100//2201 1109//2201 1106//2201
f 1100//2202 1106//2202 1101//2202
f 1121//2203 1119//2203 1117//2203
f 1121//2204 1120//2204 1119//2204
f 1098//2205 1100//2205 1099//2205
f 1122//2206 1121//2206 1117//2206
f 1123//2207 1122//2207 1117//2207
f 1123//2208 1116//2208 1115//2208
f 1123//2209 1117//2209 1116//2209
f 1095//2210 1097//2210 1096//2210
f 1095//2211 1098//2211 1097//2211
f 1125//2212 1124//2212 1123//2212
f 1094//2213 1098//2213 1095//2213
f 1128//2214 1127//2214 1126//2214
f 1091//2215 1093//2215 1092//2215
f 1091//2216 1094//2216 1093//2216
f 1129//2217 1128//2217 1126//2217
f 1129//2218 1126//2218 1125//2218
f 1090//2219 1100//2219 1098//2219
f 1090//2220 1098//2220 1094//2220
f 1090//2221 1094//2221 1091//2221
f 1131//2222 1130//2222 1129//2222
f 1132//2223 1129//2223 1125//2223
f 1132//2224 1131//2224 1129//2224
f 1086//2225 1088//2225 1087//2225
f 1134//2226 1133//2226 1132//2226
f 1134//2227 1132//2227 1125//2227
f 1084//2228 1088//2228 1086//2228
f 1084//2229 1086//2229 1085//2229
f 1084//2230 1089//2230 1088//2230
f 1084//2231 1090//2231 1089//2231
f 1083//2232 1090//2232 1084//2232
f 1137//2233 1135//2233 1134//2233
f 1137//2234 1136//2234 1135//2234
f 1082//2235 1090//2235 1083//2235
f 1082//2236 1100//2236 1090//2236
f 1140//2237 1139//2237 1138//2237
f 1078//2238 1080//2238 1079//2238
f 1078//2239 1081//2239 1080//2239
f 1078//2240 1082//2240 1081//2240
f 1142//2241 1138//2241 1137//2241
f 1142//2242 1141//2242 1140//2242
f 1142//2243 1140//2243 1138//2243
f 1145//2244 1143//2244 1142//2244
f 1145//2245 1144//2245 1143//2245
f 1074//2246 1076//2246 1075//2246
f 1146//2247 1145//2247 1142//2247
f 1072//2248 1074//2248 1073//2248
f 1072//2249 1076//2249 1074//2249
f 1071//2250 1077//2250 1076//2250
f 1071//2251 1078//2251 1077//2251
f 1071//2252 1082//2252 1078//2252
f 1071//2253 1076//2253 1072//2253
f 1149//2254 1147//2254 1146//2254
f 1149//2255 1148//2255 1147//2255
f 1150//2256 1149//2256 1146//2256
f 1068//2257 1100//2257 1082//2257
f 1068//2258 1070//2258 1069//2258
f 1068//2259 1071//2259 1070//2259
f 1068//2260 1114//2260 1100//2260
f 1068//2261 1082//2261 1071//2261
f 1066//2262 1068//2262 1067//2262
f 1154//2263 1152//2263 1151//2263
f 1154//2264 1153//2264 1152//2264
f 1064//2265 1066//2265 1065//2265
f 1064//2266 1068//2266 1066//2266
f 1156//2267 1154//2267 1151//2267
f 1156//2268 1155//2268 1154//2268
f 1063//2269 1068//2269 1064//2269
f 1061//2270 1068//2270 1063//2270
f 1061//2271 1137//2271 1134//2271
f 1061//2272 1134//2272 1125//2272
f 1061//2273 1063//2273 1062//2273
f 1061//2274 1142//2274 1137//2274
f 1061//2275 1114//2275 1068//2275
f 1061//2276 1123//2276 1115//2276
f 1061//2277 1115//2277 1114//2277
f 1061//2278 1125//2278 1123//2278
f 1033//2279 1032//2279 1031//2279
f 1034//2280 1033//2280 1031//2280
f 1034//2281 1031//2281 1156//2281
f 1036//2282 1035//2282 1034//2282
f 1036//2283 1034//2283 1156//2283
f 1037//2284 1036//2284 1156//2284
f 1056//2285 1058//2285 1057//2285
f 1056//2286 1059//2286 1058//2286
f 1056//2287 1060//2287 1059//2287
f 1038//2288 1037//2288 1156//2288
f 1055//2289 1061//2289 1060//2289
f 1055//2290 1060//2290 1056//2290
f 1054//2291 1061//2291 1055//2291
f 1054//2292 1142//2292 1061//2292
f 1041//2293 1039//2293 1038//2293
f 1041//2294 1040//2294 1039//2294
f 1042//2295 1041//2295 1038//2295
f 1051//2296 1053//2296 1052//2296
f 1051//2297 1054//2297 1053//2297
f 1044//2298 1043//2298 1042//2298
f 1044//2299 1042//2299 1038//2299
f 1049//2300 1151//2300 1150//2300
f 1049//2301 1051//2301 1050//2301
f 1049//2302 1054//2302 1051//2302
f 1049//2303 1142//2303 1054//2303
f 1049//2304 1146//2304 1142//2304
f 1049//2305 1150//2305 1146//2305
f 1045//2306 1044//2306 1038//2306
f 1048//2307 1156//2307 1151//2307
f 1048//2308 1038//2308 1156//2308
f 1048//2309 1151//2309 1049//2309
f 1047//2310 1046//2310 1045//2310
f 1047//2311 1045//2311 1038//2311
f 1047//2312 1038//2312 1048//2312
