# Created by FreeCAD <https://www.freecad.org>
v 12.700000 177.300003 200.000000
v 12.700000 177.300003 225.399994
v 12.700000 164.600006 225.399994
v 12.700000 164.600006 200.000000
v -38.099998 177.300003 225.399994
v -38.099998 190.000000 225.399994
v -199.199997 190.000000 225.399994
v -199.199997 164.600006 225.399994
v -38.099998 177.300003 200.000000
v -149.033035 164.615784 200.000000
v -149.664505 164.663116 200.000000
v -148.399994 164.600006 200.000000
v -150.916458 164.851807 200.000000
v -151.533813 164.992722 200.000000
v -150.292831 164.741852 200.000000
v -153.910324 165.857697 200.000000
v -154.473831 166.146591 200.000000
v -153.333115 165.597260 200.000000
v -152.743652 165.365906 200.000000
v -152.143387 165.164230 200.000000
v -155.022232 166.463211 200.000000
v -156.068314 167.176422 200.000000
v -156.563400 167.571228 200.000000
v -155.554169 166.806763 200.000000
v -157.922226 168.896591 200.000000
v -158.329254 169.381683 200.000000
v -157.491516 168.432388 200.000000
v -157.038193 167.990234 200.000000
v -159.068329 170.409668 200.000000
v -158.711609 169.886459 200.000000
v -159.398529 170.949997 200.000000
v -160.438675 173.255219 200.000000
v -160.222092 172.660172 200.000000
v -159.976120 172.076660 200.000000
v -159.701370 171.506119 200.000000
v -160.625320 173.860321 200.000000
v -160.781586 174.473984 200.000000
v -160.907059 175.094666 200.000000
v -161.001434 175.720840 200.000000
v -148.399994 190.000000 200.000000
v -38.099998 190.000000 200.000000
v -161.096054 177.616623 200.000000
v -161.096054 176.983383 200.000000
v -161.064484 176.350922 200.000000
v -149.664505 189.936890 200.000000
v -149.033035 189.984207 200.000000
v -161.064484 178.249069 200.000000
v -161.001434 178.879166 200.000000
v -150.292831 189.858154 200.000000
v -160.907059 179.505325 200.000000
v -150.916458 189.748184 200.000000
v -160.781586 180.126022 200.000000
v -160.625320 180.739670 200.000000
v -160.438675 181.344788 200.000000
v -152.743652 189.234100 200.000000
v -151.533813 189.607285 200.000000
v -152.143387 189.435776 200.000000
v -153.333115 189.002747 200.000000
v -154.473831 188.453415 200.000000
v -153.910324 188.742310 200.000000
v -159.701370 183.093872 200.000000
v -159.398529 183.649994 200.000000
v -159.976120 182.523346 200.000000
v -160.222092 181.939835 200.000000
v -159.068329 184.190338 200.000000
v -156.068314 187.423584 200.000000
v -155.022232 188.136795 200.000000
v -155.554169 187.793228 200.000000
v -158.329254 185.218323 200.000000
v -157.922226 185.703415 200.000000
v -158.711609 184.713547 200.000000
v -157.038193 186.609756 200.000000
v -156.563400 187.028763 200.000000
v -157.491516 186.167603 200.000000
v 5.497889 177.300003 207.598709
v 5.236776 177.300003 207.330994
v 4.962644 177.300003 207.076645
v 5.745333 177.300003 207.879089
v 4.676174 177.300003 206.836258
v 5.978494 177.300003 208.171463
v 4.378078 177.300003 206.610458
v 6.196791 177.300003 208.475098
v 4.069097 177.300003 206.399811
v 6.399682 177.300003 208.789230
v 3.750000 177.300003 206.204803
v 6.586662 177.300003 209.113098
v 3.421580 177.300003 206.025955
v 6.757267 177.300003 209.445877
v 3.084653 177.300003 205.863708
v 6.911072 177.300003 209.786743
v 2.740058 177.300003 205.718445
v 7.047695 177.300003 210.134842
v 2.388650 177.300003 205.590546
v 7.166796 177.300003 210.489334
v 2.031303 177.300003 205.480316
v 7.268080 177.300003 210.849319
v 1.668907 177.300003 205.388046
v 7.351294 177.300003 211.213898
v 1.302361 177.300003 205.313934
v 7.416231 177.300003 211.582184
v 0.932578 177.300003 205.258209
v 7.462731 177.300003 211.953247
v 0.560476 177.300003 205.220978
v 7.490677 177.300003 212.326157
v 0.186980 177.300003 205.202332
v 7.500000 177.300003 212.699997
v -0.186980 177.300003 205.202332
v -0.560476 177.300003 205.220978
v -0.932578 177.300003 205.258209
v -1.302361 177.300003 205.313934
v -1.668907 177.300003 205.388046
v 5.745333 177.300003 217.520905
v 5.497889 177.300003 217.801300
v 5.978494 177.300003 217.228531
v 6.196791 177.300003 216.924896
v 6.399682 177.300003 216.610764
v 6.586662 177.300003 216.286911
v 6.757267 177.300003 215.954132
v 6.911072 177.300003 215.613266
v 7.047695 177.300003 215.265152
v 7.166796 177.300003 214.910660
v 7.268080 177.300003 214.550674
v 7.351294 177.300003 214.186096
v 7.416231 177.300003 213.817810
v 7.462731 177.300003 213.446762
v 7.490677 177.300003 213.073837
v 5.236776 177.300003 218.069000
v 4.962644 177.300003 218.323364
v 4.676174 177.300003 218.563736
v 4.378078 177.300003 218.789536
v 4.069097 177.300003 219.000198
v 3.750000 177.300003 219.195190
v 3.421580 177.300003 219.374039
v 3.084653 177.300003 219.536301
v 2.740058 177.300003 219.681549
v 2.388650 177.300003 219.809448
v 2.031303 177.300003 219.919678
v 1.668907 177.300003 220.011963
v 1.302361 177.300003 220.086060
v 0.932578 177.300003 220.141800
v 0.560476 177.300003 220.179031
v 0.186980 177.300003 220.197662
v -0.186980 177.300003 220.197662
v -0.560476 177.300003 220.179031
v -0.932578 177.300003 220.141800
v -29.008492 177.300003 203.832397
v -4.378078 177.300003 206.610458
v -4.069097 177.300003 206.399811
v -29.461805 177.300003 203.390244
v -3.750000 177.300003 206.204803
v -28.577778 177.300003 204.296585
v -4.676174 177.300003 206.836258
v -29.936598 177.300003 202.971237
v -3.421580 177.300003 206.025955
v -3.084653 177.300003 205.863708
v -28.170740 177.300003 204.781677
v -4.962644 177.300003 207.076645
v -30.431684 177.300003 202.576416
v -2.740058 177.300003 205.718445
v -27.788387 177.300003 205.286453
v -5.236776 177.300003 207.330994
v -5.497889 177.300003 207.598709
v -30.945835 177.300003 202.206772
v -2.388650 177.300003 205.590546
v -27.431671 177.300003 205.809662
v -5.745333 177.300003 207.879089
v -31.477774 177.300003 201.863205
v -2.031303 177.300003 205.480316
v -27.101477 177.300003 206.350006
v -5.978494 177.300003 208.171463
v -32.026173 177.300003 201.546585
v -26.798628 177.300003 206.906128
v -6.196791 177.300003 208.475098
v -32.589676 177.300003 201.257690
v -26.523876 177.300003 207.476654
v -6.399682 177.300003 208.789230
v -6.586662 177.300003 209.113098
v -33.166878 177.300003 200.997253
v -26.277903 177.300003 208.060165
v -6.757267 177.300003 209.445877
v -33.756344 177.300003 200.765900
v -26.061323 177.300003 208.655212
v -6.911072 177.300003 209.786743
v -34.356609 177.300003 200.564224
v -25.874672 177.300003 209.260330
v -7.047695 177.300003 210.134842
v -34.966183 177.300003 200.392715
v -25.718416 177.300003 209.873978
v -7.166796 177.300003 210.489334
v -7.268080 177.300003 210.849319
v -35.583546 177.300003 200.251816
v -25.592941 177.300003 210.494675
v -7.351294 177.300003 211.213898
v -36.207165 177.300003 200.141846
v -25.498562 177.300003 211.120834
v -7.416231 177.300003 211.582184
v -36.835487 177.300003 200.063110
v -25.435513 177.300003 211.750931
v -7.462731 177.300003 211.953247
v -7.490677 177.300003 212.326157
v -25.403948 177.300003 212.383377
v -7.500000 177.300003 212.699997
v -25.403948 177.300003 213.016617
v -7.490677 177.300003 213.073837
v -25.435513 177.300003 213.649078
v -7.462731 177.300003 213.446762
v -7.416231 177.300003 213.817810
v -25.498562 177.300003 214.279160
v -7.351294 177.300003 214.186096
v -25.592941 177.300003 214.905334
v -7.268080 177.300003 214.550674
v -25.718416 177.300003 215.526016
v -7.166796 177.300003 214.910660
v -7.047695 177.300003 215.265152
v -25.874672 177.300003 216.139679
v -6.911072 177.300003 215.613266
v -26.061323 177.300003 216.744781
v -6.757267 177.300003 215.954132
v -26.277903 177.300003 217.339828
v -6.586662 177.300003 216.286911
v -26.523876 177.300003 217.923340
v -6.399682 177.300003 216.610764
v -6.196791 177.300003 216.924896
v -26.798628 177.300003 218.493881
v -5.978494 177.300003 217.228531
v -27.101477 177.300003 219.050003
v -5.745333 177.300003 217.520905
v -27.431671 177.300003 219.590332
v -5.497889 177.300003 217.801300
v -27.788387 177.300003 220.113541
v -5.236776 177.300003 218.069000
v -4.962644 177.300003 218.323364
v -28.170740 177.300003 220.618317
v -4.676174 177.300003 218.563736
v -28.577778 177.300003 221.103409
v -4.378078 177.300003 218.789536
v -29.008492 177.300003 221.567612
v -4.069097 177.300003 219.000198
v -29.461805 177.300003 222.009766
v -3.750000 177.300003 219.195190
v -29.936598 177.300003 222.428772
v -3.421580 177.300003 219.374039
v -3.084653 177.300003 219.536301
v -30.431684 177.300003 222.823578
v -2.740058 177.300003 219.681549
v -30.945835 177.300003 223.193237
v -37.466957 177.300003 225.384216
v -36.835487 177.300003 225.336884
v -36.207165 177.300003 225.258148
v -35.583546 177.300003 225.148193
v -34.966183 177.300003 225.007278
v -34.356609 177.300003 224.835770
v -33.756344 177.300003 224.634094
v -33.166878 177.300003 224.402740
v -32.589676 177.300003 224.142303
v -32.026173 177.300003 223.853409
v -31.477774 177.300003 223.536789
v -1.302361 177.300003 220.086060
v -1.668907 177.300003 220.011963
v -2.031303 177.300003 219.919678
v -2.388650 177.300003 219.809448
v -37.466957 177.300003 200.015793
v 5.497889 164.600006 207.598709
v 5.236776 164.600006 207.330994
v 4.962644 164.600006 207.076645
v 5.745333 164.600006 207.879089
v 4.676174 164.600006 206.836258
v 5.978494 164.600006 208.171463
v 4.378078 164.600006 206.610458
v 6.196791 164.600006 208.475098
v 4.069097 164.600006 206.399811
v 6.399682 164.600006 208.789230
v 3.750000 164.600006 206.204803
v 6.586662 164.600006 209.113098
v 3.421580 164.600006 206.025955
v 6.757267 164.600006 209.445877
v 3.084653 164.600006 205.863708
v 6.911072 164.600006 209.786743
v 2.740058 164.600006 205.718445
v 7.047695 164.600006 210.134842
v 2.388650 164.600006 205.590546
v 7.166796 164.600006 210.489334
v 2.031303 164.600006 205.480316
v 7.268080 164.600006 210.849319
v 1.668907 164.600006 205.388046
v 7.351294 164.600006 211.213898
v 1.302361 164.600006 205.313934
v 7.416231 164.600006 211.582184
v 0.932578 164.600006 205.258209
v 7.462731 164.600006 211.953247
v 0.560476 164.600006 205.220978
v 7.490677 164.600006 212.326157
v 0.186980 164.600006 205.202332
v 7.500000 164.600006 212.699997
v -0.186980 164.600006 205.202332
v -0.560476 164.600006 205.220978
v -0.932578 164.600006 205.258209
v -1.302361 164.600006 205.313934
v -1.668907 164.600006 205.388046
v -2.031303 164.600006 205.480316
v -2.388650 164.600006 205.590546
v 5.745333 164.600006 217.520905
v 5.497889 164.600006 217.801300
v 5.978494 164.600006 217.228531
v 6.196791 164.600006 216.924896
v 6.399682 164.600006 216.610764
v 6.586662 164.600006 216.286911
v 6.757267 164.600006 215.954132
v 6.911072 164.600006 215.613266
v 7.047695 164.600006 215.265152
v 7.166796 164.600006 214.910660
v 7.268080 164.600006 214.550674
v 7.351294 164.600006 214.186096
v 7.416231 164.600006 213.817810
v 7.462731 164.600006 213.446762
v 7.490677 164.600006 213.073837
v 5.236776 164.600006 218.069000
v 4.962644 164.600006 218.323364
v 4.676174 164.600006 218.563736
v 4.378078 164.600006 218.789536
v 4.069097 164.600006 219.000198
v 3.750000 164.600006 219.195190
v 3.421580 164.600006 219.374039
v 3.084653 164.600006 219.536301
v 2.740058 164.600006 219.681549
v 2.388650 164.600006 219.809448
v 2.031303 164.600006 219.919678
v 1.668907 164.600006 220.011963
v 1.302361 164.600006 220.086060
v 0.932578 164.600006 220.141800
v 0.560476 164.600006 220.179031
v 0.186980 164.600006 220.197662
v -0.186980 164.600006 220.197662
v -0.560476 164.600006 220.179031
v -0.932578 164.600006 220.141800
v -1.302361 164.600006 220.086060
v -1.668907 164.600006 220.011963
v -2.031303 164.600006 219.919678
v -2.740058 164.600006 205.718445
v -3.084653 164.600006 205.863708
v -3.421580 164.600006 206.025955
v -3.750000 164.600006 206.204803
v -4.069097 164.600006 206.399811
v -4.378078 164.600006 206.610458
v -4.676174 164.600006 206.836258
v -4.962644 164.600006 207.076645
v -5.236776 164.600006 207.330994
v -5.497889 164.600006 207.598709
v -5.745333 164.600006 207.879089
v -5.978494 164.600006 208.171463
v -6.196791 164.600006 208.475098
v -6.399682 164.600006 208.789230
v -6.586662 164.600006 209.113098
v -6.757267 164.600006 209.445877
v -6.911072 164.600006 209.786743
v -7.047695 164.600006 210.134842
v -7.166796 164.600006 210.489334
v -7.268080 164.600006 210.849319
v -7.351294 164.600006 211.213898
v -7.416231 164.600006 211.582184
v -7.462731 164.600006 211.953247
v -7.490677 164.600006 213.073837
v -148.399994 164.600006 212.699997
v -7.500000 164.600006 212.699997
v -7.462731 164.600006 213.446762
v -7.416231 164.600006 213.817810
v -7.351294 164.600006 214.186096
v -7.268080 164.600006 214.550674
v -7.166796 164.600006 214.910660
v -7.047695 164.600006 215.265152
v -6.911072 164.600006 215.613266
v -6.757267 164.600006 215.954132
v -6.586662 164.600006 216.286911
v -6.399682 164.600006 216.610764
v -6.196791 164.600006 216.924896
v -5.978494 164.600006 217.228531
v -5.745333 164.600006 217.520905
v -5.497889 164.600006 217.801300
v -5.236776 164.600006 218.069000
v -4.962644 164.600006 218.323364
v -4.676174 164.600006 218.563736
v -7.490677 164.600006 212.326157
v -199.199997 164.600006 212.699997
v -2.388650 164.600006 219.809448
v -2.740058 164.600006 219.681549
v -3.084653 164.600006 219.536301
v -3.421580 164.600006 219.374039
v -3.750000 164.600006 219.195190
v -4.069097 164.600006 219.000198
v -4.378078 164.600006 218.789536
v -199.199997 190.000000 212.699997
v -148.399994 190.000000 212.699997
v -36.207165 190.000000 200.141846
v -36.835487 190.000000 200.063110
v -37.466957 190.000000 200.015793
v -34.966183 190.000000 200.392715
v -35.583546 190.000000 200.251816
v -34.356609 190.000000 200.564224
v -33.756344 190.000000 200.765900
v -32.589676 190.000000 201.257690
v -33.166878 190.000000 200.997253
v -30.945835 190.000000 202.206772
v -32.026173 190.000000 201.546585
v -31.477774 190.000000 201.863205
v -30.431684 190.000000 202.576416
v -29.008492 190.000000 203.832397
v -29.936598 190.000000 202.971237
v -29.461805 190.000000 203.390244
v -28.577778 190.000000 204.296585
v -27.788387 190.000000 205.286453
v -28.170740 190.000000 204.781677
v -26.798628 190.000000 206.906128
v -27.431671 190.000000 205.809662
v -27.101477 190.000000 206.350006
v -26.277903 190.000000 208.060165
v -26.523876 190.000000 207.476654
v -26.061323 190.000000 208.655212
v -25.498562 190.000000 211.120834
v -25.592941 190.000000 210.494675
v -25.718416 190.000000 209.873978
v -25.874672 190.000000 209.260330
v -37.466957 190.000000 225.384216
v -25.435513 190.000000 211.750931
v -25.435513 190.000000 213.649078
v -25.403948 190.000000 212.383377
v -25.403948 190.000000 213.016617
v -36.207165 190.000000 225.258148
v -36.835487 190.000000 225.336884
v -25.592941 190.000000 214.905334
v -25.498562 190.000000 214.279160
v -25.718416 190.000000 215.526016
v -25.874672 190.000000 216.139679
v -34.356609 190.000000 224.835770
v -35.583546 190.000000 225.148193
v -34.966183 190.000000 225.007278
v -33.756344 190.000000 224.634094
v -26.523876 190.000000 217.923340
v -26.061323 190.000000 216.744781
v -26.277903 190.000000 217.339828
v -32.589676 190.000000 224.142303
v -33.166878 190.000000 224.402740
v -26.798628 190.000000 218.493881
v -32.026173 190.000000 223.853409
v -30.945835 190.000000 223.193237
v -31.477774 190.000000 223.536789
v -27.788387 190.000000 220.113541
v -27.101477 190.000000 219.050003
v -27.431671 190.000000 219.590332
v -29.936598 190.000000 222.428772
v -30.431684 190.000000 222.823578
v -28.577778 190.000000 221.103409
v -28.170740 190.000000 220.618317
v -29.008492 190.000000 221.567612
v -29.461805 190.000000 222.009766
v -149.033035 189.984207 212.699997
v -149.664505 189.936890 212.699997
v -150.292831 189.858154 212.699997
v -150.916458 189.748184 212.699997
v -151.533813 189.607285 212.699997
v -152.143387 189.435776 212.699997
v -152.743652 189.234100 212.699997
v -153.333115 189.002747 212.699997
v -153.910324 188.742310 212.699997
v -154.473831 188.453415 212.699997
v -155.022232 188.136795 212.699997
v -155.554169 187.793228 212.699997
v -156.068314 187.423584 212.699997
v -156.563400 187.028763 212.699997
v -157.038193 186.609756 212.699997
v -157.491516 186.167603 212.699997
v -157.922226 185.703415 212.699997
v -158.329254 185.218323 212.699997
v -158.711609 184.713547 212.699997
v -159.068329 184.190338 212.699997
v -159.398529 183.649994 212.699997
v -159.701370 183.093872 212.699997
v -159.976120 182.523346 212.699997
v -160.222092 181.939835 212.699997
v -160.438675 181.344788 212.699997
v -160.625320 180.739670 212.699997
v -160.781586 180.126022 212.699997
v -160.907059 179.505325 212.699997
v -161.001434 178.879166 212.699997
v -161.064484 178.249069 212.699997
v -161.096054 177.616623 212.699997
v -161.096054 176.983383 212.699997
v -161.064484 176.350922 212.699997
v -161.001434 175.720840 212.699997
v -160.907059 175.094666 212.699997
v -160.781586 174.473984 212.699997
v -160.625320 173.860321 212.699997
v -160.438675 173.255219 212.699997
v -160.222092 172.660172 212.699997
v -159.976120 172.076660 212.699997
v -159.701370 171.506119 212.699997
v -159.398529 170.949997 212.699997
v -159.068329 170.409668 212.699997
v -158.711609 169.886459 212.699997
v -158.329254 169.381683 212.699997
v -157.922226 168.896591 212.699997
v -157.491516 168.432388 212.699997
v -157.038193 167.990234 212.699997
v -156.563400 167.571228 212.699997
v -156.068314 167.176422 212.699997
v -155.554169 166.806763 212.699997
v -155.022232 166.463211 212.699997
v -154.473831 166.146591 212.699997
v -153.910324 165.857697 212.699997
v -153.333115 165.597260 212.699997
v -152.743652 165.365906 212.699997
v -152.143387 165.164230 212.699997
v -151.533813 164.992722 212.699997
v -150.916458 164.851807 212.699997
v -150.292831 164.741852 212.699997
v -149.664505 164.663116 212.699997
v -149.033035 164.615784 212.699997
v -191.997894 172.198700 212.699997
v -191.736771 171.931000 212.699997
v -191.462646 171.676636 212.699997
v -192.245331 172.479095 212.699997
v -191.176178 171.436264 212.699997
v -192.478500 172.771469 212.699997
v -190.878082 171.210464 212.699997
v -192.696793 173.075104 212.699997
v -190.569092 170.999802 212.699997
v -192.899689 173.389236 212.699997
v -190.250000 170.804810 212.699997
v -193.086655 173.713089 212.699997
v -189.921585 170.625961 212.699997
v -193.257263 174.045868 212.699997
v -189.584656 170.463699 212.699997
v -193.411072 174.386734 212.699997
v -189.240051 170.318451 212.699997
v -193.547699 174.734848 212.699997
v -188.888657 170.190552 212.699997
v -193.666794 175.089340 212.699997
v -188.531311 170.080322 212.699997
v -193.768082 175.449326 212.699997
v -188.168900 169.988037 212.699997
v -193.851288 175.813904 212.699997
v -187.802368 169.913940 212.699997
v -193.916229 176.182190 212.699997
v -187.432571 169.858200 212.699997
v -193.962738 176.553238 212.699997
v -187.060471 169.820969 212.699997
v -193.990677 176.926163 212.699997
v -186.686981 169.802338 212.699997
v -194.000000 177.300003 212.699997
v -186.313019 169.802338 212.699997
v -185.939529 169.820969 212.699997
v -185.567429 169.858200 212.699997
v -185.197632 169.913940 212.699997
v -184.831100 169.988037 212.699997
v -192.245331 182.120911 212.699997
v -191.997894 182.401291 212.699997
v -192.478500 181.828537 212.699997
v -192.696793 181.524902 212.699997
v -192.899689 181.210770 212.699997
v -193.086655 180.886902 212.699997
v -193.257263 180.554123 212.699997
v -193.411072 180.213257 212.699997
v -193.547699 179.865158 212.699997
v -193.666794 179.510666 212.699997
v -193.768082 179.150681 212.699997
v -193.851288 178.786102 212.699997
v -193.916229 178.417816 212.699997
v -193.962738 178.046753 212.699997
v -193.990677 177.673843 212.699997
v -191.736771 182.669006 212.699997
v -191.462646 182.923355 212.699997
v -191.176178 183.163742 212.699997
v -190.878082 183.389542 212.699997
v -190.569092 183.600189 212.699997
v -190.250000 183.795197 212.699997
v -189.921585 183.974045 212.699997
v -189.584656 184.136292 212.699997
v -189.240051 184.281555 212.699997
v -188.888657 184.409454 212.699997
v -188.531311 184.519684 212.699997
v -188.168900 184.611954 212.699997
v -187.802368 184.686066 212.699997
v -187.432571 184.741791 212.699997
v -187.060471 184.779022 212.699997
v -186.686981 184.797668 212.699997
v -186.313019 184.797668 212.699997
v -185.939529 184.779022 212.699997
v -185.567429 184.741791 212.699997
v -182.121918 171.210464 212.699997
v -182.430908 170.999802 212.699997
v -182.750000 170.804810 212.699997
v -181.823822 171.436264 212.699997
v -183.078415 170.625961 212.699997
v -183.415344 170.463699 212.699997
v -181.537354 171.676636 212.699997
v -183.759949 170.318451 212.699997
v -181.263229 171.931000 212.699997
v -181.002106 172.198700 212.699997
v -184.111343 170.190552 212.699997
v -180.754669 172.479095 212.699997
v -184.468689 170.080322 212.699997
v -180.521500 172.771469 212.699997
v -180.303207 173.075104 212.699997
v -180.100311 173.389236 212.699997
v -179.913345 173.713089 212.699997
v -179.742737 174.045868 212.699997
v -179.588928 174.386734 212.699997
v -179.452301 174.734848 212.699997
v -179.333206 175.089340 212.699997
v -179.231918 175.449326 212.699997
v -179.148712 175.813904 212.699997
v -179.083771 176.182190 212.699997
v -179.037262 176.553238 212.699997
v -179.009323 176.926163 212.699997
v -179.000000 177.300003 212.699997
v -179.009323 177.673843 212.699997
v -179.037262 178.046753 212.699997
v -179.083771 178.417816 212.699997
v -179.148712 178.786102 212.699997
v -179.231918 179.150681 212.699997
v -179.333206 179.510666 212.699997
v -179.452301 179.865158 212.699997
v -179.588928 180.213257 212.699997
v -179.742737 180.554123 212.699997
v -179.913345 180.886902 212.699997
v -180.100311 181.210770 212.699997
v -180.303207 181.524902 212.699997
v -180.521500 181.828537 212.699997
v -180.754669 182.120911 212.699997
v -181.002106 182.401291 212.699997
v -181.263229 182.669006 212.699997
v -181.537354 182.923355 212.699997
v -181.823822 183.163742 212.699997
v -182.121918 183.389542 212.699997
v -182.430908 183.600189 212.699997
v -182.750000 183.795197 212.699997
v -183.078415 183.974045 212.699997
v -183.415344 184.136292 212.699997
v -183.759949 184.281555 212.699997
v -185.197632 184.686066 212.699997
v -184.831100 184.611954 212.699997
v -184.468689 184.519684 212.699997
v -184.111343 184.409454 212.699997
v -179.000000 177.300003 200.000000
v -179.009323 177.673843 200.000000
v -179.037262 178.046753 200.000000
v -179.083771 178.417816 200.000000
v -179.148712 178.786102 200.000000
v -179.231918 179.150681 200.000000
v -179.333206 179.510666 200.000000
v -179.452301 179.865158 200.000000
v -179.588928 180.213257 200.000000
v -179.742737 180.554123 200.000000
v -179.913345 180.886902 200.000000
v -180.100311 181.210770 200.000000
v -180.303207 181.524902 200.000000
v -180.521500 181.828537 200.000000
v -180.754669 182.120911 200.000000
v -181.002106 182.401291 200.000000
v -181.263229 182.669006 200.000000
v -181.537354 182.923355 200.000000
v -181.823822 183.163742 200.000000
v -182.121918 183.389542 200.000000
v -182.430908 183.600189 200.000000
v -182.750000 183.795197 200.000000
v -183.078415 183.974045 200.000000
v -183.415344 184.136292 200.000000
v -183.759949 184.281555 200.000000
v -184.111343 184.409454 200.000000
v -184.468689 184.519684 200.000000
v -184.831100 184.611954 200.000000
v -185.197632 184.686066 200.000000
v -185.567429 184.741791 200.000000
v -185.939529 184.779022 200.000000
v -186.313019 184.797668 200.000000
v -186.686981 184.797668 200.000000
v -187.060471 184.779022 200.000000
v -187.432571 184.741791 200.000000
v -187.802368 184.686066 200.000000
v -188.168900 184.611954 200.000000
v -188.531311 184.519684 200.000000
v -188.888657 184.409454 200.000000
v -189.240051 184.281555 200.000000
v -189.584656 184.136292 200.000000
v -189.921585 183.974045 200.000000
v -190.250000 183.795197 200.000000
v -190.569092 183.600189 200.000000
v -190.878082 183.389542 200.000000
v -191.176178 183.163742 200.000000
v -191.462646 182.923355 200.000000
v -191.736771 182.669006 200.000000
v -191.997894 182.401291 200.000000
v -192.245331 182.120911 200.000000
v -192.478500 181.828537 200.000000
v -192.696793 181.524902 200.000000
v -192.899689 181.210770 200.000000
v -193.086655 180.886902 200.000000
v -193.257263 180.554123 200.000000
v -193.411072 180.213257 200.000000
v -193.547699 179.865158 200.000000
v -193.666794 179.510666 200.000000
v -193.768082 179.150681 200.000000
v -193.851288 178.786102 200.000000
v -193.916229 178.417816 200.000000
v -193.962738 178.046753 200.000000
v -193.990677 177.673843 200.000000
v -194.000000 177.300003 200.000000
v -193.990677 176.926163 200.000000
v -193.962738 176.553238 200.000000
v -193.916229 176.182190 200.000000
v -193.851288 175.813904 200.000000
v -193.768082 175.449326 200.000000
v -193.666794 175.089340 200.000000
v -193.547699 174.734848 200.000000
v -193.411072 174.386734 200.000000
v -193.257263 174.045868 200.000000
v -193.086655 173.713089 200.000000
v -192.899689 173.389236 200.000000
v -192.696793 173.075104 200.000000
v -192.478500 172.771469 200.000000
v -192.245331 172.479095 200.000000
v -191.997894 172.198700 200.000000
v -191.736771 171.931000 200.000000
v -191.462646 171.676636 200.000000
v -191.176178 171.436264 200.000000
v -190.878082 171.210464 200.000000
v -190.569092 170.999802 200.000000
v -190.250000 170.804810 200.000000
v -189.921585 170.625961 200.000000
v -189.584656 170.463699 200.000000
v -189.240051 170.318451 200.000000
v -188.888657 170.190552 200.000000
v -188.531311 170.080322 200.000000
v -188.168900 169.988037 200.000000
v -187.802368 169.913940 200.000000
v -187.432571 169.858200 200.000000
v -187.060471 169.820969 200.000000
v -186.686981 169.802338 200.000000
v -186.313019 169.802338 200.000000
v -185.939529 169.820969 200.000000
v -185.567429 169.858200 200.000000
v -185.197632 169.913940 200.000000
v -184.831100 169.988037 200.000000
v -184.468689 170.080322 200.000000
v -184.111343 170.190552 200.000000
v -183.759949 170.318451 200.000000
v -183.415344 170.463699 200.000000
v -183.078415 170.625961 200.000000
v -182.750000 170.804810 200.000000
v -182.430908 170.999802 200.000000
v -182.121918 171.210464 200.000000
v -181.823822 171.436264 200.000000
v -181.537354 171.676636 200.000000
v -181.263229 171.931000 200.000000
v -181.002106 172.198700 200.000000
v -180.754669 172.479095 200.000000
v -180.521500 172.771469 200.000000
v -180.303207 173.075104 200.000000
v -180.100311 173.389236 200.000000
v -179.913345 173.713089 200.000000
v -179.742737 174.045868 200.000000
v -179.588928 174.386734 200.000000
v -179.452301 174.734848 200.000000
v -179.333206 175.089340 200.000000
v -179.231918 175.449326 200.000000
v -179.148712 175.813904 200.000000
v -179.083771 176.182190 200.000000
v -179.037262 176.553238 200.000000
v -179.009323 176.926163 200.000000
vn 1.000000 0.000000 -0.000000
vn 1.000000 0.000000 0.000000
vn 0.000000 0.000000 1.000000
vn 0.000000 0.000000 1.000000
vn 0.000000 0.000000 1.000000
vn 0.000000 0.000000 1.000000
vn 0.000000 0.000000 -1.000000
vn 0.000000 0.000000 -1.000000
vn 0.000000 0.000000 -1.000000
vn 0.000000 0.000000 -1.000000
vn 0.000000 0.000000 -1.000000
vn 0.000000 0.000000 -1.000000
vn 0.000000 0.000000 -1.000000
vn 0.000000 0.000000 -1.000000
vn 0.000000 0.000000 -1.000000
vn 0.000000 0.000000 -1.000000
vn 0.000000 0.000000 -1.000000
vn 0.000000 0.000000 -1.000000
vn 0.000000 0.000000 -1.000000
vn 0.000000 0.000000 -1.000000
vn 0.000000 0.000000 -1.000000
vn 0.000000 0.000000 -1.000000
vn 0.000000 0.000000 -1.000000
vn 0.000000 0.000000 -1.000000
vn 0.000000 0.000000 -1.000000
vn 0.000000 0.000000 -1.000000
vn 0.000000 0.000000 -1.000000
vn 0.000000 0.000000 -1.000000
vn 0.000000 0.000000 -1.000000
vn 0.000000 0.000000 -1.000000
vn 0.000000 0.000000 -1.000000
vn 0.000000 0.000000 -1.000000
vn 0.000000 0.000000 -1.000000
vn 0.000000 0.000000 -1.000000
vn 0.000000 0.000000 -1.000000
vn 0.000000 0.000000 -1.000000
vn 0.000000 0.000000 -1.000000
vn 0.000000 0.000000 -1.000000
vn 0.000000 0.000000 -1.000000
vn 0.000000 -0.000000 -1.000000
vn 0.000000 0.000000 -1.000000
vn 0.000000 -0.000000 -1.000000
vn 0.000000 0.000000 -1.000000
vn 0.000000 0.000000 -1.000000
vn 0.000000 -0.000000 -1.000000
vn 0.000000 -0.000000 -1.000000
vn 0.000000 -0.000000 -1.000000
vn 0.000000 0.000000 -1.000000
vn 0.000000 0.000000 -1.000000
vn 0.000000 0.000000 -1.000000
vn 0.000000 0.000000 -1.000000
vn 0.000000 0.000000 -1.000000
vn 0.000000 0.000000 -1.000000
vn 0.000000 0.000000 -1.000000
vn 0.000000 -0.000000 -1.000000
vn 0.000000 -0.000000 -1.000000
vn 0.000000 -0.000000 -1.000000
vn 0.000000 0.000000 -1.000000
vn 0.000000 -0.000000 -1.000000
vn 0.000000 -0.000000 -1.000000
vn 0.000000 0.000000 -1.000000
vn 0.000000 0.000000 -1.000000
vn 0.000000 -0.000000 -1.000000
vn 0.000000 -0.000000 -1.000000
vn 0.000000 0.000000 -1.000000
vn 0.000000 0.000000 -1.000000
vn 0.000000 0.000000 -1.000000
vn 0.000000 -0.000000 -1.000000
vn 0.000000 0.000000 -1.000000
vn 0.000000 0.000000 -1.000000
vn 0.000000 0.000000 -1.000000
vn 0.000000 0.000000 -1.000000
vn 0.000000 1.000000 0.000000
vn -0.000000 1.000000 0.000000
vn 0.000000 1.000000 0.000000
vn -0.000000 1.000000 0.000000
vn 0.000000 1.000000 0.000000
vn -0.000000 1.000000 0.000000
vn 0.000000 1.000000 0.000000
vn -0.000000 1.000000 0.000000
vn 0.000000 1.000000 0.000000
vn -0.000000 1.000000 0.000000
vn 0.000000 1.000000 0.000000
vn -0.000000 1.000000 0.000000
vn 0.000000 1.000000 0.000000
vn -0.000000 1.000000 0.000000
vn 0.000000 1.000000 0.000000
vn -0.000000 1.000000 0.000000
vn 0.000000 1.000000 0.000000
vn -0.000000 1.000000 0.000000
vn 0.000000 1.000000 0.000000
vn -0.000000 1.000000 0.000000
vn 0.000000 1.000000 0.000000
vn -0.000000 1.000000 0.000000
vn 0.000000 1.000000 0.000000
vn -0.000000 1.000000 0.000000
vn 0.000000 1.000000 0.000000
vn -0.000000 1.000000 0.000000
vn 0.000000 1.000000 0.000000
vn -0.000000 1.000000 0.000000
vn 0.000000 1.000000 0.000000
vn -0.000000 1.000000 0.000000
vn 0.000000 1.000000 0.000000
vn -0.000000 1.000000 0.000000
vn 0.000000 1.000000 0.000000
vn 0.000000 1.000000 0.000000
vn 0.000000 1.000000 0.000000
vn 0.000000 1.000000 0.000000
vn 0.000000 1.000000 0.000000
vn 0.000000 1.000000 0.000000
vn 0.000000 1.000000 0.000000
vn 0.000000 1.000000 0.000000
vn 0.000000 1.000000 0.000000
vn 0.000000 1.000000 0.000000
vn 0.000000 1.000000 0.000000
vn 0.000000 1.000000 0.000000
vn 0.000000 1.000000 0.000000
vn 0.000000 1.000000 0.000000
vn 0.000000 1.000000 0.000000
vn 0.000000 1.000000 0.000000
vn 0.000000 1.000000 0.000000
vn 0.000000 1.000000 0.000000
vn 0.000000 1.000000 0.000000
vn 0.000000 1.000000 0.000000
vn -0.000000 1.000000 0.000000
vn -0.000000 1.000000 0.000000
vn -0.000000 1.000000 0.000000
vn -0.000000 1.000000 0.000000
vn -0.000000 1.000000 0.000000
vn -0.000000 1.000000 0.000000
vn -0.000000 1.000000 0.000000
vn -0.000000 1.000000 0.000000
vn -0.000000 1.000000 0.000000
vn -0.000000 1.000000 0.000000
vn -0.000000 1.000000 0.000000
vn -0.000000 1.000000 0.000000
vn -0.000000 1.000000 0.000000
vn -0.000000 1.000000 0.000000
vn -0.000000 1.000000 0.000000
vn -0.000000 1.000000 0.000000
vn 0.000000 1.000000 0.000000
vn 0.000000 1.000000 0.000000
vn 0.000000 1.000000 0.000000
vn 0.000000 1.000000 0.000000
vn 0.000000 1.000000 0.000000
vn 0.000000 1.000000 0.000000
vn -0.000000 1.000000 0.000000
vn 0.000000 1.000000 0.000000
vn 0.000000 1.000000 0.000000
vn 0.000000 1.000000 0.000000
vn 0.000000 1.000000 0.000000
vn -0.000000 1.000000 0.000000
vn 0.000000 1.000000 0.000000
vn 0.000000 1.000000 0.000000
vn 0.000000 1.000000 0.000000
vn -0.000000 1.000000 0.000000
vn 0.000000 1.000000 0.000000
vn 0.000000 1.000000 0.000000
vn 0.000000 1.000000 0.000000
vn 0.000000 1.000000 0.000000
vn -0.000000 1.000000 0.000000
vn 0.000000 1.000000 0.000000
vn 0.000000 1.000000 0.000000
vn 0.000000 1.000000 0.000000
vn -0.000000 1.000000 0.000000
vn 0.000000 1.000000 0.000000
vn 0.000000 1.000000 0.000000
vn 0.000000 1.000000 0.000000
vn -0.000000 1.000000 0.000000
vn 0.000000 1.000000 0.000000
vn 0.000000 1.000000 0.000000
vn -0.000000 1.000000 0.000000
vn -0.000000 1.000000 0.000000
vn 0.000000 1.000000 0.000000
vn 0.000000 1.000000 0.000000
vn -0.000000 1.000000 0.000000
vn -0.000000 1.000000 0.000000
vn 0.000000 1.000000 0.000000
vn -0.000000 1.000000 0.000000
vn -0.000000 1.000000 0.000000
vn 0.000000 1.000000 0.000000
vn -0.000000 1.000000 0.000000
vn -0.000000 1.000000 0.000000
vn 0.000000 1.000000 0.000000
vn -0.000000 1.000000 0.000000
vn -0.000000 1.000000 0.000000
vn 0.000000 1.000000 0.000000
vn 0.000000 1.000000 0.000000
vn -0.000000 1.000000 0.000000
vn -0.000000 1.000000 0.000000
vn 0.000000 1.000000 0.000000
vn -0.000000 1.000000 0.000000
vn -0.000000 1.000000 0.000000
vn 0.000000 1.000000 0.000000
vn -0.000000 1.000000 0.000000
vn 0.000000 1.000000 0.000000
vn -0.000000 1.000000 0.000000
vn 0.000000 1.000000 0.000000
vn 0.000000 1.000000 0.000000
vn -0.000000 1.000000 0.000000
vn 0.000000 1.000000 0.000000
vn -0.000000 1.000000 0.000000
vn 0.000000 1.000000 0.000000
vn 0.000000 1.000000 0.000000
vn -0.000000 1.000000 0.000000
vn 0.000000 1.000000 0.000000
vn 0.000000 1.000000 0.000000
vn 0.000000 1.000000 0.000000
vn 0.000000 1.000000 0.000000
vn 0.000000 1.000000 0.000000
vn 0.000000 1.000000 0.000000
vn 0.000000 1.000000 0.000000
vn 0.000000 1.000000 0.000000
vn 0.000000 1.000000 0.000000
vn 0.000000 1.000000 0.000000
vn 0.000000 1.000000 0.000000
vn 0.000000 1.000000 0.000000
vn 0.000000 1.000000 0.000000
vn 0.000000 1.000000 0.000000
vn 0.000000 1.000000 0.000000
vn 0.000000 1.000000 0.000000
vn 0.000000 1.000000 0.000000
vn 0.000000 1.000000 0.000000
vn 0.000000 1.000000 0.000000
vn 0.000000 1.000000 0.000000
vn 0.000000 1.000000 0.000000
vn 0.000000 1.000000 0.000000
vn 0.000000 1.000000 0.000000
vn 0.000000 1.000000 0.000000
vn 0.000000 1.000000 0.000000
vn 0.000000 1.000000 0.000000
vn 0.000000 1.000000 0.000000
vn 0.000000 1.000000 0.000000
vn 0.000000 1.000000 0.000000
vn 0.000000 1.000000 0.000000
vn 0.000000 1.000000 0.000000
vn 0.000000 1.000000 0.000000
vn 0.000000 1.000000 0.000000
vn 0.000000 1.000000 0.000000
vn 0.000000 1.000000 0.000000
vn 0.000000 1.000000 0.000000
vn 0.000000 1.000000 0.000000
vn 0.000000 1.000000 0.000000
vn 0.000000 1.000000 0.000000
vn -0.000000 1.000000 0.000000
vn -0.000000 1.000000 0.000000
vn -0.000000 1.000000 0.000000
vn -0.000000 1.000000 0.000000
vn -0.000000 1.000000 0.000000
vn -0.000000 1.000000 0.000000
vn -0.000000 1.000000 0.000000
vn -0.000000 1.000000 0.000000
vn -0.000000 1.000000 0.000000
vn -0.000000 1.000000 0.000000
vn -0.000000 1.000000 0.000000
vn -0.000000 1.000000 0.000000
vn -0.000000 1.000000 0.000000
vn 0.000000 1.000000 0.000000
vn 0.000000 1.000000 0.000000
vn 0.000000 1.000000 0.000000
vn 0.000000 1.000000 0.000000
vn 0.000000 1.000000 0.000000
vn 0.000000 1.000000 0.000000
vn 0.000000 1.000000 0.000000
vn 0.000000 -1.000000 0.000000
vn 0.000000 -1.000000 -0.000000
vn 0.000000 -1.000000 0.000000
vn 0.000000 -1.000000 -0.000000
vn 0.000000 -1.000000 0.000000
vn 0.000000 -1.000000 -0.000000
vn 0.000000 -1.000000 0.000000
vn 0.000000 -1.000000 -0.000000
vn 0.000000 -1.000000 0.000000
vn 0.000000 -1.000000 -0.000000
vn 0.000000 -1.000000 0.000000
vn 0.000000 -1.000000 -0.000000
vn 0.000000 -1.000000 0.000000
vn 0.000000 -1.000000 -0.000000
vn 0.000000 -1.000000 0.000000
vn 0.000000 -1.000000 -0.000000
vn 0.000000 -1.000000 0.000000
vn 0.000000 -1.000000 -0.000000
vn 0.000000 -1.000000 0.000000
vn 0.000000 -1.000000 -0.000000
vn 0.000000 -1.000000 0.000000
vn 0.000000 -1.000000 -0.000000
vn 0.000000 -1.000000 0.000000
vn 0.000000 -1.000000 -0.000000
vn 0.000000 -1.000000 0.000000
vn 0.000000 -1.000000 -0.000000
vn 0.000000 -1.000000 0.000000
vn 0.000000 -1.000000 -0.000000
vn 0.000000 -1.000000 0.000000
vn 0.000000 -1.000000 -0.000000
vn 0.000000 -1.000000 0.000000
vn -0.000000 -1.000000 -0.000000
vn -0.000000 -1.000000 -0.000000
vn -0.000000 -1.000000 -0.000000
vn -0.000000 -1.000000 -0.000000
vn -0.000000 -1.000000 -0.000000
vn -0.000000 -1.000000 -0.000000
vn -0.000000 -1.000000 -0.000000
vn 0.000000 -1.000000 0.000000
vn 0.000000 -1.000000 0.000000
vn 0.000000 -1.000000 0.000000
vn 0.000000 -1.000000 0.000000
vn 0.000000 -1.000000 0.000000
vn 0.000000 -1.000000 0.000000
vn 0.000000 -1.000000 0.000000
vn 0.000000 -1.000000 0.000000
vn 0.000000 -1.000000 0.000000
vn 0.000000 -1.000000 0.000000
vn 0.000000 -1.000000 0.000000
vn 0.000000 -1.000000 0.000000
vn 0.000000 -1.000000 0.000000
vn 0.000000 -1.000000 0.000000
vn 0.000000 -1.000000 0.000000
vn 0.000000 -1.000000 0.000000
vn 0.000000 -1.000000 0.000000
vn 0.000000 -1.000000 0.000000
vn 0.000000 -1.000000 0.000000
vn 0.000000 -1.000000 0.000000
vn 0.000000 -1.000000 0.000000
vn 0.000000 -1.000000 0.000000
vn 0.000000 -1.000000 0.000000
vn 0.000000 -1.000000 0.000000
vn 0.000000 -1.000000 0.000000
vn 0.000000 -1.000000 0.000000
vn 0.000000 -1.000000 0.000000
vn 0.000000 -1.000000 0.000000
vn 0.000000 -1.000000 0.000000
vn 0.000000 -1.000000 0.000000
vn 0.000000 -1.000000 0.000000
vn 0.000000 -1.000000 0.000000
vn 0.000000 -1.000000 0.000000
vn 0.000000 -1.000000 0.000000
vn 0.000000 -1.000000 0.000000
vn 0.000000 -1.000000 0.000000
vn 0.000000 -1.000000 0.000000
vn 0.000000 -1.000000 0.000000
vn 0.000000 -1.000000 -0.000000
vn 0.000000 -1.000000 -0.000000
vn 0.000000 -1.000000 -0.000000
vn 0.000000 -1.000000 -0.000000
vn 0.000000 -1.000000 -0.000000
vn 0.000000 -1.000000 -0.000000
vn 0.000000 -1.000000 -0.000000
vn 0.000000 -1.000000 -0.000000
vn 0.000000 -1.000000 -0.000000
vn 0.000000 -1.000000 -0.000000
vn 0.000000 -1.000000 -0.000000
vn 0.000000 -1.000000 -0.000000
vn 0.000000 -1.000000 -0.000000
vn 0.000000 -1.000000 -0.000000
vn 0.000000 -1.000000 -0.000000
vn 0.000000 -1.000000 -0.000000
vn 0.000000 -1.000000 -0.000000
vn 0.000000 -1.000000 -0.000000
vn 0.000000 -1.000000 -0.000000
vn 0.000000 -1.000000 -0.000000
vn 0.000000 -1.000000 -0.000000
vn 0.000000 -1.000000 -0.000000
vn 0.000000 -1.000000 -0.000000
vn 0.000000 -1.000000 -0.000000
vn 0.000000 -1.000000 0.000000
vn 0.000000 -1.000000 0.000000
vn 0.000000 -1.000000 0.000000
vn 0.000000 -1.000000 0.000000
vn 0.000000 -1.000000 0.000000
vn 0.000000 -1.000000 0.000000
vn 0.000000 -1.000000 0.000000
vn 0.000000 -1.000000 0.000000
vn 0.000000 -1.000000 0.000000
vn 0.000000 -1.000000 0.000000
vn 0.000000 -1.000000 0.000000
vn 0.000000 -1.000000 0.000000
vn 0.000000 -1.000000 0.000000
vn 0.000000 -1.000000 0.000000
vn 0.000000 -1.000000 0.000000
vn 0.000000 -1.000000 0.000000
vn 0.000000 -1.000000 0.000000
vn 0.000000 -1.000000 0.000000
vn -0.000000 -1.000000 -0.000000
vn -0.000000 -1.000000 0.000000
vn -0.000000 -1.000000 -0.000000
vn 0.000000 -1.000000 0.000000
vn -0.000000 -1.000000 0.000000
vn -0.000000 -1.000000 0.000000
vn -0.000000 -1.000000 0.000000
vn -0.000000 -1.000000 0.000000
vn -0.000000 -1.000000 0.000000
vn -0.000000 -1.000000 0.000000
vn -0.000000 -1.000000 0.000000
vn -0.000000 -1.000000 0.000000
vn -0.000000 -1.000000 0.000000
vn -0.000000 -1.000000 0.000000
vn -1.000000 -0.000000 -0.000000
vn -1.000000 0.000000 0.000000
vn 0.000000 1.000000 0.000000
vn 0.000000 1.000000 0.000000
vn 0.000000 1.000000 0.000000
vn 0.000000 1.000000 0.000000
vn 0.000000 1.000000 0.000000
vn 0.000000 1.000000 0.000000
vn 0.000000 1.000000 0.000000
vn 0.000000 1.000000 0.000000
vn 0.000000 1.000000 0.000000
vn 0.000000 1.000000 0.000000
vn 0.000000 1.000000 0.000000
vn 0.000000 1.000000 0.000000
vn 0.000000 1.000000 0.000000
vn 0.000000 1.000000 0.000000
vn 0.000000 1.000000 0.000000
vn 0.000000 1.000000 0.000000
vn 0.000000 1.000000 0.000000
vn 0.000000 1.000000 0.000000
vn 0.000000 1.000000 0.000000
vn 0.000000 1.000000 0.000000
vn 0.000000 1.000000 0.000000
vn 0.000000 1.000000 0.000000
vn 0.000000 1.000000 0.000000
vn 0.000000 1.000000 0.000000
vn 0.000000 1.000000 0.000000
vn 0.000000 1.000000 0.000000
vn 0.000000 1.000000 0.000000
vn 0.000000 1.000000 0.000000
vn 0.000000 1.000000 0.000000
vn 0.000000 1.000000 0.000000
vn 0.000000 1.000000 0.000000
vn 0.000000 1.000000 0.000000
vn 0.000000 1.000000 0.000000
vn 0.000000 1.000000 0.000000
vn 0.000000 1.000000 0.000000
vn 0.000000 1.000000 0.000000
vn 0.000000 1.000000 0.000000
vn 0.000000 1.000000 0.000000
vn 0.000000 1.000000 0.000000
vn 0.000000 1.000000 0.000000
vn 0.000000 1.000000 0.000000
vn 0.000000 1.000000 0.000000
vn 0.000000 1.000000 0.000000
vn 0.000000 1.000000 0.000000
vn 0.000000 1.000000 0.000000
vn 0.000000 1.000000 0.000000
vn 0.000000 1.000000 0.000000
vn 0.000000 1.000000 0.000000
vn 0.000000 1.000000 0.000000
vn 0.000000 1.000000 0.000000
vn 0.000000 1.000000 0.000000
vn 0.000000 1.000000 0.000000
vn 0.000000 1.000000 0.000000
vn 0.000000 1.000000 0.000000
vn 0.000000 1.000000 0.000000
vn 0.000000 1.000000 0.000000
vn 0.000000 1.000000 0.000000
vn 0.000000 1.000000 0.000000
vn 0.000000 1.000000 0.000000
vn 0.000000 1.000000 0.000000
vn 0.000000 1.000000 0.000000
vn 0.000000 1.000000 0.000000
vn 0.000000 1.000000 0.000000
vn 0.000000 1.000000 0.000000
vn 0.000000 1.000000 0.000000
vn -0.000000 1.000000 0.000000
vn 0.024940 0.000000 -0.999689
vn 0.024940 0.000000 -0.999689
vn 0.074723 0.000000 -0.997204
vn 0.074723 0.000000 -0.997204
vn 0.124338 0.000000 -0.992240
vn 0.173662 0.000000 -0.984805
vn 0.124338 0.000000 -0.992240
vn 0.173662 0.000000 -0.984805
vn 0.222507 0.000000 -0.974931
vn 0.222507 0.000000 -0.974931
vn 0.270843 0.000000 -0.962624
vn 0.270843 0.000000 -0.962624
vn 0.318482 0.000000 -0.947929
vn 0.365348 0.000000 -0.930871
vn 0.318482 0.000000 -0.947929
vn 0.365348 0.000000 -0.930871
vn 0.411279 0.000000 -0.911510
vn 0.411279 0.000000 -0.911510
vn 0.456215 0.000000 -0.889870
vn 0.456215 0.000000 -0.889870
vn 0.500002 0.000000 -0.866024
vn 0.500002 0.000000 -0.866024
vn 0.542551 0.000000 -0.840023
vn 0.583739 0.000000 -0.811942
vn 0.542551 0.000000 -0.840023
vn 0.583739 0.000000 -0.811942
vn 0.623492 0.000000 -0.781829
vn 0.623492 0.000000 -0.781829
vn 0.661685 0.000000 -0.749782
vn 0.661685 0.000000 -0.749782
vn 0.698240 0.000000 -0.715864
vn 0.698240 0.000000 -0.715864
vn 0.733044 0.000000 -0.680182
vn 0.766047 0.000000 -0.642785
vn 0.733044 0.000000 -0.680182
vn 0.766047 0.000000 -0.642785
vn 0.797133 0.000000 -0.603804
vn 0.797133 0.000000 -0.603804
vn 0.826240 0.000000 -0.563318
vn 0.826240 0.000000 -0.563318
vn 0.853293 0.000000 -0.521432
vn 0.853293 0.000000 -0.521432
vn 0.878221 0.000000 -0.478255
vn 0.878221 0.000000 -0.478255
vn 0.900968 0.000000 -0.433885
vn 0.900968 0.000000 -0.433885
vn 0.921475 0.000000 -0.388439
vn 0.921475 0.000000 -0.388439
vn 0.939693 0.000000 -0.342020
vn 0.939693 0.000000 -0.342020
vn 0.955574 0.000000 -0.294751
vn 0.955574 0.000000 -0.294751
vn 0.969077 0.000000 -0.246760
vn 0.980173 0.000000 -0.198144
vn 0.969077 0.000000 -0.246760
vn 0.980173 0.000000 -0.198144
vn 0.988831 0.000000 -0.149044
vn 0.995031 0.000000 -0.099566
vn 0.988831 0.000000 -0.149044
vn 0.998757 0.000000 -0.049847
vn 0.995031 0.000000 -0.099566
vn 0.998757 0.000000 -0.049847
vn 1.000000 -0.000000 0.000000
vn 0.998757 -0.000000 0.049846
vn 1.000000 0.000000 0.000000
vn 0.998757 -0.000000 0.049846
vn 0.995031 -0.000000 0.099568
vn 0.988831 -0.000000 0.149040
vn 0.995031 0.000000 0.099568
vn 0.988831 -0.000000 0.149040
vn 0.980172 -0.000000 0.198148
vn 0.969078 -0.000000 0.246754
vn 0.980172 0.000000 0.198148
vn 0.955572 -0.000000 0.294758
vn 0.969078 -0.000000 0.246754
vn 0.955572 -0.000000 0.294758
vn 0.939693 -0.000000 0.342020
vn 0.939693 0.000000 0.342020
vn 0.921475 -0.000000 0.388439
vn 0.900973 -0.000000 0.433875
vn 0.921475 0.000000 0.388439
vn 0.878221 -0.000000 0.478255
vn 0.900973 -0.000000 0.433875
vn 0.853286 -0.000000 0.521442
vn 0.878221 -0.000000 0.478255
vn 0.853286 -0.000000 0.521442
vn 0.826240 -0.000000 0.563318
vn 0.826240 -0.000000 0.563318
vn 0.797133 0.000000 0.603804
vn 0.797133 -0.000000 0.603804
vn 0.766047 0.000000 0.642785
vn 0.766047 -0.000000 0.642785
vn 0.733055 0.000000 0.680170
vn 0.733055 -0.000000 0.680170
vn 0.698240 -0.000000 0.715864
vn 0.698240 -0.000000 0.715864
vn 0.661685 0.000000 0.749782
vn 0.661685 -0.000000 0.749782
vn 0.623478 0.000000 0.781841
vn 0.623478 -0.000000 0.781841
vn 0.583754 0.000000 0.811930
vn 0.583754 -0.000000 0.811930
vn 0.542534 -0.000000 0.840034
vn 0.542534 -0.000000 0.840034
vn 0.500002 -0.000000 0.866024
vn 0.500002 -0.000000 0.866024
vn 0.456215 0.000000 0.889870
vn 0.456215 -0.000000 0.889870
vn 0.411279 -0.000000 0.911510
vn 0.411279 -0.000000 0.911510
vn 0.365348 0.000000 0.930871
vn 0.365348 -0.000000 0.930871
vn 0.318482 -0.000000 0.947929
vn 0.270843 -0.000000 0.962624
vn 0.318482 0.000000 0.947929
vn 0.270843 -0.000000 0.962624
vn 0.222530 -0.000000 0.974926
vn 0.222530 0.000000 0.974926
vn 0.173639 -0.000000 0.984809
vn 0.173639 0.000000 0.984809
vn 0.124338 -0.000000 0.992240
vn 0.124338 0.000000 0.992240
vn 0.074747 -0.000000 0.997202
vn 0.074747 0.000000 0.997202
vn 0.024916 -0.000000 0.999690
vn 0.024916 0.000000 0.999690
vn -0.024940 0.999689 0.000000
vn -0.024940 0.999689 0.000000
vn -0.074723 0.997204 0.000000
vn -0.074723 0.997204 0.000000
vn -0.124337 0.992240 0.000000
vn -0.124337 0.992240 0.000000
vn -0.173660 0.984806 0.000000
vn -0.173660 0.984806 0.000000
vn -0.222509 0.974931 0.000000
vn -0.270843 0.962624 0.000000
vn -0.222509 0.974931 0.000000
vn -0.270843 0.962624 0.000000
vn -0.318482 0.947929 0.000000
vn -0.318482 0.947929 0.000000
vn -0.365350 0.930870 0.000000
vn -0.411274 0.911512 0.000000
vn -0.365350 0.930870 0.000000
vn -0.456212 0.889871 0.000000
vn -0.411274 0.911512 0.000000
vn -0.456212 0.889871 0.000000
vn -0.500001 0.866025 0.000000
vn -0.542553 0.840022 0.000000
vn -0.500001 0.866025 0.000000
vn -0.542553 0.840022 0.000000
vn -0.583743 0.811939 0.000000
vn -0.583743 0.811939 0.000000
vn -0.623492 0.781829 0.000000
vn -0.661685 0.749782 0.000000
vn -0.623492 0.781829 0.000000
vn -0.661685 0.749782 0.000000
vn -0.698233 0.715871 0.000000
vn -0.698233 0.715871 0.000000
vn -0.733047 0.680178 0.000000
vn -0.733047 0.680178 0.000000
vn -0.766054 0.642776 0.000000
vn -0.766054 0.642776 0.000000
vn -0.797131 0.603806 0.000000
vn -0.797131 0.603806 0.000000
vn -0.826237 0.563323 0.000000
vn -0.826237 0.563323 0.000000
vn -0.853289 0.521438 0.000000
vn -0.853289 0.521438 0.000000
vn -0.878226 0.478246 0.000000
vn -0.878226 0.478246 0.000000
vn -0.900970 0.433882 0.000000
vn -0.900970 0.433882 0.000000
vn -0.921476 0.388436 0.000000
vn -0.921476 0.388436 0.000000
vn -0.939691 0.342025 0.000000
vn -0.939691 0.342025 0.000000
vn -0.955577 0.294743 0.000000
vn -0.955577 0.294743 0.000000
vn -0.969073 0.246774 0.000000
vn -0.969073 0.246774 0.000000
vn -0.980174 0.198141 0.000000
vn -0.980174 0.198141 0.000000
vn -0.988831 0.149038 0.000000
vn -0.995031 0.099566 0.000000
vn -0.988831 0.149038 0.000000
vn -0.995031 0.099566 0.000000
vn -0.998756 0.049856 0.000000
vn -0.998756 0.049856 0.000000
vn -1.000000 -0.000000 0.000000
vn -1.000000 0.000000 0.000000
vn -0.998757 -0.049855 0.000000
vn -0.998757 -0.049855 0.000000
vn -0.995031 -0.099568 0.000000
vn -0.988832 -0.149034 -0.000000
vn -0.995031 -0.099568 0.000000
vn -0.988832 -0.149034 0.000000
vn -0.980173 -0.198145 0.000000
vn -0.980173 -0.198145 0.000000
vn -0.969074 -0.246769 0.000000
vn -0.969074 -0.246769 0.000000
vn -0.955575 -0.294750 0.000000
vn -0.955575 -0.294750 0.000000
vn -0.939691 -0.342025 0.000000
vn -0.921476 -0.388436 -0.000000
vn -0.939691 -0.342025 0.000000
vn -0.921476 -0.388436 0.000000
vn -0.900974 -0.433873 0.000000
vn -0.878226 -0.478246 -0.000000
vn -0.900974 -0.433873 0.000000
vn -0.878226 -0.478246 0.000000
vn -0.853282 -0.521449 0.000000
vn -0.853282 -0.521449 0.000000
vn -0.826237 -0.563323 0.000000
vn -0.826237 -0.563323 0.000000
vn -0.797131 -0.603806 -0.000000
vn -0.797131 -0.603806 0.000000
vn -0.766054 -0.642776 0.000000
vn -0.766054 -0.642776 0.000000
vn -0.733058 -0.680166 -0.000000
vn -0.733058 -0.680166 0.000000
vn -0.698233 -0.715871 0.000000
vn -0.698233 -0.715871 0.000000
vn -0.661685 -0.749782 0.000000
vn -0.661685 -0.749782 0.000000
vn -0.623478 -0.781841 0.000000
vn -0.623478 -0.781841 0.000000
vn -0.583759 -0.811927 -0.000000
vn -0.583759 -0.811927 0.000000
vn -0.542536 -0.840033 -0.000000
vn -0.542536 -0.840033 0.000000
vn -0.500001 -0.866025 0.000000
vn -0.500001 -0.866025 0.000000
vn -0.456212 -0.889871 -0.000000
vn -0.456212 -0.889871 0.000000
vn -0.411274 -0.911512 -0.000000
vn -0.411274 -0.911512 0.000000
vn -0.365350 -0.930870 0.000000
vn -0.365350 -0.930870 0.000000
vn -0.318482 -0.947929 -0.000000
vn -0.318482 -0.947929 0.000000
vn -0.270843 -0.962624 0.000000
vn -0.270843 -0.962624 0.000000
vn -0.222532 -0.974925 0.000000
vn -0.222532 -0.974925 0.000000
vn -0.173637 -0.984810 0.000000
vn -0.173637 -0.984810 0.000000
vn -0.124337 -0.992240 0.000000
vn -0.124337 -0.992240 0.000000
vn -0.074747 -0.997202 0.000000
vn -0.074747 -0.997202 0.000000
vn -0.024916 -0.999690 0.000000
vn -0.024916 -0.999690 0.000000
vn 0.999689 0.000000 -0.024931
vn 0.999689 0.000000 -0.024931
vn 0.997204 0.000000 -0.074728
vn 0.997204 0.000000 -0.074728
vn 0.992239 0.000000 -0.124347
vn 0.992239 0.000000 -0.124347
vn 0.984808 0.000000 -0.173645
vn 0.984808 0.000000 -0.173645
vn 0.974927 0.000000 -0.222524
vn 0.962625 0.000000 -0.270839
vn 0.974927 0.000000 -0.222524
vn 0.962625 0.000000 -0.270839
vn 0.947929 0.000000 -0.318483
vn 0.947929 0.000000 -0.318483
vn 0.930875 0.000000 -0.365337
vn 0.930875 0.000000 -0.365337
vn 0.911505 0.000000 -0.411288
vn 0.889873 0.000000 -0.456208
vn 0.911505 0.000000 -0.411288
vn 0.889873 0.000000 -0.456208
vn 0.866021 0.000000 -0.500008
vn 0.866021 0.000000 -0.500008
vn 0.840023 0.000000 -0.542551
vn 0.840023 0.000000 -0.542551
vn 0.811940 0.000000 -0.583741
vn 0.811940 0.000000 -0.583741
vn 0.781831 0.000000 -0.623490
vn 0.781831 0.000000 -0.623490
vn 0.749790 0.000000 -0.661676
vn 0.749790 0.000000 -0.661676
vn 0.715860 0.000000 -0.698244
vn 0.715860 0.000000 -0.698244
vn 0.680181 0.000000 -0.733044
vn 0.680181 0.000000 -0.733044
vn 0.642780 0.000000 -0.766051
vn 0.642780 0.000000 -0.766051
vn 0.603805 0.000000 -0.797132
vn 0.603805 0.000000 -0.797132
vn 0.563326 0.000000 -0.826234
vn 0.563326 0.000000 -0.826234
vn 0.521427 0.000000 -0.853296
vn 0.521427 0.000000 -0.853296
vn 0.478254 0.000000 -0.878221
vn 0.478254 0.000000 -0.878221
vn 0.433898 0.000000 -0.900962
vn 0.433898 0.000000 -0.900962
vn 0.388410 0.000000 -0.921487
vn 0.342014 0.000000 -0.939695
vn 0.388410 0.000000 -0.921487
vn 0.342014 0.000000 -0.939695
vn 0.294762 0.000000 -0.955571
vn 0.294762 0.000000 -0.955571
vn 0.246777 0.000000 -0.969072
vn 0.246777 0.000000 -0.969072
vn 0.198141 0.000000 -0.980174
vn 0.198141 0.000000 -0.980174
vn 0.149054 0.000000 -0.988829
vn 0.149054 0.000000 -0.988829
vn 0.099560 0.000000 -0.995032
vn 0.099560 0.000000 -0.995032
vn 0.049821 0.000000 -0.998758
vn 0.049821 0.000000 -0.998758
vn 0.000000 0.000000 -1.000000
vn 0.000000 0.000000 -1.000000
vn -0.049821 0.000000 -0.998758
vn -0.049821 -0.000000 -0.998758
vn -0.099560 0.000000 -0.995032
vn -0.099560 -0.000000 -0.995032
vn -0.149054 0.000000 -0.988829
vn -0.198141 0.000000 -0.980174
vn -0.149054 -0.000000 -0.988829
vn -0.198141 0.000000 -0.980174
vn -0.246777 -0.000000 -0.969072
vn -0.246777 0.000000 -0.969072
vn -0.294762 -0.000000 -0.955571
vn -0.294762 0.000000 -0.955571
vn -0.342014 -0.000000 -0.939695
vn -0.342014 0.000000 -0.939695
vn -0.388410 -0.000000 -0.921487
vn -0.388410 0.000000 -0.921487
vn -0.433898 -0.000000 -0.900962
vn -0.433898 0.000000 -0.900962
vn -0.478254 -0.000000 -0.878221
vn -0.478254 0.000000 -0.878221
vn -0.521427 0.000000 -0.853296
vn -0.521427 0.000000 -0.853296
vn -0.563326 -0.000000 -0.826234
vn -0.563326 0.000000 -0.826234
vn -0.603805 0.000000 -0.797132
vn -0.603805 0.000000 -0.797132
vn -0.642780 -0.000000 -0.766051
vn -0.642780 0.000000 -0.766051
vn -0.680181 0.000000 -0.733044
vn -0.680181 0.000000 -0.733044
vn -0.715860 0.000000 -0.698244
vn -0.715860 0.000000 -0.698244
vn -0.749790 0.000000 -0.661676
vn -0.749790 -0.000000 -0.661676
vn -0.781831 0.000000 -0.623490
vn -0.781831 -0.000000 -0.623490
vn -0.811940 0.000000 -0.583741
vn -0.811940 -0.000000 -0.583741
vn -0.840023 0.000000 -0.542551
vn -0.840023 -0.000000 -0.542551
vn -0.866021 0.000000 -0.500008
vn -0.866021 -0.000000 -0.500008
vn -0.889873 0.000000 -0.456208
vn -0.911505 0.000000 -0.411288
vn -0.889873 -0.000000 -0.456208
vn -0.911505 0.000000 -0.411288
vn -0.930875 0.000000 -0.365337
vn -0.930875 -0.000000 -0.365337
vn -0.947929 0.000000 -0.318483
vn -0.962625 0.000000 -0.270839
vn -0.947929 -0.000000 -0.318483
vn -0.962625 0.000000 -0.270839
vn -0.974927 0.000000 -0.222524
vn -0.974927 -0.000000 -0.222524
vn -0.984808 0.000000 -0.173645
vn -0.984808 -0.000000 -0.173645
vn -0.992239 0.000000 -0.124347
vn -0.992239 -0.000000 -0.124347
vn -0.997204 -0.000000 -0.074728
vn -0.997204 0.000000 -0.074728
vn -0.999689 -0.000000 -0.024931
vn -0.999689 0.000000 -0.024931
vn -0.999689 0.000000 0.024931
vn -0.999689 0.000000 0.024931
vn -0.997204 0.000000 0.074731
vn -0.997204 0.000000 0.074731
vn -0.992239 0.000000 0.124342
vn -0.992239 0.000000 0.124342
vn -0.984808 0.000000 0.173645
vn -0.984808 0.000000 0.173645
vn -0.974927 0.000000 0.222524
vn -0.974927 0.000000 0.222524
vn -0.962625 0.000000 0.270839
vn -0.962625 0.000000 0.270839
vn -0.947929 0.000000 0.318483
vn -0.947929 0.000000 0.318483
vn -0.930870 0.000000 0.365351
vn -0.930870 0.000000 0.365351
vn -0.911505 0.000000 0.411288
vn -0.911505 0.000000 0.411288
vn -0.889873 0.000000 0.456208
vn -0.889873 0.000000 0.456208
vn -0.866031 0.000000 0.499990
vn -0.866031 0.000000 0.499990
vn -0.840023 0.000000 0.542551
vn -0.840023 0.000000 0.542551
vn -0.811940 0.000000 0.583741
vn -0.811940 0.000000 0.583741
vn -0.781831 0.000000 0.623490
vn -0.781831 0.000000 0.623490
vn -0.749772 0.000000 0.661697
vn -0.749772 0.000000 0.661697
vn -0.715880 0.000000 0.698224
vn -0.715880 0.000000 0.698224
vn -0.680159 0.000000 0.733064
vn -0.680159 0.000000 0.733064
vn -0.642804 0.000000 0.766031
vn -0.642804 0.000000 0.766031
vn -0.603805 0.000000 0.797132
vn -0.603805 0.000000 0.797132
vn -0.563299 0.000000 0.826253
vn -0.563299 0.000000 0.826253
vn -0.521457 0.000000 0.853278
vn -0.521457 0.000000 0.853278
vn -0.478254 0.000000 0.878221
vn -0.433865 0.000000 0.900978
vn -0.478254 0.000000 0.878221
vn -0.433865 0.000000 0.900978
vn -0.388445 0.000000 0.921472
vn -0.342014 0.000000 0.939695
vn -0.388445 0.000000 0.921472
vn -0.342014 0.000000 0.939695
vn -0.294762 0.000000 0.955571
vn -0.294762 0.000000 0.955571
vn -0.246738 0.000000 0.969082
vn -0.246738 0.000000 0.969082
vn -0.198180 0.000000 0.980166
vn -0.198180 0.000000 0.980166
vn -0.149014 0.000000 0.988835
vn -0.149014 0.000000 0.988835
vn -0.099560 0.000000 0.995032
vn -0.099560 0.000000 0.995032
vn -0.049861 0.000000 0.998756
vn -0.049861 0.000000 0.998756
vn 0.000000 0.000000 1.000000
vn 0.000000 0.000000 1.000000
vn 0.049861 0.000000 0.998756
vn 0.049861 0.000000 0.998756
vn 0.099560 -0.000000 0.995032
vn 0.099560 0.000000 0.995032
vn 0.149014 -0.000000 0.988835
vn 0.149014 0.000000 0.988835
vn 0.198180 -0.000000 0.980166
vn 0.246738 -0.000000 0.969082
vn 0.198180 0.000000 0.980166
vn 0.246738 0.000000 0.969082
vn 0.294762 0.000000 0.955571
vn 0.342014 -0.000000 0.939695
vn 0.294762 0.000000 0.955571
vn 0.342014 0.000000 0.939695
vn 0.388445 0.000000 0.921472
vn 0.433865 -0.000000 0.900978
vn 0.388445 0.000000 0.921472
vn 0.433865 0.000000 0.900978
vn 0.478254 0.000000 0.878221
vn 0.478254 0.000000 0.878221
vn 0.521457 0.000000 0.853278
vn 0.521457 0.000000 0.853278
vn 0.563299 0.000000 0.826253
vn 0.603805 -0.000000 0.797132
vn 0.563299 0.000000 0.826253
vn 0.603805 0.000000 0.797132
vn 0.642804 0.000000 0.766031
vn 0.642804 0.000000 0.766031
vn 0.680159 0.000000 0.733064
vn 0.715880 -0.000000 0.698224
vn 0.680159 0.000000 0.733064
vn 0.715880 0.000000 0.698224
vn 0.749772 0.000000 0.661697
vn 0.749772 0.000000 0.661697
vn 0.781831 -0.000000 0.623490
vn 0.781831 0.000000 0.623490
vn 0.811940 0.000000 0.583741
vn 0.811940 0.000000 0.583741
vn 0.840023 -0.000000 0.542551
vn 0.840023 0.000000 0.542551
vn 0.866031 0.000000 0.499990
vn 0.866031 0.000000 0.499990
vn 0.889873 -0.000000 0.456208
vn 0.889873 0.000000 0.456208
vn 0.911505 0.000000 0.411288
vn 0.911505 0.000000 0.411288
vn 0.930870 0.000000 0.365351
vn 0.930870 0.000000 0.365351
vn 0.947929 0.000000 0.318483
vn 0.947929 0.000000 0.318483
vn 0.962625 0.000000 0.270839
vn 0.974927 -0.000000 0.222524
vn 0.962625 0.000000 0.270839
vn 0.974927 0.000000 0.222524
vn 0.984808 0.000000 0.173645
vn 0.984808 0.000000 0.173645
vn 0.992239 0.000000 0.124342
vn 0.992239 0.000000 0.124342
vn 0.997204 0.000000 0.074731
vn 0.997204 0.000000 0.074731
vn 0.999689 0.000000 0.024931
vn 0.999689 0.000000 0.024931
vn 0.000000 0.000000 -1.000000
vn 0.000000 -0.000000 -1.000000
vn 0.000000 0.000000 -1.000000
vn 0.000000 -0.000000 -1.000000
vn 0.000000 0.000000 -1.000000
vn 0.000000 -0.000000 -1.000000
vn 0.000000 0.000000 -1.000000
vn 0.000000 -0.000000 -1.000000
vn 0.000000 0.000000 -1.000000
vn 0.000000 -0.000000 -1.000000
vn 0.000000 0.000000 -1.000000
vn 0.000000 -0.000000 -1.000000
vn 0.000000 0.000000 -1.000000
vn 0.000000 -0.000000 -1.000000
vn 0.000000 0.000000 -1.000000
vn 0.000000 -0.000000 -1.000000
vn 0.000000 0.000000 -1.000000
vn 0.000000 -0.000000 -1.000000
vn 0.000000 0.000000 -1.000000
vn 0.000000 -0.000000 -1.000000
vn 0.000000 0.000000 -1.000000
vn 0.000000 -0.000000 -1.000000
vn 0.000000 0.000000 -1.000000
vn 0.000000 -0.000000 -1.000000
vn 0.000000 0.000000 -1.000000
vn 0.000000 -0.000000 -1.000000
vn 0.000000 0.000000 -1.000000
vn 0.000000 -0.000000 -1.000000
vn 0.000000 0.000000 -1.000000
vn 0.000000 -0.000000 -1.000000
vn 0.000000 0.000000 -1.000000
vn 0.000000 -0.000000 -1.000000
vn 0.000000 -0.000000 -1.000000
vn 0.000000 -0.000000 -1.000000
vn 0.000000 -0.000000 -1.000000
vn 0.000000 -0.000000 -1.000000
vn 0.000000 0.000000 -1.000000
vn 0.000000 0.000000 -1.000000
vn 0.000000 0.000000 -1.000000
vn 0.000000 0.000000 -1.000000
vn 0.000000 0.000000 -1.000000
vn 0.000000 0.000000 -1.000000
vn 0.000000 0.000000 -1.000000
vn 0.000000 0.000000 -1.000000
vn 0.000000 0.000000 -1.000000
vn 0.000000 0.000000 -1.000000
vn 0.000000 0.000000 -1.000000
vn 0.000000 0.000000 -1.000000
vn 0.000000 0.000000 -1.000000
vn 0.000000 0.000000 -1.000000
vn 0.000000 0.000000 -1.000000
vn 0.000000 0.000000 -1.000000
vn 0.000000 0.000000 -1.000000
vn 0.000000 0.000000 -1.000000
vn 0.000000 0.000000 -1.000000
vn 0.000000 0.000000 -1.000000
vn 0.000000 0.000000 -1.000000
vn 0.000000 0.000000 -1.000000
vn 0.000000 0.000000 -1.000000
vn 0.000000 0.000000 -1.000000
vn 0.000000 0.000000 -1.000000
vn 0.000000 0.000000 -1.000000
vn 0.000000 0.000000 -1.000000
vn 0.000000 0.000000 -1.000000
vn 0.000000 0.000000 -1.000000
vn 0.000000 0.000000 -1.000000
vn 0.000000 0.000000 -1.000000
vn 0.000000 0.000000 -1.000000
vn 0.000000 0.000000 -1.000000
vn 0.000000 0.000000 -1.000000
vn 0.000000 0.000000 -1.000000
vn 0.000000 -0.000000 -1.000000
vn -0.000000 -0.000000 -1.000000
vn 0.000000 -0.000000 -1.000000
vn 0.000000 0.000000 -1.000000
vn 0.000000 -0.000000 -1.000000
vn -0.000000 -0.000000 -1.000000
vn 0.000000 -0.000000 -1.000000
vn 0.000000 -0.000000 -1.000000
vn 0.000000 0.000000 -1.000000
vn 0.000000 -0.000000 -1.000000
vn 0.000000 -0.000000 -1.000000
vn -0.000000 -0.000000 -1.000000
vn 0.000000 0.000000 -1.000000
vn 0.000000 -0.000000 -1.000000
vn 0.000000 -0.000000 -1.000000
vn 0.000000 -0.000000 -1.000000
vn -0.000000 -0.000000 -1.000000
vn 0.000000 -0.000000 -1.000000
vn 0.000000 0.000000 -1.000000
vn -0.000000 -0.000000 -1.000000
vn 0.000000 -0.000000 -1.000000
vn 0.000000 0.000000 -1.000000
vn 0.000000 -0.000000 -1.000000
vn -0.000000 -0.000000 -1.000000
vn 0.000000 -0.000000 -1.000000
vn 0.000000 0.000000 -1.000000
vn 0.000000 -0.000000 -1.000000
vn -0.000000 -0.000000 -1.000000
vn 0.000000 -0.000000 -1.000000
vn 0.000000 0.000000 -1.000000
vn 0.000000 -0.000000 -1.000000
vn 0.000000 -0.000000 -1.000000
vn 0.000000 -0.000000 -1.000000
vn 0.000000 0.000000 -1.000000
vn 0.000000 -0.000000 -1.000000
vn 0.000000 -0.000000 -1.000000
vn 0.000000 0.000000 -1.000000
vn 0.000000 -0.000000 -1.000000
vn 0.000000 -0.000000 -1.000000
vn 0.000000 0.000000 -1.000000
vn 0.000000 -0.000000 -1.000000
vn 0.000000 -0.000000 -1.000000
vn 0.000000 0.000000 -1.000000
vn 0.000000 -0.000000 -1.000000
vn 0.000000 -0.000000 -1.000000
vn 0.000000 -0.000000 -1.000000
vn 0.000000 -0.000000 -1.000000
vn 0.000000 0.000000 -1.000000
vn 0.000000 -0.000000 -1.000000
vn 0.000000 0.000000 -1.000000
vn 0.000000 -0.000000 -1.000000
vn 0.000000 -0.000000 -1.000000
vn 0.000000 0.000000 -1.000000
vn 0.000000 -0.000000 -1.000000
vn 0.000000 -0.000000 -1.000000
vn 0.000000 0.000000 -1.000000
vn 0.000000 -0.000000 -1.000000
vn 0.000000 0.000000 -1.000000
vn 0.000000 0.000000 -1.000000
vn 0.000000 0.000000 -1.000000
vn 0.000000 0.000000 -1.000000
vn 0.000000 0.000000 -1.000000
vn 0.000000 0.000000 -1.000000
vn 0.000000 0.000000 -1.000000
vn 0.000000 0.000000 -1.000000
vn 0.000000 0.000000 -1.000000
vn 0.000000 0.000000 -1.000000
vn 0.000000 0.000000 -1.000000
vn 0.000000 0.000000 -1.000000
vn 0.000000 0.000000 -1.000000
vn 0.000000 0.000000 -1.000000
vn 0.000000 0.000000 -1.000000
vn 0.000000 0.000000 -1.000000
vn 0.000000 0.000000 -1.000000
vn 0.000000 0.000000 -1.000000
vn 0.000000 0.000000 -1.000000
vn 0.000000 0.000000 -1.000000
vn 0.000000 0.000000 -1.000000
vn 0.000000 0.000000 -1.000000
vn 0.000000 0.000000 -1.000000
vn 0.000000 0.000000 -1.000000
vn 0.000000 0.000000 -1.000000
vn 0.000000 0.000000 -1.000000
vn 0.000000 0.000000 -1.000000
vn 0.000000 0.000000 -1.000000
vn 0.000000 0.000000 -1.000000
vn 0.000000 0.000000 -1.000000
vn 0.000000 0.000000 -1.000000
vn 0.000000 0.000000 -1.000000
vn 0.000000 0.000000 -1.000000
vn 0.000000 0.000000 -1.000000
vn 0.000000 0.000000 -1.000000
vn 0.000000 0.000000 -1.000000
vn 0.000000 0.000000 -1.000000
vn 0.000000 0.000000 -1.000000
vn 0.000000 0.000000 -1.000000
vn 0.000000 0.000000 -1.000000
vn 0.000000 0.000000 -1.000000
vn 0.000000 0.000000 -1.000000
vn 0.000000 0.000000 -1.000000
vn 0.000000 0.000000 -1.000000
vn 0.000000 0.000000 -1.000000
vn 0.000000 0.000000 -1.000000
vn 0.000000 0.000000 -1.000000
vn 0.000000 0.000000 -1.000000
vn 0.000000 0.000000 -1.000000
vn 0.000000 0.000000 -1.000000
vn 0.000000 0.000000 -1.000000
vn 0.000000 0.000000 -1.000000
vn 0.000000 0.000000 -1.000000
vn 0.000000 0.000000 -1.000000
vn 0.000000 0.000000 -1.000000
vn 0.000000 0.000000 -1.000000
vn 0.000000 0.000000 -1.000000
vn 0.000000 0.000000 -1.000000
vn 0.000000 0.000000 -1.000000
vn 0.000000 0.000000 -1.000000
vn 0.000000 0.000000 -1.000000
vn 0.000000 0.000000 -1.000000
vn 0.000000 0.000000 -1.000000
vn -0.000000 0.000000 -1.000000
vn 0.999689 0.024931 -0.000000
vn 0.999689 0.024931 0.000000
vn 0.997205 0.074712 0.000000
vn 0.997205 0.074712 -0.000000
vn 0.992236 0.124366 0.000000
vn 0.992236 0.124366 -0.000000
vn 0.984807 0.173655 0.000000
vn 0.984807 0.173655 -0.000000
vn 0.974932 0.222505 0.000000
vn 0.962622 0.270850 0.000000
vn 0.974932 0.222505 -0.000000
vn 0.962622 0.270850 0.000000
vn 0.947934 0.318467 0.000000
vn 0.947934 0.318467 -0.000000
vn 0.930866 0.365361 0.000000
vn 0.930866 0.365361 -0.000000
vn 0.911502 0.411296 0.000000
vn 0.889869 0.456216 0.000000
vn 0.911502 0.411296 -0.000000
vn 0.889869 0.456216 0.000000
vn 0.866048 0.499961 -0.000000
vn 0.866048 0.499961 0.000000
vn 0.840016 0.542561 -0.000000
vn 0.840016 0.542561 0.000000
vn 0.811946 0.583733 -0.000000
vn 0.811946 0.583733 0.000000
vn 0.781819 0.623505 -0.000000
vn 0.781819 0.623505 0.000000
vn 0.749782 0.661685 0.000000
vn 0.749782 0.661685 -0.000000
vn 0.715865 0.698239 0.000000
vn 0.715865 0.698239 -0.000000
vn 0.680171 0.733054 0.000000
vn 0.680171 0.733054 -0.000000
vn 0.642805 0.766030 0.000000
vn 0.642805 0.766030 -0.000000
vn 0.603806 0.797131 0.000000
vn 0.603806 0.797131 -0.000000
vn 0.563286 0.826262 0.000000
vn 0.563286 0.826262 -0.000000
vn 0.521463 0.853274 0.000000
vn 0.521463 0.853274 -0.000000
vn 0.478260 0.878218 0.000000
vn 0.478260 0.878218 -0.000000
vn 0.433862 0.900979 0.000000
vn 0.433862 0.900979 -0.000000
vn 0.388436 0.921476 0.000000
vn 0.342025 0.939691 0.000000
vn 0.388436 0.921476 -0.000000
vn 0.342025 0.939691 0.000000
vn 0.294762 0.955571 0.000000
vn 0.294762 0.955571 -0.000000
vn 0.246729 0.969085 0.000000
vn 0.246729 0.969085 -0.000000
vn 0.198187 0.980164 0.000000
vn 0.198187 0.980164 -0.000000
vn 0.149009 0.988836 0.000000
vn 0.149009 0.988836 -0.000000
vn 0.099560 0.995031 0.000000
vn 0.099560 0.995031 -0.000000
vn 0.049862 0.998756 0.000000
vn 0.049862 0.998756 -0.000000
vn 0.000000 1.000000 0.000000
vn 0.000000 1.000000 -0.000000
vn -0.049862 0.998756 0.000000
vn -0.049862 0.998756 0.000000
vn -0.099560 0.995031 0.000000
vn -0.099560 0.995031 0.000000
vn -0.149009 0.988836 0.000000
vn -0.198187 0.980164 0.000000
vn -0.149009 0.988836 0.000000
vn -0.198187 0.980164 0.000000
vn -0.246729 0.969085 0.000000
vn -0.246729 0.969085 0.000000
vn -0.294762 0.955571 0.000000
vn -0.294762 0.955571 0.000000
vn -0.342025 0.939691 0.000000
vn -0.342025 0.939691 0.000000
vn -0.388436 0.921476 0.000000
vn -0.388436 0.921476 0.000000
vn -0.433862 0.900979 0.000000
vn -0.433862 0.900979 0.000000
vn -0.478260 0.878218 0.000000
vn -0.478260 0.878218 0.000000
vn -0.521463 0.853274 0.000000
vn -0.521463 0.853274 0.000000
vn -0.563286 0.826262 0.000000
vn -0.563286 0.826262 0.000000
vn -0.603806 0.797131 0.000000
vn -0.603806 0.797131 0.000000
vn -0.642805 0.766030 0.000000
vn -0.642805 0.766030 0.000000
vn -0.680171 0.733054 0.000000
vn -0.680171 0.733054 0.000000
vn -0.715865 0.698239 0.000000
vn -0.715865 0.698239 0.000000
vn -0.749782 0.661685 0.000000
vn -0.749782 0.661685 0.000000
vn -0.781819 0.623505 0.000000
vn -0.781819 0.623505 0.000000
vn -0.811946 0.583733 0.000000
vn -0.811946 0.583733 0.000000
vn -0.840016 0.542561 0.000000
vn -0.840016 0.542561 0.000000
vn -0.866048 0.499961 0.000000
vn -0.866048 0.499961 0.000000
vn -0.889869 0.456216 0.000000
vn -0.911502 0.411296 0.000000
vn -0.889869 0.456216 0.000000
vn -0.911502 0.411296 0.000000
vn -0.930866 0.365361 0.000000
vn -0.930866 0.365361 0.000000
vn -0.947934 0.318467 0.000000
vn -0.962622 0.270850 0.000000
vn -0.947934 0.318467 0.000000
vn -0.962622 0.270850 0.000000
vn -0.974932 0.222505 0.000000
vn -0.974932 0.222505 0.000000
vn -0.984807 0.173655 0.000000
vn -0.984807 0.173655 0.000000
vn -0.992236 0.124366 0.000000
vn -0.992236 0.124366 0.000000
vn -0.997205 0.074712 0.000000
vn -0.997205 0.074712 0.000000
vn -0.999689 0.024931 0.000000
vn -0.999689 0.024931 0.000000
vn -0.999689 -0.024931 0.000000
vn -0.999689 -0.024931 0.000000
vn -0.997205 -0.074709 0.000000
vn -0.997205 -0.074709 0.000000
vn -0.992236 -0.124371 -0.000000
vn -0.992236 -0.124371 0.000000
vn -0.984807 -0.173655 0.000000
vn -0.984807 -0.173655 0.000000
vn -0.974932 -0.222505 0.000000
vn -0.974932 -0.222505 0.000000
vn -0.962622 -0.270850 -0.000000
vn -0.962622 -0.270850 0.000000
vn -0.947934 -0.318467 0.000000
vn -0.947934 -0.318467 0.000000
vn -0.930871 -0.365347 0.000000
vn -0.930871 -0.365347 0.000000
vn -0.911502 -0.411296 -0.000000
vn -0.911502 -0.411296 0.000000
vn -0.889869 -0.456216 -0.000000
vn -0.889869 -0.456216 0.000000
vn -0.866037 -0.499979 -0.000000
vn -0.866037 -0.499979 0.000000
vn -0.840016 -0.542561 0.000000
vn -0.840016 -0.542561 0.000000
vn -0.811946 -0.583733 0.000000
vn -0.811946 -0.583733 0.000000
vn -0.781819 -0.623505 0.000000
vn -0.781819 -0.623505 0.000000
vn -0.749800 -0.661665 0.000000
vn -0.749800 -0.661665 0.000000
vn -0.715845 -0.698259 0.000000
vn -0.715845 -0.698259 0.000000
vn -0.680193 -0.733033 0.000000
vn -0.680193 -0.733033 0.000000
vn -0.642781 -0.766050 0.000000
vn -0.642781 -0.766050 0.000000
vn -0.603806 -0.797131 0.000000
vn -0.603806 -0.797131 0.000000
vn -0.563314 -0.826243 0.000000
vn -0.563314 -0.826243 0.000000
vn -0.521434 -0.853292 -0.000000
vn -0.521434 -0.853292 0.000000
vn -0.478260 -0.878218 0.000000
vn -0.433895 -0.900963 -0.000000
vn -0.478260 -0.878218 0.000000
vn -0.433895 -0.900963 0.000000
vn -0.388402 -0.921490 0.000000
vn -0.342025 -0.939691 -0.000000
vn -0.388402 -0.921490 0.000000
vn -0.342025 -0.939691 0.000000
vn -0.294762 -0.955571 0.000000
vn -0.294762 -0.955571 0.000000
vn -0.246767 -0.969075 0.000000
vn -0.246767 -0.969075 0.000000
vn -0.198148 -0.980172 -0.000000
vn -0.198148 -0.980172 0.000000
vn -0.149049 -0.988830 0.000000
vn -0.149049 -0.988830 0.000000
vn -0.099560 -0.995031 -0.000000
vn -0.099560 -0.995031 0.000000
vn -0.049822 -0.998758 0.000000
vn -0.049822 -0.998758 0.000000
vn 0.000000 -1.000000 0.000000
vn 0.000000 -1.000000 0.000000
vn 0.049822 -0.998758 0.000000
vn 0.049822 -0.998758 0.000000
vn 0.099560 -0.995031 0.000000
vn 0.099560 -0.995031 0.000000
vn 0.149049 -0.988830 0.000000
vn 0.149049 -0.988830 0.000000
vn 0.198148 -0.980172 0.000000
vn 0.246767 -0.969075 0.000000
vn 0.198148 -0.980172 0.000000
vn 0.246767 -0.969075 0.000000
vn 0.294762 -0.955571 0.000000
vn 0.342025 -0.939691 0.000000
vn 0.294762 -0.955571 0.000000
vn 0.342025 -0.939691 0.000000
vn 0.388402 -0.921490 0.000000
vn 0.433895 -0.900963 0.000000
vn 0.388402 -0.921490 0.000000
vn 0.433895 -0.900963 0.000000
vn 0.478260 -0.878218 0.000000
vn 0.478260 -0.878218 0.000000
vn 0.521434 -0.853292 0.000000
vn 0.521434 -0.853292 0.000000
vn 0.563314 -0.826243 0.000000
vn 0.603806 -0.797131 0.000000
vn 0.563314 -0.826243 0.000000
vn 0.603806 -0.797131 0.000000
vn 0.642781 -0.766050 0.000000
vn 0.642781 -0.766050 0.000000
vn 0.680193 -0.733033 0.000000
vn 0.715845 -0.698259 0.000000
vn 0.680193 -0.733033 0.000000
vn 0.715845 -0.698259 0.000000
vn 0.749800 -0.661665 0.000000
vn 0.749800 -0.661665 0.000000
vn 0.781819 -0.623505 0.000000
vn 0.781819 -0.623505 0.000000
vn 0.811946 -0.583733 0.000000
vn 0.811946 -0.583733 0.000000
vn 0.840016 -0.542561 0.000000
vn 0.840016 -0.542561 0.000000
vn 0.866037 -0.499979 0.000000
vn 0.866037 -0.499979 0.000000
vn 0.889869 -0.456216 0.000000
vn 0.889869 -0.456216 0.000000
vn 0.911502 -0.411296 0.000000
vn 0.911502 -0.411296 0.000000
vn 0.930871 -0.365347 0.000000
vn 0.930871 -0.365347 0.000000
vn 0.947934 -0.318467 0.000000
vn 0.947934 -0.318467 0.000000
vn 0.962622 -0.270850 0.000000
vn 0.974932 -0.222505 0.000000
vn 0.962622 -0.270850 0.000000
vn 0.974932 -0.222505 0.000000
vn 0.984807 -0.173655 0.000000
vn 0.984807 -0.173655 0.000000
vn 0.992236 -0.124371 0.000000
vn 0.992236 -0.124371 0.000000
vn 0.997205 -0.074709 0.000000
vn 0.997205 -0.074709 0.000000
vn 0.999689 -0.024931 0.000000
vn 0.999689 -0.024931 0.000000
vn -0.000000 0.000000 -1.000000
vn 0.000000 0.000000 -1.000000
vn -0.000000 0.000000 -1.000000
vn -0.000000 0.000000 -1.000000
vn 0.000000 0.000000 -1.000000
vn 0.000000 0.000000 -1.000000
vn 0.000000 0.000000 -1.000000
vn -0.000000 0.000000 -1.000000
vn -0.000000 0.000000 -1.000000
vn -0.000000 0.000000 -1.000000
vn 0.000000 0.000000 -1.000000
vn 0.000000 0.000000 -1.000000
vn -0.000000 0.000000 -1.000000
vn 0.000000 0.000000 -1.000000
vn 0.000000 0.000000 -1.000000
vn -0.000000 0.000000 -1.000000
vn 0.000000 0.000000 -1.000000
vn 0.000000 0.000000 -1.000000
vn -0.000000 0.000000 -1.000000
vn -0.000000 0.000000 -1.000000
vn 0.000000 0.000000 -1.000000
vn -0.000000 0.000000 -1.000000
vn -0.000000 0.000000 -1.000000
vn -0.000000 0.000000 -1.000000
vn 0.000000 0.000000 -1.000000
vn 0.000000 0.000000 -1.000000
vn 0.000000 0.000000 -1.000000
vn 0.000000 0.000000 -1.000000
vn -0.000000 0.000000 -1.000000
vn -0.000000 0.000000 -1.000000
vn 0.000000 0.000000 -1.000000
vn 0.000000 0.000000 -1.000000
vn 0.000000 0.000000 -1.000000
vn 0.000000 0.000000 -1.000000
vn 0.000000 0.000000 -1.000000
vn 0.000000 0.000000 -1.000000
vn 0.000000 0.000000 -1.000000
vn 0.000000 0.000000 -1.000000
vn 0.000000 0.000000 -1.000000
vn 0.000000 0.000000 -1.000000
vn 0.000000 0.000000 -1.000000
vn 0.000000 0.000000 -1.000000
vn 0.000000 0.000000 -1.000000
vn 0.000000 0.000000 -1.000000
vn 0.000000 0.000000 -1.000000
vn 0.000000 0.000000 -1.000000
vn 0.000000 0.000000 -1.000000
vn 0.000000 0.000000 -1.000000
vn 0.000000 0.000000 -1.000000
vn 0.000000 0.000000 -1.000000
vn 0.000000 0.000000 -1.000000
vn 0.000000 0.000000 -1.000000
vn 0.000000 0.000000 -1.000000
vn 0.000000 0.000000 -1.000000
vn 0.000000 0.000000 -1.000000
vn 0.000000 0.000000 -1.000000
vn 0.000000 0.000000 -1.000000
vn 0.000000 0.000000 -1.000000
vn 0.000000 0.000000 -1.000000
vn 0.000000 0.000000 -1.000000
vn 0.000000 0.000000 -1.000000
vn 0.000000 0.000000 -1.000000
vn 0.000000 0.000000 -1.000000
vn 0.000000 0.000000 -1.000000
vn 0.000000 0.000000 -1.000000
vn 0.000000 0.000000 -1.000000
vn 0.000000 0.000000 -1.000000
vn 0.000000 0.000000 -1.000000
vn 0.000000 0.000000 -1.000000
vn 0.000000 0.000000 -1.000000
vn 0.000000 0.000000 -1.000000
vn 0.000000 0.000000 -1.000000
vn 0.000000 0.000000 -1.000000
vn 0.000000 0.000000 -1.000000
vn 0.000000 0.000000 -1.000000
vn 0.000000 0.000000 -1.000000
vn 0.000000 0.000000 -1.000000
vn 0.000000 0.000000 -1.000000
vn 0.000000 0.000000 -1.000000
vn 0.000000 0.000000 -1.000000
vn 0.000000 0.000000 -1.000000
vn 0.000000 0.000000 -1.000000
vn 0.000000 0.000000 -1.000000
vn 0.000000 0.000000 -1.000000
vn 0.000000 0.000000 -1.000000
vn 0.000000 0.000000 -1.000000
vn -0.000000 0.000000 -1.000000
vn 0.000000 -0.000000 -1.000000
vn 0.000000 -0.000000 -1.000000
vn 0.000000 0.000000 -1.000000
vn 0.000000 -0.000000 -1.000000
vn 0.000000 0.000000 -1.000000
vn 0.000000 0.000000 -1.000000
vn 0.000000 -0.000000 -1.000000
vn 0.000000 -0.000000 -1.000000
vn 0.000000 0.000000 -1.000000
vn 0.000000 0.000000 -1.000000
vn 0.000000 0.000000 -1.000000
vn -0.000000 0.000000 -1.000000
vn 0.000000 0.000000 -1.000000
vn 0.000000 0.000000 -1.000000
vn 0.000000 0.000000 -1.000000
vn 0.000000 0.000000 -1.000000
vn 0.000000 0.000000 -1.000000
vn 0.000000 -0.000000 -1.000000
vn 0.000000 -0.000000 -1.000000
vn 0.000000 0.000000 -1.000000
vn 0.000000 0.000000 -1.000000
vn 0.000000 -0.000000 -1.000000
vn 0.000000 -0.000000 -1.000000
vn 0.000000 -0.000000 -1.000000
vn 0.000000 0.000000 -1.000000
vn 0.000000 0.000000 -1.000000
vn 0.000000 -0.000000 -1.000000
vn 0.000000 0.000000 -1.000000
vn 0.000000 -0.000000 -1.000000
vn 0.000000 0.000000 -1.000000
vn 0.000000 -0.000000 -1.000000
vn 0.000000 -0.000000 -1.000000
vn 0.000000 0.000000 -1.000000
vn 0.000000 0.000000 -1.000000
vn 0.000000 0.000000 -1.000000
vn 0.000000 -0.000000 -1.000000
vn 0.000000 0.000000 -1.000000
f 1//1 2//1 3//1
f 1//2 3//2 4//2
f 2//3 5//3 3//3
f 6//4 7//4 5//4
f 7//5 8//5 5//5
f 8//6 3//6 5//6
f 4//7 9//7 1//7
f 10//8 11//8 12//8
f 13//9 14//9 15//9
f 15//10 14//10 11//10
f 11//11 14//11 12//11
f 16//12 17//12 18//12
f 18//13 17//13 19//13
f 19//14 17//14 20//14
f 20//15 17//15 14//15
f 14//16 17//16 12//16
f 17//17 21//17 12//17
f 22//18 23//18 24//18
f 24//19 23//19 21//19
f 21//20 23//20 12//20
f 25//21 26//21 27//21
f 27//22 26//22 28//22
f 26//23 29//23 28//23
f 30//24 29//24 26//24
f 28//25 29//25 23//25
f 29//26 31//26 23//26
f 31//27 32//27 23//27
f 33//28 32//28 34//28
f 34//29 32//29 35//29
f 35//30 32//30 31//30
f 32//31 36//31 23//31
f 36//32 37//32 23//32
f 38//33 39//33 37//33
f 9//34 40//34 41//34
f 12//35 40//35 9//35
f 39//36 42//36 37//36
f 43//37 42//37 44//37
f 44//38 42//38 39//38
f 40//39 45//39 46//39
f 47//40 48//40 42//40
f 40//41 49//41 45//41
f 48//42 50//42 42//42
f 12//43 51//43 40//43
f 40//44 51//44 49//44
f 50//45 52//45 42//45
f 53//46 54//46 52//46
f 52//47 54//47 42//47
f 42//48 54//48 37//48
f 51//49 55//49 56//49
f 23//50 55//50 12//50
f 56//51 55//51 57//51
f 12//52 55//52 51//52
f 23//53 58//53 55//53
f 58//54 59//54 60//54
f 61//55 62//55 63//55
f 63//56 62//56 64//56
f 64//57 62//57 54//57
f 37//58 65//58 23//58
f 54//59 65//59 37//59
f 62//60 65//60 54//60
f 59//61 66//61 67//61
f 67//62 66//62 68//62
f 69//63 70//63 71//63
f 71//64 70//64 65//64
f 66//65 72//65 73//65
f 65//66 74//66 23//66
f 58//67 74//67 59//67
f 70//68 74//68 65//68
f 23//69 74//69 58//69
f 66//70 74//70 72//70
f 59//71 74//71 66//71
f 4//72 12//72 9//72
f 75//73 1//73 76//73
f 77//74 76//74 1//74
f 78//75 1//75 75//75
f 79//76 77//76 1//76
f 80//77 1//77 78//77
f 81//78 79//78 1//78
f 82//79 1//79 80//79
f 83//80 81//80 1//80
f 84//81 1//81 82//81
f 85//82 83//82 1//82
f 86//83 1//83 84//83
f 87//84 85//84 1//84
f 88//85 1//85 86//85
f 89//86 87//86 1//86
f 90//87 1//87 88//87
f 91//88 89//88 1//88
f 92//89 1//89 90//89
f 93//90 91//90 1//90
f 94//91 1//91 92//91
f 95//92 93//92 1//92
f 96//93 1//93 94//93
f 97//94 95//94 1//94
f 98//95 1//95 96//95
f 99//96 97//96 1//96
f 100//97 1//97 98//97
f 101//98 99//98 1//98
f 102//99 1//99 100//99
f 103//100 101//100 1//100
f 104//101 1//101 102//101
f 105//102 103//102 1//102
f 106//103 1//103 104//103
f 107//104 105//104 1//104
f 108//105 107//105 1//105
f 109//106 108//106 1//106
f 110//107 109//107 1//107
f 111//108 110//108 1//108
f 2//109 112//109 113//109
f 2//110 114//110 112//110
f 2//111 115//111 114//111
f 2//112 116//112 115//112
f 2//113 117//113 116//113
f 2//114 118//114 117//114
f 2//115 119//115 118//115
f 2//116 120//116 119//116
f 2//117 121//117 120//117
f 2//118 122//118 121//118
f 2//119 123//119 122//119
f 2//120 124//120 123//120
f 2//121 125//121 124//121
f 2//122 126//122 125//122
f 2//123 106//123 126//123
f 2//124 1//124 106//124
f 127//125 2//125 113//125
f 128//126 2//126 127//126
f 129//127 2//127 128//127
f 130//128 2//128 129//128
f 131//129 2//129 130//129
f 132//130 2//130 131//130
f 133//131 2//131 132//131
f 134//132 2//132 133//132
f 135//133 2//133 134//133
f 136//134 2//134 135//134
f 137//135 2//135 136//135
f 138//136 2//136 137//136
f 139//137 2//137 138//137
f 140//138 2//138 139//138
f 141//139 2//139 140//139
f 142//140 2//140 141//140
f 143//141 2//141 142//141
f 144//142 2//142 143//142
f 145//143 2//143 144//143
f 146//144 147//144 148//144
f 149//145 146//145 148//145
f 149//146 148//146 150//146
f 151//147 147//147 146//147
f 151//148 152//148 147//148
f 153//149 154//149 155//149
f 153//150 150//150 154//150
f 153//151 149//151 150//151
f 156//152 152//152 151//152
f 156//153 157//153 152//153
f 158//154 155//154 159//154
f 158//155 153//155 155//155
f 160//156 157//156 156//156
f 160//157 161//157 157//157
f 160//158 162//158 161//158
f 163//159 158//159 159//159
f 163//160 159//160 164//160
f 165//161 162//161 160//161
f 165//162 166//162 162//162
f 167//163 163//163 164//163
f 167//164 164//164 168//164
f 169//165 166//165 165//165
f 169//166 170//166 166//166
f 171//167 167//167 168//167
f 171//168 168//168 111//168
f 172//169 170//169 169//169
f 172//170 173//170 170//170
f 174//171 171//171 111//171
f 174//172 111//172 1//172
f 175//173 173//173 172//173
f 175//174 176//174 173//174
f 175//175 177//175 176//175
f 178//176 174//176 1//176
f 179//177 177//177 175//177
f 179//178 180//178 177//178
f 181//179 178//179 1//179
f 182//180 180//180 179//180
f 182//181 183//181 180//181
f 184//182 181//182 1//182
f 185//183 183//183 182//183
f 185//184 186//184 183//184
f 187//185 184//185 1//185
f 188//186 186//186 185//186
f 188//187 189//187 186//187
f 188//188 190//188 189//188
f 191//189 187//189 1//189
f 192//190 190//190 188//190
f 192//191 193//191 190//191
f 194//192 191//192 1//192
f 195//193 193//193 192//193
f 195//194 196//194 193//194
f 197//195 194//195 1//195
f 198//196 196//196 195//196
f 198//197 199//197 196//197
f 198//198 200//198 199//198
f 201//199 200//199 198//199
f 201//200 202//200 200//200
f 203//201 202//201 201//201
f 203//202 204//202 202//202
f 205//203 204//203 203//203
f 205//204 206//204 204//204
f 205//205 207//205 206//205
f 208//206 207//206 205//206
f 208//207 209//207 207//207
f 210//208 211//208 209//208
f 210//209 209//209 208//209
f 212//210 211//210 210//210
f 212//211 213//211 211//211
f 212//212 214//212 213//212
f 215//213 214//213 212//213
f 215//214 216//214 214//214
f 217//215 216//215 215//215
f 217//216 218//216 216//216
f 219//217 220//217 218//217
f 219//218 218//218 217//218
f 221//219 220//219 219//219
f 221//220 222//220 220//220
f 221//221 223//221 222//221
f 224//222 223//222 221//222
f 224//223 225//223 223//223
f 226//224 227//224 225//224
f 226//225 225//225 224//225
f 228//226 227//226 226//226
f 228//227 229//227 227//227
f 230//228 229//228 228//228
f 230//229 231//229 229//229
f 230//230 232//230 231//230
f 233//231 232//231 230//231
f 233//232 234//232 232//232
f 235//233 234//233 233//233
f 235//234 236//234 234//234
f 237//235 236//235 235//235
f 237//236 238//236 236//236
f 239//237 238//237 237//237
f 239//238 240//238 238//238
f 241//239 240//239 239//239
f 241//240 242//240 240//240
f 241//241 243//241 242//241
f 244//242 243//242 241//242
f 244//243 245//243 243//243
f 246//244 245//244 244//244
f 5//245 2//245 247//245
f 247//246 2//246 248//246
f 248//247 2//247 249//247
f 249//248 2//248 250//248
f 250//249 2//249 251//249
f 251//250 2//250 252//250
f 252//251 2//251 253//251
f 253//252 2//252 254//252
f 254//253 2//253 255//253
f 255//254 2//254 256//254
f 256//255 2//255 257//255
f 257//256 2//256 246//256
f 246//257 2//257 145//257
f 246//258 145//258 258//258
f 246//259 258//259 259//259
f 246//260 259//260 260//260
f 246//261 260//261 261//261
f 246//262 261//262 245//262
f 1//263 9//263 262//263
f 1//264 262//264 197//264
f 4//265 263//265 264//265
f 264//266 265//266 4//266
f 4//267 266//267 263//267
f 265//268 267//268 4//268
f 4//269 268//269 266//269
f 267//270 269//270 4//270
f 4//271 270//271 268//271
f 269//272 271//272 4//272
f 4//273 272//273 270//273
f 271//274 273//274 4//274
f 4//275 274//275 272//275
f 273//276 275//276 4//276
f 4//277 276//277 274//277
f 275//278 277//278 4//278
f 4//279 278//279 276//279
f 277//280 279//280 4//280
f 4//281 280//281 278//281
f 279//282 281//282 4//282
f 4//283 282//283 280//283
f 281//284 283//284 4//284
f 4//285 284//285 282//285
f 283//286 285//286 4//286
f 4//287 286//287 284//287
f 285//288 287//288 4//288
f 4//289 288//289 286//289
f 287//290 289//290 4//290
f 4//291 290//291 288//291
f 289//292 291//292 4//292
f 4//293 292//293 290//293
f 291//294 293//294 4//294
f 4//295 294//295 292//295
f 293//296 295//296 4//296
f 295//297 296//297 4//297
f 296//298 297//298 4//298
f 297//299 298//299 4//299
f 298//300 299//300 4//300
f 299//301 300//301 4//301
f 300//302 301//302 4//302
f 4//303 3//303 294//303
f 302//304 3//304 303//304
f 304//305 3//305 302//305
f 305//306 3//306 304//306
f 306//307 3//307 305//307
f 307//308 3//308 306//308
f 308//309 3//309 307//309
f 309//310 3//310 308//310
f 310//311 3//311 309//311
f 311//312 3//312 310//312
f 312//313 3//313 311//313
f 313//314 3//314 312//314
f 314//315 3//315 313//315
f 315//316 3//316 314//316
f 316//317 3//317 315//317
f 294//318 3//318 316//318
f 3//319 317//319 303//319
f 3//320 318//320 317//320
f 3//321 319//321 318//321
f 3//322 320//322 319//322
f 3//323 321//323 320//323
f 3//324 322//324 321//324
f 3//325 323//325 322//325
f 3//326 324//326 323//326
f 3//327 325//327 324//327
f 3//328 326//328 325//328
f 3//329 327//329 326//329
f 3//330 328//330 327//330
f 3//331 329//331 328//331
f 3//332 330//332 329//332
f 3//333 331//333 330//333
f 3//334 332//334 331//334
f 3//335 333//335 332//335
f 3//336 334//336 333//336
f 3//337 335//337 334//337
f 3//338 336//338 335//338
f 3//339 337//339 336//339
f 3//340 338//340 337//340
f 339//341 12//341 301//341
f 340//342 12//342 339//342
f 341//343 12//343 340//343
f 342//344 12//344 341//344
f 343//345 12//345 342//345
f 344//346 12//346 343//346
f 345//347 12//347 344//347
f 346//348 12//348 345//348
f 347//349 12//349 346//349
f 348//350 12//350 347//350
f 349//351 12//351 348//351
f 350//352 12//352 349//352
f 351//353 12//353 350//353
f 352//354 12//354 351//354
f 353//355 12//355 352//355
f 354//356 12//356 353//356
f 355//357 12//357 354//357
f 356//358 12//358 355//358
f 357//359 12//359 356//359
f 301//360 12//360 4//360
f 358//361 12//361 357//361
f 359//362 12//362 358//362
f 360//363 12//363 359//363
f 361//364 12//364 360//364
f 362//365 363//365 364//365
f 365//366 363//366 362//366
f 366//367 363//367 365//367
f 367//368 363//368 366//368
f 368//369 363//369 367//369
f 369//370 363//370 368//370
f 370//371 363//371 369//371
f 371//372 363//372 370//372
f 372//373 363//373 371//373
f 373//374 363//374 372//374
f 374//375 363//375 373//375
f 375//376 363//376 374//376
f 376//377 363//377 375//377
f 377//378 363//378 376//378
f 378//379 363//379 377//379
f 379//380 363//380 378//380
f 380//381 363//381 379//381
f 381//382 363//382 380//382
f 382//383 363//383 361//383
f 361//384 363//384 12//384
f 364//385 363//385 382//385
f 363//386 8//386 383//386
f 3//387 8//387 338//387
f 338//388 8//388 384//388
f 384//389 8//389 385//389
f 385//390 8//390 386//390
f 386//391 8//391 387//391
f 387//392 8//392 388//392
f 388//393 8//393 389//393
f 389//394 8//394 390//394
f 390//395 8//395 381//395
f 381//396 8//396 363//396
f 7//397 391//397 8//397
f 8//398 391//398 383//398
f 392//399 391//399 7//399
f 41//400 40//400 392//400
f 393//401 394//401 395//401
f 396//402 395//402 41//402
f 396//403 397//403 393//403
f 396//404 393//404 395//404
f 398//405 396//405 41//405
f 399//406 398//406 41//406
f 400//407 401//407 399//407
f 400//408 399//408 41//408
f 402//409 403//409 400//409
f 402//410 404//410 403//410
f 402//411 400//411 41//411
f 405//412 402//412 41//412
f 406//413 405//413 41//413
f 406//414 407//414 405//414
f 406//415 408//415 407//415
f 409//416 406//416 41//416
f 410//417 409//417 41//417
f 410//418 411//418 409//418
f 412//419 413//419 410//419
f 412//420 414//420 413//420
f 415//421 416//421 412//421
f 417//422 412//422 410//422
f 417//423 415//423 412//423
f 418//424 419//424 420//424
f 6//425 410//425 41//425
f 6//426 421//426 417//426
f 6//427 420//427 421//427
f 6//428 417//428 410//428
f 6//429 41//429 392//429
f 422//430 423//430 418//430
f 422//431 418//431 420//431
f 422//432 420//432 6//432
f 424//433 425//433 423//433
f 424//434 426//434 425//434
f 427//435 422//435 428//435
f 429//436 430//436 424//436
f 431//437 424//437 423//437
f 431//438 429//438 424//438
f 432//439 431//439 423//439
f 433//440 434//440 435//440
f 433//441 427//441 434//441
f 436//442 422//442 427//442
f 436//443 427//443 433//443
f 437//444 438//444 432//444
f 437//445 439//445 438//445
f 437//446 432//446 423//446
f 440//447 436//447 441//447
f 442//448 437//448 423//448
f 443//449 422//449 436//449
f 443//450 436//450 440//450
f 444//451 443//451 445//451
f 444//452 422//452 443//452
f 446//453 447//453 442//453
f 446//454 448//454 447//454
f 449//455 444//455 450//455
f 449//456 422//456 444//456
f 451//457 452//457 446//457
f 453//458 451//458 446//458
f 453//459 423//459 422//459
f 453//460 449//460 454//460
f 453//461 442//461 423//461
f 453//462 446//462 442//462
f 453//463 422//463 449//463
f 7//464 6//464 392//464
f 262//465 9//465 41//465
f 262//466 41//466 395//466
f 197//467 395//467 394//467
f 197//468 262//468 395//468
f 194//469 394//469 393//469
f 194//470 393//470 397//470
f 194//471 197//471 394//471
f 191//472 194//472 397//472
f 187//473 397//473 396//473
f 187//474 191//474 397//474
f 184//475 396//475 398//475
f 184//476 187//476 396//476
f 181//477 398//477 399//477
f 181//478 399//478 401//478
f 181//479 184//479 398//479
f 178//480 181//480 401//480
f 174//481 401//481 400//481
f 174//482 178//482 401//482
f 171//483 400//483 403//483
f 171//484 174//484 400//484
f 167//485 403//485 404//485
f 167//486 171//486 403//486
f 163//487 404//487 402//487
f 163//488 402//488 405//488
f 163//489 167//489 404//489
f 158//490 163//490 405//490
f 153//491 405//491 407//491
f 153//492 158//492 405//492
f 149//493 407//493 408//493
f 149//494 153//494 407//494
f 146//495 408//495 406//495
f 146//496 149//496 408//496
f 151//497 406//497 409//497
f 151//498 409//498 411//498
f 151//499 146//499 406//499
f 156//500 151//500 411//500
f 156//501 411//501 410//501
f 160//502 156//502 410//502
f 165//503 160//503 410//503
f 165//504 410//504 413//504
f 169//505 165//505 413//505
f 169//506 413//506 414//506
f 172//507 169//507 414//507
f 172//508 414//508 412//508
f 175//509 412//509 416//509
f 175//510 172//510 412//510
f 179//511 416//511 415//511
f 179//512 175//512 416//512
f 182//513 415//513 417//513
f 182//514 179//514 415//514
f 185//515 417//515 421//515
f 185//516 182//516 417//516
f 188//517 421//517 420//517
f 188//518 420//518 419//518
f 188//519 185//519 421//519
f 192//520 188//520 419//520
f 195//521 419//521 418//521
f 195//522 418//522 423//522
f 195//523 192//523 419//523
f 198//524 423//524 425//524
f 198//525 195//525 423//525
f 201//526 198//526 425//526
f 203//527 425//527 426//527
f 203//528 426//528 424//528
f 203//529 201//529 425//529
f 205//530 203//530 424//530
f 208//531 424//531 430//531
f 208//532 430//532 429//532
f 208//533 205//533 424//533
f 210//534 208//534 429//534
f 212//535 429//535 431//535
f 212//536 431//536 432//536
f 212//537 210//537 429//537
f 215//538 432//538 438//538
f 215//539 212//539 432//539
f 217//540 215//540 438//540
f 219//541 438//541 439//541
f 219//542 217//542 438//542
f 221//543 439//543 437//543
f 221//544 437//544 442//544
f 221//545 219//545 439//545
f 224//546 442//546 447//546
f 224//547 221//547 442//547
f 226//548 447//548 448//548
f 226//549 224//549 447//549
f 228//550 226//550 448//550
f 228//551 448//551 446//551
f 230//552 228//552 446//552
f 233//553 230//553 446//553
f 233//554 446//554 452//554
f 235//555 233//555 452//555
f 235//556 452//556 451//556
f 237//557 235//557 451//557
f 237//558 451//558 453//558
f 237//559 453//559 454//559
f 239//560 237//560 454//560
f 241//561 239//561 454//561
f 241//562 454//562 449//562
f 244//563 241//563 449//563
f 244//564 449//564 450//564
f 246//565 244//565 450//565
f 246//566 450//566 444//566
f 246//567 444//567 445//567
f 257//568 246//568 445//568
f 257//569 445//569 443//569
f 256//570 257//570 443//570
f 255//571 256//571 443//571
f 255//572 443//572 440//572
f 255//573 440//573 441//573
f 254//574 255//574 441//574
f 253//575 254//575 441//575
f 253//576 441//576 436//576
f 252//577 436//577 433//577
f 252//578 433//578 435//578
f 252//579 253//579 436//579
f 251//580 252//580 435//580
f 250//581 435//581 434//581
f 250//582 251//582 435//582
f 249//583 434//583 427//583
f 249//584 250//584 434//584
f 248//585 427//585 428//585
f 248//586 249//586 427//586
f 247//587 428//587 422//587
f 247//588 248//588 428//588
f 5//589 422//589 6//589
f 5//590 247//590 422//590
f 40//591 46//591 392//591
f 392//592 46//592 455//592
f 455//593 46//593 456//593
f 46//594 45//594 456//594
f 456//595 49//595 457//595
f 45//596 49//596 456//596
f 457//597 51//597 458//597
f 49//598 51//598 457//598
f 458//599 56//599 459//599
f 459//600 56//600 460//600
f 51//601 56//601 458//601
f 56//602 57//602 460//602
f 460//603 55//603 461//603
f 57//604 55//604 460//604
f 461//605 58//605 462//605
f 462//606 58//606 463//606
f 55//607 58//607 461//607
f 463//608 60//608 464//608
f 58//609 60//609 463//609
f 60//610 59//610 464//610
f 464//611 67//611 465//611
f 465//612 67//612 466//612
f 59//613 67//613 464//613
f 67//614 68//614 466//614
f 466//615 66//615 467//615
f 68//616 66//616 466//616
f 467//617 73//617 468//617
f 468//618 73//618 469//618
f 66//619 73//619 467//619
f 73//620 72//620 469//620
f 469//621 74//621 470//621
f 72//622 74//622 469//622
f 470//623 70//623 471//623
f 74//624 70//624 470//624
f 471//625 69//625 472//625
f 70//626 69//626 471//626
f 69//627 71//627 472//627
f 472//628 71//628 473//628
f 71//629 65//629 473//629
f 473//630 65//630 474//630
f 65//631 62//631 474//631
f 474//632 62//632 475//632
f 62//633 61//633 475//633
f 475//634 61//634 476//634
f 476//635 63//635 477//635
f 61//636 63//636 476//636
f 477//637 63//637 478//637
f 63//638 64//638 478//638
f 478//639 54//639 479//639
f 64//640 54//640 478//640
f 479//641 53//641 480//641
f 54//642 53//642 479//642
f 480//643 52//643 481//643
f 53//644 52//644 480//644
f 481//645 50//645 482//645
f 52//646 50//646 481//646
f 482//647 48//647 483//647
f 483//648 48//648 484//648
f 50//649 48//649 482//649
f 48//650 47//650 484//650
f 484//651 42//651 485//651
f 47//652 42//652 484//652
f 485//653 43//653 486//653
f 42//654 43//654 485//654
f 486//655 44//655 487//655
f 43//656 44//656 486//656
f 487//657 39//657 488//657
f 488//658 39//658 489//658
f 44//659 39//659 487//659
f 39//660 38//660 489//660
f 489//661 37//661 490//661
f 38//662 37//662 489//662
f 490//663 36//663 491//663
f 37//664 36//664 490//664
f 491//665 32//665 492//665
f 36//666 32//666 491//666
f 492//667 33//667 493//667
f 493//668 33//668 494//668
f 32//669 33//669 492//669
f 33//670 34//670 494//670
f 494//671 35//671 495//671
f 495//672 35//672 496//672
f 34//673 35//673 494//673
f 35//674 31//674 496//674
f 31//675 29//675 496//675
f 496//676 29//676 497//676
f 29//677 30//677 497//677
f 497//678 30//678 498//678
f 498//679 30//679 499//679
f 30//680 26//680 499//680
f 26//681 25//681 499//681
f 499//682 25//682 500//682
f 500//683 25//683 501//683
f 25//684 27//684 501//684
f 27//685 28//685 501//685
f 501//686 28//686 502//686
f 28//687 23//687 502//687
f 502//688 23//688 503//688
f 23//689 22//689 503//689
f 503//690 22//690 504//690
f 504//691 22//691 505//691
f 22//692 24//692 505//692
f 505//693 24//693 506//693
f 24//694 21//694 506//694
f 21//695 17//695 506//695
f 506//696 17//696 507//696
f 507//697 17//697 508//697
f 17//698 16//698 508//698
f 508//699 16//699 509//699
f 16//700 18//700 509//700
f 18//701 19//701 509//701
f 509//702 19//702 510//702
f 510//703 19//703 511//703
f 19//704 20//704 511//704
f 20//705 14//705 511//705
f 511//706 14//706 512//706
f 512//707 13//707 513//707
f 14//708 13//708 512//708
f 513//709 15//709 514//709
f 13//710 15//710 513//710
f 514//711 11//711 515//711
f 15//712 11//712 514//712
f 515//713 10//713 516//713
f 11//714 10//714 515//714
f 516//715 12//715 363//715
f 10//716 12//716 516//716
f 202//717 204//717 364//717
f 364//718 204//718 362//718
f 362//719 206//719 365//719
f 204//720 206//720 362//720
f 365//721 207//721 366//721
f 206//722 207//722 365//722
f 366//723 209//723 367//723
f 207//724 209//724 366//724
f 367//725 211//725 368//725
f 368//726 211//726 369//726
f 209//727 211//727 367//727
f 211//728 213//728 369//728
f 369//729 214//729 370//729
f 213//730 214//730 369//730
f 370//731 216//731 371//731
f 214//732 216//732 370//732
f 371//733 218//733 372//733
f 372//734 218//734 373//734
f 216//735 218//735 371//735
f 218//736 220//736 373//736
f 220//737 222//737 373//737
f 373//738 222//738 374//738
f 222//739 223//739 374//739
f 374//740 223//740 375//740
f 223//741 225//741 375//741
f 375//742 225//742 376//742
f 225//743 227//743 376//743
f 376//744 227//744 377//744
f 377//745 229//745 378//745
f 227//746 229//746 377//746
f 378//747 231//747 379//747
f 229//748 231//748 378//748
f 379//749 232//749 380//749
f 231//750 232//750 379//750
f 380//751 234//751 381//751
f 232//752 234//752 380//752
f 381//753 236//753 390//753
f 234//754 236//754 381//754
f 390//755 238//755 389//755
f 236//756 238//756 390//756
f 389//757 240//757 388//757
f 238//758 240//758 389//758
f 388//759 242//759 387//759
f 240//760 242//760 388//760
f 387//761 243//761 386//761
f 242//762 243//762 387//762
f 386//763 245//763 385//763
f 385//764 245//764 384//764
f 243//765 245//765 386//765
f 245//766 261//766 384//766
f 384//767 260//767 338//767
f 261//768 260//768 384//768
f 338//769 259//769 337//769
f 260//770 259//770 338//770
f 337//771 258//771 336//771
f 259//772 258//772 337//772
f 336//773 145//773 335//773
f 258//774 145//774 336//774
f 335//775 144//775 334//775
f 145//776 144//776 335//776
f 334//777 143//777 333//777
f 144//778 143//778 334//778
f 333//779 142//779 332//779
f 143//780 142//780 333//780
f 332//781 141//781 331//781
f 142//782 141//782 332//782
f 331//783 140//783 330//783
f 141//784 140//784 331//784
f 330//785 139//785 329//785
f 329//786 139//786 328//786
f 140//787 139//787 330//787
f 139//788 138//788 328//788
f 138//789 137//789 328//789
f 328//790 137//790 327//790
f 137//791 136//791 327//791
f 327//792 136//792 326//792
f 136//793 135//793 326//793
f 326//794 135//794 325//794
f 135//795 134//795 325//795
f 325//796 134//796 324//796
f 134//797 133//797 324//797
f 324//798 133//798 323//798
f 133//799 132//799 323//799
f 323//800 132//800 322//800
f 322//801 132//801 321//801
f 132//802 131//802 321//802
f 131//803 130//803 321//803
f 321//804 130//804 320//804
f 320//805 130//805 319//805
f 130//806 129//806 319//806
f 129//807 128//807 319//807
f 319//808 128//808 318//808
f 318//809 128//809 317//809
f 128//810 127//810 317//810
f 317//811 127//811 303//811
f 127//812 113//812 303//812
f 303//813 112//813 302//813
f 113//814 112//814 303//814
f 302//815 114//815 304//815
f 112//816 114//816 302//816
f 304//817 115//817 305//817
f 114//818 115//818 304//818
f 305//819 116//819 306//819
f 115//820 116//820 305//820
f 306//821 117//821 307//821
f 116//822 117//822 306//822
f 307//823 118//823 308//823
f 308//824 118//824 309//824
f 117//825 118//825 307//825
f 118//826 119//826 309//826
f 309//827 120//827 310//827
f 119//828 120//828 309//828
f 310//829 121//829 311//829
f 311//830 121//830 312//830
f 120//831 121//831 310//831
f 121//832 122//832 312//832
f 312//833 123//833 313//833
f 122//834 123//834 312//834
f 313//835 124//835 314//835
f 123//836 124//836 313//836
f 314//837 125//837 315//837
f 124//838 125//838 314//838
f 125//839 126//839 315//839
f 315//840 126//840 316//840
f 126//841 106//841 316//841
f 316//842 106//842 294//842
f 106//843 104//843 294//843
f 294//844 104//844 292//844
f 104//845 102//845 292//845
f 292//846 102//846 290//846
f 290//847 102//847 288//847
f 102//848 100//848 288//848
f 100//849 98//849 288//849
f 288//850 98//850 286//850
f 98//851 96//851 286//851
f 286//852 96//852 284//852
f 284//853 96//853 282//853
f 96//854 94//854 282//854
f 94//855 92//855 282//855
f 282//856 92//856 280//856
f 92//857 90//857 280//857
f 280//858 90//858 278//858
f 278//859 90//859 276//859
f 90//860 88//860 276//860
f 276//861 88//861 274//861
f 88//862 86//862 274//862
f 274//863 86//863 272//863
f 86//864 84//864 272//864
f 84//865 82//865 272//865
f 272//866 82//866 270//866
f 82//867 80//867 270//867
f 270//868 80//868 268//868
f 80//869 78//869 268//869
f 268//870 78//870 266//870
f 78//871 75//871 266//871
f 266//872 75//872 263//872
f 75//873 76//873 263//873
f 263//874 76//874 264//874
f 76//875 77//875 264//875
f 264//876 77//876 265//876
f 77//877 79//877 265//877
f 265//878 79//878 267//878
f 79//879 81//879 267//879
f 267//880 81//880 269//880
f 269//881 83//881 271//881
f 81//882 83//882 269//882
f 271//883 83//883 273//883
f 83//884 85//884 273//884
f 273//885 87//885 275//885
f 275//886 87//886 277//886
f 85//887 87//887 273//887
f 87//888 89//888 277//888
f 277//889 91//889 279//889
f 279//890 91//890 281//890
f 89//891 91//891 277//891
f 91//892 93//892 281//892
f 93//893 95//893 281//893
f 281//894 95//894 283//894
f 95//895 97//895 283//895
f 283//896 97//896 285//896
f 285//897 97//897 287//897
f 97//898 99//898 287//898
f 99//899 101//899 287//899
f 287//900 101//900 289//900
f 289//901 101//901 291//901
f 101//902 103//902 291//902
f 103//903 105//903 291//903
f 291//904 105//904 293//904
f 105//905 107//905 293//905
f 293//906 107//906 295//906
f 107//907 108//907 295//907
f 295//908 108//908 296//908
f 296//909 108//909 297//909
f 108//910 109//910 297//910
f 297//911 109//911 298//911
f 109//912 110//912 298//912
f 298//913 110//913 299//913
f 299//914 111//914 300//914
f 110//915 111//915 299//915
f 111//916 168//916 300//916
f 300//917 164//917 301//917
f 301//918 164//918 339//918
f 168//919 164//919 300//919
f 164//920 159//920 339//920
f 339//921 155//921 340//921
f 340//922 155//922 341//922
f 159//923 155//923 339//923
f 155//924 154//924 341//924
f 341//925 150//925 342//925
f 154//926 150//926 341//926
f 342//927 148//927 343//927
f 150//928 148//928 342//928
f 343//929 147//929 344//929
f 344//930 147//930 345//930
f 148//931 147//931 343//931
f 147//932 152//932 345//932
f 345//933 157//933 346//933
f 152//934 157//934 345//934
f 346//935 161//935 347//935
f 347//936 161//936 348//936
f 157//937 161//937 346//937
f 161//938 162//938 348//938
f 162//939 166//939 348//939
f 348//940 166//940 349//940
f 349//941 166//941 350//941
f 166//942 170//942 350//942
f 170//943 173//943 350//943
f 350//944 173//944 351//944
f 351//945 173//945 352//945
f 173//946 176//946 352//946
f 176//947 177//947 352//947
f 352//948 177//948 353//948
f 353//949 177//949 354//949
f 177//950 180//950 354//950
f 354//951 183//951 355//951
f 180//952 183//952 354//952
f 355//953 186//953 356//953
f 183//954 186//954 355//954
f 356//955 189//955 357//955
f 186//956 189//956 356//956
f 357//957 190//957 358//957
f 358//958 190//958 359//958
f 189//959 190//959 357//959
f 190//960 193//960 359//960
f 359//961 196//961 360//961
f 193//962 196//962 359//962
f 360//963 199//963 361//963
f 196//964 199//964 360//964
f 361//965 200//965 382//965
f 199//966 200//966 361//966
f 382//967 202//967 364//967
f 200//968 202//968 382//968
f 383//969 517//969 518//969
f 518//970 519//970 383//970
f 383//971 520//971 517//971
f 519//972 521//972 383//972
f 383//973 522//973 520//973
f 521//974 523//974 383//974
f 383//975 524//975 522//975
f 523//976 525//976 383//976
f 383//977 526//977 524//977
f 525//978 527//978 383//978
f 383//979 528//979 526//979
f 527//980 529//980 383//980
f 383//981 530//981 528//981
f 529//982 531//982 383//982
f 383//983 532//983 530//983
f 531//984 533//984 383//984
f 383//985 534//985 532//985
f 533//986 535//986 383//986
f 383//987 536//987 534//987
f 535//988 537//988 383//988
f 383//989 538//989 536//989
f 537//990 539//990 383//990
f 383//991 540//991 538//991
f 539//992 541//992 383//992
f 383//993 542//993 540//993
f 541//994 543//994 383//994
f 383//995 544//995 542//995
f 543//996 545//996 383//996
f 383//997 546//997 544//997
f 545//998 547//998 383//998
f 383//999 548//999 546//999
f 547//1000 549//1000 383//1000
f 549//1001 550//1001 383//1001
f 550//1002 551//1002 383//1002
f 551//1003 552//1003 383//1003
f 552//1004 553//1004 383//1004
f 554//1005 391//1005 555//1005
f 556//1006 391//1006 554//1006
f 557//1007 391//1007 556//1007
f 558//1008 391//1008 557//1008
f 559//1009 391//1009 558//1009
f 560//1010 391//1010 559//1010
f 561//1011 391//1011 560//1011
f 562//1012 391//1012 561//1012
f 563//1013 391//1013 562//1013
f 564//1014 391//1014 563//1014
f 565//1015 391//1015 564//1015
f 566//1016 391//1016 565//1016
f 567//1017 391//1017 566//1017
f 568//1018 391//1018 567//1018
f 548//1019 391//1019 568//1019
f 383//1020 391//1020 548//1020
f 391//1021 569//1021 555//1021
f 391//1022 570//1022 569//1022
f 391//1023 571//1023 570//1023
f 391//1024 572//1024 571//1024
f 391//1025 573//1025 572//1025
f 391//1026 574//1026 573//1026
f 391//1027 575//1027 574//1027
f 391//1028 576//1028 575//1028
f 391//1029 577//1029 576//1029
f 391//1030 578//1030 577//1030
f 391//1031 579//1031 578//1031
f 391//1032 580//1032 579//1032
f 391//1033 581//1033 580//1033
f 391//1034 582//1034 581//1034
f 391//1035 583//1035 582//1035
f 391//1036 584//1036 583//1036
f 391//1037 585//1037 584//1037
f 391//1038 586//1038 585//1038
f 391//1039 587//1039 586//1039
f 588//1040 501//1040 589//1040
f 501//1041 502//1041 589//1041
f 589//1042 502//1042 590//1042
f 588//1043 500//1043 501//1043
f 591//1044 500//1044 588//1044
f 502//1045 503//1045 590//1045
f 592//1046 503//1046 593//1046
f 590//1047 503//1047 592//1047
f 591//1048 499//1048 500//1048
f 594//1049 499//1049 591//1049
f 593//1050 504//1050 595//1050
f 503//1051 504//1051 593//1051
f 594//1052 498//1052 499//1052
f 596//1053 498//1053 594//1053
f 597//1054 498//1054 596//1054
f 595//1055 505//1055 598//1055
f 504//1056 505//1056 595//1056
f 599//1057 497//1057 597//1057
f 597//1058 497//1058 498//1058
f 505//1059 506//1059 598//1059
f 598//1060 506//1060 600//1060
f 599//1061 496//1061 497//1061
f 601//1062 496//1062 599//1062
f 506//1063 507//1063 600//1063
f 600//1064 507//1064 553//1064
f 601//1065 495//1065 496//1065
f 602//1066 495//1066 601//1066
f 507//1067 508//1067 553//1067
f 553//1068 508//1068 383//1068
f 602//1069 494//1069 495//1069
f 603//1070 494//1070 602//1070
f 604//1071 494//1071 603//1071
f 508//1072 509//1072 383//1072
f 604//1073 493//1073 494//1073
f 605//1074 493//1074 604//1074
f 509//1075 510//1075 383//1075
f 605//1076 492//1076 493//1076
f 606//1077 492//1077 605//1077
f 510//1078 511//1078 383//1078
f 606//1079 491//1079 492//1079
f 607//1080 491//1080 606//1080
f 511//1081 512//1081 383//1081
f 607//1082 490//1082 491//1082
f 608//1083 490//1083 607//1083
f 609//1084 490//1084 608//1084
f 512//1085 513//1085 383//1085
f 610//1086 489//1086 609//1086
f 609//1087 489//1087 490//1087
f 513//1088 514//1088 383//1088
f 610//1089 488//1089 489//1089
f 611//1090 488//1090 610//1090
f 514//1091 515//1091 383//1091
f 611//1092 487//1092 488//1092
f 612//1093 487//1093 611//1093
f 613//1094 487//1094 612//1094
f 613//1095 486//1095 487//1095
f 614//1096 486//1096 613//1096
f 614//1097 485//1097 486//1097
f 615//1098 485//1098 614//1098
f 615//1099 484//1099 485//1099
f 616//1100 484//1100 615//1100
f 617//1101 484//1101 616//1101
f 617//1102 483//1102 484//1102
f 618//1103 483//1103 617//1103
f 618//1104 482//1104 483//1104
f 619//1105 482//1105 618//1105
f 619//1106 481//1106 482//1106
f 620//1107 481//1107 619//1107
f 621//1108 481//1108 620//1108
f 622//1109 480//1109 621//1109
f 621//1110 480//1110 481//1110
f 622//1111 479//1111 480//1111
f 623//1112 479//1112 622//1112
f 624//1113 478//1113 623//1113
f 623//1114 478//1114 479//1114
f 624//1115 477//1115 478//1115
f 625//1116 477//1116 624//1116
f 626//1117 477//1117 625//1117
f 626//1118 476//1118 477//1118
f 627//1119 476//1119 626//1119
f 627//1120 475//1120 476//1120
f 628//1121 475//1121 627//1121
f 628//1122 474//1122 475//1122
f 629//1123 474//1123 628//1123
f 629//1124 473//1124 474//1124
f 630//1125 473//1125 629//1125
f 631//1126 473//1126 630//1126
f 631//1127 472//1127 473//1127
f 632//1128 472//1128 631//1128
f 632//1129 471//1129 472//1129
f 633//1130 471//1130 632//1130
f 633//1131 470//1131 471//1131
f 634//1132 470//1132 633//1132
f 634//1133 469//1133 470//1133
f 635//1134 469//1134 634//1134
f 635//1135 468//1135 469//1135
f 636//1136 468//1136 635//1136
f 637//1137 468//1137 636//1137
f 637//1138 467//1138 468//1138
f 638//1139 467//1139 637//1139
f 638//1140 466//1140 467//1140
f 391//1141 392//1141 455//1141
f 391//1142 455//1142 456//1142
f 391//1143 456//1143 457//1143
f 391//1144 457//1144 458//1144
f 391//1145 458//1145 459//1145
f 391//1146 459//1146 460//1146
f 391//1147 460//1147 461//1147
f 391//1148 461//1148 462//1148
f 391//1149 462//1149 463//1149
f 391//1150 463//1150 464//1150
f 391//1151 464//1151 465//1151
f 391//1152 465//1152 466//1152
f 391//1153 466//1153 587//1153
f 587//1154 466//1154 639//1154
f 639//1155 466//1155 640//1155
f 640//1156 466//1156 641//1156
f 641//1157 466//1157 642//1157
f 642//1158 466//1158 638//1158
f 363//1159 383//1159 516//1159
f 516//1160 383//1160 515//1160
f 643//1161 644//1161 614//1161
f 614//1162 644//1162 615//1162
f 615//1163 645//1163 616//1163
f 644//1164 645//1164 615//1164
f 616//1165 646//1165 617//1165
f 645//1166 646//1166 616//1166
f 617//1167 647//1167 618//1167
f 646//1168 647//1168 617//1168
f 618//1169 648//1169 619//1169
f 619//1170 648//1170 620//1170
f 647//1171 648//1171 618//1171
f 648//1172 649//1172 620//1172
f 620//1173 650//1173 621//1173
f 649//1174 650//1174 620//1174
f 621//1175 651//1175 622//1175
f 650//1176 651//1176 621//1176
f 622//1177 652//1177 623//1177
f 623//1178 652//1178 624//1178
f 651//1179 652//1179 622//1179
f 652//1180 653//1180 624//1180
f 653//1181 654//1181 624//1181
f 624//1182 654//1182 625//1182
f 654//1183 655//1183 625//1183
f 625//1184 655//1184 626//1184
f 655//1185 656//1185 626//1185
f 626//1186 656//1186 627//1186
f 656//1187 657//1187 627//1187
f 627//1188 657//1188 628//1188
f 628//1189 658//1189 629//1189
f 657//1190 658//1190 628//1190
f 629//1191 659//1191 630//1191
f 658//1192 659//1192 629//1192
f 630//1193 660//1193 631//1193
f 659//1194 660//1194 630//1194
f 631//1195 661//1195 632//1195
f 660//1196 661//1196 631//1196
f 632//1197 662//1197 633//1197
f 661//1198 662//1198 632//1198
f 633//1199 663//1199 634//1199
f 662//1200 663//1200 633//1200
f 634//1201 664//1201 635//1201
f 663//1202 664//1202 634//1202
f 635//1203 665//1203 636//1203
f 664//1204 665//1204 635//1204
f 636//1205 666//1205 637//1205
f 665//1206 666//1206 636//1206
f 637//1207 667//1207 638//1207
f 638//1208 667//1208 642//1208
f 666//1209 667//1209 637//1209
f 667//1210 668//1210 642//1210
f 642//1211 669//1211 641//1211
f 668//1212 669//1212 642//1212
f 641//1213 670//1213 640//1213
f 669//1214 670//1214 641//1214
f 640//1215 671//1215 639//1215
f 670//1216 671//1216 640//1216
f 639//1217 672//1217 587//1217
f 671//1218 672//1218 639//1218
f 587//1219 673//1219 586//1219
f 672//1220 673//1220 587//1220
f 586//1221 674//1221 585//1221
f 673//1222 674//1222 586//1222
f 585//1223 675//1223 584//1223
f 674//1224 675//1224 585//1224
f 584//1225 676//1225 583//1225
f 675//1226 676//1226 584//1226
f 583//1227 677//1227 582//1227
f 676//1228 677//1228 583//1228
f 582//1229 678//1229 581//1229
f 581//1230 678//1230 580//1230
f 677//1231 678//1231 582//1231
f 678//1232 679//1232 580//1232
f 679//1233 680//1233 580//1233
f 580//1234 680//1234 579//1234
f 680//1235 681//1235 579//1235
f 579//1236 681//1236 578//1236
f 681//1237 682//1237 578//1237
f 578//1238 682//1238 577//1238
f 682//1239 683//1239 577//1239
f 577//1240 683//1240 576//1240
f 683//1241 684//1241 576//1241
f 576//1242 684//1242 575//1242
f 684//1243 685//1243 575//1243
f 575//1244 685//1244 574//1244
f 574//1245 685//1245 573//1245
f 685//1246 686//1246 573//1246
f 686//1247 687//1247 573//1247
f 573//1248 687//1248 572//1248
f 572//1249 687//1249 571//1249
f 687//1250 688//1250 571//1250
f 688//1251 689//1251 571//1251
f 571//1252 689//1252 570//1252
f 570//1253 689//1253 569//1253
f 689//1254 690//1254 569//1254
f 569//1255 690//1255 555//1255
f 690//1256 691//1256 555//1256
f 555//1257 692//1257 554//1257
f 691//1258 692//1258 555//1258
f 554//1259 693//1259 556//1259
f 692//1260 693//1260 554//1260
f 556//1261 694//1261 557//1261
f 693//1262 694//1262 556//1262
f 557//1263 695//1263 558//1263
f 694//1264 695//1264 557//1264
f 558//1265 696//1265 559//1265
f 695//1266 696//1266 558//1266
f 559//1267 697//1267 560//1267
f 560//1268 697//1268 561//1268
f 696//1269 697//1269 559//1269
f 697//1270 698//1270 561//1270
f 561//1271 699//1271 562//1271
f 698//1272 699//1272 561//1272
f 562//1273 700//1273 563//1273
f 563//1274 700//1274 564//1274
f 699//1275 700//1275 562//1275
f 700//1276 701//1276 564//1276
f 564//1277 702//1277 565//1277
f 701//1278 702//1278 564//1278
f 565//1279 703//1279 566//1279
f 702//1280 703//1280 565//1280
f 566//1281 704//1281 567//1281
f 703//1282 704//1282 566//1282
f 704//1283 705//1283 567//1283
f 567//1284 705//1284 568//1284
f 705//1285 706//1285 568//1285
f 568//1286 706//1286 548//1286
f 706//1287 707//1287 548//1287
f 548//1288 707//1288 546//1288
f 707//1289 708//1289 546//1289
f 546//1290 708//1290 544//1290
f 544//1291 708//1291 542//1291
f 708//1292 709//1292 542//1292
f 709//1293 710//1293 542//1293
f 542//1294 710//1294 540//1294
f 710//1295 711//1295 540//1295
f 540//1296 711//1296 538//1296
f 538//1297 711//1297 536//1297
f 711//1298 712//1298 536//1298
f 712//1299 713//1299 536//1299
f 536//1300 713//1300 534//1300
f 713//1301 714//1301 534//1301
f 534//1302 714//1302 532//1302
f 532//1303 714//1303 530//1303
f 714//1304 715//1304 530//1304
f 530//1305 715//1305 528//1305
f 715//1306 716//1306 528//1306
f 528//1307 716//1307 526//1307
f 716//1308 717//1308 526//1308
f 717//1309 718//1309 526//1309
f 526//1310 718//1310 524//1310
f 718//1311 719//1311 524//1311
f 524//1312 719//1312 522//1312
f 719//1313 720//1313 522//1313
f 522//1314 720//1314 520//1314
f 720//1315 721//1315 520//1315
f 520//1316 721//1316 517//1316
f 721//1317 722//1317 517//1317
f 517//1318 722//1318 518//1318
f 722//1319 723//1319 518//1319
f 518//1320 723//1320 519//1320
f 723//1321 724//1321 519//1321
f 519//1322 724//1322 521//1322
f 724//1323 725//1323 521//1323
f 521//1324 725//1324 523//1324
f 523//1325 726//1325 525//1325
f 725//1326 726//1326 523//1326
f 525//1327 726//1327 527//1327
f 726//1328 727//1328 527//1328
f 527//1329 728//1329 529//1329
f 529//1330 728//1330 531//1330
f 727//1331 728//1331 527//1331
f 728//1332 729//1332 531//1332
f 531//1333 730//1333 533//1333
f 533//1334 730//1334 535//1334
f 729//1335 730//1335 531//1335
f 730//1336 731//1336 535//1336
f 731//1337 732//1337 535//1337
f 535//1338 732//1338 537//1338
f 732//1339 733//1339 537//1339
f 537//1340 733//1340 539//1340
f 539//1341 733//1341 541//1341
f 733//1342 734//1342 541//1342
f 734//1343 735//1343 541//1343
f 541//1344 735//1344 543//1344
f 543//1345 735//1345 545//1345
f 735//1346 736//1346 545//1346
f 736//1347 737//1347 545//1347
f 545//1348 737//1348 547//1348
f 737//1349 738//1349 547//1349
f 547//1350 738//1350 549//1350
f 738//1351 739//1351 549//1351
f 549//1352 739//1352 550//1352
f 550//1353 739//1353 551//1353
f 739//1354 740//1354 551//1354
f 551//1355 740//1355 552//1355
f 740//1356 741//1356 552//1356
f 552//1357 741//1357 553//1357
f 553//1358 742//1358 600//1358
f 741//1359 742//1359 553//1359
f 742//1360 743//1360 600//1360
f 600//1361 744//1361 598//1361
f 598//1362 744//1362 595//1362
f 743//1363 744//1363 600//1363
f 744//1364 745//1364 595//1364
f 595//1365 746//1365 593//1365
f 593//1366 746//1366 592//1366
f 745//1367 746//1367 595//1367
f 746//1368 747//1368 592//1368
f 592//1369 748//1369 590//1369
f 747//1370 748//1370 592//1370
f 590//1371 749//1371 589//1371
f 748//1372 749//1372 590//1372
f 589//1373 750//1373 588//1373
f 588//1374 750//1374 591//1374
f 749//1375 750//1375 589//1375
f 750//1376 751//1376 591//1376
f 591//1377 752//1377 594//1377
f 751//1378 752//1378 591//1378
f 594//1379 753//1379 596//1379
f 596//1380 753//1380 597//1380
f 752//1381 753//1381 594//1381
f 753//1382 754//1382 597//1382
f 754//1383 755//1383 597//1383
f 597//1384 755//1384 599//1384
f 599//1385 755//1385 601//1385
f 755//1386 756//1386 601//1386
f 756//1387 757//1387 601//1387
f 601//1388 757//1388 602//1388
f 602//1389 757//1389 603//1389
f 757//1390 758//1390 603//1390
f 758//1391 759//1391 603//1391
f 603//1392 759//1392 604//1392
f 604//1393 759//1393 605//1393
f 759//1394 760//1394 605//1394
f 605//1395 761//1395 606//1395
f 760//1396 761//1396 605//1396
f 606//1397 762//1397 607//1397
f 761//1398 762//1398 606//1398
f 607//1399 763//1399 608//1399
f 762//1400 763//1400 607//1400
f 608//1401 764//1401 609//1401
f 609//1402 764//1402 610//1402
f 763//1403 764//1403 608//1403
f 764//1404 765//1404 610//1404
f 610//1405 766//1405 611//1405
f 765//1406 766//1406 610//1406
f 611//1407 767//1407 612//1407
f 766//1408 767//1408 611//1408
f 612//1409 768//1409 613//1409
f 767//1410 768//1410 612//1410
f 613//1411 643//1411 614//1411
f 768//1412 643//1412 613//1412
f 753//1413 752//1413 754//1413
f 754//1414 756//1414 755//1414
f 750//1415 749//1415 751//1415
f 749//1416 748//1416 751//1416
f 756//1417 759//1417 757//1417
f 757//1418 759//1418 758//1418
f 754//1419 759//1419 756//1419
f 747//1420 746//1420 748//1420
f 751//1421 746//1421 752//1421
f 748//1422 746//1422 751//1422
f 759//1423 762//1423 760//1423
f 760//1424 762//1424 761//1424
f 745//1425 744//1425 746//1425
f 762//1426 764//1426 763//1426
f 759//1427 764//1427 762//1427
f 743//1428 742//1428 744//1428
f 754//1429 765//1429 759//1429
f 759//1430 765//1430 764//1430
f 742//1431 740//1431 744//1431
f 741//1432 740//1432 742//1432
f 765//1433 767//1433 766//1433
f 744//1434 738//1434 746//1434
f 740//1435 738//1435 744//1435
f 739//1436 738//1436 740//1436
f 767//1437 643//1437 768//1437
f 643//1438 645//1438 644//1438
f 767//1439 645//1439 643//1439
f 765//1440 645//1440 767//1440
f 752//1441 735//1441 754//1441
f 746//1442 735//1442 752//1442
f 738//1443 735//1443 746//1443
f 736//1444 735//1444 737//1444
f 737//1445 735//1445 738//1445
f 765//1446 646//1446 645//1446
f 646//1447 648//1447 647//1447
f 733//1448 732//1448 734//1448
f 734//1449 732//1449 735//1449
f 648//1450 651//1450 649//1450
f 649//1451 651//1451 650//1451
f 730//1452 729//1452 731//1452
f 731//1453 729//1453 732//1453
f 732//1454 728//1454 735//1454
f 729//1455 728//1455 732//1455
f 648//1456 654//1456 651//1456
f 651//1457 654//1457 652//1457
f 652//1458 654//1458 653//1458
f 727//1459 726//1459 728//1459
f 728//1460 725//1460 735//1460
f 726//1461 725//1461 728//1461
f 735//1462 725//1462 754//1462
f 654//1463 657//1463 655//1463
f 655//1464 657//1464 656//1464
f 648//1465 657//1465 654//1465
f 723//1466 722//1466 724//1466
f 657//1467 659//1467 658//1467
f 648//1468 659//1468 657//1468
f 722//1469 720//1469 724//1469
f 721//1470 720//1470 722//1470
f 646//1471 661//1471 648//1471
f 659//1472 661//1472 660//1472
f 648//1473 661//1473 659//1473
f 720//1474 719//1474 724//1474
f 725//1475 717//1475 754//1475
f 719//1476 717//1476 724//1476
f 718//1477 717//1477 719//1477
f 724//1478 717//1478 725//1478
f 661//1479 664//1479 662//1479
f 662//1480 664//1480 663//1480
f 715//1481 714//1481 716//1481
f 716//1482 714//1482 717//1482
f 664//1483 667//1483 665//1483
f 665//1484 667//1484 666//1484
f 661//1485 667//1485 664//1485
f 713//1486 712//1486 714//1486
f 667//1487 669//1487 668//1487
f 661//1488 669//1488 667//1488
f 711//1489 710//1489 712//1489
f 714//1490 710//1490 717//1490
f 712//1491 710//1491 714//1491
f 669//1492 672//1492 670//1492
f 670//1493 672//1493 671//1493
f 709//1494 708//1494 710//1494
f 708//1495 707//1495 710//1495
f 672//1496 674//1496 673//1496
f 669//1497 676//1497 672//1497
f 672//1498 676//1498 674//1498
f 674//1499 676//1499 675//1499
f 705//1500 704//1500 706//1500
f 704//1501 703//1501 706//1501
f 676//1502 678//1502 677//1502
f 703//1503 702//1503 706//1503
f 669//1504 679//1504 676//1504
f 676//1505 679//1505 678//1505
f 702//1506 700//1506 706//1506
f 701//1507 700//1507 702//1507
f 706//1508 700//1508 707//1508
f 679//1509 681//1509 680//1509
f 765//1510 683//1510 646//1510
f 669//1511 683//1511 679//1511
f 681//1512 683//1512 682//1512
f 679//1513 683//1513 681//1513
f 754//1514 683//1514 765//1514
f 646//1515 683//1515 661//1515
f 661//1516 683//1516 669//1516
f 698//1517 697//1517 699//1517
f 699//1518 697//1518 700//1518
f 754//1519 684//1519 683//1519
f 707//1520 696//1520 710//1520
f 700//1521 696//1521 707//1521
f 697//1522 696//1522 700//1522
f 696//1523 695//1523 710//1523
f 684//1524 687//1524 685//1524
f 685//1525 687//1525 686//1525
f 694//1526 693//1526 695//1526
f 687//1527 689//1527 688//1527
f 692//1528 691//1528 693//1528
f 754//1529 690//1529 684//1529
f 695//1530 690//1530 710//1530
f 693//1531 690//1531 695//1531
f 684//1532 690//1532 687//1532
f 710//1533 690//1533 717//1533
f 717//1534 690//1534 754//1534
f 691//1535 690//1535 693//1535
f 687//1536 690//1536 689//1536
