# Created by FreeCAD <https://www.freecad.org>
v 12.700000 -177.300003 225.399994
v 12.700000 -177.300003 200.000000
v 12.700000 -164.600006 225.399994
v 12.700000 -164.600006 200.000000
v -38.099998 -177.300003 225.399994
v -199.199997 -190.000000 225.399994
v -38.099998 -190.000000 225.399994
v -199.199997 -164.600006 225.399994
v -38.099998 -177.300003 200.000000
v -149.664505 -164.663116 200.000000
v -149.033035 -164.615784 200.000000
v -148.399994 -164.600006 200.000000
v -150.916458 -164.851807 200.000000
v -150.292831 -164.741852 200.000000
v -152.143387 -165.164230 200.000000
v -151.533813 -164.992722 200.000000
v -153.333115 -165.597260 200.000000
v -152.743652 -165.365906 200.000000
v -153.910324 -165.857697 200.000000
v -155.022232 -166.463211 200.000000
v -154.473831 -166.146591 200.000000
v -156.563400 -167.571228 200.000000
v -156.068314 -167.176422 200.000000
v -155.554169 -166.806763 200.000000
v -158.329254 -169.381683 200.000000
v -157.922226 -168.896591 200.000000
v -157.491516 -168.432388 200.000000
v -157.038193 -167.990234 200.000000
v -159.068329 -170.409668 200.000000
v -158.711609 -169.886459 200.000000
v -159.398529 -170.949997 200.000000
v -160.438675 -173.255219 200.000000
v -160.222092 -172.660172 200.000000
v -159.976120 -172.076660 200.000000
v -159.701370 -171.506119 200.000000
v -160.781586 -174.473984 200.000000
v -160.625320 -173.860321 200.000000
v -161.064484 -176.350922 200.000000
v -161.001434 -175.720840 200.000000
v -160.907059 -175.094666 200.000000
v -148.399994 -190.000000 200.000000
v -38.099998 -190.000000 200.000000
v -149.664505 -189.936890 200.000000
v -149.033035 -189.984207 200.000000
v -150.292831 -189.858154 200.000000
v -160.907059 -179.505325 200.000000
v -161.001434 -178.879166 200.000000
v -161.064484 -178.249069 200.000000
v -161.096054 -177.616623 200.000000
v -150.916458 -189.748184 200.000000
v -161.096054 -176.983383 200.000000
v -160.781586 -180.126022 200.000000
v -152.743652 -189.234100 200.000000
v -151.533813 -189.607285 200.000000
v -152.143387 -189.435776 200.000000
v -160.222092 -181.939835 200.000000
v -160.438675 -181.344788 200.000000
v -160.625320 -180.739670 200.000000
v -153.910324 -188.742310 200.000000
v -153.333115 -189.002747 200.000000
v -154.473831 -188.453415 200.000000
v -159.398529 -183.649994 200.000000
v -159.701370 -183.093872 200.000000
v -159.976120 -182.523346 200.000000
v -158.711609 -184.713547 200.000000
v -159.068329 -184.190338 200.000000
v -156.068314 -187.423584 200.000000
v -155.022232 -188.136795 200.000000
v -155.554169 -187.793228 200.000000
v -157.038193 -186.609756 200.000000
v -156.563400 -187.028763 200.000000
v -157.491516 -186.167603 200.000000
v -157.922226 -185.703415 200.000000
v -158.329254 -185.218323 200.000000
v 5.497889 -177.300003 207.598709
v 5.236776 -177.300003 207.330994
v 4.962644 -177.300003 207.076645
v 5.745333 -177.300003 207.879089
v 4.676174 -177.300003 206.836258
v 5.978494 -177.300003 208.171463
v 4.378078 -177.300003 206.610458
v 6.196791 -177.300003 208.475098
v 4.069097 -177.300003 206.399811
v 6.399682 -177.300003 208.789230
v 3.750000 -177.300003 206.204803
v 6.586662 -177.300003 209.113098
v 3.421580 -177.300003 206.025955
v 6.757267 -177.300003 209.445877
v 3.084653 -177.300003 205.863708
v 6.911072 -177.300003 209.786743
v 2.740058 -177.300003 205.718445
v 7.047695 -177.300003 210.134842
v 2.388650 -177.300003 205.590546
v 7.166796 -177.300003 210.489334
v 2.031303 -177.300003 205.480316
v 7.268080 -177.300003 210.849319
v 1.668907 -177.300003 205.388046
v 7.351294 -177.300003 211.213898
v 1.302361 -177.300003 205.313934
v 7.416231 -177.300003 211.582184
v 0.932578 -177.300003 205.258209
v 7.462731 -177.300003 211.953247
v 0.560476 -177.300003 205.220978
v 7.490677 -177.300003 212.326157
v 0.186980 -177.300003 205.202332
v 7.500000 -177.300003 212.699997
v -0.186980 -177.300003 205.202332
v -0.560476 -177.300003 205.220978
v -0.932578 -177.300003 205.258209
v -1.302361 -177.300003 205.313934
v -1.668907 -177.300003 205.388046
v 5.745333 -177.300003 217.520905
v 5.497889 -177.300003 217.801300
v 5.978494 -177.300003 217.228531
v 6.196791 -177.300003 216.924896
v 6.399682 -177.300003 216.610764
v 6.586662 -177.300003 216.286911
v 6.757267 -177.300003 215.954132
v 6.911072 -177.300003 215.613266
v 7.047695 -177.300003 215.265152
v 7.166796 -177.300003 214.910660
v 7.268080 -177.300003 214.550674
v 7.351294 -177.300003 214.186096
v 7.416231 -177.300003 213.817810
v 7.462731 -177.300003 213.446762
v 7.490677 -177.300003 213.073837
v 5.236776 -177.300003 218.069000
v 4.962644 -177.300003 218.323364
v 4.676174 -177.300003 218.563736
v 4.378078 -177.300003 218.789536
v 4.069097 -177.300003 219.000198
v 3.750000 -177.300003 219.195190
v 3.421580 -177.300003 219.374039
v 3.084653 -177.300003 219.536301
v 2.740058 -177.300003 219.681549
v 2.388650 -177.300003 219.809448
v 2.031303 -177.300003 219.919678
v 1.668907 -177.300003 220.011963
v 1.302361 -177.300003 220.086060
v 0.932578 -177.300003 220.141800
v 0.560476 -177.300003 220.179031
v 0.186980 -177.300003 220.197662
v -0.186980 -177.300003 220.197662
v -0.560476 -177.300003 220.179031
v -0.932578 -177.300003 220.141800
v -4.378078 -177.300003 206.610458
v -29.008492 -177.300003 203.832397
v -4.069097 -177.300003 206.399811
v -29.461805 -177.300003 203.390244
v -3.750000 -177.300003 206.204803
v -28.577778 -177.300003 204.296585
v -4.676174 -177.300003 206.836258
v -3.421580 -177.300003 206.025955
v -29.936598 -177.300003 202.971237
v -3.084653 -177.300003 205.863708
v -28.170740 -177.300003 204.781677
v -4.962644 -177.300003 207.076645
v -30.431684 -177.300003 202.576416
v -2.740058 -177.300003 205.718445
v -27.788387 -177.300003 205.286453
v -5.236776 -177.300003 207.330994
v -5.497889 -177.300003 207.598709
v -30.945835 -177.300003 202.206772
v -2.388650 -177.300003 205.590546
v -27.431671 -177.300003 205.809662
v -5.745333 -177.300003 207.879089
v -31.477774 -177.300003 201.863205
v -2.031303 -177.300003 205.480316
v -27.101477 -177.300003 206.350006
v -5.978494 -177.300003 208.171463
v -32.026173 -177.300003 201.546585
v -26.798628 -177.300003 206.906128
v -6.196791 -177.300003 208.475098
v -32.589676 -177.300003 201.257690
v -26.523876 -177.300003 207.476654
v -6.399682 -177.300003 208.789230
v -6.586662 -177.300003 209.113098
v -33.166878 -177.300003 200.997253
v -26.277903 -177.300003 208.060165
v -6.757267 -177.300003 209.445877
v -33.756344 -177.300003 200.765900
v -26.061323 -177.300003 208.655212
v -6.911072 -177.300003 209.786743
v -34.356609 -177.300003 200.564224
v -25.874672 -177.300003 209.260330
v -7.047695 -177.300003 210.134842
v -34.966183 -177.300003 200.392715
v -25.718416 -177.300003 209.873978
v -7.166796 -177.300003 210.489334
v -7.268080 -177.300003 210.849319
v -35.583546 -177.300003 200.251816
v -25.592941 -177.300003 210.494675
v -7.351294 -177.300003 211.213898
v -36.207165 -177.300003 200.141846
v -25.498562 -177.300003 211.120834
v -7.416231 -177.300003 211.582184
v -36.835487 -177.300003 200.063110
v -25.435513 -177.300003 211.750931
v -7.462731 -177.300003 211.953247
v -7.490677 -177.300003 212.326157
v -25.403948 -177.300003 212.383377
v -7.500000 -177.300003 212.699997
v -25.403948 -177.300003 213.016617
v -7.490677 -177.300003 213.073837
v -25.435513 -177.300003 213.649078
v -7.462731 -177.300003 213.446762
v -7.416231 -177.300003 213.817810
v -25.498562 -177.300003 214.279160
v -7.351294 -177.300003 214.186096
v -7.268080 -177.300003 214.550674
v -25.592941 -177.300003 214.905334
v -25.718416 -177.300003 215.526016
v -7.166796 -177.300003 214.910660
v -7.047695 -177.300003 215.265152
v -25.874672 -177.300003 216.139679
v -6.911072 -177.300003 215.613266
v -26.061323 -177.300003 216.744781
v -6.757267 -177.300003 215.954132
v -6.586662 -177.300003 216.286911
v -26.277903 -177.300003 217.339828
v -26.523876 -177.300003 217.923340
v -6.399682 -177.300003 216.610764
v -6.196791 -177.300003 216.924896
v -26.798628 -177.300003 218.493881
v -5.978494 -177.300003 217.228531
v -5.745333 -177.300003 217.520905
v -27.101477 -177.300003 219.050003
v -27.431671 -177.300003 219.590332
v -5.497889 -177.300003 217.801300
v -27.788387 -177.300003 220.113541
v -5.236776 -177.300003 218.069000
v -4.962644 -177.300003 218.323364
v -28.170740 -177.300003 220.618317
v -4.676174 -177.300003 218.563736
v -28.577778 -177.300003 221.103409
v -4.378078 -177.300003 218.789536
v -29.008492 -177.300003 221.567612
v -4.069097 -177.300003 219.000198
v -29.461805 -177.300003 222.009766
v -3.750000 -177.300003 219.195190
v -29.936598 -177.300003 222.428772
v -3.421580 -177.300003 219.374039
v -3.084653 -177.300003 219.536301
v -30.431684 -177.300003 222.823578
v -2.740058 -177.300003 219.681549
v -30.945835 -177.300003 223.193237
v -37.466957 -177.300003 225.384216
v -36.835487 -177.300003 225.336884
v -36.207165 -177.300003 225.258148
v -35.583546 -177.300003 225.148193
v -34.966183 -177.300003 225.007278
v -34.356609 -177.300003 224.835770
v -33.756344 -177.300003 224.634094
v -33.166878 -177.300003 224.402740
v -32.589676 -177.300003 224.142303
v -32.026173 -177.300003 223.853409
v -31.477774 -177.300003 223.536789
v -1.302361 -177.300003 220.086060
v -1.668907 -177.300003 220.011963
v -2.031303 -177.300003 219.919678
v -2.388650 -177.300003 219.809448
v -37.466957 -177.300003 200.015793
v 5.497889 -164.600006 207.598709
v 5.236776 -164.600006 207.330994
v 4.962644 -164.600006 207.076645
v 5.745333 -164.600006 207.879089
v 4.676174 -164.600006 206.836258
v 5.978494 -164.600006 208.171463
v 4.378078 -164.600006 206.610458
v 6.196791 -164.600006 208.475098
v 4.069097 -164.600006 206.399811
v 6.399682 -164.600006 208.789230
v 3.750000 -164.600006 206.204803
v 6.586662 -164.600006 209.113098
v 3.421580 -164.600006 206.025955
v 6.757267 -164.600006 209.445877
v 3.084653 -164.600006 205.863708
v 6.911072 -164.600006 209.786743
v 2.740058 -164.600006 205.718445
v 7.047695 -164.600006 210.134842
v 2.388650 -164.600006 205.590546
v 7.166796 -164.600006 210.489334
v 2.031303 -164.600006 205.480316
v 7.268080 -164.600006 210.849319
v 1.668907 -164.600006 205.388046
v 7.351294 -164.600006 211.213898
v 1.302361 -164.600006 205.313934
v 7.416231 -164.600006 211.582184
v 0.932578 -164.600006 205.258209
v 7.462731 -164.600006 211.953247
v 0.560476 -164.600006 205.220978
v 7.490677 -164.600006 212.326157
v 0.186980 -164.600006 205.202332
v 7.500000 -164.600006 212.699997
v -0.186980 -164.600006 205.202332
v -0.560476 -164.600006 205.220978
v -0.932578 -164.600006 205.258209
v -1.302361 -164.600006 205.313934
v -1.668907 -164.600006 205.388046
v -2.031303 -164.600006 205.480316
v -2.388650 -164.600006 205.590546
v 5.745333 -164.600006 217.520905
v 5.497889 -164.600006 217.801300
v 5.978494 -164.600006 217.228531
v 6.196791 -164.600006 216.924896
v 6.399682 -164.600006 216.610764
v 6.586662 -164.600006 216.286911
v 6.757267 -164.600006 215.954132
v 6.911072 -164.600006 215.613266
v 7.047695 -164.600006 215.265152
v 7.166796 -164.600006 214.910660
v 7.268080 -164.600006 214.550674
v 7.351294 -164.600006 214.186096
v 7.416231 -164.600006 213.817810
v 7.462731 -164.600006 213.446762
v 7.490677 -164.600006 213.073837
v 5.236776 -164.600006 218.069000
v 4.962644 -164.600006 218.323364
v 4.676174 -164.600006 218.563736
v 4.378078 -164.600006 218.789536
v 4.069097 -164.600006 219.000198
v 3.750000 -164.600006 219.195190
v 3.421580 -164.600006 219.374039
v 3.084653 -164.600006 219.536301
v 2.740058 -164.600006 219.681549
v 2.388650 -164.600006 219.809448
v 2.031303 -164.600006 219.919678
v 1.668907 -164.600006 220.011963
v 1.302361 -164.600006 220.086060
v 0.932578 -164.600006 220.141800
v 0.560476 -164.600006 220.179031
v 0.186980 -164.600006 220.197662
v -0.186980 -164.600006 220.197662
v -0.560476 -164.600006 220.179031
v -0.932578 -164.600006 220.141800
v -1.302361 -164.600006 220.086060
v -1.668907 -164.600006 220.011963
v -2.031303 -164.600006 219.919678
v -2.740058 -164.600006 205.718445
v -3.084653 -164.600006 205.863708
v -3.421580 -164.600006 206.025955
v -3.750000 -164.600006 206.204803
v -4.069097 -164.600006 206.399811
v -4.378078 -164.600006 206.610458
v -4.676174 -164.600006 206.836258
v -4.962644 -164.600006 207.076645
v -5.236776 -164.600006 207.330994
v -5.497889 -164.600006 207.598709
v -5.745333 -164.600006 207.879089
v -5.978494 -164.600006 208.171463
v -6.196791 -164.600006 208.475098
v -6.399682 -164.600006 208.789230
v -6.586662 -164.600006 209.113098
v -6.757267 -164.600006 209.445877
v -6.911072 -164.600006 209.786743
v -7.047695 -164.600006 210.134842
v -7.166796 -164.600006 210.489334
v -7.268080 -164.600006 210.849319
v -7.351294 -164.600006 211.213898
v -7.416231 -164.600006 211.582184
v -7.462731 -164.600006 211.953247
v -148.399994 -164.600006 212.699997
v -7.490677 -164.600006 213.073837
v -7.500000 -164.600006 212.699997
v -7.462731 -164.600006 213.446762
v -7.416231 -164.600006 213.817810
v -7.351294 -164.600006 214.186096
v -7.268080 -164.600006 214.550674
v -7.166796 -164.600006 214.910660
v -7.047695 -164.600006 215.265152
v -6.911072 -164.600006 215.613266
v -6.757267 -164.600006 215.954132
v -6.586662 -164.600006 216.286911
v -6.399682 -164.600006 216.610764
v -6.196791 -164.600006 216.924896
v -5.978494 -164.600006 217.228531
v -5.745333 -164.600006 217.520905
v -5.497889 -164.600006 217.801300
v -5.236776 -164.600006 218.069000
v -4.962644 -164.600006 218.323364
v -4.676174 -164.600006 218.563736
v -7.490677 -164.600006 212.326157
v -199.199997 -164.600006 212.699997
v -2.388650 -164.600006 219.809448
v -2.740058 -164.600006 219.681549
v -3.084653 -164.600006 219.536301
v -3.421580 -164.600006 219.374039
v -3.750000 -164.600006 219.195190
v -4.069097 -164.600006 219.000198
v -4.378078 -164.600006 218.789536
v -199.199997 -190.000000 212.699997
v -148.399994 -190.000000 212.699997
v -36.835487 -190.000000 200.063110
v -36.207165 -190.000000 200.141846
v -37.466957 -190.000000 200.015793
v -34.966183 -190.000000 200.392715
v -35.583546 -190.000000 200.251816
v -34.356609 -190.000000 200.564224
v -33.756344 -190.000000 200.765900
v -33.166878 -190.000000 200.997253
v -31.477774 -190.000000 201.863205
v -32.589676 -190.000000 201.257690
v -32.026173 -190.000000 201.546585
v -30.945835 -190.000000 202.206772
v -30.431684 -190.000000 202.576416
v -29.008492 -190.000000 203.832397
v -29.936598 -190.000000 202.971237
v -29.461805 -190.000000 203.390244
v -28.577778 -190.000000 204.296585
v -27.788387 -190.000000 205.286453
v -28.170740 -190.000000 204.781677
v -27.431671 -190.000000 205.809662
v -26.798628 -190.000000 206.906128
v -27.101477 -190.000000 206.350006
v -26.523876 -190.000000 207.476654
v -26.277903 -190.000000 208.060165
v -26.061323 -190.000000 208.655212
v -25.874672 -190.000000 209.260330
v -25.718416 -190.000000 209.873978
v -25.592941 -190.000000 210.494675
v -37.466957 -190.000000 225.384216
v -25.498562 -190.000000 211.120834
v -25.435513 -190.000000 213.649078
v -25.435513 -190.000000 211.750931
v -25.403948 -190.000000 212.383377
v -25.403948 -190.000000 213.016617
v -36.207165 -190.000000 225.258148
v -36.835487 -190.000000 225.336884
v -25.498562 -190.000000 214.279160
v -25.592941 -190.000000 214.905334
v -25.718416 -190.000000 215.526016
v -34.966183 -190.000000 225.007278
v -35.583546 -190.000000 225.148193
v -25.874672 -190.000000 216.139679
v -34.356609 -190.000000 224.835770
v -26.061323 -190.000000 216.744781
v -26.277903 -190.000000 217.339828
v -26.523876 -190.000000 217.923340
v -33.756344 -190.000000 224.634094
v -32.589676 -190.000000 224.142303
v -33.166878 -190.000000 224.402740
v -26.798628 -190.000000 218.493881
v -27.101477 -190.000000 219.050003
v -31.477774 -190.000000 223.536789
v -32.026173 -190.000000 223.853409
v -27.431671 -190.000000 219.590332
v -30.945835 -190.000000 223.193237
v -27.788387 -190.000000 220.113541
v -30.431684 -190.000000 222.823578
v -28.170740 -190.000000 220.618317
v -28.577778 -190.000000 221.103409
v -29.008492 -190.000000 221.567612
v -29.936598 -190.000000 222.428772
v -29.461805 -190.000000 222.009766
v -149.033035 -189.984207 212.699997
v -149.664505 -189.936890 212.699997
v -150.292831 -189.858154 212.699997
v -150.916458 -189.748184 212.699997
v -151.533813 -189.607285 212.699997
v -152.143387 -189.435776 212.699997
v -152.743652 -189.234100 212.699997
v -153.333115 -189.002747 212.699997
v -153.910324 -188.742310 212.699997
v -154.473831 -188.453415 212.699997
v -155.022232 -188.136795 212.699997
v -155.554169 -187.793228 212.699997
v -156.068314 -187.423584 212.699997
v -156.563400 -187.028763 212.699997
v -157.038193 -186.609756 212.699997
v -157.491516 -186.167603 212.699997
v -157.922226 -185.703415 212.699997
v -158.329254 -185.218323 212.699997
v -158.711609 -184.713547 212.699997
v -159.068329 -184.190338 212.699997
v -159.398529 -183.649994 212.699997
v -159.701370 -183.093872 212.699997
v -159.976120 -182.523346 212.699997
v -160.222092 -181.939835 212.699997
v -160.438675 -181.344788 212.699997
v -160.625320 -180.739670 212.699997
v -160.781586 -180.126022 212.699997
v -160.907059 -179.505325 212.699997
v -161.001434 -178.879166 212.699997
v -161.064484 -178.249069 212.699997
v -161.096054 -177.616623 212.699997
v -161.096054 -176.983383 212.699997
v -161.064484 -176.350922 212.699997
v -161.001434 -175.720840 212.699997
v -160.907059 -175.094666 212.699997
v -160.781586 -174.473984 212.699997
v -160.625320 -173.860321 212.699997
v -160.438675 -173.255219 212.699997
v -160.222092 -172.660172 212.699997
v -159.976120 -172.076660 212.699997
v -159.701370 -171.506119 212.699997
v -159.398529 -170.949997 212.699997
v -159.068329 -170.409668 212.699997
v -158.711609 -169.886459 212.699997
v -158.329254 -169.381683 212.699997
v -157.922226 -168.896591 212.699997
v -157.491516 -168.432388 212.699997
v -157.038193 -167.990234 212.699997
v -156.563400 -167.571228 212.699997
v -156.068314 -167.176422 212.699997
v -155.554169 -166.806763 212.699997
v -155.022232 -166.463211 212.699997
v -154.473831 -166.146591 212.699997
v -153.910324 -165.857697 212.699997
v -153.333115 -165.597260 212.699997
v -152.743652 -165.365906 212.699997
v -152.143387 -165.164230 212.699997
v -151.533813 -164.992722 212.699997
v -150.916458 -164.851807 212.699997
v -150.292831 -164.741852 212.699997
v -149.664505 -164.663116 212.699997
v -149.033035 -164.615784 212.699997
v -191.997894 -172.198700 212.699997
v -191.736771 -171.931000 212.699997
v -191.462646 -171.676636 212.699997
v -192.245331 -172.479095 212.699997
v -191.176178 -171.436264 212.699997
v -192.478500 -172.771469 212.699997
v -190.878082 -171.210464 212.699997
v -192.696793 -173.075104 212.699997
v -190.569092 -170.999802 212.699997
v -192.899689 -173.389236 212.699997
v -190.250000 -170.804810 212.699997
v -193.086655 -173.713089 212.699997
v -189.921585 -170.625961 212.699997
v -193.257263 -174.045868 212.699997
v -189.584656 -170.463699 212.699997
v -193.411072 -174.386734 212.699997
v -189.240051 -170.318451 212.699997
v -193.547699 -174.734848 212.699997
v -188.888657 -170.190552 212.699997
v -193.666794 -175.089340 212.699997
v -188.531311 -170.080322 212.699997
v -193.768082 -175.449326 212.699997
v -188.168900 -169.988037 212.699997
v -193.851288 -175.813904 212.699997
v -187.802368 -169.913940 212.699997
v -193.916229 -176.182190 212.699997
v -187.432571 -169.858200 212.699997
v -193.962738 -176.553238 212.699997
v -187.060471 -169.820969 212.699997
v -193.990677 -176.926163 212.699997
v -186.686981 -169.802338 212.699997
v -194.000000 -177.300003 212.699997
v -186.313019 -169.802338 212.699997
v -185.939529 -169.820969 212.699997
v -185.567429 -169.858200 212.699997
v -185.197632 -169.913940 212.699997
v -184.831100 -169.988037 212.699997
v -192.245331 -182.120911 212.699997
v -191.997894 -182.401291 212.699997
v -192.478500 -181.828537 212.699997
v -192.696793 -181.524902 212.699997
v -192.899689 -181.210770 212.699997
v -193.086655 -180.886902 212.699997
v -193.257263 -180.554123 212.699997
v -193.411072 -180.213257 212.699997
v -193.547699 -179.865158 212.699997
v -193.666794 -179.510666 212.699997
v -193.768082 -179.150681 212.699997
v -193.851288 -178.786102 212.699997
v -193.916229 -178.417816 212.699997
v -193.962738 -178.046753 212.699997
v -193.990677 -177.673843 212.699997
v -191.736771 -182.669006 212.699997
v -191.462646 -182.923355 212.699997
v -191.176178 -183.163742 212.699997
v -190.878082 -183.389542 212.699997
v -190.569092 -183.600189 212.699997
v -190.250000 -183.795197 212.699997
v -189.921585 -183.974045 212.699997
v -189.584656 -184.136292 212.699997
v -189.240051 -184.281555 212.699997
v -188.888657 -184.409454 212.699997
v -188.531311 -184.519684 212.699997
v -188.168900 -184.611954 212.699997
v -187.802368 -184.686066 212.699997
v -187.432571 -184.741791 212.699997
v -187.060471 -184.779022 212.699997
v -186.686981 -184.797668 212.699997
v -186.313019 -184.797668 212.699997
v -185.939529 -184.779022 212.699997
v -185.567429 -184.741791 212.699997
v -182.121918 -171.210464 212.699997
v -182.430908 -170.999802 212.699997
v -182.750000 -170.804810 212.699997
v -181.823822 -171.436264 212.699997
v -183.078415 -170.625961 212.699997
v -183.415344 -170.463699 212.699997
v -181.537354 -171.676636 212.699997
v -183.759949 -170.318451 212.699997
v -181.263229 -171.931000 212.699997
v -181.002106 -172.198700 212.699997
v -184.111343 -170.190552 212.699997
v -180.754669 -172.479095 212.699997
v -184.468689 -170.080322 212.699997
v -180.521500 -172.771469 212.699997
v -180.303207 -173.075104 212.699997
v -180.100311 -173.389236 212.699997
v -179.913345 -173.713089 212.699997
v -179.742737 -174.045868 212.699997
v -179.588928 -174.386734 212.699997
v -179.452301 -174.734848 212.699997
v -179.333206 -175.089340 212.699997
v -179.231918 -175.449326 212.699997
v -179.148712 -175.813904 212.699997
v -179.083771 -176.182190 212.699997
v -179.037262 -176.553238 212.699997
v -179.009323 -176.926163 212.699997
v -179.000000 -177.300003 212.699997
v -179.009323 -177.673843 212.699997
v -179.037262 -178.046753 212.699997
v -179.083771 -178.417816 212.699997
v -179.148712 -178.786102 212.699997
v -179.231918 -179.150681 212.699997
v -179.333206 -179.510666 212.699997
v -179.452301 -179.865158 212.699997
v -179.588928 -180.213257 212.699997
v -179.742737 -180.554123 212.699997
v -179.913345 -180.886902 212.699997
v -180.100311 -181.210770 212.699997
v -180.303207 -181.524902 212.699997
v -180.521500 -181.828537 212.699997
v -180.754669 -182.120911 212.699997
v -181.002106 -182.401291 212.699997
v -181.263229 -182.669006 212.699997
v -181.537354 -182.923355 212.699997
v -181.823822 -183.163742 212.699997
v -182.121918 -183.389542 212.699997
v -182.430908 -183.600189 212.699997
v -182.750000 -183.795197 212.699997
v -183.078415 -183.974045 212.699997
v -183.415344 -184.136292 212.699997
v -183.759949 -184.281555 212.699997
v -185.197632 -184.686066 212.699997
v -184.831100 -184.611954 212.699997
v -184.468689 -184.519684 212.699997
v -184.111343 -184.409454 212.699997
v -179.009323 -177.673843 200.000000
v -179.000000 -177.300003 200.000000
v -179.037262 -178.046753 200.000000
v -179.083771 -178.417816 200.000000
v -179.148712 -178.786102 200.000000
v -179.231918 -179.150681 200.000000
v -179.333206 -179.510666 200.000000
v -179.452301 -179.865158 200.000000
v -179.588928 -180.213257 200.000000
v -179.742737 -180.554123 200.000000
v -179.913345 -180.886902 200.000000
v -180.100311 -181.210770 200.000000
v -180.303207 -181.524902 200.000000
v -180.521500 -181.828537 200.000000
v -180.754669 -182.120911 200.000000
v -181.002106 -182.401291 200.000000
v -181.263229 -182.669006 200.000000
v -181.537354 -182.923355 200.000000
v -181.823822 -183.163742 200.000000
v -182.121918 -183.389542 200.000000
v -182.430908 -183.600189 200.000000
v -182.750000 -183.795197 200.000000
v -183.078415 -183.974045 200.000000
v -183.415344 -184.136292 200.000000
v -183.759949 -184.281555 200.000000
v -184.111343 -184.409454 200.000000
v -184.468689 -184.519684 200.000000
v -184.831100 -184.611954 200.000000
v -185.197632 -184.686066 200.000000
v -185.567429 -184.741791 200.000000
v -185.939529 -184.779022 200.000000
v -186.313019 -184.797668 200.000000
v -186.686981 -184.797668 200.000000
v -187.060471 -184.779022 200.000000
v -187.432571 -184.741791 200.000000
v -187.802368 -184.686066 200.000000
v -188.168900 -184.611954 200.000000
v -188.531311 -184.519684 200.000000
v -188.888657 -184.409454 200.000000
v -189.240051 -184.281555 200.000000
v -189.584656 -184.136292 200.000000
v -189.921585 -183.974045 200.000000
v -190.250000 -183.795197 200.000000
v -190.569092 -183.600189 200.000000
v -190.878082 -183.389542 200.000000
v -191.176178 -183.163742 200.000000
v -191.462646 -182.923355 200.000000
v -191.736771 -182.669006 200.000000
v -191.997894 -182.401291 200.000000
v -192.245331 -182.120911 200.000000
v -192.478500 -181.828537 200.000000
v -192.696793 -181.524902 200.000000
v -192.899689 -181.210770 200.000000
v -193.086655 -180.886902 200.000000
v -193.257263 -180.554123 200.000000
v -193.411072 -180.213257 200.000000
v -193.547699 -179.865158 200.000000
v -193.666794 -179.510666 200.000000
v -193.768082 -179.150681 200.000000
v -193.851288 -178.786102 200.000000
v -193.916229 -178.417816 200.000000
v -193.962738 -178.046753 200.000000
v -193.990677 -177.673843 200.000000
v -194.000000 -177.300003 200.000000
v -193.990677 -176.926163 200.000000
v -193.962738 -176.553238 200.000000
v -193.916229 -176.182190 200.000000
v -193.851288 -175.813904 200.000000
v -193.768082 -175.449326 200.000000
v -193.666794 -175.089340 200.000000
v -193.547699 -174.734848 200.000000
v -193.411072 -174.386734 200.000000
v -193.257263 -174.045868 200.000000
v -193.086655 -173.713089 200.000000
v -192.899689 -173.389236 200.000000
v -192.696793 -173.075104 200.000000
v -192.478500 -172.771469 200.000000
v -192.245331 -172.479095 200.000000
v -191.997894 -172.198700 200.000000
v -191.736771 -171.931000 200.000000
v -191.462646 -171.676636 200.000000
v -191.176178 -171.436264 200.000000
v -190.878082 -171.210464 200.000000
v -190.569092 -170.999802 200.000000
v -190.250000 -170.804810 200.000000
v -189.921585 -170.625961 200.000000
v -189.584656 -170.463699 200.000000
v -189.240051 -170.318451 200.000000
v -188.888657 -170.190552 200.000000
v -188.531311 -170.080322 200.000000
v -188.168900 -169.988037 200.000000
v -187.802368 -169.913940 200.000000
v -187.432571 -169.858200 200.000000
v -187.060471 -169.820969 200.000000
v -186.686981 -169.802338 200.000000
v -186.313019 -169.802338 200.000000
v -185.939529 -169.820969 200.000000
v -185.567429 -169.858200 200.000000
v -185.197632 -169.913940 200.000000
v -184.831100 -169.988037 200.000000
v -184.468689 -170.080322 200.000000
v -184.111343 -170.190552 200.000000
v -183.759949 -170.318451 200.000000
v -183.415344 -170.463699 200.000000
v -183.078415 -170.625961 200.000000
v -182.750000 -170.804810 200.000000
v -182.430908 -170.999802 200.000000
v -182.121918 -171.210464 200.000000
v -181.823822 -171.436264 200.000000
v -181.537354 -171.676636 200.000000
v -181.263229 -171.931000 200.000000
v -181.002106 -172.198700 200.000000
v -180.754669 -172.479095 200.000000
v -180.521500 -172.771469 200.000000
v -180.303207 -173.075104 200.000000
v -180.100311 -173.389236 200.000000
v -179.913345 -173.713089 200.000000
v -179.742737 -174.045868 200.000000
v -179.588928 -174.386734 200.000000
v -179.452301 -174.734848 200.000000
v -179.333206 -175.089340 200.000000
v -179.231918 -175.449326 200.000000
v -179.148712 -175.813904 200.000000
v -179.083771 -176.182190 200.000000
v -179.037262 -176.553238 200.000000
v -179.009323 -176.926163 200.000000
vn 1.000000 -0.000000 0.000000
vn 1.000000 0.000000 0.000000
vn 0.000000 0.000000 1.000000
vn 0.000000 0.000000 1.000000
vn 0.000000 0.000000 1.000000
vn 0.000000 0.000000 1.000000
vn 0.000000 0.000000 -1.000000
vn 0.000000 0.000000 -1.000000
vn 0.000000 0.000000 -1.000000
vn 0.000000 0.000000 -1.000000
vn 0.000000 0.000000 -1.000000
vn 0.000000 0.000000 -1.000000
vn 0.000000 0.000000 -1.000000
vn 0.000000 0.000000 -1.000000
vn 0.000000 0.000000 -1.000000
vn 0.000000 0.000000 -1.000000
vn 0.000000 0.000000 -1.000000
vn 0.000000 0.000000 -1.000000
vn 0.000000 0.000000 -1.000000
vn 0.000000 0.000000 -1.000000
vn 0.000000 0.000000 -1.000000
vn 0.000000 0.000000 -1.000000
vn 0.000000 0.000000 -1.000000
vn 0.000000 0.000000 -1.000000
vn 0.000000 0.000000 -1.000000
vn 0.000000 0.000000 -1.000000
vn 0.000000 0.000000 -1.000000
vn 0.000000 0.000000 -1.000000
vn 0.000000 0.000000 -1.000000
vn 0.000000 0.000000 -1.000000
vn 0.000000 0.000000 -1.000000
vn 0.000000 0.000000 -1.000000
vn 0.000000 0.000000 -1.000000
vn 0.000000 0.000000 -1.000000
vn 0.000000 0.000000 -1.000000
vn 0.000000 0.000000 -1.000000
vn 0.000000 0.000000 -1.000000
vn 0.000000 0.000000 -1.000000
vn 0.000000 0.000000 -1.000000
vn 0.000000 0.000000 -1.000000
vn 0.000000 0.000000 -1.000000
vn 0.000000 0.000000 -1.000000
vn 0.000000 0.000000 -1.000000
vn 0.000000 0.000000 -1.000000
vn 0.000000 0.000000 -1.000000
vn 0.000000 0.000000 -1.000000
vn 0.000000 0.000000 -1.000000
vn 0.000000 0.000000 -1.000000
vn 0.000000 0.000000 -1.000000
vn 0.000000 0.000000 -1.000000
vn 0.000000 0.000000 -1.000000
vn 0.000000 0.000000 -1.000000
vn 0.000000 0.000000 -1.000000
vn 0.000000 0.000000 -1.000000
vn 0.000000 0.000000 -1.000000
vn 0.000000 0.000000 -1.000000
vn 0.000000 0.000000 -1.000000
vn 0.000000 0.000000 -1.000000
vn 0.000000 0.000000 -1.000000
vn 0.000000 0.000000 -1.000000
vn 0.000000 0.000000 -1.000000
vn 0.000000 0.000000 -1.000000
vn 0.000000 0.000000 -1.000000
vn 0.000000 0.000000 -1.000000
vn 0.000000 0.000000 -1.000000
vn 0.000000 0.000000 -1.000000
vn 0.000000 0.000000 -1.000000
vn 0.000000 0.000000 -1.000000
vn 0.000000 0.000000 -1.000000
vn 0.000000 0.000000 -1.000000
vn 0.000000 0.000000 -1.000000
vn 0.000000 0.000000 -1.000000
vn 0.000000 -1.000000 0.000000
vn 0.000000 -1.000000 -0.000000
vn 0.000000 -1.000000 0.000000
vn 0.000000 -1.000000 -0.000000
vn 0.000000 -1.000000 0.000000
vn 0.000000 -1.000000 -0.000000
vn 0.000000 -1.000000 0.000000
vn 0.000000 -1.000000 -0.000000
vn 0.000000 -1.000000 0.000000
vn 0.000000 -1.000000 -0.000000
vn 0.000000 -1.000000 0.000000
vn 0.000000 -1.000000 -0.000000
vn 0.000000 -1.000000 0.000000
vn 0.000000 -1.000000 -0.000000
vn 0.000000 -1.000000 0.000000
vn 0.000000 -1.000000 -0.000000
vn 0.000000 -1.000000 0.000000
vn 0.000000 -1.000000 -0.000000
vn 0.000000 -1.000000 0.000000
vn 0.000000 -1.000000 -0.000000
vn 0.000000 -1.000000 0.000000
vn 0.000000 -1.000000 -0.000000
vn 0.000000 -1.000000 0.000000
vn 0.000000 -1.000000 -0.000000
vn 0.000000 -1.000000 0.000000
vn 0.000000 -1.000000 -0.000000
vn 0.000000 -1.000000 0.000000
vn 0.000000 -1.000000 -0.000000
vn 0.000000 -1.000000 0.000000
vn 0.000000 -1.000000 -0.000000
vn 0.000000 -1.000000 0.000000
vn -0.000000 -1.000000 -0.000000
vn -0.000000 -1.000000 -0.000000
vn -0.000000 -1.000000 -0.000000
vn -0.000000 -1.000000 -0.000000
vn -0.000000 -1.000000 -0.000000
vn 0.000000 -1.000000 0.000000
vn 0.000000 -1.000000 0.000000
vn 0.000000 -1.000000 0.000000
vn 0.000000 -1.000000 0.000000
vn 0.000000 -1.000000 0.000000
vn 0.000000 -1.000000 0.000000
vn 0.000000 -1.000000 0.000000
vn 0.000000 -1.000000 0.000000
vn 0.000000 -1.000000 0.000000
vn 0.000000 -1.000000 0.000000
vn 0.000000 -1.000000 0.000000
vn 0.000000 -1.000000 0.000000
vn 0.000000 -1.000000 0.000000
vn 0.000000 -1.000000 0.000000
vn 0.000000 -1.000000 0.000000
vn 0.000000 -1.000000 0.000000
vn 0.000000 -1.000000 0.000000
vn 0.000000 -1.000000 0.000000
vn 0.000000 -1.000000 0.000000
vn 0.000000 -1.000000 0.000000
vn 0.000000 -1.000000 0.000000
vn 0.000000 -1.000000 0.000000
vn 0.000000 -1.000000 0.000000
vn 0.000000 -1.000000 0.000000
vn 0.000000 -1.000000 0.000000
vn 0.000000 -1.000000 0.000000
vn 0.000000 -1.000000 0.000000
vn 0.000000 -1.000000 0.000000
vn 0.000000 -1.000000 0.000000
vn 0.000000 -1.000000 0.000000
vn 0.000000 -1.000000 0.000000
vn 0.000000 -1.000000 0.000000
vn 0.000000 -1.000000 0.000000
vn 0.000000 -1.000000 0.000000
vn 0.000000 -1.000000 0.000000
vn 0.000000 -1.000000 -0.000000
vn 0.000000 -1.000000 -0.000000
vn 0.000000 -1.000000 -0.000000
vn 0.000000 -1.000000 0.000000
vn 0.000000 -1.000000 -0.000000
vn 0.000000 -1.000000 -0.000000
vn 0.000000 -1.000000 -0.000000
vn 0.000000 -1.000000 -0.000000
vn 0.000000 -1.000000 0.000000
vn 0.000000 -1.000000 -0.000000
vn 0.000000 -1.000000 -0.000000
vn 0.000000 -1.000000 -0.000000
vn 0.000000 -1.000000 0.000000
vn 0.000000 -1.000000 -0.000000
vn 0.000000 -1.000000 -0.000000
vn 0.000000 -1.000000 -0.000000
vn 0.000000 -1.000000 -0.000000
vn 0.000000 -1.000000 0.000000
vn 0.000000 -1.000000 -0.000000
vn 0.000000 -1.000000 -0.000000
vn 0.000000 -1.000000 -0.000000
vn 0.000000 -1.000000 0.000000
vn 0.000000 -1.000000 -0.000000
vn 0.000000 -1.000000 -0.000000
vn 0.000000 -1.000000 -0.000000
vn 0.000000 -1.000000 0.000000
vn 0.000000 -1.000000 -0.000000
vn 0.000000 -1.000000 -0.000000
vn 0.000000 -1.000000 -0.000000
vn 0.000000 -1.000000 0.000000
vn 0.000000 -1.000000 -0.000000
vn 0.000000 -1.000000 -0.000000
vn 0.000000 -1.000000 -0.000000
vn 0.000000 -1.000000 0.000000
vn 0.000000 -1.000000 -0.000000
vn 0.000000 -1.000000 -0.000000
vn 0.000000 -1.000000 0.000000
vn 0.000000 -1.000000 -0.000000
vn 0.000000 -1.000000 -0.000000
vn 0.000000 -1.000000 0.000000
vn 0.000000 -1.000000 -0.000000
vn 0.000000 -1.000000 -0.000000
vn 0.000000 -1.000000 0.000000
vn 0.000000 -1.000000 -0.000000
vn 0.000000 -1.000000 -0.000000
vn 0.000000 -1.000000 -0.000000
vn 0.000000 -1.000000 0.000000
vn 0.000000 -1.000000 -0.000000
vn 0.000000 -1.000000 -0.000000
vn 0.000000 -1.000000 0.000000
vn 0.000000 -1.000000 -0.000000
vn 0.000000 -1.000000 -0.000000
vn -0.000000 -1.000000 0.000000
vn 0.000000 -1.000000 -0.000000
vn 0.000000 -1.000000 -0.000000
vn -0.000000 -1.000000 0.000000
vn 0.000000 -1.000000 -0.000000
vn -0.000000 -1.000000 0.000000
vn 0.000000 -1.000000 0.000000
vn -0.000000 -1.000000 0.000000
vn -0.000000 -1.000000 0.000000
vn 0.000000 -1.000000 0.000000
vn -0.000000 -1.000000 0.000000
vn -0.000000 -1.000000 0.000000
vn -0.000000 -1.000000 0.000000
vn 0.000000 -1.000000 0.000000
vn 0.000000 -1.000000 0.000000
vn -0.000000 -1.000000 0.000000
vn -0.000000 -1.000000 0.000000
vn 0.000000 -1.000000 0.000000
vn -0.000000 -1.000000 0.000000
vn 0.000000 -1.000000 0.000000
vn -0.000000 -1.000000 0.000000
vn -0.000000 -1.000000 0.000000
vn 0.000000 -1.000000 0.000000
vn 0.000000 -1.000000 0.000000
vn -0.000000 -1.000000 0.000000
vn -0.000000 -1.000000 0.000000
vn 0.000000 -1.000000 0.000000
vn -0.000000 -1.000000 0.000000
vn -0.000000 -1.000000 0.000000
vn 0.000000 -1.000000 0.000000
vn 0.000000 -1.000000 0.000000
vn -0.000000 -1.000000 0.000000
vn 0.000000 -1.000000 0.000000
vn -0.000000 -1.000000 0.000000
vn -0.000000 -1.000000 0.000000
vn 0.000000 -1.000000 0.000000
vn -0.000000 -1.000000 0.000000
vn 0.000000 -1.000000 0.000000
vn -0.000000 -1.000000 0.000000
vn 0.000000 -1.000000 0.000000
vn -0.000000 -1.000000 0.000000
vn 0.000000 -1.000000 0.000000
vn -0.000000 -1.000000 0.000000
vn 0.000000 -1.000000 0.000000
vn -0.000000 -1.000000 0.000000
vn -0.000000 -1.000000 0.000000
vn 0.000000 -1.000000 0.000000
vn -0.000000 -1.000000 0.000000
vn 0.000000 -1.000000 0.000000
vn -0.000000 -1.000000 0.000000
vn 0.000000 -1.000000 0.000000
vn 0.000000 -1.000000 0.000000
vn 0.000000 -1.000000 0.000000
vn 0.000000 -1.000000 0.000000
vn 0.000000 -1.000000 0.000000
vn 0.000000 -1.000000 0.000000
vn 0.000000 -1.000000 0.000000
vn 0.000000 -1.000000 0.000000
vn 0.000000 -1.000000 0.000000
vn 0.000000 -1.000000 0.000000
vn 0.000000 -1.000000 0.000000
vn 0.000000 -1.000000 0.000000
vn -0.000000 -1.000000 0.000000
vn -0.000000 -1.000000 0.000000
vn -0.000000 -1.000000 0.000000
vn -0.000000 -1.000000 0.000000
vn -0.000000 -1.000000 0.000000
vn 0.000000 -1.000000 0.000000
vn 0.000000 -1.000000 0.000000
vn 0.000000 1.000000 0.000000
vn -0.000000 1.000000 0.000000
vn 0.000000 1.000000 0.000000
vn -0.000000 1.000000 0.000000
vn 0.000000 1.000000 0.000000
vn -0.000000 1.000000 0.000000
vn 0.000000 1.000000 0.000000
vn -0.000000 1.000000 0.000000
vn 0.000000 1.000000 0.000000
vn -0.000000 1.000000 0.000000
vn 0.000000 1.000000 0.000000
vn -0.000000 1.000000 0.000000
vn 0.000000 1.000000 0.000000
vn -0.000000 1.000000 0.000000
vn 0.000000 1.000000 0.000000
vn -0.000000 1.000000 0.000000
vn 0.000000 1.000000 0.000000
vn -0.000000 1.000000 0.000000
vn 0.000000 1.000000 0.000000
vn -0.000000 1.000000 0.000000
vn 0.000000 1.000000 0.000000
vn -0.000000 1.000000 0.000000
vn 0.000000 1.000000 0.000000
vn -0.000000 1.000000 0.000000
vn 0.000000 1.000000 0.000000
vn -0.000000 1.000000 0.000000
vn 0.000000 1.000000 0.000000
vn -0.000000 1.000000 0.000000
vn 0.000000 1.000000 0.000000
vn -0.000000 1.000000 0.000000
vn 0.000000 1.000000 0.000000
vn -0.000000 1.000000 0.000000
vn 0.000000 1.000000 0.000000
vn 0.000000 1.000000 0.000000
vn 0.000000 1.000000 0.000000
vn 0.000000 1.000000 0.000000
vn 0.000000 1.000000 0.000000
vn 0.000000 1.000000 0.000000
vn 0.000000 1.000000 0.000000
vn 0.000000 1.000000 0.000000
vn 0.000000 1.000000 0.000000
vn 0.000000 1.000000 0.000000
vn 0.000000 1.000000 0.000000
vn 0.000000 1.000000 0.000000
vn 0.000000 1.000000 0.000000
vn 0.000000 1.000000 0.000000
vn 0.000000 1.000000 0.000000
vn 0.000000 1.000000 0.000000
vn 0.000000 1.000000 0.000000
vn 0.000000 1.000000 0.000000
vn 0.000000 1.000000 0.000000
vn 0.000000 1.000000 0.000000
vn 0.000000 1.000000 0.000000
vn 0.000000 1.000000 0.000000
vn -0.000000 1.000000 0.000000
vn -0.000000 1.000000 0.000000
vn -0.000000 1.000000 0.000000
vn -0.000000 1.000000 0.000000
vn -0.000000 1.000000 0.000000
vn -0.000000 1.000000 0.000000
vn -0.000000 1.000000 0.000000
vn -0.000000 1.000000 0.000000
vn -0.000000 1.000000 0.000000
vn -0.000000 1.000000 0.000000
vn -0.000000 1.000000 0.000000
vn -0.000000 1.000000 0.000000
vn -0.000000 1.000000 0.000000
vn -0.000000 1.000000 0.000000
vn -0.000000 1.000000 0.000000
vn -0.000000 1.000000 0.000000
vn 0.000000 1.000000 0.000000
vn 0.000000 1.000000 0.000000
vn 0.000000 1.000000 0.000000
vn 0.000000 1.000000 0.000000
vn 0.000000 1.000000 0.000000
vn 0.000000 1.000000 0.000000
vn 0.000000 1.000000 0.000000
vn 0.000000 1.000000 0.000000
vn 0.000000 1.000000 0.000000
vn 0.000000 1.000000 0.000000
vn 0.000000 1.000000 0.000000
vn 0.000000 1.000000 0.000000
vn 0.000000 1.000000 0.000000
vn 0.000000 1.000000 0.000000
vn 0.000000 1.000000 0.000000
vn 0.000000 1.000000 0.000000
vn 0.000000 1.000000 0.000000
vn 0.000000 1.000000 0.000000
vn 0.000000 1.000000 0.000000
vn 0.000000 1.000000 0.000000
vn 0.000000 1.000000 0.000000
vn 0.000000 1.000000 0.000000
vn 0.000000 1.000000 0.000000
vn 0.000000 1.000000 0.000000
vn 0.000000 1.000000 0.000000
vn 0.000000 1.000000 0.000000
vn 0.000000 1.000000 0.000000
vn 0.000000 1.000000 0.000000
vn 0.000000 1.000000 0.000000
vn 0.000000 1.000000 0.000000
vn 0.000000 1.000000 0.000000
vn 0.000000 1.000000 0.000000
vn 0.000000 1.000000 0.000000
vn 0.000000 1.000000 0.000000
vn 0.000000 1.000000 0.000000
vn 0.000000 1.000000 0.000000
vn 0.000000 1.000000 0.000000
vn 0.000000 1.000000 0.000000
vn 0.000000 1.000000 0.000000
vn 0.000000 1.000000 0.000000
vn 0.000000 1.000000 0.000000
vn 0.000000 1.000000 0.000000
vn 0.000000 1.000000 0.000000
vn 0.000000 1.000000 0.000000
vn 0.000000 1.000000 0.000000
vn 0.000000 1.000000 0.000000
vn 0.000000 1.000000 0.000000
vn 0.000000 1.000000 0.000000
vn 0.000000 1.000000 0.000000
vn 0.000000 1.000000 0.000000
vn -0.000000 1.000000 0.000000
vn 0.000000 1.000000 0.000000
vn -0.000000 1.000000 0.000000
vn 0.000000 1.000000 0.000000
vn 0.000000 1.000000 0.000000
vn 0.000000 1.000000 0.000000
vn 0.000000 1.000000 0.000000
vn 0.000000 1.000000 0.000000
vn 0.000000 1.000000 0.000000
vn 0.000000 1.000000 0.000000
vn 0.000000 1.000000 0.000000
vn 0.000000 1.000000 0.000000
vn -1.000000 0.000000 0.000000
vn -1.000000 0.000000 0.000000
vn 0.000000 -1.000000 0.000000
vn 0.000000 -1.000000 0.000000
vn -0.000000 -1.000000 0.000000
vn -0.000000 -1.000000 0.000000
vn -0.000000 -1.000000 0.000000
vn -0.000000 -1.000000 0.000000
vn -0.000000 -1.000000 0.000000
vn -0.000000 -1.000000 0.000000
vn -0.000000 -1.000000 0.000000
vn -0.000000 -1.000000 0.000000
vn -0.000000 -1.000000 0.000000
vn -0.000000 -1.000000 0.000000
vn -0.000000 -1.000000 0.000000
vn -0.000000 -1.000000 0.000000
vn -0.000000 -1.000000 0.000000
vn -0.000000 -1.000000 0.000000
vn -0.000000 -1.000000 0.000000
vn -0.000000 -1.000000 0.000000
vn -0.000000 -1.000000 0.000000
vn -0.000000 -1.000000 0.000000
vn -0.000000 -1.000000 0.000000
vn -0.000000 -1.000000 0.000000
vn -0.000000 -1.000000 0.000000
vn -0.000000 -1.000000 0.000000
vn -0.000000 -1.000000 0.000000
vn -0.000000 -1.000000 0.000000
vn -0.000000 -1.000000 0.000000
vn -0.000000 -1.000000 0.000000
vn 0.000000 -1.000000 0.000000
vn 0.000000 -1.000000 0.000000
vn -0.000000 -1.000000 0.000000
vn -0.000000 -1.000000 0.000000
vn -0.000000 -1.000000 0.000000
vn -0.000000 -1.000000 -0.000000
vn 0.000000 -1.000000 0.000000
vn 0.000000 -1.000000 0.000000
vn -0.000000 -1.000000 -0.000000
vn -0.000000 -1.000000 -0.000000
vn 0.000000 -1.000000 0.000000
vn -0.000000 -1.000000 -0.000000
vn 0.000000 -1.000000 0.000000
vn -0.000000 -1.000000 0.000000
vn -0.000000 -1.000000 -0.000000
vn -0.000000 -1.000000 -0.000000
vn 0.000000 -1.000000 0.000000
vn 0.000000 -1.000000 0.000000
vn 0.000000 -1.000000 0.000000
vn -0.000000 -1.000000 -0.000000
vn -0.000000 -1.000000 0.000000
vn -0.000000 -1.000000 0.000000
vn 0.000000 -1.000000 0.000000
vn -0.000000 -1.000000 -0.000000
vn -0.000000 -1.000000 -0.000000
vn 0.000000 -1.000000 0.000000
vn 0.000000 -1.000000 0.000000
vn 0.000000 -1.000000 0.000000
vn 0.000000 -1.000000 0.000000
vn -0.000000 -1.000000 -0.000000
vn 0.000000 -1.000000 0.000000
vn 0.000000 -1.000000 0.000000
vn 0.000000 -1.000000 0.000000
vn -0.000000 -1.000000 -0.000000
vn 0.000000 -1.000000 0.000000
vn 0.000000 -1.000000 0.000000
vn 0.000000 -1.000000 0.000000
vn -0.000000 -1.000000 0.000000
vn 0.024940 0.000000 -0.999689
vn 0.024940 0.000000 -0.999689
vn 0.074723 0.000000 -0.997204
vn 0.074723 0.000000 -0.997204
vn 0.124338 0.000000 -0.992240
vn 0.173662 0.000000 -0.984805
vn 0.124338 0.000000 -0.992240
vn 0.173662 0.000000 -0.984805
vn 0.222507 0.000000 -0.974931
vn 0.222507 0.000000 -0.974931
vn 0.270843 0.000000 -0.962624
vn 0.270843 0.000000 -0.962624
vn 0.318482 0.000000 -0.947929
vn 0.365348 0.000000 -0.930871
vn 0.318482 0.000000 -0.947929
vn 0.365348 0.000000 -0.930871
vn 0.411279 0.000000 -0.911510
vn 0.411279 0.000000 -0.911510
vn 0.456215 0.000000 -0.889870
vn 0.456215 0.000000 -0.889870
vn 0.500002 0.000000 -0.866024
vn 0.500002 0.000000 -0.866024
vn 0.542551 0.000000 -0.840023
vn 0.583739 0.000000 -0.811942
vn 0.542551 0.000000 -0.840023
vn 0.583739 0.000000 -0.811942
vn 0.623492 0.000000 -0.781829
vn 0.623492 0.000000 -0.781829
vn 0.661685 0.000000 -0.749782
vn 0.661685 0.000000 -0.749782
vn 0.698240 0.000000 -0.715864
vn 0.698240 0.000000 -0.715864
vn 0.733044 0.000000 -0.680182
vn 0.766047 0.000000 -0.642785
vn 0.733044 0.000000 -0.680182
vn 0.766047 0.000000 -0.642785
vn 0.797133 0.000000 -0.603804
vn 0.797133 0.000000 -0.603804
vn 0.826240 0.000000 -0.563318
vn 0.826240 0.000000 -0.563318
vn 0.853293 0.000000 -0.521432
vn 0.853293 0.000000 -0.521432
vn 0.878221 0.000000 -0.478255
vn 0.878221 0.000000 -0.478255
vn 0.900968 0.000000 -0.433885
vn 0.900968 0.000000 -0.433885
vn 0.921475 0.000000 -0.388439
vn 0.921475 0.000000 -0.388439
vn 0.939693 0.000000 -0.342020
vn 0.939693 0.000000 -0.342020
vn 0.955574 0.000000 -0.294751
vn 0.955574 0.000000 -0.294751
vn 0.969077 0.000000 -0.246760
vn 0.980173 0.000000 -0.198144
vn 0.969077 0.000000 -0.246760
vn 0.980173 0.000000 -0.198144
vn 0.988831 0.000000 -0.149044
vn 0.995031 0.000000 -0.099566
vn 0.988831 0.000000 -0.149044
vn 0.998757 0.000000 -0.049847
vn 0.995031 0.000000 -0.099566
vn 0.998757 0.000000 -0.049847
vn 1.000000 0.000000 0.000000
vn 0.998757 -0.000000 0.049846
vn 1.000000 0.000000 -0.000000
vn 0.998757 0.000000 0.049846
vn 0.995031 0.000000 0.099568
vn 0.988831 -0.000000 0.149040
vn 0.995031 0.000000 0.099568
vn 0.988831 0.000000 0.149040
vn 0.980172 0.000000 0.198148
vn 0.969078 -0.000000 0.246754
vn 0.980172 0.000000 0.198148
vn 0.955572 -0.000000 0.294758
vn 0.969078 0.000000 0.246754
vn 0.955572 0.000000 0.294758
vn 0.939693 0.000000 0.342020
vn 0.939693 0.000000 0.342020
vn 0.921475 0.000000 0.388439
vn 0.900973 -0.000000 0.433875
vn 0.921475 0.000000 0.388439
vn 0.878221 -0.000000 0.478255
vn 0.900973 0.000000 0.433875
vn 0.853286 -0.000000 0.521442
vn 0.878221 0.000000 0.478255
vn 0.853286 0.000000 0.521442
vn 0.826240 -0.000000 0.563318
vn 0.826240 0.000000 0.563318
vn 0.797133 0.000000 0.603804
vn 0.797133 0.000000 0.603804
vn 0.766047 0.000000 0.642785
vn 0.766047 0.000000 0.642785
vn 0.733055 0.000000 0.680170
vn 0.733055 0.000000 0.680170
vn 0.698240 -0.000000 0.715864
vn 0.698240 0.000000 0.715864
vn 0.661685 0.000000 0.749782
vn 0.661685 0.000000 0.749782
vn 0.623478 0.000000 0.781841
vn 0.623478 0.000000 0.781841
vn 0.583754 0.000000 0.811930
vn 0.583754 0.000000 0.811930
vn 0.542534 -0.000000 0.840034
vn 0.542534 0.000000 0.840034
vn 0.500002 -0.000000 0.866024
vn 0.500002 0.000000 0.866024
vn 0.456215 0.000000 0.889870
vn 0.456215 0.000000 0.889870
vn 0.411279 -0.000000 0.911510
vn 0.411279 0.000000 0.911510
vn 0.365348 0.000000 0.930871
vn 0.365348 0.000000 0.930871
vn 0.318482 0.000000 0.947929
vn 0.270843 -0.000000 0.962624
vn 0.318482 0.000000 0.947929
vn 0.270843 0.000000 0.962624
vn 0.222530 0.000000 0.974926
vn 0.222530 0.000000 0.974926
vn 0.173639 0.000000 0.984809
vn 0.173639 0.000000 0.984809
vn 0.124338 0.000000 0.992240
vn 0.124338 0.000000 0.992240
vn 0.074747 0.000000 0.997202
vn 0.074747 0.000000 0.997202
vn 0.024916 0.000000 0.999690
vn 0.024916 0.000000 0.999690
vn -0.024940 -0.999689 0.000000
vn -0.024940 -0.999689 0.000000
vn -0.074723 -0.997204 0.000000
vn -0.074723 -0.997204 0.000000
vn -0.124337 -0.992240 0.000000
vn -0.124337 -0.992240 0.000000
vn -0.173660 -0.984806 0.000000
vn -0.173660 -0.984806 0.000000
vn -0.222509 -0.974931 0.000000
vn -0.270843 -0.962624 0.000000
vn -0.222509 -0.974931 0.000000
vn -0.270843 -0.962624 0.000000
vn -0.318482 -0.947929 0.000000
vn -0.318482 -0.947929 0.000000
vn -0.365350 -0.930870 0.000000
vn -0.411274 -0.911512 0.000000
vn -0.365350 -0.930870 0.000000
vn -0.456212 -0.889871 0.000000
vn -0.411274 -0.911512 0.000000
vn -0.456212 -0.889871 0.000000
vn -0.500001 -0.866025 0.000000
vn -0.542553 -0.840022 0.000000
vn -0.500001 -0.866025 0.000000
vn -0.542553 -0.840022 0.000000
vn -0.583743 -0.811939 0.000000
vn -0.583743 -0.811939 0.000000
vn -0.623492 -0.781829 0.000000
vn -0.661685 -0.749782 0.000000
vn -0.623492 -0.781829 0.000000
vn -0.661685 -0.749782 0.000000
vn -0.698233 -0.715871 0.000000
vn -0.698233 -0.715871 0.000000
vn -0.733047 -0.680178 0.000000
vn -0.733047 -0.680178 0.000000
vn -0.766054 -0.642776 0.000000
vn -0.766054 -0.642776 0.000000
vn -0.797131 -0.603806 0.000000
vn -0.797131 -0.603806 0.000000
vn -0.826237 -0.563323 0.000000
vn -0.826237 -0.563323 0.000000
vn -0.853289 -0.521438 0.000000
vn -0.853289 -0.521438 0.000000
vn -0.878226 -0.478246 0.000000
vn -0.878226 -0.478246 0.000000
vn -0.900970 -0.433882 0.000000
vn -0.900970 -0.433882 0.000000
vn -0.921476 -0.388436 0.000000
vn -0.921476 -0.388436 0.000000
vn -0.939691 -0.342025 0.000000
vn -0.939691 -0.342025 0.000000
vn -0.955577 -0.294743 0.000000
vn -0.955577 -0.294743 0.000000
vn -0.969073 -0.246774 0.000000
vn -0.969073 -0.246774 0.000000
vn -0.980174 -0.198141 0.000000
vn -0.980174 -0.198141 0.000000
vn -0.988831 -0.149038 0.000000
vn -0.995031 -0.099566 0.000000
vn -0.988831 -0.149038 0.000000
vn -0.995031 -0.099566 0.000000
vn -0.998756 -0.049856 0.000000
vn -0.998756 -0.049856 0.000000
vn -1.000000 0.000000 0.000000
vn -1.000000 0.000000 0.000000
vn -0.998757 0.049855 0.000000
vn -0.998757 0.049855 0.000000
vn -0.995031 0.099568 0.000000
vn -0.988832 0.149034 0.000000
vn -0.995031 0.099568 0.000000
vn -0.988832 0.149034 0.000000
vn -0.980173 0.198145 0.000000
vn -0.980173 0.198145 0.000000
vn -0.969074 0.246769 0.000000
vn -0.969074 0.246769 0.000000
vn -0.955575 0.294750 0.000000
vn -0.955575 0.294750 0.000000
vn -0.939691 0.342025 0.000000
vn -0.921476 0.388436 0.000000
vn -0.939691 0.342025 0.000000
vn -0.921476 0.388436 0.000000
vn -0.900974 0.433873 0.000000
vn -0.878226 0.478246 0.000000
vn -0.900974 0.433873 0.000000
vn -0.878226 0.478246 0.000000
vn -0.853282 0.521449 0.000000
vn -0.853282 0.521449 0.000000
vn -0.826237 0.563323 0.000000
vn -0.826237 0.563323 0.000000
vn -0.797131 0.603806 0.000000
vn -0.797131 0.603806 0.000000
vn -0.766054 0.642776 0.000000
vn -0.766054 0.642776 0.000000
vn -0.733058 0.680166 0.000000
vn -0.733058 0.680166 0.000000
vn -0.698233 0.715871 0.000000
vn -0.698233 0.715871 0.000000
vn -0.661685 0.749782 0.000000
vn -0.661685 0.749782 0.000000
vn -0.623478 0.781841 0.000000
vn -0.623478 0.781841 0.000000
vn -0.583759 0.811927 0.000000
vn -0.583759 0.811927 0.000000
vn -0.542536 0.840033 0.000000
vn -0.542536 0.840033 0.000000
vn -0.500001 0.866025 0.000000
vn -0.500001 0.866025 0.000000
vn -0.456212 0.889871 0.000000
vn -0.456212 0.889871 0.000000
vn -0.411274 0.911512 0.000000
vn -0.411274 0.911512 0.000000
vn -0.365350 0.930870 0.000000
vn -0.365350 0.930870 0.000000
vn -0.318482 0.947929 0.000000
vn -0.318482 0.947929 0.000000
vn -0.270843 0.962624 0.000000
vn -0.270843 0.962624 0.000000
vn -0.222532 0.974925 0.000000
vn -0.222532 0.974925 0.000000
vn -0.173637 0.984810 0.000000
vn -0.173637 0.984810 0.000000
vn -0.124337 0.992240 0.000000
vn -0.124337 0.992240 0.000000
vn -0.074747 0.997202 0.000000
vn -0.074747 0.997202 0.000000
vn -0.024916 0.999690 0.000000
vn -0.024916 0.999690 0.000000
vn 0.999689 0.000000 -0.024931
vn 0.999689 0.000000 -0.024931
vn 0.997204 0.000000 -0.074728
vn 0.997204 0.000000 -0.074728
vn 0.992239 0.000000 -0.124347
vn 0.992239 0.000000 -0.124347
vn 0.984808 0.000000 -0.173645
vn 0.984808 0.000000 -0.173645
vn 0.974927 0.000000 -0.222524
vn 0.962625 0.000000 -0.270839
vn 0.974927 0.000000 -0.222524
vn 0.962625 0.000000 -0.270839
vn 0.947929 0.000000 -0.318483
vn 0.947929 0.000000 -0.318483
vn 0.930875 0.000000 -0.365337
vn 0.930875 0.000000 -0.365337
vn 0.911505 0.000000 -0.411288
vn 0.889873 0.000000 -0.456208
vn 0.911505 0.000000 -0.411288
vn 0.889873 0.000000 -0.456208
vn 0.866021 0.000000 -0.500008
vn 0.866021 0.000000 -0.500008
vn 0.840023 0.000000 -0.542551
vn 0.840023 0.000000 -0.542551
vn 0.811940 0.000000 -0.583741
vn 0.811940 0.000000 -0.583741
vn 0.781831 0.000000 -0.623490
vn 0.781831 0.000000 -0.623490
vn 0.749790 0.000000 -0.661676
vn 0.749790 0.000000 -0.661676
vn 0.715860 0.000000 -0.698244
vn 0.715860 0.000000 -0.698244
vn 0.680181 0.000000 -0.733044
vn 0.680181 0.000000 -0.733044
vn 0.642780 0.000000 -0.766051
vn 0.642780 0.000000 -0.766051
vn 0.603805 0.000000 -0.797132
vn 0.603805 0.000000 -0.797132
vn 0.563326 0.000000 -0.826234
vn 0.563326 0.000000 -0.826234
vn 0.521427 0.000000 -0.853296
vn 0.521427 0.000000 -0.853296
vn 0.478254 0.000000 -0.878221
vn 0.478254 0.000000 -0.878221
vn 0.433898 0.000000 -0.900962
vn 0.433898 0.000000 -0.900962
vn 0.388410 0.000000 -0.921487
vn 0.342014 0.000000 -0.939695
vn 0.388410 0.000000 -0.921487
vn 0.342014 0.000000 -0.939695
vn 0.294762 0.000000 -0.955571
vn 0.294762 0.000000 -0.955571
vn 0.246777 0.000000 -0.969072
vn 0.246777 0.000000 -0.969072
vn 0.198141 0.000000 -0.980174
vn 0.198141 0.000000 -0.980174
vn 0.149054 0.000000 -0.988829
vn 0.149054 0.000000 -0.988829
vn 0.099560 0.000000 -0.995032
vn 0.099560 0.000000 -0.995032
vn 0.049821 0.000000 -0.998758
vn 0.049821 0.000000 -0.998758
vn 0.000000 0.000000 -1.000000
vn 0.000000 0.000000 -1.000000
vn -0.049821 0.000000 -0.998758
vn -0.049821 0.000000 -0.998758
vn -0.099560 0.000000 -0.995032
vn -0.099560 0.000000 -0.995032
vn -0.149054 0.000000 -0.988829
vn -0.198141 0.000000 -0.980174
vn -0.149054 0.000000 -0.988829
vn -0.198141 0.000000 -0.980174
vn -0.246777 0.000000 -0.969072
vn -0.246777 0.000000 -0.969072
vn -0.294762 0.000000 -0.955571
vn -0.294762 0.000000 -0.955571
vn -0.342014 0.000000 -0.939695
vn -0.342014 0.000000 -0.939695
vn -0.388410 0.000000 -0.921487
vn -0.388410 0.000000 -0.921487
vn -0.433898 0.000000 -0.900962
vn -0.433898 0.000000 -0.900962
vn -0.478254 0.000000 -0.878221
vn -0.478254 0.000000 -0.878221
vn -0.521427 0.000000 -0.853296
vn -0.521427 0.000000 -0.853296
vn -0.563326 0.000000 -0.826234
vn -0.563326 0.000000 -0.826234
vn -0.603805 0.000000 -0.797132
vn -0.603805 0.000000 -0.797132
vn -0.642780 0.000000 -0.766051
vn -0.642780 0.000000 -0.766051
vn -0.680181 0.000000 -0.733044
vn -0.680181 0.000000 -0.733044
vn -0.715860 0.000000 -0.698244
vn -0.715860 0.000000 -0.698244
vn -0.749790 0.000000 -0.661676
vn -0.749790 0.000000 -0.661676
vn -0.781831 0.000000 -0.623490
vn -0.781831 0.000000 -0.623490
vn -0.811940 0.000000 -0.583741
vn -0.811940 0.000000 -0.583741
vn -0.840023 0.000000 -0.542551
vn -0.840023 0.000000 -0.542551
vn -0.866021 0.000000 -0.500008
vn -0.866021 0.000000 -0.500008
vn -0.889873 0.000000 -0.456208
vn -0.911505 0.000000 -0.411288
vn -0.889873 0.000000 -0.456208
vn -0.911505 0.000000 -0.411288
vn -0.930875 0.000000 -0.365337
vn -0.930875 0.000000 -0.365337
vn -0.947929 0.000000 -0.318483
vn -0.962625 0.000000 -0.270839
vn -0.947929 0.000000 -0.318483
vn -0.962625 0.000000 -0.270839
vn -0.974927 0.000000 -0.222524
vn -0.974927 0.000000 -0.222524
vn -0.984808 0.000000 -0.173645
vn -0.984808 0.000000 -0.173645
vn -0.992239 0.000000 -0.124347
vn -0.992239 0.000000 -0.124347
vn -0.997204 0.000000 -0.074728
vn -0.997204 0.000000 -0.074728
vn -0.999689 0.000000 -0.024931
vn -0.999689 0.000000 -0.024931
vn -0.999689 0.000000 0.024931
vn -0.999689 0.000000 0.024931
vn -0.997204 0.000000 0.074731
vn -0.997204 0.000000 0.074731
vn -0.992239 0.000000 0.124342
vn -0.992239 0.000000 0.124342
vn -0.984808 0.000000 0.173645
vn -0.984808 0.000000 0.173645
vn -0.974927 0.000000 0.222524
vn -0.974927 0.000000 0.222524
vn -0.962625 0.000000 0.270839
vn -0.962625 0.000000 0.270839
vn -0.947929 0.000000 0.318483
vn -0.947929 0.000000 0.318483
vn -0.930870 0.000000 0.365351
vn -0.930870 0.000000 0.365351
vn -0.911505 0.000000 0.411288
vn -0.911505 0.000000 0.411288
vn -0.889873 0.000000 0.456208
vn -0.889873 0.000000 0.456208
vn -0.866031 0.000000 0.499990
vn -0.866031 0.000000 0.499990
vn -0.840023 0.000000 0.542551
vn -0.840023 0.000000 0.542551
vn -0.811940 0.000000 0.583741
vn -0.811940 0.000000 0.583741
vn -0.781831 0.000000 0.623490
vn -0.781831 0.000000 0.623490
vn -0.749772 0.000000 0.661697
vn -0.749772 0.000000 0.661697
vn -0.715880 0.000000 0.698224
vn -0.715880 0.000000 0.698224
vn -0.680159 0.000000 0.733064
vn -0.680159 0.000000 0.733064
vn -0.642804 0.000000 0.766031
vn -0.642804 0.000000 0.766031
vn -0.603805 0.000000 0.797132
vn -0.603805 0.000000 0.797132
vn -0.563299 0.000000 0.826253
vn -0.563299 0.000000 0.826253
vn -0.521457 0.000000 0.853278
vn -0.521457 0.000000 0.853278
vn -0.478254 0.000000 0.878221
vn -0.433865 0.000000 0.900978
vn -0.478254 0.000000 0.878221
vn -0.433865 0.000000 0.900978
vn -0.388445 0.000000 0.921472
vn -0.342014 0.000000 0.939695
vn -0.388445 0.000000 0.921472
vn -0.342014 0.000000 0.939695
vn -0.294762 0.000000 0.955571
vn -0.294762 0.000000 0.955571
vn -0.246738 0.000000 0.969082
vn -0.246738 0.000000 0.969082
vn -0.198180 0.000000 0.980166
vn -0.198180 0.000000 0.980166
vn -0.149014 0.000000 0.988835
vn -0.149014 0.000000 0.988835
vn -0.099560 0.000000 0.995032
vn -0.099560 0.000000 0.995032
vn -0.049861 0.000000 0.998756
vn -0.049861 0.000000 0.998756
vn 0.000000 0.000000 1.000000
vn 0.000000 0.000000 1.000000
vn 0.049861 0.000000 0.998756
vn 0.049861 -0.000000 0.998756
vn 0.099560 -0.000000 0.995032
vn 0.099560 -0.000000 0.995032
vn 0.149014 -0.000000 0.988835
vn 0.149014 -0.000000 0.988835
vn 0.198180 -0.000000 0.980166
vn 0.246738 -0.000000 0.969082
vn 0.198180 -0.000000 0.980166
vn 0.246738 -0.000000 0.969082
vn 0.294762 -0.000000 0.955571
vn 0.342014 -0.000000 0.939695
vn 0.294762 0.000000 0.955571
vn 0.342014 -0.000000 0.939695
vn 0.388445 -0.000000 0.921472
vn 0.433865 -0.000000 0.900978
vn 0.388445 0.000000 0.921472
vn 0.433865 -0.000000 0.900978
vn 0.478254 -0.000000 0.878221
vn 0.478254 0.000000 0.878221
vn 0.521457 -0.000000 0.853278
vn 0.521457 0.000000 0.853278
vn 0.563299 -0.000000 0.826253
vn 0.603805 -0.000000 0.797132
vn 0.563299 0.000000 0.826253
vn 0.603805 -0.000000 0.797132
vn 0.642804 -0.000000 0.766031
vn 0.642804 0.000000 0.766031
vn 0.680159 -0.000000 0.733064
vn 0.715880 -0.000000 0.698224
vn 0.680159 0.000000 0.733064
vn 0.715880 -0.000000 0.698224
vn 0.749772 0.000000 0.661697
vn 0.749772 -0.000000 0.661697
vn 0.781831 -0.000000 0.623490
vn 0.781831 -0.000000 0.623490
vn 0.811940 0.000000 0.583741
vn 0.811940 -0.000000 0.583741
vn 0.840023 -0.000000 0.542551
vn 0.840023 -0.000000 0.542551
vn 0.866031 0.000000 0.499990
vn 0.866031 -0.000000 0.499990
vn 0.889873 -0.000000 0.456208
vn 0.889873 -0.000000 0.456208
vn 0.911505 -0.000000 0.411288
vn 0.911505 0.000000 0.411288
vn 0.930870 -0.000000 0.365351
vn 0.930870 0.000000 0.365351
vn 0.947929 -0.000000 0.318483
vn 0.947929 0.000000 0.318483
vn 0.962625 -0.000000 0.270839
vn 0.974927 -0.000000 0.222524
vn 0.962625 0.000000 0.270839
vn 0.974927 -0.000000 0.222524
vn 0.984808 -0.000000 0.173645
vn 0.984808 0.000000 0.173645
vn 0.992239 -0.000000 0.124342
vn 0.992239 0.000000 0.124342
vn 0.997204 -0.000000 0.074731
vn 0.997204 0.000000 0.074731
vn 0.999689 -0.000000 0.024931
vn 0.999689 0.000000 0.024931
vn 0.000000 0.000000 -1.000000
vn -0.000000 0.000000 -1.000000
vn 0.000000 0.000000 -1.000000
vn -0.000000 0.000000 -1.000000
vn 0.000000 0.000000 -1.000000
vn -0.000000 0.000000 -1.000000
vn 0.000000 0.000000 -1.000000
vn -0.000000 0.000000 -1.000000
vn 0.000000 0.000000 -1.000000
vn -0.000000 0.000000 -1.000000
vn 0.000000 0.000000 -1.000000
vn -0.000000 0.000000 -1.000000
vn 0.000000 0.000000 -1.000000
vn -0.000000 0.000000 -1.000000
vn 0.000000 0.000000 -1.000000
vn -0.000000 0.000000 -1.000000
vn 0.000000 0.000000 -1.000000
vn -0.000000 0.000000 -1.000000
vn 0.000000 0.000000 -1.000000
vn -0.000000 0.000000 -1.000000
vn 0.000000 0.000000 -1.000000
vn -0.000000 0.000000 -1.000000
vn 0.000000 0.000000 -1.000000
vn -0.000000 0.000000 -1.000000
vn 0.000000 0.000000 -1.000000
vn -0.000000 0.000000 -1.000000
vn 0.000000 0.000000 -1.000000
vn -0.000000 0.000000 -1.000000
vn 0.000000 0.000000 -1.000000
vn -0.000000 0.000000 -1.000000
vn 0.000000 0.000000 -1.000000
vn 0.000000 0.000000 -1.000000
vn 0.000000 0.000000 -1.000000
vn 0.000000 0.000000 -1.000000
vn 0.000000 0.000000 -1.000000
vn 0.000000 0.000000 -1.000000
vn 0.000000 0.000000 -1.000000
vn 0.000000 0.000000 -1.000000
vn 0.000000 0.000000 -1.000000
vn 0.000000 0.000000 -1.000000
vn 0.000000 0.000000 -1.000000
vn 0.000000 0.000000 -1.000000
vn 0.000000 0.000000 -1.000000
vn 0.000000 0.000000 -1.000000
vn 0.000000 0.000000 -1.000000
vn 0.000000 0.000000 -1.000000
vn 0.000000 0.000000 -1.000000
vn 0.000000 0.000000 -1.000000
vn 0.000000 0.000000 -1.000000
vn 0.000000 0.000000 -1.000000
vn 0.000000 0.000000 -1.000000
vn 0.000000 0.000000 -1.000000
vn -0.000000 0.000000 -1.000000
vn -0.000000 0.000000 -1.000000
vn -0.000000 0.000000 -1.000000
vn -0.000000 0.000000 -1.000000
vn -0.000000 0.000000 -1.000000
vn -0.000000 0.000000 -1.000000
vn -0.000000 0.000000 -1.000000
vn -0.000000 0.000000 -1.000000
vn -0.000000 0.000000 -1.000000
vn -0.000000 0.000000 -1.000000
vn -0.000000 0.000000 -1.000000
vn -0.000000 0.000000 -1.000000
vn -0.000000 0.000000 -1.000000
vn -0.000000 0.000000 -1.000000
vn -0.000000 0.000000 -1.000000
vn -0.000000 0.000000 -1.000000
vn -0.000000 0.000000 -1.000000
vn 0.000000 0.000000 -1.000000
vn 0.000000 0.000000 -1.000000
vn 0.000000 0.000000 -1.000000
vn 0.000000 0.000000 -1.000000
vn 0.000000 0.000000 -1.000000
vn -0.000000 0.000000 -1.000000
vn 0.000000 0.000000 -1.000000
vn 0.000000 0.000000 -1.000000
vn 0.000000 0.000000 -1.000000
vn 0.000000 0.000000 -1.000000
vn -0.000000 0.000000 -1.000000
vn 0.000000 0.000000 -1.000000
vn 0.000000 0.000000 -1.000000
vn 0.000000 0.000000 -1.000000
vn -0.000000 0.000000 -1.000000
vn 0.000000 0.000000 -1.000000
vn 0.000000 0.000000 -1.000000
vn 0.000000 0.000000 -1.000000
vn 0.000000 0.000000 -1.000000
vn -0.000000 0.000000 -1.000000
vn 0.000000 0.000000 -1.000000
vn 0.000000 0.000000 -1.000000
vn 0.000000 0.000000 -1.000000
vn -0.000000 0.000000 -1.000000
vn 0.000000 0.000000 -1.000000
vn 0.000000 0.000000 -1.000000
vn 0.000000 0.000000 -1.000000
vn -0.000000 0.000000 -1.000000
vn 0.000000 0.000000 -1.000000
vn -0.000000 0.000000 -1.000000
vn 0.000000 0.000000 -1.000000
vn -0.000000 0.000000 -1.000000
vn 0.000000 0.000000 -1.000000
vn 0.000000 0.000000 -1.000000
vn -0.000000 0.000000 -1.000000
vn -0.000000 0.000000 -1.000000
vn 0.000000 0.000000 -1.000000
vn -0.000000 0.000000 -1.000000
vn -0.000000 0.000000 -1.000000
vn 0.000000 0.000000 -1.000000
vn -0.000000 0.000000 -1.000000
vn -0.000000 0.000000 -1.000000
vn 0.000000 0.000000 -1.000000
vn -0.000000 0.000000 -1.000000
vn -0.000000 0.000000 -1.000000
vn 0.000000 0.000000 -1.000000
vn 0.000000 0.000000 -1.000000
vn -0.000000 0.000000 -1.000000
vn -0.000000 0.000000 -1.000000
vn 0.000000 0.000000 -1.000000
vn -0.000000 0.000000 -1.000000
vn -0.000000 0.000000 -1.000000
vn 0.000000 0.000000 -1.000000
vn -0.000000 0.000000 -1.000000
vn 0.000000 0.000000 -1.000000
vn -0.000000 0.000000 -1.000000
vn 0.000000 0.000000 -1.000000
vn 0.000000 0.000000 -1.000000
vn -0.000000 0.000000 -1.000000
vn 0.000000 0.000000 -1.000000
vn -0.000000 0.000000 -1.000000
vn 0.000000 0.000000 -1.000000
vn 0.000000 0.000000 -1.000000
vn -0.000000 0.000000 -1.000000
vn 0.000000 0.000000 -1.000000
vn 0.000000 0.000000 -1.000000
vn 0.000000 0.000000 -1.000000
vn 0.000000 0.000000 -1.000000
vn 0.000000 0.000000 -1.000000
vn 0.000000 0.000000 -1.000000
vn 0.000000 0.000000 -1.000000
vn 0.000000 0.000000 -1.000000
vn 0.000000 0.000000 -1.000000
vn 0.000000 0.000000 -1.000000
vn 0.000000 0.000000 -1.000000
vn 0.000000 0.000000 -1.000000
vn 0.000000 0.000000 -1.000000
vn 0.000000 0.000000 -1.000000
vn 0.000000 0.000000 -1.000000
vn 0.000000 0.000000 -1.000000
vn 0.000000 0.000000 -1.000000
vn 0.000000 0.000000 -1.000000
vn 0.000000 0.000000 -1.000000
vn 0.000000 0.000000 -1.000000
vn 0.000000 0.000000 -1.000000
vn 0.000000 0.000000 -1.000000
vn 0.000000 0.000000 -1.000000
vn 0.000000 0.000000 -1.000000
vn 0.000000 0.000000 -1.000000
vn 0.000000 0.000000 -1.000000
vn 0.000000 0.000000 -1.000000
vn 0.000000 0.000000 -1.000000
vn 0.000000 0.000000 -1.000000
vn 0.000000 0.000000 -1.000000
vn 0.000000 0.000000 -1.000000
vn 0.000000 0.000000 -1.000000
vn 0.000000 0.000000 -1.000000
vn 0.000000 0.000000 -1.000000
vn 0.000000 0.000000 -1.000000
vn 0.000000 0.000000 -1.000000
vn 0.000000 0.000000 -1.000000
vn 0.000000 0.000000 -1.000000
vn 0.000000 0.000000 -1.000000
vn 0.000000 0.000000 -1.000000
vn -0.000000 0.000000 -1.000000
vn -0.000000 0.000000 -1.000000
vn -0.000000 0.000000 -1.000000
vn -0.000000 0.000000 -1.000000
vn -0.000000 0.000000 -1.000000
vn -0.000000 0.000000 -1.000000
vn -0.000000 0.000000 -1.000000
vn -0.000000 0.000000 -1.000000
vn -0.000000 0.000000 -1.000000
vn -0.000000 0.000000 -1.000000
vn -0.000000 0.000000 -1.000000
vn -0.000000 0.000000 -1.000000
vn 0.000000 0.000000 -1.000000
vn 0.000000 0.000000 -1.000000
vn 0.000000 0.000000 -1.000000
vn 0.000000 0.000000 -1.000000
vn 0.000000 0.000000 -1.000000
vn 0.000000 0.000000 -1.000000
vn 0.000000 0.000000 -1.000000
vn 0.999689 -0.024931 0.000000
vn 0.999689 -0.024931 0.000000
vn 0.997205 -0.074712 0.000000
vn 0.997205 -0.074712 0.000000
vn 0.992236 -0.124366 0.000000
vn 0.992236 -0.124366 0.000000
vn 0.984807 -0.173655 0.000000
vn 0.984807 -0.173655 0.000000
vn 0.974932 -0.222505 0.000000
vn 0.962622 -0.270850 0.000000
vn 0.974932 -0.222505 0.000000
vn 0.962622 -0.270850 0.000000
vn 0.947934 -0.318467 0.000000
vn 0.947934 -0.318467 0.000000
vn 0.930866 -0.365361 0.000000
vn 0.930866 -0.365361 0.000000
vn 0.911502 -0.411296 0.000000
vn 0.889869 -0.456216 0.000000
vn 0.911502 -0.411296 0.000000
vn 0.889869 -0.456216 0.000000
vn 0.866048 -0.499961 0.000000
vn 0.866048 -0.499961 0.000000
vn 0.840016 -0.542561 0.000000
vn 0.840016 -0.542561 0.000000
vn 0.811946 -0.583733 0.000000
vn 0.811946 -0.583733 0.000000
vn 0.781819 -0.623505 0.000000
vn 0.781819 -0.623505 0.000000
vn 0.749782 -0.661685 0.000000
vn 0.749782 -0.661685 0.000000
vn 0.715865 -0.698239 0.000000
vn 0.715865 -0.698239 0.000000
vn 0.680171 -0.733054 0.000000
vn 0.680171 -0.733054 0.000000
vn 0.642805 -0.766030 0.000000
vn 0.642805 -0.766030 0.000000
vn 0.603806 -0.797131 0.000000
vn 0.603806 -0.797131 0.000000
vn 0.563286 -0.826262 0.000000
vn 0.563286 -0.826262 0.000000
vn 0.521463 -0.853274 0.000000
vn 0.521463 -0.853274 0.000000
vn 0.478260 -0.878218 0.000000
vn 0.478260 -0.878218 0.000000
vn 0.433862 -0.900979 0.000000
vn 0.433862 -0.900979 0.000000
vn 0.388436 -0.921476 0.000000
vn 0.342025 -0.939691 0.000000
vn 0.388436 -0.921476 0.000000
vn 0.342025 -0.939691 0.000000
vn 0.294762 -0.955571 0.000000
vn 0.294762 -0.955571 0.000000
vn 0.246729 -0.969085 0.000000
vn 0.246729 -0.969085 0.000000
vn 0.198187 -0.980164 0.000000
vn 0.198187 -0.980164 0.000000
vn 0.149009 -0.988836 0.000000
vn 0.149009 -0.988836 0.000000
vn 0.099560 -0.995031 0.000000
vn 0.099560 -0.995031 0.000000
vn 0.049862 -0.998756 0.000000
vn 0.049862 -0.998756 0.000000
vn 0.000000 -1.000000 0.000000
vn 0.000000 -1.000000 0.000000
vn -0.049862 -0.998756 0.000000
vn -0.049862 -0.998756 0.000000
vn -0.099560 -0.995031 0.000000
vn -0.099560 -0.995031 0.000000
vn -0.149009 -0.988836 0.000000
vn -0.198187 -0.980164 0.000000
vn -0.149009 -0.988836 0.000000
vn -0.198187 -0.980164 0.000000
vn -0.246729 -0.969085 0.000000
vn -0.246729 -0.969085 0.000000
vn -0.294762 -0.955571 0.000000
vn -0.294762 -0.955571 0.000000
vn -0.342025 -0.939691 0.000000
vn -0.342025 -0.939691 0.000000
vn -0.388436 -0.921476 0.000000
vn -0.388436 -0.921476 0.000000
vn -0.433862 -0.900979 0.000000
vn -0.433862 -0.900979 0.000000
vn -0.478260 -0.878218 0.000000
vn -0.478260 -0.878218 0.000000
vn -0.521463 -0.853274 0.000000
vn -0.521463 -0.853274 0.000000
vn -0.563286 -0.826262 0.000000
vn -0.563286 -0.826262 0.000000
vn -0.603806 -0.797131 0.000000
vn -0.603806 -0.797131 0.000000
vn -0.642805 -0.766030 0.000000
vn -0.642805 -0.766030 0.000000
vn -0.680171 -0.733054 0.000000
vn -0.680171 -0.733054 0.000000
vn -0.715865 -0.698239 0.000000
vn -0.715865 -0.698239 0.000000
vn -0.749782 -0.661685 0.000000
vn -0.749782 -0.661685 0.000000
vn -0.781819 -0.623505 0.000000
vn -0.781819 -0.623505 0.000000
vn -0.811946 -0.583733 0.000000
vn -0.811946 -0.583733 0.000000
vn -0.840016 -0.542561 0.000000
vn -0.840016 -0.542561 0.000000
vn -0.866048 -0.499961 0.000000
vn -0.866048 -0.499961 0.000000
vn -0.889869 -0.456216 0.000000
vn -0.911502 -0.411296 0.000000
vn -0.889869 -0.456216 0.000000
vn -0.911502 -0.411296 0.000000
vn -0.930866 -0.365361 0.000000
vn -0.930866 -0.365361 0.000000
vn -0.947934 -0.318467 0.000000
vn -0.962622 -0.270850 0.000000
vn -0.947934 -0.318467 0.000000
vn -0.962622 -0.270850 0.000000
vn -0.974932 -0.222505 0.000000
vn -0.974932 -0.222505 0.000000
vn -0.984807 -0.173655 0.000000
vn -0.984807 -0.173655 0.000000
vn -0.992236 -0.124366 0.000000
vn -0.992236 -0.124366 0.000000
vn -0.997205 -0.074712 0.000000
vn -0.997205 -0.074712 0.000000
vn -0.999689 -0.024931 0.000000
vn -0.999689 -0.024931 0.000000
vn -0.999689 0.024931 0.000000
vn -0.999689 0.024931 0.000000
vn -0.997205 0.074709 0.000000
vn -0.997205 0.074709 0.000000
vn -0.992236 0.124371 0.000000
vn -0.992236 0.124371 0.000000
vn -0.984807 0.173655 0.000000
vn -0.984807 0.173655 0.000000
vn -0.974932 0.222505 0.000000
vn -0.974932 0.222505 0.000000
vn -0.962622 0.270850 0.000000
vn -0.962622 0.270850 0.000000
vn -0.947934 0.318467 0.000000
vn -0.947934 0.318467 0.000000
vn -0.930871 0.365347 0.000000
vn -0.930871 0.365347 0.000000
vn -0.911502 0.411296 0.000000
vn -0.911502 0.411296 0.000000
vn -0.889869 0.456216 0.000000
vn -0.889869 0.456216 0.000000
vn -0.866037 0.499979 0.000000
vn -0.866037 0.499979 0.000000
vn -0.840016 0.542561 0.000000
vn -0.840016 0.542561 0.000000
vn -0.811946 0.583733 0.000000
vn -0.811946 0.583733 0.000000
vn -0.781819 0.623505 0.000000
vn -0.781819 0.623505 0.000000
vn -0.749800 0.661665 0.000000
vn -0.749800 0.661665 0.000000
vn -0.715845 0.698259 0.000000
vn -0.715845 0.698259 0.000000
vn -0.680193 0.733033 0.000000
vn -0.680193 0.733033 0.000000
vn -0.642781 0.766050 0.000000
vn -0.642781 0.766050 0.000000
vn -0.603806 0.797131 0.000000
vn -0.603806 0.797131 0.000000
vn -0.563314 0.826243 0.000000
vn -0.563314 0.826243 0.000000
vn -0.521434 0.853292 0.000000
vn -0.521434 0.853292 0.000000
vn -0.478260 0.878218 0.000000
vn -0.433895 0.900963 0.000000
vn -0.478260 0.878218 0.000000
vn -0.433895 0.900963 0.000000
vn -0.388402 0.921490 0.000000
vn -0.342025 0.939691 0.000000
vn -0.388402 0.921490 0.000000
vn -0.342025 0.939691 0.000000
vn -0.294762 0.955571 0.000000
vn -0.294762 0.955571 0.000000
vn -0.246767 0.969075 0.000000
vn -0.246767 0.969075 0.000000
vn -0.198148 0.980172 0.000000
vn -0.198148 0.980172 0.000000
vn -0.149049 0.988830 0.000000
vn -0.149049 0.988830 0.000000
vn -0.099560 0.995031 0.000000
vn -0.099560 0.995031 0.000000
vn -0.049822 0.998758 0.000000
vn -0.049822 0.998758 0.000000
vn 0.000000 1.000000 0.000000
vn 0.000000 1.000000 -0.000000
vn 0.049822 0.998758 0.000000
vn 0.049822 0.998758 -0.000000
vn 0.099560 0.995031 -0.000000
vn 0.099560 0.995031 -0.000000
vn 0.149049 0.988830 -0.000000
vn 0.149049 0.988830 -0.000000
vn 0.198148 0.980172 -0.000000
vn 0.246767 0.969075 -0.000000
vn 0.198148 0.980172 -0.000000
vn 0.246767 0.969075 -0.000000
vn 0.294762 0.955571 -0.000000
vn 0.342025 0.939691 -0.000000
vn 0.294762 0.955571 0.000000
vn 0.342025 0.939691 -0.000000
vn 0.388402 0.921490 -0.000000
vn 0.433895 0.900963 -0.000000
vn 0.388402 0.921490 0.000000
vn 0.433895 0.900963 -0.000000
vn 0.478260 0.878218 -0.000000
vn 0.478260 0.878218 0.000000
vn 0.521434 0.853292 -0.000000
vn 0.521434 0.853292 0.000000
vn 0.563314 0.826243 -0.000000
vn 0.603806 0.797131 -0.000000
vn 0.563314 0.826243 0.000000
vn 0.603806 0.797131 -0.000000
vn 0.642781 0.766050 -0.000000
vn 0.642781 0.766050 0.000000
vn 0.680193 0.733033 -0.000000
vn 0.715845 0.698259 -0.000000
vn 0.680193 0.733033 0.000000
vn 0.715845 0.698259 -0.000000
vn 0.749800 0.661665 0.000000
vn 0.749800 0.661665 -0.000000
vn 0.781819 0.623505 -0.000000
vn 0.781819 0.623505 -0.000000
vn 0.811946 0.583733 0.000000
vn 0.811946 0.583733 -0.000000
vn 0.840016 0.542561 -0.000000
vn 0.840016 0.542561 -0.000000
vn 0.866037 0.499979 0.000000
vn 0.866037 0.499979 -0.000000
vn 0.889869 0.456216 -0.000000
vn 0.889869 0.456216 -0.000000
vn 0.911502 0.411296 -0.000000
vn 0.911502 0.411296 0.000000
vn 0.930871 0.365347 -0.000000
vn 0.930871 0.365347 0.000000
vn 0.947934 0.318467 -0.000000
vn 0.947934 0.318467 0.000000
vn 0.962622 0.270850 -0.000000
vn 0.974932 0.222505 -0.000000
vn 0.962622 0.270850 0.000000
vn 0.974932 0.222505 -0.000000
vn 0.984807 0.173655 -0.000000
vn 0.984807 0.173655 0.000000
vn 0.992236 0.124371 -0.000000
vn 0.992236 0.124371 0.000000
vn 0.997205 0.074709 -0.000000
vn 0.997205 0.074709 0.000000
vn 0.999689 0.024931 -0.000000
vn 0.999689 0.024931 0.000000
vn 0.000000 0.000000 -1.000000
vn 0.000000 0.000000 -1.000000
vn 0.000000 0.000000 -1.000000
vn 0.000000 0.000000 -1.000000
vn 0.000000 0.000000 -1.000000
vn 0.000000 0.000000 -1.000000
vn 0.000000 0.000000 -1.000000
vn 0.000000 0.000000 -1.000000
vn 0.000000 0.000000 -1.000000
vn 0.000000 0.000000 -1.000000
vn 0.000000 0.000000 -1.000000
vn 0.000000 0.000000 -1.000000
vn 0.000000 0.000000 -1.000000
vn 0.000000 0.000000 -1.000000
vn 0.000000 0.000000 -1.000000
vn 0.000000 0.000000 -1.000000
vn 0.000000 0.000000 -1.000000
vn 0.000000 0.000000 -1.000000
vn 0.000000 0.000000 -1.000000
vn 0.000000 0.000000 -1.000000
vn 0.000000 0.000000 -1.000000
vn 0.000000 0.000000 -1.000000
vn 0.000000 0.000000 -1.000000
vn 0.000000 0.000000 -1.000000
vn 0.000000 0.000000 -1.000000
vn 0.000000 0.000000 -1.000000
vn 0.000000 0.000000 -1.000000
vn 0.000000 0.000000 -1.000000
vn 0.000000 0.000000 -1.000000
vn 0.000000 0.000000 -1.000000
vn 0.000000 0.000000 -1.000000
vn 0.000000 0.000000 -1.000000
vn 0.000000 0.000000 -1.000000
vn 0.000000 0.000000 -1.000000
vn 0.000000 0.000000 -1.000000
vn 0.000000 0.000000 -1.000000
vn 0.000000 0.000000 -1.000000
vn 0.000000 0.000000 -1.000000
vn 0.000000 0.000000 -1.000000
vn 0.000000 0.000000 -1.000000
vn 0.000000 0.000000 -1.000000
vn 0.000000 0.000000 -1.000000
vn 0.000000 0.000000 -1.000000
vn 0.000000 0.000000 -1.000000
vn 0.000000 0.000000 -1.000000
vn 0.000000 0.000000 -1.000000
vn 0.000000 0.000000 -1.000000
vn 0.000000 0.000000 -1.000000
vn 0.000000 0.000000 -1.000000
vn 0.000000 0.000000 -1.000000
vn 0.000000 0.000000 -1.000000
vn 0.000000 0.000000 -1.000000
vn 0.000000 0.000000 -1.000000
vn 0.000000 0.000000 -1.000000
vn 0.000000 0.000000 -1.000000
vn 0.000000 0.000000 -1.000000
vn 0.000000 0.000000 -1.000000
vn 0.000000 0.000000 -1.000000
vn 0.000000 0.000000 -1.000000
vn 0.000000 0.000000 -1.000000
vn 0.000000 0.000000 -1.000000
vn 0.000000 0.000000 -1.000000
vn 0.000000 0.000000 -1.000000
vn 0.000000 0.000000 -1.000000
vn 0.000000 0.000000 -1.000000
vn 0.000000 0.000000 -1.000000
vn 0.000000 0.000000 -1.000000
vn 0.000000 0.000000 -1.000000
vn 0.000000 0.000000 -1.000000
vn 0.000000 0.000000 -1.000000
vn 0.000000 0.000000 -1.000000
vn 0.000000 0.000000 -1.000000
vn 0.000000 0.000000 -1.000000
vn 0.000000 0.000000 -1.000000
vn 0.000000 0.000000 -1.000000
vn 0.000000 0.000000 -1.000000
vn 0.000000 0.000000 -1.000000
vn 0.000000 0.000000 -1.000000
vn 0.000000 0.000000 -1.000000
vn 0.000000 0.000000 -1.000000
vn 0.000000 0.000000 -1.000000
vn 0.000000 0.000000 -1.000000
vn 0.000000 0.000000 -1.000000
vn 0.000000 0.000000 -1.000000
vn 0.000000 0.000000 -1.000000
vn 0.000000 0.000000 -1.000000
vn 0.000000 0.000000 -1.000000
vn 0.000000 0.000000 -1.000000
vn 0.000000 0.000000 -1.000000
vn 0.000000 0.000000 -1.000000
vn 0.000000 0.000000 -1.000000
vn 0.000000 0.000000 -1.000000
vn 0.000000 0.000000 -1.000000
vn 0.000000 0.000000 -1.000000
vn 0.000000 0.000000 -1.000000
vn 0.000000 0.000000 -1.000000
vn 0.000000 0.000000 -1.000000
vn 0.000000 0.000000 -1.000000
vn 0.000000 0.000000 -1.000000
vn 0.000000 0.000000 -1.000000
vn 0.000000 0.000000 -1.000000
vn 0.000000 0.000000 -1.000000
vn 0.000000 0.000000 -1.000000
vn 0.000000 0.000000 -1.000000
vn 0.000000 0.000000 -1.000000
vn 0.000000 0.000000 -1.000000
vn 0.000000 0.000000 -1.000000
vn 0.000000 0.000000 -1.000000
vn 0.000000 0.000000 -1.000000
vn 0.000000 0.000000 -1.000000
vn 0.000000 0.000000 -1.000000
vn 0.000000 0.000000 -1.000000
vn 0.000000 0.000000 -1.000000
vn 0.000000 0.000000 -1.000000
vn 0.000000 0.000000 -1.000000
vn 0.000000 0.000000 -1.000000
vn 0.000000 0.000000 -1.000000
vn 0.000000 0.000000 -1.000000
vn 0.000000 0.000000 -1.000000
vn 0.000000 0.000000 -1.000000
vn 0.000000 0.000000 -1.000000
vn 0.000000 0.000000 -1.000000
vn 0.000000 0.000000 -1.000000
vn 0.000000 0.000000 -1.000000
f 1//1 2//1 3//1
f 3//2 2//2 4//2
f 5//3 1//3 3//3
f 6//4 7//4 5//4
f 8//5 6//5 5//5
f 3//6 8//6 5//6
f 9//7 4//7 2//7
f 10//8 11//8 12//8
f 13//9 14//9 10//9
f 13//10 10//10 12//10
f 15//11 16//11 13//11
f 15//12 13//12 12//12
f 17//13 18//13 15//13
f 17//14 15//14 12//14
f 19//15 17//15 12//15
f 20//16 19//16 12//16
f 20//17 21//17 19//17
f 22//18 20//18 12//18
f 22//19 23//19 24//19
f 22//20 24//20 20//20
f 25//21 26//21 27//21
f 25//22 27//22 28//22
f 29//23 25//23 28//23
f 29//24 30//24 25//24
f 29//25 28//25 22//25
f 31//26 22//26 12//26
f 31//27 29//27 22//27
f 32//28 33//28 34//28
f 32//29 34//29 35//29
f 32//30 35//30 31//30
f 36//31 37//31 32//31
f 38//32 32//32 31//32
f 38//33 36//33 32//33
f 38//34 39//34 40//34
f 38//35 40//35 36//35
f 41//36 9//36 42//36
f 41//37 12//37 9//37
f 43//38 41//38 44//38
f 45//39 31//39 12//39
f 45//40 38//40 31//40
f 45//41 12//41 41//41
f 45//42 41//42 43//42
f 46//43 47//43 48//43
f 46//44 48//44 49//44
f 50//45 49//45 51//45
f 50//46 51//46 38//46
f 50//47 38//47 45//47
f 52//48 46//48 49//48
f 53//49 50//49 54//49
f 53//50 54//50 55//50
f 56//51 57//51 58//51
f 56//52 58//52 52//52
f 56//53 52//53 49//53
f 59//54 53//54 60//54
f 61//55 50//55 53//55
f 61//56 53//56 59//56
f 62//57 63//57 64//57
f 62//58 64//58 56//58
f 65//59 66//59 62//59
f 65//60 62//60 56//60
f 65//61 56//61 49//61
f 67//62 68//62 69//62
f 70//63 61//63 68//63
f 70//64 67//64 71//64
f 70//65 49//65 50//65
f 70//66 50//66 61//66
f 70//67 68//67 67//67
f 72//68 49//68 70//68
f 72//69 73//69 74//69
f 72//70 74//70 65//70
f 72//71 65//71 49//71
f 12//72 4//72 9//72
f 2//73 75//73 76//73
f 76//74 77//74 2//74
f 2//75 78//75 75//75
f 77//76 79//76 2//76
f 2//77 80//77 78//77
f 79//78 81//78 2//78
f 2//79 82//79 80//79
f 81//80 83//80 2//80
f 2//81 84//81 82//81
f 83//82 85//82 2//82
f 2//83 86//83 84//83
f 85//84 87//84 2//84
f 2//85 88//85 86//85
f 87//86 89//86 2//86
f 2//87 90//87 88//87
f 89//88 91//88 2//88
f 2//89 92//89 90//89
f 91//90 93//90 2//90
f 2//91 94//91 92//91
f 93//92 95//92 2//92
f 2//93 96//93 94//93
f 95//94 97//94 2//94
f 2//95 98//95 96//95
f 97//96 99//96 2//96
f 2//97 100//97 98//97
f 99//98 101//98 2//98
f 2//99 102//99 100//99
f 101//100 103//100 2//100
f 2//101 104//101 102//101
f 103//102 105//102 2//102
f 2//103 106//103 104//103
f 105//104 107//104 2//104
f 107//105 108//105 2//105
f 108//106 109//106 2//106
f 109//107 110//107 2//107
f 110//108 111//108 2//108
f 112//109 1//109 113//109
f 114//110 1//110 112//110
f 115//111 1//111 114//111
f 116//112 1//112 115//112
f 117//113 1//113 116//113
f 118//114 1//114 117//114
f 119//115 1//115 118//115
f 120//116 1//116 119//116
f 121//117 1//117 120//117
f 122//118 1//118 121//118
f 123//119 1//119 122//119
f 124//120 1//120 123//120
f 125//121 1//121 124//121
f 126//122 1//122 125//122
f 106//123 1//123 126//123
f 2//124 1//124 106//124
f 1//125 127//125 113//125
f 1//126 128//126 127//126
f 1//127 129//127 128//127
f 1//128 130//128 129//128
f 1//129 131//129 130//129
f 1//130 132//130 131//130
f 1//131 133//131 132//131
f 1//132 134//132 133//132
f 1//133 135//133 134//133
f 1//134 136//134 135//134
f 1//135 137//135 136//135
f 1//136 138//136 137//136
f 1//137 139//137 138//137
f 1//138 140//138 139//138
f 1//139 141//139 140//139
f 1//140 142//140 141//140
f 1//141 143//141 142//141
f 1//142 144//142 143//142
f 1//143 145//143 144//143
f 146//144 147//144 148//144
f 147//145 149//145 148//145
f 148//146 149//146 150//146
f 146//147 151//147 147//147
f 152//148 151//148 146//148
f 153//149 154//149 155//149
f 150//150 154//150 153//150
f 149//151 154//151 150//151
f 152//152 156//152 151//152
f 157//153 156//153 152//153
f 155//154 158//154 159//154
f 154//155 158//155 155//155
f 157//156 160//156 156//156
f 161//157 160//157 157//157
f 162//158 160//158 161//158
f 158//159 163//159 159//159
f 159//160 163//160 164//160
f 162//161 165//161 160//161
f 166//162 165//162 162//162
f 163//163 167//163 164//163
f 164//164 167//164 168//164
f 166//165 169//165 165//165
f 170//166 169//166 166//166
f 167//167 171//167 168//167
f 168//168 171//168 111//168
f 170//169 172//169 169//169
f 173//170 172//170 170//170
f 171//171 174//171 111//171
f 111//172 174//172 2//172
f 173//173 175//173 172//173
f 176//174 175//174 173//174
f 177//175 175//175 176//175
f 174//176 178//176 2//176
f 177//177 179//177 175//177
f 180//178 179//178 177//178
f 178//179 181//179 2//179
f 180//180 182//180 179//180
f 183//181 182//181 180//181
f 181//182 184//182 2//182
f 183//183 185//183 182//183
f 186//184 185//184 183//184
f 184//185 187//185 2//185
f 186//186 188//186 185//186
f 189//187 188//187 186//187
f 190//188 188//188 189//188
f 187//189 191//189 2//189
f 190//190 192//190 188//190
f 193//191 192//191 190//191
f 191//192 194//192 2//192
f 193//193 195//193 192//193
f 196//194 195//194 193//194
f 194//195 197//195 2//195
f 196//196 198//196 195//196
f 199//197 198//197 196//197
f 200//198 198//198 199//198
f 200//199 201//199 198//199
f 202//200 201//200 200//200
f 202//201 203//201 201//201
f 204//202 203//202 202//202
f 204//203 205//203 203//203
f 206//204 205//204 204//204
f 207//205 205//205 206//205
f 207//206 208//206 205//206
f 209//207 208//207 207//207
f 210//208 211//208 209//208
f 209//209 211//209 208//209
f 210//210 212//210 211//210
f 213//211 212//211 210//211
f 214//212 212//212 213//212
f 214//213 215//213 212//213
f 216//214 215//214 214//214
f 216//215 217//215 215//215
f 218//216 217//216 216//216
f 219//217 220//217 218//217
f 218//218 220//218 217//218
f 219//219 221//219 220//219
f 222//220 221//220 219//220
f 223//221 221//221 222//221
f 223//222 224//222 221//222
f 225//223 224//223 223//223
f 226//224 227//224 225//224
f 225//225 227//225 224//225
f 226//226 228//226 227//226
f 229//227 228//227 226//227
f 229//228 230//228 228//228
f 231//229 230//229 229//229
f 232//230 230//230 231//230
f 232//231 233//231 230//231
f 234//232 233//232 232//232
f 234//233 235//233 233//233
f 236//234 235//234 234//234
f 236//235 237//235 235//235
f 238//236 237//236 236//236
f 238//237 239//237 237//237
f 240//238 239//238 238//238
f 240//239 241//239 239//239
f 242//240 241//240 240//240
f 243//241 241//241 242//241
f 243//242 244//242 241//242
f 245//243 244//243 243//243
f 245//244 246//244 244//244
f 1//245 5//245 247//245
f 1//246 247//246 248//246
f 1//247 248//247 249//247
f 1//248 249//248 250//248
f 1//249 250//249 251//249
f 1//250 251//250 252//250
f 1//251 252//251 253//251
f 1//252 253//252 254//252
f 1//253 254//253 255//253
f 1//254 255//254 256//254
f 1//255 256//255 257//255
f 1//256 257//256 246//256
f 1//257 246//257 145//257
f 145//258 246//258 258//258
f 258//259 246//259 259//259
f 259//260 246//260 260//260
f 260//261 246//261 261//261
f 261//262 246//262 245//262
f 9//263 2//263 262//263
f 262//264 2//264 197//264
f 263//265 4//265 264//265
f 265//266 264//266 4//266
f 266//267 4//267 263//267
f 267//268 265//268 4//268
f 268//269 4//269 266//269
f 269//270 267//270 4//270
f 270//271 4//271 268//271
f 271//272 269//272 4//272
f 272//273 4//273 270//273
f 273//274 271//274 4//274
f 274//275 4//275 272//275
f 275//276 273//276 4//276
f 276//277 4//277 274//277
f 277//278 275//278 4//278
f 278//279 4//279 276//279
f 279//280 277//280 4//280
f 280//281 4//281 278//281
f 281//282 279//282 4//282
f 282//283 4//283 280//283
f 283//284 281//284 4//284
f 284//285 4//285 282//285
f 285//286 283//286 4//286
f 286//287 4//287 284//287
f 287//288 285//288 4//288
f 288//289 4//289 286//289
f 289//290 287//290 4//290
f 290//291 4//291 288//291
f 291//292 289//292 4//292
f 292//293 4//293 290//293
f 293//294 291//294 4//294
f 294//295 4//295 292//295
f 295//296 293//296 4//296
f 296//297 295//297 4//297
f 297//298 296//298 4//298
f 298//299 297//299 4//299
f 299//300 298//300 4//300
f 300//301 299//301 4//301
f 301//302 300//302 4//302
f 3//303 302//303 303//303
f 3//304 304//304 302//304
f 3//305 305//305 304//305
f 3//306 306//306 305//306
f 3//307 307//307 306//307
f 3//308 308//308 307//308
f 3//309 309//309 308//309
f 3//310 310//310 309//310
f 3//311 311//311 310//311
f 3//312 312//312 311//312
f 3//313 313//313 312//313
f 3//314 314//314 313//314
f 3//315 315//315 314//315
f 3//316 316//316 315//316
f 3//317 294//317 316//317
f 3//318 4//318 294//318
f 317//319 3//319 303//319
f 318//320 3//320 317//320
f 319//321 3//321 318//321
f 320//322 3//322 319//322
f 321//323 3//323 320//323
f 322//324 3//324 321//324
f 323//325 3//325 322//325
f 324//326 3//326 323//326
f 325//327 3//327 324//327
f 326//328 3//328 325//328
f 327//329 3//329 326//329
f 328//330 3//330 327//330
f 329//331 3//331 328//331
f 330//332 3//332 329//332
f 331//333 3//333 330//333
f 332//334 3//334 331//334
f 333//335 3//335 332//335
f 334//336 3//336 333//336
f 335//337 3//337 334//337
f 336//338 3//338 335//338
f 337//339 3//339 336//339
f 338//340 3//340 337//340
f 12//341 339//341 301//341
f 12//342 340//342 339//342
f 12//343 341//343 340//343
f 12//344 342//344 341//344
f 12//345 343//345 342//345
f 12//346 344//346 343//346
f 12//347 345//347 344//347
f 12//348 346//348 345//348
f 12//349 347//349 346//349
f 12//350 348//350 347//350
f 12//351 349//351 348//351
f 12//352 350//352 349//352
f 12//353 351//353 350//353
f 12//354 352//354 351//354
f 12//355 353//355 352//355
f 12//356 354//356 353//356
f 12//357 301//357 4//357
f 12//358 355//358 354//358
f 12//359 356//359 355//359
f 12//360 357//360 356//360
f 12//361 358//361 357//361
f 12//362 359//362 358//362
f 12//363 360//363 359//363
f 12//364 361//364 360//364
f 362//365 363//365 364//365
f 362//366 365//366 363//366
f 362//367 366//367 365//367
f 362//368 367//368 366//368
f 362//369 368//369 367//369
f 362//370 369//370 368//370
f 362//371 370//371 369//371
f 362//372 371//372 370//372
f 362//373 372//373 371//373
f 362//374 373//374 372//374
f 362//375 374//375 373//375
f 362//376 375//376 374//376
f 362//377 376//377 375//377
f 362//378 377//378 376//378
f 362//379 378//379 377//379
f 362//380 379//380 378//380
f 362//381 380//381 379//381
f 362//382 381//382 380//382
f 362//383 361//383 12//383
f 362//384 382//384 361//384
f 362//385 364//385 382//385
f 8//386 362//386 383//386
f 8//387 3//387 338//387
f 8//388 338//388 384//388
f 8//389 384//389 385//389
f 8//390 385//390 386//390
f 8//391 386//391 387//391
f 8//392 387//392 388//392
f 8//393 388//393 389//393
f 8//394 389//394 390//394
f 8//395 390//395 381//395
f 8//396 381//396 362//396
f 6//397 8//397 383//397
f 391//398 6//398 383//398
f 391//399 392//399 6//399
f 41//400 42//400 392//400
f 393//401 394//401 395//401
f 395//402 396//402 42//402
f 397//403 396//403 394//403
f 394//404 396//404 395//404
f 396//405 398//405 42//405
f 398//406 399//406 42//406
f 400//407 401//407 399//407
f 402//408 401//408 400//408
f 403//409 401//409 402//409
f 404//410 405//410 401//410
f 401//411 405//411 399//411
f 405//412 406//412 399//412
f 407//413 406//413 405//413
f 408//414 406//414 407//414
f 406//415 409//415 399//415
f 399//416 409//416 42//416
f 409//417 410//417 42//417
f 411//418 410//418 409//418
f 412//419 413//419 410//419
f 414//420 413//420 412//420
f 415//421 416//421 413//421
f 413//422 417//422 410//422
f 416//423 417//423 413//423
f 418//424 419//424 417//424
f 417//425 419//425 410//425
f 419//426 420//426 410//426
f 42//427 7//427 392//427
f 42//428 421//428 7//428
f 422//429 423//429 420//429
f 424//430 423//430 422//430
f 425//431 423//431 424//431
f 426//432 423//432 425//432
f 42//433 427//433 421//433
f 421//434 427//434 428//434
f 429//435 430//435 423//435
f 430//436 431//436 423//436
f 427//437 432//437 433//437
f 431//438 434//438 423//438
f 427//439 435//439 432//439
f 423//440 436//440 420//440
f 434//441 436//441 423//441
f 437//442 438//442 436//442
f 439//443 440//443 441//443
f 435//444 440//444 439//444
f 427//445 440//445 435//445
f 438//446 442//446 436//446
f 410//447 443//447 42//447
f 420//448 443//448 410//448
f 42//449 443//449 427//449
f 436//450 443//450 420//450
f 442//451 443//451 436//451
f 440//452 444//452 445//452
f 443//453 446//453 427//453
f 427//454 447//454 440//454
f 440//455 447//455 444//455
f 448//456 449//456 446//456
f 446//457 449//457 427//457
f 427//458 449//458 447//458
f 448//459 450//459 449//459
f 451//460 452//460 450//460
f 453//461 452//461 454//461
f 449//462 452//462 453//462
f 450//463 452//463 449//463
f 7//464 6//464 392//464
f 9//465 262//465 42//465
f 42//466 262//466 395//466
f 395//467 197//467 393//467
f 262//468 197//468 395//468
f 393//469 194//469 394//469
f 394//470 194//470 397//470
f 197//471 194//471 393//471
f 194//472 191//472 397//472
f 397//473 187//473 396//473
f 191//474 187//474 397//474
f 396//475 184//475 398//475
f 187//476 184//476 396//476
f 398//477 181//477 399//477
f 399//478 181//478 400//478
f 184//479 181//479 398//479
f 181//480 178//480 400//480
f 400//481 174//481 402//481
f 178//482 174//482 400//482
f 402//483 171//483 403//483
f 174//484 171//484 402//484
f 403//485 167//485 401//485
f 171//486 167//486 403//486
f 401//487 163//487 404//487
f 404//488 163//488 405//488
f 167//489 163//489 401//489
f 163//490 158//490 405//490
f 405//491 154//491 407//491
f 158//492 154//492 405//492
f 407//493 149//493 408//493
f 154//494 149//494 407//494
f 408//495 147//495 406//495
f 149//496 147//496 408//496
f 406//497 151//497 409//497
f 409//498 151//498 411//498
f 147//499 151//499 406//499
f 151//500 156//500 411//500
f 411//501 156//501 410//501
f 156//502 160//502 410//502
f 160//503 165//503 410//503
f 410//504 165//504 412//504
f 165//505 169//505 412//505
f 412//506 169//506 414//506
f 169//507 172//507 414//507
f 414//508 172//508 413//508
f 413//509 175//509 415//509
f 172//510 175//510 413//510
f 415//511 179//511 416//511
f 175//512 179//512 415//512
f 416//513 182//513 417//513
f 179//514 182//514 416//514
f 417//515 185//515 418//515
f 182//516 185//516 417//516
f 418//517 188//517 419//517
f 419//518 188//518 420//518
f 185//519 188//519 418//519
f 188//520 192//520 420//520
f 420//521 195//521 422//521
f 422//522 195//522 424//522
f 192//523 195//523 420//523
f 424//524 198//524 425//524
f 195//525 198//525 424//525
f 198//526 201//526 425//526
f 425//527 203//527 426//527
f 426//528 203//528 423//528
f 201//529 203//529 425//529
f 203//530 205//530 423//530
f 423//531 208//531 429//531
f 429//532 208//532 430//532
f 205//533 208//533 423//533
f 208//534 211//534 430//534
f 430//535 212//535 431//535
f 431//536 212//536 434//536
f 211//537 212//537 430//537
f 434//538 215//538 436//538
f 212//539 215//539 434//539
f 215//540 217//540 436//540
f 436//541 220//541 437//541
f 217//542 220//542 436//542
f 437//543 221//543 438//543
f 438//544 221//544 442//544
f 220//545 221//545 437//545
f 442//546 224//546 443//546
f 221//547 224//547 442//547
f 443//548 227//548 446//548
f 224//549 227//549 443//549
f 227//550 228//550 446//550
f 446//551 228//551 448//551
f 228//552 230//552 448//552
f 230//553 233//553 448//553
f 448//554 233//554 450//554
f 233//555 235//555 450//555
f 450//556 235//556 451//556
f 235//557 237//557 451//557
f 451//558 237//558 452//558
f 452//559 237//559 454//559
f 237//560 239//560 454//560
f 239//561 241//561 454//561
f 454//562 241//562 453//562
f 241//563 244//563 453//563
f 453//564 244//564 449//564
f 244//565 246//565 449//565
f 449//566 246//566 447//566
f 447//567 246//567 444//567
f 246//568 257//568 444//568
f 444//569 257//569 445//569
f 257//570 256//570 445//570
f 256//571 255//571 445//571
f 445//572 255//572 440//572
f 440//573 255//573 441//573
f 255//574 254//574 441//574
f 254//575 253//575 441//575
f 441//576 253//576 439//576
f 439//577 252//577 435//577
f 435//578 252//578 432//578
f 253//579 252//579 439//579
f 252//580 251//580 432//580
f 432//581 250//581 433//581
f 251//582 250//582 432//582
f 433//583 249//583 427//583
f 250//584 249//584 433//584
f 427//585 248//585 428//585
f 249//586 248//586 427//586
f 428//587 247//587 421//587
f 248//588 247//588 428//588
f 421//589 5//589 7//589
f 247//590 5//590 421//590
f 44//591 41//591 392//591
f 44//592 392//592 455//592
f 44//593 455//593 456//593
f 43//594 44//594 456//594
f 45//595 456//595 457//595
f 45//596 43//596 456//596
f 50//597 457//597 458//597
f 50//598 45//598 457//598
f 54//599 458//599 459//599
f 54//600 459//600 460//600
f 54//601 50//601 458//601
f 55//602 54//602 460//602
f 53//603 460//603 461//603
f 53//604 55//604 460//604
f 60//605 461//605 462//605
f 60//606 462//606 463//606
f 60//607 53//607 461//607
f 59//608 463//608 464//608
f 59//609 60//609 463//609
f 61//610 59//610 464//610
f 68//611 464//611 465//611
f 68//612 465//612 466//612
f 68//613 61//613 464//613
f 69//614 68//614 466//614
f 67//615 466//615 467//615
f 67//616 69//616 466//616
f 71//617 467//617 468//617
f 71//618 468//618 469//618
f 71//619 67//619 467//619
f 70//620 71//620 469//620
f 72//621 469//621 470//621
f 72//622 70//622 469//622
f 73//623 470//623 471//623
f 73//624 72//624 470//624
f 74//625 471//625 472//625
f 74//626 73//626 471//626
f 65//627 74//627 472//627
f 65//628 472//628 473//628
f 66//629 65//629 473//629
f 66//630 473//630 474//630
f 62//631 66//631 474//631
f 62//632 474//632 475//632
f 63//633 62//633 475//633
f 63//634 475//634 476//634
f 64//635 476//635 477//635
f 64//636 63//636 476//636
f 64//637 477//637 478//637
f 56//638 64//638 478//638
f 57//639 478//639 479//639
f 57//640 56//640 478//640
f 58//641 479//641 480//641
f 58//642 57//642 479//642
f 52//643 480//643 481//643
f 52//644 58//644 480//644
f 46//645 481//645 482//645
f 46//646 52//646 481//646
f 47//647 482//647 483//647
f 47//648 483//648 484//648
f 47//649 46//649 482//649
f 48//650 47//650 484//650
f 49//651 484//651 485//651
f 49//652 48//652 484//652
f 51//653 485//653 486//653
f 51//654 49//654 485//654
f 38//655 486//655 487//655
f 38//656 51//656 486//656
f 39//657 487//657 488//657
f 39//658 488//658 489//658
f 39//659 38//659 487//659
f 40//660 39//660 489//660
f 36//661 489//661 490//661
f 36//662 40//662 489//662
f 37//663 490//663 491//663
f 37//664 36//664 490//664
f 32//665 491//665 492//665
f 32//666 37//666 491//666
f 33//667 492//667 493//667
f 33//668 493//668 494//668
f 33//669 32//669 492//669
f 34//670 33//670 494//670
f 35//671 494//671 495//671
f 35//672 495//672 496//672
f 35//673 34//673 494//673
f 31//674 35//674 496//674
f 29//675 31//675 496//675
f 29//676 496//676 497//676
f 30//677 29//677 497//677
f 30//678 497//678 498//678
f 30//679 498//679 499//679
f 25//680 30//680 499//680
f 26//681 25//681 499//681
f 26//682 499//682 500//682
f 26//683 500//683 501//683
f 27//684 26//684 501//684
f 28//685 27//685 501//685
f 28//686 501//686 502//686
f 22//687 28//687 502//687
f 22//688 502//688 503//688
f 23//689 22//689 503//689
f 23//690 503//690 504//690
f 23//691 504//691 505//691
f 24//692 23//692 505//692
f 24//693 505//693 506//693
f 20//694 24//694 506//694
f 21//695 20//695 506//695
f 21//696 506//696 507//696
f 21//697 507//697 508//697
f 19//698 21//698 508//698
f 19//699 508//699 509//699
f 17//700 19//700 509//700
f 18//701 17//701 509//701
f 18//702 509//702 510//702
f 18//703 510//703 511//703
f 15//704 18//704 511//704
f 16//705 15//705 511//705
f 16//706 511//706 512//706
f 13//707 512//707 513//707
f 13//708 16//708 512//708
f 14//709 513//709 514//709
f 14//710 13//710 513//710
f 10//711 514//711 515//711
f 10//712 14//712 514//712
f 11//713 515//713 516//713
f 11//714 10//714 515//714
f 12//715 516//715 362//715
f 12//716 11//716 516//716
f 204//717 202//717 364//717
f 204//718 364//718 363//718
f 206//719 363//719 365//719
f 206//720 204//720 363//720
f 207//721 365//721 366//721
f 207//722 206//722 365//722
f 209//723 366//723 367//723
f 209//724 207//724 366//724
f 210//725 367//725 368//725
f 210//726 368//726 369//726
f 210//727 209//727 367//727
f 213//728 210//728 369//728
f 214//729 369//729 370//729
f 214//730 213//730 369//730
f 216//731 370//731 371//731
f 216//732 214//732 370//732
f 218//733 371//733 372//733
f 218//734 372//734 373//734
f 218//735 216//735 371//735
f 219//736 218//736 373//736
f 222//737 219//737 373//737
f 222//738 373//738 374//738
f 223//739 222//739 374//739
f 223//740 374//740 375//740
f 225//741 223//741 375//741
f 225//742 375//742 376//742
f 226//743 225//743 376//743
f 226//744 376//744 377//744
f 229//745 377//745 378//745
f 229//746 226//746 377//746
f 231//747 378//747 379//747
f 231//748 229//748 378//748
f 232//749 379//749 380//749
f 232//750 231//750 379//750
f 234//751 380//751 381//751
f 234//752 232//752 380//752
f 236//753 381//753 390//753
f 236//754 234//754 381//754
f 238//755 390//755 389//755
f 238//756 236//756 390//756
f 240//757 389//757 388//757
f 240//758 238//758 389//758
f 242//759 388//759 387//759
f 242//760 240//760 388//760
f 243//761 387//761 386//761
f 243//762 242//762 387//762
f 245//763 386//763 385//763
f 245//764 385//764 384//764
f 245//765 243//765 386//765
f 261//766 245//766 384//766
f 260//767 384//767 338//767
f 260//768 261//768 384//768
f 259//769 338//769 337//769
f 259//770 260//770 338//770
f 258//771 337//771 336//771
f 258//772 259//772 337//772
f 145//773 336//773 335//773
f 145//774 258//774 336//774
f 144//775 335//775 334//775
f 144//776 145//776 335//776
f 143//777 334//777 333//777
f 143//778 144//778 334//778
f 142//779 333//779 332//779
f 142//780 143//780 333//780
f 141//781 332//781 331//781
f 141//782 142//782 332//782
f 140//783 331//783 330//783
f 140//784 141//784 331//784
f 139//785 330//785 329//785
f 139//786 329//786 328//786
f 139//787 140//787 330//787
f 138//788 139//788 328//788
f 137//789 138//789 328//789
f 137//790 328//790 327//790
f 136//791 137//791 327//791
f 136//792 327//792 326//792
f 135//793 136//793 326//793
f 135//794 326//794 325//794
f 134//795 135//795 325//795
f 134//796 325//796 324//796
f 133//797 134//797 324//797
f 133//798 324//798 323//798
f 132//799 133//799 323//799
f 132//800 323//800 322//800
f 132//801 322//801 321//801
f 131//802 132//802 321//802
f 130//803 131//803 321//803
f 130//804 321//804 320//804
f 130//805 320//805 319//805
f 129//806 130//806 319//806
f 128//807 129//807 319//807
f 128//808 319//808 318//808
f 128//809 318//809 317//809
f 127//810 128//810 317//810
f 127//811 317//811 303//811
f 113//812 127//812 303//812
f 112//813 303//813 302//813
f 112//814 113//814 303//814
f 114//815 302//815 304//815
f 114//816 112//816 302//816
f 115//817 304//817 305//817
f 115//818 114//818 304//818
f 116//819 305//819 306//819
f 116//820 115//820 305//820
f 117//821 306//821 307//821
f 117//822 116//822 306//822
f 118//823 307//823 308//823
f 118//824 308//824 309//824
f 118//825 117//825 307//825
f 119//826 118//826 309//826
f 120//827 309//827 310//827
f 120//828 119//828 309//828
f 121//829 310//829 311//829
f 121//830 311//830 312//830
f 121//831 120//831 310//831
f 122//832 121//832 312//832
f 123//833 312//833 313//833
f 123//834 122//834 312//834
f 124//835 313//835 314//835
f 124//836 123//836 313//836
f 125//837 314//837 315//837
f 125//838 124//838 314//838
f 126//839 125//839 315//839
f 126//840 315//840 316//840
f 106//841 126//841 316//841
f 106//842 316//842 294//842
f 104//843 106//843 294//843
f 104//844 294//844 292//844
f 102//845 104//845 292//845
f 102//846 292//846 290//846
f 102//847 290//847 288//847
f 100//848 102//848 288//848
f 98//849 100//849 288//849
f 98//850 288//850 286//850
f 96//851 98//851 286//851
f 96//852 286//852 284//852
f 96//853 284//853 282//853
f 94//854 96//854 282//854
f 92//855 94//855 282//855
f 92//856 282//856 280//856
f 90//857 92//857 280//857
f 90//858 280//858 278//858
f 90//859 278//859 276//859
f 88//860 90//860 276//860
f 88//861 276//861 274//861
f 86//862 88//862 274//862
f 86//863 274//863 272//863
f 84//864 86//864 272//864
f 82//865 84//865 272//865
f 82//866 272//866 270//866
f 80//867 82//867 270//867
f 80//868 270//868 268//868
f 78//869 80//869 268//869
f 78//870 268//870 266//870
f 75//871 78//871 266//871
f 75//872 266//872 263//872
f 76//873 75//873 263//873
f 76//874 263//874 264//874
f 77//875 76//875 264//875
f 77//876 264//876 265//876
f 79//877 77//877 265//877
f 79//878 265//878 267//878
f 81//879 79//879 267//879
f 81//880 267//880 269//880
f 83//881 269//881 271//881
f 83//882 81//882 269//882
f 83//883 271//883 273//883
f 85//884 83//884 273//884
f 87//885 273//885 275//885
f 87//886 275//886 277//886
f 87//887 85//887 273//887
f 89//888 87//888 277//888
f 91//889 277//889 279//889
f 91//890 279//890 281//890
f 91//891 89//891 277//891
f 93//892 91//892 281//892
f 95//893 93//893 281//893
f 95//894 281//894 283//894
f 97//895 95//895 283//895
f 97//896 283//896 285//896
f 97//897 285//897 287//897
f 99//898 97//898 287//898
f 101//899 99//899 287//899
f 101//900 287//900 289//900
f 101//901 289//901 291//901
f 103//902 101//902 291//902
f 105//903 103//903 291//903
f 105//904 291//904 293//904
f 107//905 105//905 293//905
f 107//906 293//906 295//906
f 108//907 107//907 295//907
f 108//908 295//908 296//908
f 108//909 296//909 297//909
f 109//910 108//910 297//910
f 109//911 297//911 298//911
f 110//912 109//912 298//912
f 110//913 298//913 299//913
f 111//914 299//914 300//914
f 111//915 110//915 299//915
f 168//916 111//916 300//916
f 164//917 300//917 301//917
f 164//918 301//918 339//918
f 164//919 168//919 300//919
f 159//920 164//920 339//920
f 155//921 339//921 340//921
f 155//922 340//922 341//922
f 155//923 159//923 339//923
f 153//924 155//924 341//924
f 150//925 341//925 342//925
f 150//926 153//926 341//926
f 148//927 342//927 343//927
f 148//928 150//928 342//928
f 146//929 343//929 344//929
f 146//930 344//930 345//930
f 146//931 148//931 343//931
f 152//932 146//932 345//932
f 157//933 345//933 346//933
f 157//934 152//934 345//934
f 161//935 346//935 347//935
f 161//936 347//936 348//936
f 161//937 157//937 346//937
f 162//938 161//938 348//938
f 166//939 162//939 348//939
f 166//940 348//940 349//940
f 166//941 349//941 350//941
f 170//942 166//942 350//942
f 173//943 170//943 350//943
f 173//944 350//944 351//944
f 173//945 351//945 352//945
f 176//946 173//946 352//946
f 177//947 176//947 352//947
f 177//948 352//948 353//948
f 177//949 353//949 354//949
f 180//950 177//950 354//950
f 183//951 354//951 355//951
f 183//952 180//952 354//952
f 186//953 355//953 356//953
f 186//954 183//954 355//954
f 189//955 356//955 357//955
f 189//956 186//956 356//956
f 190//957 357//957 358//957
f 190//958 358//958 359//958
f 190//959 189//959 357//959
f 193//960 190//960 359//960
f 196//961 359//961 360//961
f 196//962 193//962 359//962
f 199//963 360//963 361//963
f 199//964 196//964 360//964
f 200//965 361//965 382//965
f 200//966 199//966 361//966
f 202//967 382//967 364//967
f 202//968 200//968 382//968
f 517//969 383//969 518//969
f 519//970 518//970 383//970
f 520//971 383//971 517//971
f 521//972 519//972 383//972
f 522//973 383//973 520//973
f 523//974 521//974 383//974
f 524//975 383//975 522//975
f 525//976 523//976 383//976
f 526//977 383//977 524//977
f 527//978 525//978 383//978
f 528//979 383//979 526//979
f 529//980 527//980 383//980
f 530//981 383//981 528//981
f 531//982 529//982 383//982
f 532//983 383//983 530//983
f 533//984 531//984 383//984
f 534//985 383//985 532//985
f 535//986 533//986 383//986
f 536//987 383//987 534//987
f 537//988 535//988 383//988
f 538//989 383//989 536//989
f 539//990 537//990 383//990
f 540//991 383//991 538//991
f 541//992 539//992 383//992
f 542//993 383//993 540//993
f 543//994 541//994 383//994
f 544//995 383//995 542//995
f 545//996 543//996 383//996
f 546//997 383//997 544//997
f 547//998 545//998 383//998
f 548//999 383//999 546//999
f 549//1000 547//1000 383//1000
f 550//1001 549//1001 383//1001
f 551//1002 550//1002 383//1002
f 552//1003 551//1003 383//1003
f 553//1004 552//1004 383//1004
f 391//1005 554//1005 555//1005
f 391//1006 556//1006 554//1006
f 391//1007 557//1007 556//1007
f 391//1008 558//1008 557//1008
f 391//1009 559//1009 558//1009
f 391//1010 560//1010 559//1010
f 391//1011 561//1011 560//1011
f 391//1012 562//1012 561//1012
f 391//1013 563//1013 562//1013
f 391//1014 564//1014 563//1014
f 391//1015 565//1015 564//1015
f 391//1016 566//1016 565//1016
f 391//1017 567//1017 566//1017
f 391//1018 568//1018 567//1018
f 391//1019 548//1019 568//1019
f 391//1020 383//1020 548//1020
f 569//1021 391//1021 555//1021
f 570//1022 391//1022 569//1022
f 571//1023 391//1023 570//1023
f 572//1024 391//1024 571//1024
f 573//1025 391//1025 572//1025
f 574//1026 391//1026 573//1026
f 575//1027 391//1027 574//1027
f 576//1028 391//1028 575//1028
f 577//1029 391//1029 576//1029
f 578//1030 391//1030 577//1030
f 579//1031 391//1031 578//1031
f 580//1032 391//1032 579//1032
f 581//1033 391//1033 580//1033
f 582//1034 391//1034 581//1034
f 583//1035 391//1035 582//1035
f 584//1036 391//1036 583//1036
f 585//1037 391//1037 584//1037
f 586//1038 391//1038 585//1038
f 587//1039 391//1039 586//1039
f 501//1040 588//1040 589//1040
f 502//1041 501//1041 589//1041
f 502//1042 589//1042 590//1042
f 500//1043 588//1043 501//1043
f 500//1044 591//1044 588//1044
f 503//1045 502//1045 590//1045
f 503//1046 592//1046 593//1046
f 503//1047 590//1047 592//1047
f 499//1048 591//1048 500//1048
f 499//1049 594//1049 591//1049
f 504//1050 503//1050 593//1050
f 504//1051 593//1051 595//1051
f 498//1052 594//1052 499//1052
f 498//1053 596//1053 594//1053
f 498//1054 597//1054 596//1054
f 505//1055 595//1055 598//1055
f 505//1056 504//1056 595//1056
f 497//1057 597//1057 498//1057
f 497//1058 599//1058 597//1058
f 506//1059 598//1059 600//1059
f 506//1060 505//1060 598//1060
f 496//1061 599//1061 497//1061
f 496//1062 601//1062 599//1062
f 507//1063 600//1063 553//1063
f 507//1064 506//1064 600//1064
f 495//1065 601//1065 496//1065
f 495//1066 602//1066 601//1066
f 508//1067 553//1067 383//1067
f 508//1068 507//1068 553//1068
f 494//1069 602//1069 495//1069
f 494//1070 603//1070 602//1070
f 494//1071 604//1071 603//1071
f 509//1072 508//1072 383//1072
f 493//1073 604//1073 494//1073
f 493//1074 605//1074 604//1074
f 510//1075 509//1075 383//1075
f 492//1076 605//1076 493//1076
f 492//1077 606//1077 605//1077
f 511//1078 510//1078 383//1078
f 491//1079 606//1079 492//1079
f 491//1080 607//1080 606//1080
f 512//1081 511//1081 383//1081
f 490//1082 607//1082 491//1082
f 490//1083 608//1083 607//1083
f 490//1084 609//1084 608//1084
f 513//1085 512//1085 383//1085
f 489//1086 609//1086 490//1086
f 489//1087 610//1087 609//1087
f 514//1088 513//1088 383//1088
f 488//1089 610//1089 489//1089
f 488//1090 611//1090 610//1090
f 515//1091 514//1091 383//1091
f 487//1092 611//1092 488//1092
f 487//1093 612//1093 611//1093
f 487//1094 613//1094 612//1094
f 486//1095 613//1095 487//1095
f 486//1096 614//1096 613//1096
f 485//1097 614//1097 486//1097
f 485//1098 615//1098 614//1098
f 484//1099 615//1099 485//1099
f 484//1100 616//1100 615//1100
f 484//1101 617//1101 616//1101
f 483//1102 617//1102 484//1102
f 483//1103 618//1103 617//1103
f 482//1104 618//1104 483//1104
f 482//1105 619//1105 618//1105
f 481//1106 620//1106 619//1106
f 481//1107 621//1107 620//1107
f 481//1108 619//1108 482//1108
f 480//1109 622//1109 621//1109
f 480//1110 621//1110 481//1110
f 479//1111 622//1111 480//1111
f 479//1112 623//1112 622//1112
f 478//1113 624//1113 623//1113
f 478//1114 623//1114 479//1114
f 477//1115 624//1115 478//1115
f 477//1116 625//1116 624//1116
f 477//1117 626//1117 625//1117
f 476//1118 627//1118 626//1118
f 476//1119 626//1119 477//1119
f 475//1120 627//1120 476//1120
f 475//1121 628//1121 627//1121
f 474//1122 628//1122 475//1122
f 474//1123 629//1123 628//1123
f 473//1124 629//1124 474//1124
f 473//1125 630//1125 629//1125
f 473//1126 631//1126 630//1126
f 472//1127 631//1127 473//1127
f 472//1128 632//1128 631//1128
f 471//1129 632//1129 472//1129
f 471//1130 633//1130 632//1130
f 470//1131 633//1131 471//1131
f 470//1132 634//1132 633//1132
f 469//1133 634//1133 470//1133
f 469//1134 635//1134 634//1134
f 468//1135 635//1135 469//1135
f 468//1136 636//1136 635//1136
f 468//1137 637//1137 636//1137
f 467//1138 637//1138 468//1138
f 467//1139 638//1139 637//1139
f 466//1140 638//1140 467//1140
f 392//1141 391//1141 455//1141
f 455//1142 391//1142 456//1142
f 456//1143 391//1143 457//1143
f 457//1144 391//1144 458//1144
f 458//1145 391//1145 459//1145
f 459//1146 391//1146 460//1146
f 460//1147 391//1147 461//1147
f 461//1148 391//1148 462//1148
f 462//1149 391//1149 463//1149
f 463//1150 391//1150 464//1150
f 464//1151 391//1151 465//1151
f 465//1152 391//1152 466//1152
f 466//1153 391//1153 587//1153
f 466//1154 587//1154 639//1154
f 466//1155 639//1155 640//1155
f 466//1156 640//1156 641//1156
f 466//1157 641//1157 642//1157
f 466//1158 642//1158 638//1158
f 383//1159 362//1159 516//1159
f 383//1160 516//1160 515//1160
f 643//1161 644//1161 614//1161
f 643//1162 614//1162 615//1162
f 645//1163 615//1163 616//1163
f 645//1164 643//1164 615//1164
f 646//1165 616//1165 617//1165
f 646//1166 645//1166 616//1166
f 647//1167 617//1167 618//1167
f 647//1168 646//1168 617//1168
f 648//1169 618//1169 619//1169
f 648//1170 619//1170 620//1170
f 648//1171 647//1171 618//1171
f 649//1172 648//1172 620//1172
f 650//1173 620//1173 621//1173
f 650//1174 649//1174 620//1174
f 651//1175 621//1175 622//1175
f 651//1176 650//1176 621//1176
f 652//1177 622//1177 623//1177
f 652//1178 623//1178 624//1178
f 652//1179 651//1179 622//1179
f 653//1180 652//1180 624//1180
f 654//1181 653//1181 624//1181
f 654//1182 624//1182 625//1182
f 655//1183 654//1183 625//1183
f 655//1184 625//1184 626//1184
f 656//1185 655//1185 626//1185
f 656//1186 626//1186 627//1186
f 657//1187 656//1187 627//1187
f 657//1188 627//1188 628//1188
f 658//1189 628//1189 629//1189
f 658//1190 657//1190 628//1190
f 659//1191 629//1191 630//1191
f 659//1192 658//1192 629//1192
f 660//1193 630//1193 631//1193
f 660//1194 659//1194 630//1194
f 661//1195 631//1195 632//1195
f 661//1196 660//1196 631//1196
f 662//1197 632//1197 633//1197
f 662//1198 661//1198 632//1198
f 663//1199 633//1199 634//1199
f 663//1200 662//1200 633//1200
f 664//1201 634//1201 635//1201
f 664//1202 663//1202 634//1202
f 665//1203 635//1203 636//1203
f 665//1204 664//1204 635//1204
f 666//1205 636//1205 637//1205
f 666//1206 665//1206 636//1206
f 667//1207 637//1207 638//1207
f 667//1208 638//1208 642//1208
f 667//1209 666//1209 637//1209
f 668//1210 667//1210 642//1210
f 669//1211 642//1211 641//1211
f 669//1212 668//1212 642//1212
f 670//1213 641//1213 640//1213
f 670//1214 669//1214 641//1214
f 671//1215 640//1215 639//1215
f 671//1216 670//1216 640//1216
f 672//1217 639//1217 587//1217
f 672//1218 671//1218 639//1218
f 673//1219 587//1219 586//1219
f 673//1220 672//1220 587//1220
f 674//1221 586//1221 585//1221
f 674//1222 673//1222 586//1222
f 675//1223 585//1223 584//1223
f 675//1224 674//1224 585//1224
f 676//1225 584//1225 583//1225
f 676//1226 675//1226 584//1226
f 677//1227 583//1227 582//1227
f 677//1228 676//1228 583//1228
f 678//1229 582//1229 581//1229
f 678//1230 581//1230 580//1230
f 678//1231 677//1231 582//1231
f 679//1232 678//1232 580//1232
f 680//1233 679//1233 580//1233
f 680//1234 580//1234 579//1234
f 681//1235 680//1235 579//1235
f 681//1236 579//1236 578//1236
f 682//1237 681//1237 578//1237
f 682//1238 578//1238 577//1238
f 683//1239 682//1239 577//1239
f 683//1240 577//1240 576//1240
f 684//1241 683//1241 576//1241
f 684//1242 576//1242 575//1242
f 685//1243 684//1243 575//1243
f 685//1244 575//1244 574//1244
f 685//1245 574//1245 573//1245
f 686//1246 685//1246 573//1246
f 687//1247 686//1247 573//1247
f 687//1248 573//1248 572//1248
f 687//1249 572//1249 571//1249
f 688//1250 687//1250 571//1250
f 689//1251 688//1251 571//1251
f 689//1252 571//1252 570//1252
f 689//1253 570//1253 569//1253
f 690//1254 689//1254 569//1254
f 690//1255 569//1255 555//1255
f 691//1256 690//1256 555//1256
f 692//1257 555//1257 554//1257
f 692//1258 691//1258 555//1258
f 693//1259 554//1259 556//1259
f 693//1260 692//1260 554//1260
f 694//1261 556//1261 557//1261
f 694//1262 693//1262 556//1262
f 695//1263 557//1263 558//1263
f 695//1264 694//1264 557//1264
f 696//1265 558//1265 559//1265
f 696//1266 695//1266 558//1266
f 697//1267 559//1267 560//1267
f 697//1268 560//1268 561//1268
f 697//1269 696//1269 559//1269
f 698//1270 697//1270 561//1270
f 699//1271 561//1271 562//1271
f 699//1272 698//1272 561//1272
f 700//1273 562//1273 563//1273
f 700//1274 563//1274 564//1274
f 700//1275 699//1275 562//1275
f 701//1276 700//1276 564//1276
f 702//1277 564//1277 565//1277
f 702//1278 701//1278 564//1278
f 703//1279 565//1279 566//1279
f 703//1280 702//1280 565//1280
f 704//1281 566//1281 567//1281
f 704//1282 703//1282 566//1282
f 705//1283 704//1283 567//1283
f 705//1284 567//1284 568//1284
f 706//1285 705//1285 568//1285
f 706//1286 568//1286 548//1286
f 707//1287 706//1287 548//1287
f 707//1288 548//1288 546//1288
f 708//1289 707//1289 546//1289
f 708//1290 546//1290 544//1290
f 708//1291 544//1291 542//1291
f 709//1292 708//1292 542//1292
f 710//1293 709//1293 542//1293
f 710//1294 542//1294 540//1294
f 711//1295 710//1295 540//1295
f 711//1296 540//1296 538//1296
f 711//1297 538//1297 536//1297
f 712//1298 711//1298 536//1298
f 713//1299 712//1299 536//1299
f 713//1300 536//1300 534//1300
f 714//1301 713//1301 534//1301
f 714//1302 534//1302 532//1302
f 714//1303 532//1303 530//1303
f 715//1304 714//1304 530//1304
f 715//1305 530//1305 528//1305
f 716//1306 715//1306 528//1306
f 716//1307 528//1307 526//1307
f 717//1308 716//1308 526//1308
f 718//1309 717//1309 526//1309
f 718//1310 526//1310 524//1310
f 719//1311 718//1311 524//1311
f 719//1312 524//1312 522//1312
f 720//1313 719//1313 522//1313
f 720//1314 522//1314 520//1314
f 721//1315 720//1315 520//1315
f 721//1316 520//1316 517//1316
f 722//1317 721//1317 517//1317
f 722//1318 517//1318 518//1318
f 723//1319 722//1319 518//1319
f 723//1320 518//1320 519//1320
f 724//1321 723//1321 519//1321
f 724//1322 519//1322 521//1322
f 725//1323 724//1323 521//1323
f 725//1324 521//1324 523//1324
f 726//1325 523//1325 525//1325
f 726//1326 725//1326 523//1326
f 726//1327 525//1327 527//1327
f 727//1328 726//1328 527//1328
f 728//1329 527//1329 529//1329
f 728//1330 529//1330 531//1330
f 728//1331 727//1331 527//1331
f 729//1332 728//1332 531//1332
f 730//1333 531//1333 533//1333
f 730//1334 533//1334 535//1334
f 730//1335 729//1335 531//1335
f 731//1336 730//1336 535//1336
f 732//1337 731//1337 535//1337
f 732//1338 535//1338 537//1338
f 733//1339 732//1339 537//1339
f 733//1340 537//1340 539//1340
f 733//1341 539//1341 541//1341
f 734//1342 733//1342 541//1342
f 735//1343 734//1343 541//1343
f 735//1344 541//1344 543//1344
f 735//1345 543//1345 545//1345
f 736//1346 735//1346 545//1346
f 737//1347 736//1347 545//1347
f 737//1348 545//1348 547//1348
f 738//1349 737//1349 547//1349
f 738//1350 547//1350 549//1350
f 739//1351 738//1351 549//1351
f 739//1352 549//1352 550//1352
f 739//1353 550//1353 551//1353
f 740//1354 739//1354 551//1354
f 740//1355 551//1355 552//1355
f 741//1356 740//1356 552//1356
f 741//1357 552//1357 553//1357
f 742//1358 553//1358 600//1358
f 742//1359 741//1359 553//1359
f 743//1360 742//1360 600//1360
f 744//1361 600//1361 598//1361
f 744//1362 598//1362 595//1362
f 744//1363 743//1363 600//1363
f 745//1364 744//1364 595//1364
f 746//1365 595//1365 593//1365
f 746//1366 593//1366 592//1366
f 746//1367 745//1367 595//1367
f 747//1368 746//1368 592//1368
f 748//1369 592//1369 590//1369
f 748//1370 747//1370 592//1370
f 749//1371 590//1371 589//1371
f 749//1372 748//1372 590//1372
f 750//1373 589//1373 588//1373
f 750//1374 588//1374 591//1374
f 750//1375 749//1375 589//1375
f 751//1376 750//1376 591//1376
f 752//1377 591//1377 594//1377
f 752//1378 751//1378 591//1378
f 753//1379 594//1379 596//1379
f 753//1380 596//1380 597//1380
f 753//1381 752//1381 594//1381
f 754//1382 753//1382 597//1382
f 755//1383 754//1383 597//1383
f 755//1384 597//1384 599//1384
f 755//1385 599//1385 601//1385
f 756//1386 755//1386 601//1386
f 757//1387 756//1387 601//1387
f 757//1388 601//1388 602//1388
f 757//1389 602//1389 603//1389
f 758//1390 757//1390 603//1390
f 759//1391 758//1391 603//1391
f 759//1392 603//1392 604//1392
f 759//1393 604//1393 605//1393
f 760//1394 759//1394 605//1394
f 761//1395 605//1395 606//1395
f 761//1396 760//1396 605//1396
f 762//1397 606//1397 607//1397
f 762//1398 761//1398 606//1398
f 763//1399 607//1399 608//1399
f 763//1400 762//1400 607//1400
f 764//1401 608//1401 609//1401
f 764//1402 609//1402 610//1402
f 764//1403 763//1403 608//1403
f 765//1404 764//1404 610//1404
f 766//1405 610//1405 611//1405
f 766//1406 765//1406 610//1406
f 767//1407 611//1407 612//1407
f 767//1408 766//1408 611//1408
f 768//1409 612//1409 613//1409
f 768//1410 767//1410 612//1410
f 644//1411 613//1411 614//1411
f 644//1412 768//1412 613//1412
f 752//1413 753//1413 754//1413
f 756//1414 754//1414 755//1414
f 749//1415 750//1415 751//1415
f 748//1416 749//1416 751//1416
f 759//1417 756//1417 757//1417
f 759//1418 757//1418 758//1418
f 759//1419 754//1419 756//1419
f 746//1420 747//1420 748//1420
f 746//1421 751//1421 752//1421
f 746//1422 748//1422 751//1422
f 762//1423 759//1423 760//1423
f 762//1424 760//1424 761//1424
f 744//1425 745//1425 746//1425
f 764//1426 762//1426 763//1426
f 764//1427 759//1427 762//1427
f 742//1428 743//1428 744//1428
f 765//1429 754//1429 759//1429
f 765//1430 759//1430 764//1430
f 740//1431 742//1431 744//1431
f 740//1432 741//1432 742//1432
f 767//1433 765//1433 766//1433
f 738//1434 744//1434 746//1434
f 738//1435 740//1435 744//1435
f 738//1436 739//1436 740//1436
f 644//1437 767//1437 768//1437
f 645//1438 644//1438 643//1438
f 645//1439 767//1439 644//1439
f 645//1440 765//1440 767//1440
f 735//1441 752//1441 754//1441
f 735//1442 746//1442 752//1442
f 735//1443 738//1443 746//1443
f 735//1444 736//1444 737//1444
f 735//1445 737//1445 738//1445
f 646//1446 765//1446 645//1446
f 648//1447 646//1447 647//1447
f 732//1448 733//1448 734//1448
f 732//1449 734//1449 735//1449
f 651//1450 648//1450 649//1450
f 651//1451 649//1451 650//1451
f 729//1452 730//1452 731//1452
f 729//1453 731//1453 732//1453
f 728//1454 732//1454 735//1454
f 728//1455 729//1455 732//1455
f 654//1456 648//1456 651//1456
f 654//1457 651//1457 652//1457
f 654//1458 652//1458 653//1458
f 726//1459 727//1459 728//1459
f 725//1460 728//1460 735//1460
f 725//1461 726//1461 728//1461
f 725//1462 735//1462 754//1462
f 657//1463 654//1463 655//1463
f 657//1464 655//1464 656//1464
f 657//1465 648//1465 654//1465
f 722//1466 723//1466 724//1466
f 659//1467 657//1467 658//1467
f 659//1468 648//1468 657//1468
f 720//1469 722//1469 724//1469
f 720//1470 721//1470 722//1470
f 661//1471 646//1471 648//1471
f 661//1472 659//1472 660//1472
f 661//1473 648//1473 659//1473
f 719//1474 720//1474 724//1474
f 717//1475 725//1475 754//1475
f 717//1476 719//1476 724//1476
f 717//1477 718//1477 719//1477
f 717//1478 724//1478 725//1478
f 664//1479 661//1479 662//1479
f 664//1480 662//1480 663//1480
f 714//1481 715//1481 716//1481
f 714//1482 716//1482 717//1482
f 667//1483 664//1483 665//1483
f 667//1484 665//1484 666//1484
f 667//1485 661//1485 664//1485
f 712//1486 713//1486 714//1486
f 669//1487 667//1487 668//1487
f 669//1488 661//1488 667//1488
f 710//1489 711//1489 712//1489
f 710//1490 714//1490 717//1490
f 710//1491 712//1491 714//1491
f 672//1492 669//1492 670//1492
f 672//1493 670//1493 671//1493
f 708//1494 709//1494 710//1494
f 707//1495 708//1495 710//1495
f 674//1496 672//1496 673//1496
f 676//1497 669//1497 672//1497
f 676//1498 672//1498 674//1498
f 676//1499 674//1499 675//1499
f 704//1500 705//1500 706//1500
f 703//1501 704//1501 706//1501
f 678//1502 676//1502 677//1502
f 702//1503 703//1503 706//1503
f 679//1504 669//1504 676//1504
f 679//1505 676//1505 678//1505
f 700//1506 702//1506 706//1506
f 700//1507 701//1507 702//1507
f 700//1508 706//1508 707//1508
f 681//1509 679//1509 680//1509
f 683//1510 765//1510 646//1510
f 683//1511 669//1511 679//1511
f 683//1512 681//1512 682//1512
f 683//1513 679//1513 681//1513
f 683//1514 754//1514 765//1514
f 683//1515 646//1515 661//1515
f 683//1516 661//1516 669//1516
f 697//1517 698//1517 699//1517
f 697//1518 699//1518 700//1518
f 684//1519 754//1519 683//1519
f 696//1520 707//1520 710//1520
f 696//1521 700//1521 707//1521
f 696//1522 697//1522 700//1522
f 695//1523 696//1523 710//1523
f 687//1524 684//1524 685//1524
f 687//1525 685//1525 686//1525
f 693//1526 694//1526 695//1526
f 689//1527 687//1527 688//1527
f 691//1528 692//1528 693//1528
f 690//1529 754//1529 684//1529
f 690//1530 695//1530 710//1530
f 690//1531 693//1531 695//1531
f 690//1532 684//1532 687//1532
f 690//1533 710//1533 717//1533
f 690//1534 717//1534 754//1534
f 690//1535 691//1535 693//1535
f 690//1536 687//1536 689//1536
