# Created by FreeCAD <https://www.freecad.org>
v -199.349487 -189.989944 200.000000
v -173.949509 -190.009933 200.000000
v -199.349487 -189.989944 212.699997
v -173.949493 -190.009933 212.699997
v -199.090454 139.209946 212.699997
v -199.050491 190.009933 212.699997
v -199.050491 190.009933 200.000000
v -199.309509 -139.189957 212.699997
v -199.309509 -139.189957 225.399994
v -199.090454 139.209946 225.399994
v -173.690475 139.189957 212.699997
v -173.650513 189.989944 200.000000
v -173.650497 189.989944 212.699997
v -173.909515 -139.209946 225.399994
v -173.690475 139.189957 225.399994
v -173.909531 -139.209946 212.699997
v -192.141418 -182.396912 200.000000
v -191.880493 -182.664825 200.000000
v -191.606567 -182.919388 200.000000
v -192.388626 -182.116333 200.000000
v -191.320297 -183.160004 200.000000
v -192.621567 -181.823776 200.000000
v -191.022385 -183.386047 200.000000
v -192.839615 -181.519974 200.000000
v -190.713547 -183.596924 200.000000
v -193.042267 -181.205673 200.000000
v -190.394608 -183.792191 200.000000
v -193.228973 -180.881668 200.000000
v -190.066345 -183.971298 200.000000
v -193.399323 -180.548752 200.000000
v -189.729538 -184.133804 200.000000
v -193.552872 -180.207764 200.000000
v -189.385056 -184.279343 200.000000
v -193.689224 -179.859558 200.000000
v -189.033752 -184.407516 200.000000
v -193.808029 -179.504974 200.000000
v -188.676498 -184.518036 200.000000
v -193.909042 -179.144913 200.000000
v -188.314163 -184.610580 200.000000
v -193.991959 -178.780258 200.000000
v -187.947678 -184.684982 200.000000
v -194.056610 -178.411926 200.000000
v -187.577927 -184.740997 200.000000
v -194.102829 -178.040833 200.000000
v -187.205856 -184.778519 200.000000
v -194.130478 -177.667892 200.000000
v -186.832382 -184.797470 200.000000
v -194.139496 -177.294052 200.000000
v -194.129883 -176.920212 200.000000
v -194.101654 -176.547318 200.000000
v -194.054855 -176.176300 200.000000
v -193.989624 -175.808060 200.000000
v -193.906128 -175.443558 200.000000
v -193.804550 -175.083649 200.000000
v -185.712784 -184.742462 200.000000
v -186.084915 -184.779404 200.000000
v -185.342957 -184.687027 200.000000
v -184.976364 -184.613205 200.000000
v -184.613876 -184.521225 200.000000
v -184.256439 -184.411270 200.000000
v -183.904953 -184.283661 200.000000
v -183.560226 -184.138657 200.000000
v -183.223175 -183.976685 200.000000
v -182.894623 -183.798096 200.000000
v -182.575378 -183.603333 200.000000
v -182.266220 -183.392929 200.000000
v -181.967941 -183.167358 200.000000
v -181.681290 -182.927200 200.000000
v -181.406967 -182.673065 200.000000
v -186.458420 -184.797760 200.000000
v -181.145630 -182.405563 200.000000
v -180.897964 -182.125381 200.000000
v -180.664566 -181.833191 200.000000
v -180.446045 -181.529724 200.000000
v -180.242889 -181.215744 200.000000
v -180.055679 -180.892029 200.000000
v -179.884811 -180.559387 200.000000
v -179.730728 -180.218643 200.000000
v -179.593826 -179.870651 200.000000
v -179.474457 -179.516251 200.000000
v -179.372879 -179.156342 200.000000
v -179.289383 -178.791824 200.000000
v -179.224152 -178.423599 200.000000
v -179.177353 -178.052567 200.000000
v -179.149124 -177.679688 200.000000
v -179.139511 -177.305847 200.000000
v -179.148544 -176.932007 200.000000
v -179.176178 -176.559052 200.000000
v -179.222397 -176.187973 200.000000
v -179.287048 -175.819641 200.000000
v -179.369965 -175.454987 200.000000
v -179.470978 -175.094925 200.000000
v -192.133377 -172.194321 200.000000
v -191.740997 -5.364879 200.000000
v -191.872055 -171.926819 200.000000
v -192.001907 -5.096968 200.000000
v -192.381042 -172.474518 200.000000
v -191.467072 -5.619452 200.000000
v -191.597733 -171.672684 200.000000
v -192.249115 -4.816385 200.000000
v -191.180786 -5.860055 200.000000
v -191.311066 -171.432526 200.000000
v -191.012802 -171.206970 200.000000
v -192.482056 -4.523828 200.000000
v -192.614441 -172.766708 200.000000
v -190.882874 -6.086089 200.000000
v -192.832977 -173.070175 200.000000
v -192.700119 -4.220023 200.000000
v -190.703644 -170.996552 200.000000
v -190.574051 -6.296990 200.000000
v -190.384399 -170.801804 200.000000
v -192.902771 -3.905727 200.000000
v -193.036118 -173.384140 200.000000
v -190.255112 -6.492238 200.000000
v -190.055832 -170.623215 200.000000
v -193.089478 -3.581721 200.000000
v -193.223343 -173.707855 200.000000
v -189.926834 -6.671344 200.000000
v -193.259827 -3.248810 200.000000
v -193.394211 -174.040497 200.000000
v -193.548279 -174.381241 200.000000
v -189.590027 -6.833865 200.000000
v -189.718781 -170.461212 200.000000
v -193.413361 -2.907822 200.000000
v -189.245544 -6.979395 200.000000
v -189.374069 -170.316238 200.000000
v -188.894257 -7.107574 200.000000
v -189.022568 -170.188614 200.000000
v -188.665131 -170.078674 200.000000
v -188.536987 -7.218081 200.000000
v -188.302658 -169.986664 200.000000
v -188.174652 -7.310644 200.000000
v -187.936066 -169.912857 200.000000
v -187.808182 -7.385031 200.000000
v -187.566223 -169.857407 200.000000
v -187.438431 -7.441058 200.000000
v -187.194092 -169.820480 200.000000
v -187.066360 -7.478585 200.000000
v -186.692886 -7.497519 200.000000
v -186.820587 -169.802139 200.000000
v -186.318924 -7.497814 200.000000
v -186.446625 -169.802429 200.000000
v -185.945419 -7.479467 200.000000
v -186.073151 -169.821350 200.000000
v -185.573288 -7.442525 200.000000
v -185.701080 -169.858887 200.000000
v -185.331329 -169.914917 200.000000
v -185.203445 -7.387081 200.000000
v -184.836853 -7.313270 200.000000
v -184.964859 -169.989304 200.000000
v -184.474365 -7.221278 200.000000
v -184.602509 -170.081863 200.000000
v -184.116943 -7.111332 200.000000
v -184.245255 -170.192383 200.000000
v -183.893967 -170.320557 200.000000
v -183.765442 -6.983707 200.000000
v -183.549469 -170.466080 200.000000
v -183.420731 -6.838719 200.000000
v -183.083664 -6.676729 200.000000
v -183.212677 -170.628601 200.000000
v -182.884399 -170.807709 200.000000
v -182.755112 -6.498139 200.000000
v -182.435867 -6.303394 200.000000
v -182.565460 -171.002945 200.000000
v -182.126709 -6.092978 200.000000
v -182.256638 -171.213852 200.000000
v -181.958710 -171.439896 200.000000
v -181.828430 -5.867414 200.000000
v -181.672440 -171.680481 200.000000
v -181.541779 -5.627262 200.000000
v -181.267456 -5.373120 200.000000
v -181.398514 -171.935074 200.000000
v -181.006119 -5.105620 200.000000
v -181.137604 -172.202972 200.000000
v -180.890381 -172.483566 200.000000
v -180.758469 -4.825426 200.000000
v -180.657440 -172.776123 200.000000
v -180.525070 -4.533236 200.000000
v -180.306534 -4.229775 200.000000
v -180.439392 -173.079926 200.000000
v -180.103394 -3.915798 200.000000
v -180.236740 -173.394211 200.000000
v -179.916168 -3.592086 200.000000
v -180.050034 -173.718216 200.000000
v -179.879684 -174.051132 200.000000
v -179.745300 -3.259444 200.000000
v -179.726151 -174.392120 200.000000
v -179.591217 -2.918698 200.000000
v -191.993881 5.105620 200.000000
v -191.601486 171.935074 200.000000
v -191.732544 5.373120 200.000000
v -191.862396 172.202972 200.000000
v -191.327560 171.680481 200.000000
v -191.458221 5.627262 200.000000
v -192.109619 172.483566 200.000000
v -192.241531 4.825426 200.000000
v -191.171570 5.867414 200.000000
v -191.041290 171.439896 200.000000
v -190.873291 6.092978 200.000000
v -192.474930 4.533236 200.000000
v -192.342560 172.776123 200.000000
v -190.743362 171.213852 200.000000
v -190.564133 6.303394 200.000000
v -192.693466 4.229775 200.000000
v -192.560608 173.079926 200.000000
v -190.434540 171.002945 200.000000
v -192.763260 173.394211 200.000000
v -192.896606 3.915798 200.000000
v -190.244888 6.498139 200.000000
v -190.115601 170.807709 200.000000
v -189.916336 6.676729 200.000000
v -192.949966 173.718216 200.000000
v -193.083832 3.592086 200.000000
v -189.787323 170.628601 200.000000
v -193.120316 174.051132 200.000000
v -193.254700 3.259444 200.000000
v -189.450531 170.466080 200.000000
v -189.579269 6.838719 200.000000
v -193.408783 2.918698 200.000000
v -193.273849 174.392120 200.000000
v -193.545685 2.570696 200.000000
v -189.106033 170.320557 200.000000
v -189.234558 6.983707 200.000000
v -188.883057 7.111332 200.000000
v -193.410217 174.740341 200.000000
v -188.754745 170.192383 200.000000
v -188.397491 170.081863 200.000000
v -188.525635 7.221278 200.000000
v -188.035141 169.989304 200.000000
v -188.163147 7.313270 200.000000
v -187.668671 169.914917 200.000000
v -187.796555 7.387081 200.000000
v -187.426712 7.442525 200.000000
v -187.298920 169.858887 200.000000
v -186.926849 169.821350 200.000000
v -187.054581 7.479467 200.000000
v -186.681076 7.497814 200.000000
v -186.553375 169.802429 200.000000
v -186.307114 7.497519 200.000000
v -186.179413 169.802139 200.000000
v -185.805908 169.820480 200.000000
v -185.933640 7.478585 200.000000
v -185.433777 169.857407 200.000000
v -185.561569 7.441058 200.000000
v -185.063934 169.912857 200.000000
v -185.191818 7.385031 200.000000
v -184.697342 169.986664 200.000000
v -184.825348 7.310644 200.000000
v -184.334869 170.078674 200.000000
v -184.463013 7.218081 200.000000
v -183.977432 170.188614 200.000000
v -184.105743 7.107574 200.000000
v -183.625931 170.316238 200.000000
v -183.754456 6.979395 200.000000
v -183.409973 6.833865 200.000000
v -183.281219 170.461212 200.000000
v -182.944168 170.623215 200.000000
v -183.073166 6.671344 200.000000
v -182.615601 170.801804 200.000000
v -182.744888 6.492238 200.000000
v -182.296356 170.996552 200.000000
v -182.425949 6.296990 200.000000
v -181.987198 171.206970 200.000000
v -182.117126 6.086089 200.000000
v -181.688934 171.432526 200.000000
v -181.819214 5.860055 200.000000
v -181.402267 171.672684 200.000000
v -181.532928 5.619452 200.000000
v -181.127945 171.926819 200.000000
v -181.259003 5.364879 200.000000
v -192.102036 182.125381 200.000000
v -191.854370 182.405563 200.000000
v -192.335434 181.833191 200.000000
v -192.553955 181.529724 200.000000
v -192.757111 181.215744 200.000000
v -192.944321 180.892029 200.000000
v -193.115189 180.559387 200.000000
v -193.269272 180.218643 200.000000
v -193.406174 179.870651 200.000000
v -193.525543 179.516251 200.000000
v -193.627121 179.156342 200.000000
v -193.710617 178.791824 200.000000
v -193.775848 178.423599 200.000000
v -193.822647 178.052567 200.000000
v -193.850876 177.679688 200.000000
v -193.860489 177.305847 200.000000
v -193.851456 176.932007 200.000000
v -193.823822 176.559052 200.000000
v -193.777603 176.187973 200.000000
v -193.712952 175.819641 200.000000
v -193.630035 175.454987 200.000000
v -193.529022 175.094925 200.000000
v -193.665054 2.216302 200.000000
v -193.766617 1.856399 200.000000
v -191.593033 182.673065 200.000000
v -180.866623 172.194321 200.000000
v -180.998093 5.096968 200.000000
v -191.318710 182.927200 200.000000
v -180.750885 4.816385 200.000000
v -180.618958 172.474518 200.000000
v -180.517944 4.523828 200.000000
v -191.032059 183.167358 200.000000
v -180.385559 172.766708 200.000000
v -190.733780 183.392929 200.000000
v -180.167023 173.070175 200.000000
v -180.299881 4.220023 200.000000
v -190.424622 183.603333 200.000000
v -179.963882 173.384140 200.000000
v -180.097229 3.905727 200.000000
v -190.105377 183.798096 200.000000
v -179.776657 173.707855 200.000000
v -179.910522 3.581721 200.000000
v -189.776825 183.976685 200.000000
v -179.605789 174.040497 200.000000
v -179.740173 3.248810 200.000000
v -189.439774 184.138657 200.000000
v -179.451721 174.381241 200.000000
v -179.586639 2.907822 200.000000
v -189.095047 184.283661 200.000000
v -179.314819 174.729248 200.000000
v -179.450287 2.559605 200.000000
v -188.743561 184.411270 200.000000
v -188.386124 184.521225 200.000000
v -188.023636 184.613205 200.000000
v -187.657043 184.687027 200.000000
v -187.287216 184.742462 200.000000
v -186.915085 184.779404 200.000000
v -186.541580 184.797760 200.000000
v -179.331467 2.205024 200.000000
v -179.230469 1.844961 200.000000
v -178.869522 177.667892 200.000000
v -178.860504 177.294052 200.000000
v -178.897171 178.040833 200.000000
v -178.943390 178.411926 200.000000
v -179.008041 178.780258 200.000000
v -179.090958 179.144913 200.000000
v -179.191971 179.504974 200.000000
v -179.310776 179.859558 200.000000
v -179.447128 180.207764 200.000000
v -179.600677 180.548752 200.000000
v -179.771027 180.881668 200.000000
v -179.957733 181.205673 200.000000
v -180.160385 181.519974 200.000000
v -180.378433 181.823776 200.000000
v -180.611374 182.116333 200.000000
v -180.858582 182.396912 200.000000
v -181.119507 182.664825 200.000000
v -181.393433 182.919388 200.000000
v -181.679703 183.160004 200.000000
v -179.195450 175.083649 200.000000
v -181.977615 183.386047 200.000000
v -179.093872 175.443558 200.000000
v -182.286453 183.596924 200.000000
v -179.010376 175.808060 200.000000
v -182.605392 183.792191 200.000000
v -178.945145 176.176300 200.000000
v -182.933655 183.971298 200.000000
v -178.898346 176.547318 200.000000
v -183.270462 184.133804 200.000000
v -178.870117 176.920212 200.000000
v -183.614944 184.279343 200.000000
v -183.966248 184.407516 200.000000
v -184.323502 184.518036 200.000000
v -184.685837 184.610580 200.000000
v -185.052322 184.684982 200.000000
v -185.422073 184.740997 200.000000
v -185.794144 184.778519 200.000000
v -186.167618 184.797470 200.000000
v -194.000000 0.005901 200.000000
v -193.990967 -0.367950 200.000000
v -193.963318 -0.740887 200.000000
v -193.917099 -1.111981 200.000000
v -193.852448 -1.480311 200.000000
v -193.769531 -1.844961 200.000000
v -193.668533 -2.205024 200.000000
v -193.549713 -2.559605 200.000000
v -193.685181 -174.729248 200.000000
v -193.990387 0.379738 200.000000
v -193.962143 0.752631 200.000000
v -193.915344 1.123652 200.000000
v -193.850113 1.491880 200.000000
v -179.000000 -0.005901 200.000000
v -179.009033 0.367950 200.000000
v -179.036682 0.740887 200.000000
v -179.082901 1.111981 200.000000
v -179.147552 1.480311 200.000000
v -179.009613 -0.379738 200.000000
v -179.037857 -0.752631 200.000000
v -179.084656 -1.123652 200.000000
v -179.149887 -1.491880 200.000000
v -179.233383 -1.856399 200.000000
v -179.334946 -2.216302 200.000000
v -179.454315 -2.570696 200.000000
v -179.589783 -174.740341 200.000000
v -192.141403 -182.396912 212.699997
v -191.880493 -182.664825 212.699997
v -191.606567 -182.919388 212.699997
v -192.388626 -182.116333 212.699997
v -191.320297 -183.160004 212.699997
v -192.621567 -181.823776 212.699997
v -191.022369 -183.386047 212.699997
v -192.839615 -181.519974 212.699997
v -190.713547 -183.596924 212.699997
v -193.042267 -181.205673 212.699997
v -190.394608 -183.792191 212.699997
v -193.228973 -180.881668 212.699997
v -190.066330 -183.971298 212.699997
v -193.399323 -180.548752 212.699997
v -189.729538 -184.133804 212.699997
v -193.552856 -180.207764 212.699997
v -189.385040 -184.279343 212.699997
v -193.689209 -179.859558 212.699997
v -189.033752 -184.407516 212.699997
v -193.808029 -179.504974 212.699997
v -188.676483 -184.518036 212.699997
v -193.909042 -179.144913 212.699997
v -188.314148 -184.610580 212.699997
v -193.991959 -178.780258 212.699997
v -187.947678 -184.684982 212.699997
v -194.056610 -178.411926 212.699997
v -187.577927 -184.740997 212.699997
v -194.102829 -178.040833 212.699997
v -187.205856 -184.778519 212.699997
v -194.130463 -177.667892 212.699997
v -186.832382 -184.797470 212.699997
v -194.139496 -177.294052 212.699997
v -194.129883 -176.920212 212.699997
v -194.101654 -176.547318 212.699997
v -194.054840 -176.176300 212.699997
v -193.989609 -175.808060 212.699997
v -186.458420 -184.797760 212.699997
v -186.084915 -184.779404 212.699997
v -185.712784 -184.742462 212.699997
v -185.342941 -184.687027 212.699997
v -184.976349 -184.613205 212.699997
v -184.613876 -184.521225 212.699997
v -184.256439 -184.411270 212.699997
v -183.904938 -184.283661 212.699997
v -183.560226 -184.138657 212.699997
v -183.223160 -183.976685 212.699997
v -182.894608 -183.798096 212.699997
v -182.575363 -183.603333 212.699997
v -182.266205 -183.392929 212.699997
v -181.967941 -183.167358 212.699997
v -181.681274 -182.927200 212.699997
v -181.406952 -182.673065 212.699997
v -181.145615 -182.405563 212.699997
v -180.897964 -182.125381 212.699997
v -180.664566 -181.833191 212.699997
v -180.446030 -181.529724 212.699997
v -180.242889 -181.215744 212.699997
v -180.055664 -180.892029 212.699997
v -179.884796 -180.559387 212.699997
v -179.730728 -180.218643 212.699997
v -179.593826 -179.870651 212.699997
v -179.474442 -179.516251 212.699997
v -179.372879 -179.156342 212.699997
v -179.289383 -178.791824 212.699997
v -179.224152 -178.423599 212.699997
v -179.177353 -178.052567 212.699997
v -179.149124 -177.679688 212.699997
v -179.139496 -177.305847 212.699997
v -179.148529 -176.932007 212.699997
v -179.176178 -176.559052 212.699997
v -179.222397 -176.187973 212.699997
v -179.287048 -175.819641 212.699997
v -195.484283 -148.284485 212.699997
v -193.036102 -173.384140 212.699997
v -192.832962 -173.070175 212.699997
v -195.926071 -147.830826 212.699997
v -193.223328 -173.707855 212.699997
v -195.020416 -148.715561 212.699997
v -192.614441 -172.766708 212.699997
v -192.381042 -172.474518 212.699997
v -196.344696 -147.355698 212.699997
v -193.394196 -174.040497 212.699997
v -194.535645 -149.122986 212.699997
v -192.133377 -172.194321 212.699997
v -196.739136 -146.860306 212.699997
v -193.548279 -174.381241 212.699997
v -194.031174 -149.505737 212.699997
v -191.872040 -171.926819 212.699997
v -197.108368 -146.345871 212.699997
v -193.685181 -174.729248 212.699997
v -193.508255 -149.862869 212.699997
v -191.597717 -171.672684 212.699997
v -197.451523 -145.813644 212.699997
v -193.804550 -175.083649 212.699997
v -193.906128 -175.443558 212.699997
v -192.968185 -150.193481 212.699997
v -191.311066 -171.432526 212.699997
v -191.012787 -171.206970 212.699997
v -197.767715 -145.264999 212.699997
v -192.412277 -150.496765 212.699997
v -190.703629 -170.996552 212.699997
v -198.056152 -144.701279 212.699997
v -191.841965 -150.771973 212.699997
v -190.384384 -170.801804 212.699997
v -198.316147 -144.123871 212.699997
v -191.258652 -151.018402 212.699997
v -190.055832 -170.623215 212.699997
v -190.663773 -151.235443 212.699997
v -189.718781 -170.461212 212.699997
v -189.374054 -170.316238 212.699997
v -190.058807 -151.422577 212.699997
v -189.022568 -170.188614 212.699997
v -189.445282 -151.579315 212.699997
v -188.665131 -170.078674 212.699997
v -188.824692 -151.705276 212.699997
v -188.302643 -169.986664 212.699997
v -187.936050 -169.912857 212.699997
v -188.198593 -151.800140 212.699997
v -187.566208 -169.857407 212.699997
v -187.568558 -151.863693 212.699997
v -187.194092 -169.820480 212.699997
v -186.936127 -151.895767 212.699997
v -186.820587 -169.802139 212.699997
v -186.302887 -151.896255 212.699997
v -186.446625 -169.802429 212.699997
v -186.073151 -169.821350 212.699997
v -185.670425 -151.865189 212.699997
v -185.701080 -169.858887 212.699997
v -185.040268 -151.802628 212.699997
v -185.331314 -169.914917 212.699997
v -184.414032 -151.708755 212.699997
v -184.964844 -169.989304 212.699997
v -184.602509 -170.081863 212.699997
v -183.793243 -151.583771 212.699997
v -184.245255 -170.192383 212.699997
v -183.179474 -151.427979 212.699997
v -183.893951 -170.320557 212.699997
v -182.574203 -151.241821 212.699997
v -183.549469 -170.466080 212.699997
v -183.212662 -170.628601 212.699997
v -181.978989 -151.025696 212.699997
v -182.884384 -170.807709 212.699997
v -181.395294 -150.780182 212.699997
v -182.565445 -171.002945 212.699997
v -180.824539 -150.505890 212.699997
v -182.256622 -171.213852 212.699997
v -180.268173 -150.203461 212.699997
v -181.958710 -171.439896 212.699997
v -181.672424 -171.680481 212.699997
v -179.727585 -149.873703 212.699997
v -181.398499 -171.935074 212.699997
v -179.204086 -149.517395 212.699997
v -181.137589 -172.202972 212.699997
v -178.699020 -149.135437 212.699997
v -180.890381 -172.483566 212.699997
v -178.213608 -148.728775 212.699997
v -180.657440 -172.776123 212.699997
v -180.439392 -173.079926 212.699997
v -177.749069 -148.298431 212.699997
v -180.236740 -173.394211 212.699997
v -177.306564 -147.845474 212.699997
v -180.050018 -173.718216 212.699997
v -176.887192 -147.371017 212.699997
v -179.879684 -174.051132 212.699997
v -176.491974 -146.876236 212.699997
v -179.726135 -174.392120 212.699997
v -176.121933 -146.362381 212.699997
v -179.589783 -174.740341 212.699997
v -175.777939 -145.830704 212.699997
v -179.470963 -175.094925 212.699997
v -179.369965 -175.454987 212.699997
v -175.460892 -145.282547 212.699997
v -175.171555 -144.719284 212.699997
v -174.910660 -144.142288 212.699997
v -199.294235 -139.823013 212.699997
v -199.247406 -140.454529 212.699997
v -199.169159 -141.082916 212.699997
v -199.059692 -141.706619 212.699997
v -198.919266 -142.324081 212.699997
v -198.748230 -142.933792 212.699997
v -198.547028 -143.534225 212.699997
v -173.925797 -139.842972 212.699997
v -173.973633 -140.474411 212.699997
v -174.052856 -141.102676 212.699997
v -174.163315 -141.726212 212.699997
v -174.304703 -142.343460 212.699997
v -174.476700 -142.952896 212.699997
v -174.678848 -143.552994 212.699997
v -199.294235 -139.823013 225.399994
v -199.247391 -140.454529 225.399994
v -199.169159 -141.082916 225.399994
v -199.059692 -141.706619 225.399994
v -198.919266 -142.324081 225.399994
v -198.748230 -142.933792 225.399994
v -198.547028 -143.534225 225.399994
v -198.316132 -144.123871 225.399994
v -198.056152 -144.701279 225.399994
v -197.767700 -145.264999 225.399994
v -197.451508 -145.813644 225.399994
v -197.108368 -146.345871 225.399994
v -196.739120 -146.860306 225.399994
v -196.344696 -147.355698 225.399994
v -195.926056 -147.830826 225.399994
v -195.484283 -148.284485 225.399994
v -195.020416 -148.715561 225.399994
v -194.535645 -149.122986 225.399994
v -194.031174 -149.505737 225.399994
v -193.508240 -149.862869 225.399994
v -192.968170 -150.193481 225.399994
v -192.412277 -150.496765 225.399994
v -191.841965 -150.771973 225.399994
v -191.258652 -151.018402 225.399994
v -190.663773 -151.235443 225.399994
v -190.058807 -151.422577 225.399994
v -189.445282 -151.579315 225.399994
v -188.824692 -151.705276 225.399994
v -188.198593 -151.800140 225.399994
v -187.568542 -151.863693 225.399994
v -186.936127 -151.895767 225.399994
v -186.302887 -151.896255 225.399994
v -185.670410 -151.865189 225.399994
v -185.040268 -151.802628 225.399994
v -184.414017 -151.708755 225.399994
v -183.793243 -151.583771 225.399994
v -183.179474 -151.427979 225.399994
v -182.574203 -151.241821 225.399994
v -181.978989 -151.025696 225.399994
v -181.395279 -150.780182 225.399994
v -180.824539 -150.505890 225.399994
v -180.268158 -150.203461 225.399994
v -179.727570 -149.873703 225.399994
v -179.204086 -149.517395 225.399994
v -178.699005 -149.135437 225.399994
v -178.213593 -148.728775 225.399994
v -177.749054 -148.298431 225.399994
v -177.306564 -147.845474 225.399994
v -176.887177 -147.371017 225.399994
v -176.491974 -146.876236 225.399994
v -176.121918 -146.362381 225.399994
v -175.777939 -145.830704 225.399994
v -175.460892 -145.282547 225.399994
v -175.171555 -144.719284 225.399994
v -174.910660 -144.142288 225.399994
v -174.678833 -143.552994 225.399994
v -174.476685 -142.952896 225.399994
v -174.304703 -142.343460 225.399994
v -174.163300 -141.726212 225.399994
v -174.052856 -141.102676 225.399994
v -173.973633 -140.474411 225.399994
v -173.925797 -139.842972 225.399994
v -199.026352 140.474411 225.399994
v -199.074173 139.842972 225.399994
v -198.836670 141.726212 225.399994
v -198.947113 141.102676 225.399994
v -198.695267 142.343460 225.399994
v -198.321136 143.552994 225.399994
v -198.523285 142.952896 225.399994
v -197.828430 144.719284 225.399994
v -198.089325 144.142288 225.399994
v -197.222046 145.830704 225.399994
v -197.539093 145.282547 225.399994
v -196.878052 146.362381 225.399994
v -196.508011 146.876236 225.399994
v -195.250916 148.298431 225.399994
v -195.693420 147.845474 225.399994
v -196.112793 147.371017 225.399994
v -194.786377 148.728775 225.399994
v -193.272400 149.873703 225.399994
v -193.795883 149.517395 225.399994
v -194.300964 149.135437 225.399994
v -192.731812 150.203461 225.399994
v -192.175430 150.505890 225.399994
v -191.604691 150.780182 225.399994
v -190.425766 151.241821 225.399994
v -191.020996 151.025696 225.399994
v -189.206741 151.583771 225.399994
v -189.820511 151.427979 225.399994
v -188.585953 151.708755 225.399994
v -187.959702 151.802628 225.399994
v -186.697098 151.896255 225.399994
v -187.329559 151.865189 225.399994
v -185.431427 151.863693 225.399994
v -186.063858 151.895767 225.399994
v -173.752579 140.454529 225.399994
v -173.705750 139.823013 225.399994
v -184.801376 151.800140 225.399994
v -173.830826 141.082916 225.399994
v -173.940292 141.706619 225.399994
v -183.554703 151.579315 225.399994
v -184.175278 151.705276 225.399994
v -182.941177 151.422577 225.399994
v -174.251740 142.933792 225.399994
v -174.080719 142.324081 225.399994
v -174.683838 144.123871 225.399994
v -174.452957 143.534225 225.399994
v -181.158005 150.771973 225.399994
v -181.741333 151.018402 225.399994
v -182.336212 151.235443 225.399994
v -174.943817 144.701279 225.399994
v -180.031799 150.193481 225.399994
v -180.587708 150.496765 225.399994
v -175.891617 146.345871 225.399994
v -175.232269 145.264999 225.399994
v -175.548462 145.813644 225.399994
v -178.464325 149.122986 225.399994
v -178.968811 149.505737 225.399994
v -179.491730 149.862869 225.399994
v -176.655289 147.355698 225.399994
v -176.260849 146.860306 225.399994
v -177.979553 148.715561 225.399994
v -177.073914 147.830826 225.399994
v -177.515701 148.284485 225.399994
v -173.705750 139.823013 212.699997
v -173.752594 140.454529 212.699997
v -173.830826 141.082916 212.699997
v -173.940292 141.706619 212.699997
v -174.080719 142.324081 212.699997
v -174.251755 142.933792 212.699997
v -174.452957 143.534225 212.699997
v -174.683853 144.123871 212.699997
v -174.943832 144.701279 212.699997
v -175.232285 145.264999 212.699997
v -175.548462 145.813644 212.699997
v -175.891617 146.345871 212.699997
v -176.260849 146.860306 212.699997
v -176.655289 147.355698 212.699997
v -177.073914 147.830826 212.699997
v -177.515701 148.284485 212.699997
v -177.979568 148.715561 212.699997
v -178.464340 149.122986 212.699997
v -178.968811 149.505737 212.699997
v -179.491745 149.862869 212.699997
v -180.031815 150.193481 212.699997
v -180.587708 150.496765 212.699997
v -181.158020 150.771973 212.699997
v -181.741333 151.018402 212.699997
v -182.336212 151.235443 212.699997
v -182.941177 151.422577 212.699997
v -183.554703 151.579315 212.699997
v -184.175293 151.705276 212.699997
v -184.801392 151.800140 212.699997
v -185.431442 151.863693 212.699997
v -186.063858 151.895767 212.699997
v -186.697098 151.896255 212.699997
v -187.329575 151.865189 212.699997
v -187.959717 151.802628 212.699997
v -188.585968 151.708755 212.699997
v -189.206741 151.583771 212.699997
v -189.820511 151.427979 212.699997
v -190.425781 151.241821 212.699997
v -191.020996 151.025696 212.699997
v -191.604706 150.780182 212.699997
v -192.175446 150.505890 212.699997
v -192.731812 150.203461 212.699997
v -193.272400 149.873703 212.699997
v -193.795898 149.517395 212.699997
v -194.300964 149.135437 212.699997
v -194.786377 148.728775 212.699997
v -195.250931 148.298431 212.699997
v -195.693420 147.845474 212.699997
v -196.112793 147.371017 212.699997
v -196.508011 146.876236 212.699997
v -196.878067 146.362381 212.699997
v -197.222046 145.830704 212.699997
v -197.539093 145.282547 212.699997
v -197.828430 144.719284 212.699997
v -198.089325 144.142288 212.699997
v -198.321136 143.552994 212.699997
v -198.523285 142.952896 212.699997
v -198.695282 142.343460 212.699997
v -198.836685 141.726212 212.699997
v -198.947128 141.102676 212.699997
v -199.026352 140.474411 212.699997
v -199.074188 139.842972 212.699997
v -191.601486 171.935074 212.699997
v -191.862396 172.202972 212.699997
v -191.327560 171.680481 212.699997
v -192.109604 172.483566 212.699997
v -191.041275 171.439896 212.699997
v -192.342545 172.776123 212.699997
v -190.743362 171.213852 212.699997
v -192.560608 173.079926 212.699997
v -190.434540 171.002945 212.699997
v -192.763260 173.394211 212.699997
v -190.115601 170.807709 212.699997
v -192.949966 173.718216 212.699997
v -189.787323 170.628601 212.699997
v -193.120316 174.051132 212.699997
v -189.450516 170.466080 212.699997
v -193.273849 174.392120 212.699997
v -189.106033 170.320557 212.699997
v -193.410202 174.740341 212.699997
v -188.754745 170.192383 212.699997
v -193.529022 175.094925 212.699997
v -188.397476 170.081863 212.699997
v -193.630020 175.454987 212.699997
v -188.035141 169.989304 212.699997
v -193.712936 175.819641 212.699997
v -187.668671 169.914917 212.699997
v -187.298920 169.858887 212.699997
v -186.926849 169.821350 212.699997
v -186.553375 169.802429 212.699997
v -186.179413 169.802139 212.699997
v -185.805908 169.820480 212.699997
v -185.433777 169.857407 212.699997
v -185.063934 169.912857 212.699997
v -184.697342 169.986664 212.699997
v -184.334854 170.078674 212.699997
v -183.977432 170.188614 212.699997
v -183.625931 170.316238 212.699997
v -183.281219 170.461212 212.699997
v -182.944153 170.623215 212.699997
v -182.615601 170.801804 212.699997
v -182.296356 170.996552 212.699997
v -181.987198 171.206970 212.699997
v -181.688919 171.432526 212.699997
v -181.402267 171.672684 212.699997
v -181.127945 171.926819 212.699997
v -192.102020 182.125381 212.699997
v -191.854370 182.405563 212.699997
v -192.335419 181.833191 212.699997
v -192.553955 181.529724 212.699997
v -192.757095 181.215744 212.699997
v -192.944321 180.892029 212.699997
v -193.115189 180.559387 212.699997
v -193.269272 180.218643 212.699997
v -193.406174 179.870651 212.699997
v -193.525543 179.516251 212.699997
v -193.627106 179.156342 212.699997
v -193.710602 178.791824 212.699997
v -193.775833 178.423599 212.699997
v -193.822632 178.052567 212.699997
v -193.850876 177.679688 212.699997
v -193.860489 177.305847 212.699997
v -193.851456 176.932007 212.699997
v -193.823807 176.559052 212.699997
v -193.777588 176.187973 212.699997
v -191.593033 182.673065 212.699997
v -180.866608 172.194321 212.699997
v -191.318710 182.927200 212.699997
v -180.618958 172.474518 212.699997
v -191.032059 183.167358 212.699997
v -180.385559 172.766708 212.699997
v -190.733780 183.392929 212.699997
v -180.167023 173.070175 212.699997
v -190.424622 183.603333 212.699997
v -179.963882 173.384140 212.699997
v -190.105377 183.798096 212.699997
v -179.776657 173.707855 212.699997
v -189.776825 183.976685 212.699997
v -179.605789 174.040497 212.699997
v -189.439758 184.138657 212.699997
v -179.451706 174.381241 212.699997
v -189.095047 184.283661 212.699997
v -179.314804 174.729248 212.699997
v -188.743546 184.411270 212.699997
v -179.195435 175.083649 212.699997
v -188.386124 184.521225 212.699997
v -179.093872 175.443558 212.699997
v -188.023636 184.613205 212.699997
v -179.010376 175.808060 212.699997
v -187.657043 184.687027 212.699997
v -187.287201 184.742462 212.699997
v -186.915070 184.779404 212.699997
v -186.541565 184.797760 212.699997
v -178.869522 177.667892 212.699997
v -178.860489 177.294052 212.699997
v -178.897171 178.040833 212.699997
v -178.943375 178.411926 212.699997
v -179.008041 178.780258 212.699997
v -179.090958 179.144913 212.699997
v -179.191956 179.504974 212.699997
v -179.310776 179.859558 212.699997
v -179.447128 180.207764 212.699997
v -179.600662 180.548752 212.699997
v -179.771011 180.881668 212.699997
v -179.957718 181.205673 212.699997
v -180.160370 181.519974 212.699997
v -180.378433 181.823776 212.699997
v -180.611374 182.116333 212.699997
v -180.858582 182.396912 212.699997
v -181.119492 182.664825 212.699997
v -181.393417 182.919388 212.699997
v -181.679703 183.160004 212.699997
v -181.977615 183.386047 212.699997
v -182.286438 183.596924 212.699997
v -182.605377 183.792191 212.699997
v -178.945145 176.176300 212.699997
v -182.933655 183.971298 212.699997
v -178.898346 176.547318 212.699997
v -183.270462 184.133804 212.699997
v -178.870102 176.920212 212.699997
v -183.614944 184.279343 212.699997
v -183.966232 184.407516 212.699997
v -184.323502 184.518036 212.699997
v -184.685837 184.610580 212.699997
v -185.052307 184.684982 212.699997
v -185.422058 184.740997 212.699997
v -185.794128 184.778519 212.699997
v -186.167603 184.797470 212.699997
v -179.000000 -0.005901 212.699997
v -179.009018 0.367950 212.699997
v -179.036667 0.740887 212.699997
v -179.082886 1.111981 212.699997
v -179.147537 1.480311 212.699997
v -179.230453 1.844961 212.699997
v -179.331467 2.205024 212.699997
v -179.450272 2.559605 212.699997
v -179.586639 2.907822 212.699997
v -179.740173 3.248810 212.699997
v -179.910522 3.581721 212.699997
v -180.097229 3.905727 212.699997
v -180.299881 4.220023 212.699997
v -180.517929 4.523828 212.699997
v -180.750870 4.816385 212.699997
v -180.998093 5.096968 212.699997
v -181.259003 5.364879 212.699997
v -181.532928 5.619452 212.699997
v -181.819199 5.860055 212.699997
v -182.117126 6.086089 212.699997
v -182.425949 6.296990 212.699997
v -182.744888 6.492238 212.699997
v -183.073166 6.671344 212.699997
v -183.409958 6.833865 212.699997
v -183.754456 6.979395 212.699997
v -184.105743 7.107574 212.699997
v -184.462997 7.218081 212.699997
v -184.825348 7.310644 212.699997
v -185.191818 7.385031 212.699997
v -185.561569 7.441058 212.699997
v -185.933640 7.478585 212.699997
v -186.307114 7.497519 212.699997
v -186.681076 7.497814 212.699997
v -187.054581 7.479467 212.699997
v -187.426712 7.442525 212.699997
v -187.796555 7.387081 212.699997
v -188.163147 7.313270 212.699997
v -188.525620 7.221278 212.699997
v -188.883057 7.111332 212.699997
v -189.234558 6.983707 212.699997
v -189.579269 6.838719 212.699997
v -189.916321 6.676729 212.699997
v -190.244888 6.498139 212.699997
v -190.564133 6.303394 212.699997
v -190.873291 6.092978 212.699997
v -191.171555 5.867414 212.699997
v -191.458221 5.627262 212.699997
v -191.732544 5.373120 212.699997
v -191.993866 5.105620 212.699997
v -192.241531 4.825426 212.699997
v -192.474930 4.533236 212.699997
v -192.693466 4.229775 212.699997
v -192.896606 3.915798 212.699997
v -193.083832 3.592086 212.699997
v -193.254700 3.259444 212.699997
v -193.408768 2.918698 212.699997
v -193.545670 2.570696 212.699997
v -193.665039 2.216302 212.699997
v -193.766617 1.856399 212.699997
v -193.850113 1.491880 212.699997
v -193.915344 1.123652 212.699997
v -193.962143 0.752631 212.699997
v -193.990372 0.379738 212.699997
v -193.999985 0.005901 212.699997
v -193.990967 -0.367950 212.699997
v -193.963318 -0.740887 212.699997
v -193.917099 -1.111981 212.699997
v -193.852448 -1.480311 212.699997
v -193.769531 -1.844961 212.699997
v -193.668518 -2.205024 212.699997
v -193.549713 -2.559605 212.699997
v -193.413361 -2.907822 212.699997
v -193.259811 -3.248810 212.699997
v -193.089462 -3.581721 212.699997
v -192.902756 -3.905727 212.699997
v -192.700104 -4.220023 212.699997
v -192.482056 -4.523828 212.699997
v -192.249115 -4.816385 212.699997
v -192.001907 -5.096968 212.699997
v -191.740982 -5.364879 212.699997
v -191.467056 -5.619452 212.699997
v -191.180786 -5.860055 212.699997
v -190.882874 -6.086089 212.699997
v -190.574036 -6.296990 212.699997
v -190.255096 -6.492238 212.699997
v -189.926834 -6.671344 212.699997
v -189.590027 -6.833865 212.699997
v -189.245544 -6.979395 212.699997
v -188.894241 -7.107574 212.699997
v -188.536987 -7.218081 212.699997
v -188.174652 -7.310644 212.699997
v -187.808167 -7.385031 212.699997
v -187.438416 -7.441058 212.699997
v -187.066345 -7.478585 212.699997
v -186.692871 -7.497519 212.699997
v -186.318909 -7.497814 212.699997
v -185.945404 -7.479467 212.699997
v -185.573273 -7.442525 212.699997
v -185.203445 -7.387081 212.699997
v -184.836853 -7.313270 212.699997
v -184.474365 -7.221278 212.699997
v -184.116928 -7.111332 212.699997
v -183.765442 -6.983707 212.699997
v -183.420715 -6.838719 212.699997
v -183.083664 -6.676729 212.699997
v -182.755112 -6.498139 212.699997
v -182.435867 -6.303394 212.699997
v -182.126709 -6.092978 212.699997
v -181.828430 -5.867414 212.699997
v -181.541779 -5.627262 212.699997
v -181.267456 -5.373120 212.699997
v -181.006119 -5.105620 212.699997
v -180.758453 -4.825426 212.699997
v -180.525055 -4.533236 212.699997
v -180.306534 -4.229775 212.699997
v -180.103378 -3.915798 212.699997
v -179.916168 -3.592086 212.699997
v -179.745300 -3.259444 212.699997
v -179.591217 -2.918698 212.699997
v -179.454315 -2.570696 212.699997
v -179.334946 -2.216302 212.699997
v -179.233368 -1.856399 212.699997
v -179.149872 -1.491880 212.699997
v -179.084641 -1.123652 212.699997
v -179.037842 -0.752631 212.699997
v -179.009613 -0.379738 212.699997
vn -0.000787 -1.000000 0.000000
vn -0.000787 -1.000000 0.000000
vn -1.000000 0.000787 0.000000
vn -1.000000 0.000787 0.000000
vn -1.000000 0.000787 0.000000
vn -1.000000 0.000787 0.000000
vn -1.000000 0.000787 0.000001
vn -1.000000 0.000787 0.000001
vn 1.000000 -0.000787 -0.000001
vn 1.000000 -0.000787 0.000000
vn 1.000000 -0.000787 -0.000001
vn 1.000000 -0.000787 -0.000001
vn 1.000000 -0.000787 -0.000001
vn 1.000000 -0.000787 -0.000001
vn 0.000000 0.000000 -1.000000
vn 0.000000 -0.000000 -1.000000
vn 0.000000 0.000000 -1.000000
vn 0.000000 -0.000000 -1.000000
vn 0.000000 0.000000 -1.000000
vn 0.000000 -0.000000 -1.000000
vn 0.000000 0.000000 -1.000000
vn 0.000000 -0.000000 -1.000000
vn 0.000000 0.000000 -1.000000
vn 0.000000 -0.000000 -1.000000
vn 0.000000 0.000000 -1.000000
vn 0.000000 -0.000000 -1.000000
vn 0.000000 0.000000 -1.000000
vn 0.000000 -0.000000 -1.000000
vn 0.000000 0.000000 -1.000000
vn 0.000000 -0.000000 -1.000000
vn 0.000000 0.000000 -1.000000
vn 0.000000 -0.000000 -1.000000
vn 0.000000 0.000000 -1.000000
vn 0.000000 -0.000000 -1.000000
vn 0.000000 0.000000 -1.000000
vn 0.000000 -0.000000 -1.000000
vn 0.000000 0.000000 -1.000000
vn 0.000000 -0.000000 -1.000000
vn 0.000000 0.000000 -1.000000
vn 0.000000 -0.000000 -1.000000
vn 0.000000 0.000000 -1.000000
vn 0.000000 -0.000000 -1.000000
vn 0.000000 0.000000 -1.000000
vn 0.000000 -0.000000 -1.000000
vn 0.000000 0.000000 -1.000000
vn 0.000000 0.000000 -1.000000
vn 0.000000 0.000000 -1.000000
vn 0.000000 0.000000 -1.000000
vn 0.000000 0.000000 -1.000000
vn 0.000000 0.000000 -1.000000
vn 0.000000 0.000000 -1.000000
vn 0.000000 -0.000000 -1.000000
vn 0.000000 -0.000000 -1.000000
vn 0.000000 -0.000000 -1.000000
vn 0.000000 -0.000000 -1.000000
vn 0.000000 -0.000000 -1.000000
vn 0.000000 -0.000000 -1.000000
vn 0.000000 -0.000000 -1.000000
vn 0.000000 -0.000000 -1.000000
vn 0.000000 -0.000000 -1.000000
vn 0.000000 -0.000000 -1.000000
vn 0.000000 -0.000000 -1.000000
vn 0.000000 -0.000000 -1.000000
vn 0.000000 -0.000000 -1.000000
vn 0.000000 -0.000000 -1.000000
vn 0.000000 -0.000000 -1.000000
vn -0.000000 -0.000000 -1.000000
vn 0.000000 -0.000000 -1.000000
vn 0.000000 0.000000 -1.000000
vn 0.000000 0.000000 -1.000000
vn 0.000000 0.000000 -1.000000
vn 0.000000 0.000000 -1.000000
vn 0.000000 0.000000 -1.000000
vn 0.000000 0.000000 -1.000000
vn 0.000000 0.000000 -1.000000
vn 0.000000 0.000000 -1.000000
vn 0.000000 0.000000 -1.000000
vn 0.000000 0.000000 -1.000000
vn 0.000000 0.000000 -1.000000
vn 0.000000 0.000000 -1.000000
vn 0.000000 0.000000 -1.000000
vn 0.000000 0.000000 -1.000000
vn 0.000000 0.000000 -1.000000
vn 0.000000 0.000000 -1.000000
vn 0.000000 0.000000 -1.000000
vn 0.000000 0.000000 -1.000000
vn 0.000000 0.000000 -1.000000
vn 0.000000 0.000000 -1.000000
vn 0.000000 0.000000 -1.000000
vn 0.000000 0.000000 -1.000000
vn 0.000000 0.000000 -1.000000
vn 0.000000 0.000000 -1.000000
vn 0.000000 0.000000 -1.000000
vn 0.000000 -0.000000 -1.000000
vn 0.000000 0.000000 -1.000000
vn 0.000000 0.000000 -1.000000
vn 0.000000 -0.000000 -1.000000
vn 0.000000 0.000000 -1.000000
vn 0.000000 0.000000 -1.000000
vn 0.000000 0.000000 -1.000000
vn 0.000000 0.000000 -1.000000
vn 0.000000 0.000000 -1.000000
vn 0.000000 0.000000 -1.000000
vn 0.000000 0.000000 -1.000000
vn 0.000000 0.000000 -1.000000
vn 0.000000 0.000000 -1.000000
vn 0.000000 -0.000000 -1.000000
vn 0.000000 0.000000 -1.000000
vn 0.000000 0.000000 -1.000000
vn 0.000000 0.000000 -1.000000
vn 0.000000 0.000000 -1.000000
vn 0.000000 0.000000 -1.000000
vn 0.000000 0.000000 -1.000000
vn 0.000000 0.000000 -1.000000
vn 0.000000 0.000000 -1.000000
vn 0.000000 0.000000 -1.000000
vn 0.000000 0.000000 -1.000000
vn 0.000000 0.000000 -1.000000
vn 0.000000 -0.000000 -1.000000
vn 0.000000 0.000000 -1.000000
vn 0.000000 0.000000 -1.000000
vn 0.000000 -0.000000 -1.000000
vn 0.000000 0.000000 -1.000000
vn 0.000000 -0.000000 -1.000000
vn 0.000000 0.000000 -1.000000
vn 0.000000 0.000000 -1.000000
vn 0.000000 -0.000000 -1.000000
vn 0.000000 0.000000 -1.000000
vn 0.000000 0.000000 -1.000000
vn 0.000000 0.000000 -1.000000
vn 0.000000 0.000000 -1.000000
vn 0.000000 0.000000 -1.000000
vn 0.000000 -0.000000 -1.000000
vn 0.000000 0.000000 -1.000000
vn 0.000000 0.000000 -1.000000
vn 0.000000 -0.000000 -1.000000
vn 0.000000 -0.000000 -1.000000
vn 0.000000 0.000000 -1.000000
vn 0.000000 -0.000000 -1.000000
vn 0.000000 0.000000 -1.000000
vn 0.000000 -0.000000 -1.000000
vn 0.000000 0.000000 -1.000000
vn 0.000000 0.000000 -1.000000
vn 0.000000 0.000000 -1.000000
vn 0.000000 -0.000000 -1.000000
vn 0.000000 0.000000 -1.000000
vn 0.000000 -0.000000 -1.000000
vn 0.000000 0.000000 -1.000000
vn 0.000000 -0.000000 -1.000000
vn 0.000000 0.000000 -1.000000
vn 0.000000 0.000000 -1.000000
vn 0.000000 0.000000 -1.000000
vn 0.000000 0.000000 -1.000000
vn 0.000000 0.000000 -1.000000
vn 0.000000 -0.000000 -1.000000
vn 0.000000 0.000000 -1.000000
vn 0.000000 0.000000 -1.000000
vn 0.000000 0.000000 -1.000000
vn 0.000000 0.000000 -1.000000
vn 0.000000 -0.000000 -1.000000
vn 0.000000 -0.000000 -1.000000
vn 0.000000 0.000000 -1.000000
vn 0.000000 0.000000 -1.000000
vn 0.000000 0.000000 -1.000000
vn 0.000000 -0.000000 -1.000000
vn 0.000000 0.000000 -1.000000
vn 0.000000 -0.000000 -1.000000
vn 0.000000 0.000000 -1.000000
vn 0.000000 0.000000 -1.000000
vn 0.000000 -0.000000 -1.000000
vn 0.000000 0.000000 -1.000000
vn 0.000000 0.000000 -1.000000
vn 0.000000 -0.000000 -1.000000
vn 0.000000 0.000000 -1.000000
vn 0.000000 0.000000 -1.000000
vn 0.000000 -0.000000 -1.000000
vn 0.000000 0.000000 -1.000000
vn 0.000000 -0.000000 -1.000000
vn 0.000000 0.000000 -1.000000
vn 0.000000 -0.000000 -1.000000
vn 0.000000 0.000000 -1.000000
vn 0.000000 0.000000 -1.000000
vn 0.000000 -0.000000 -1.000000
vn 0.000000 0.000000 -1.000000
vn 0.000000 0.000000 -1.000000
vn 0.000000 0.000000 -1.000000
vn 0.000000 -0.000000 -1.000000
vn 0.000000 0.000000 -1.000000
vn 0.000000 0.000000 -1.000000
vn 0.000000 0.000000 -1.000000
vn 0.000000 0.000000 -1.000000
vn 0.000000 0.000000 -1.000000
vn 0.000000 -0.000000 -1.000000
vn 0.000000 0.000000 -1.000000
vn 0.000000 0.000000 -1.000000
vn 0.000000 0.000000 -1.000000
vn 0.000000 0.000000 -1.000000
vn 0.000000 0.000000 -1.000000
vn 0.000000 0.000000 -1.000000
vn 0.000000 0.000000 -1.000000
vn 0.000000 0.000000 -1.000000
vn 0.000000 0.000000 -1.000000
vn 0.000000 0.000000 -1.000000
vn 0.000000 0.000000 -1.000000
vn 0.000000 -0.000000 -1.000000
vn 0.000000 0.000000 -1.000000
vn 0.000000 0.000000 -1.000000
vn 0.000000 0.000000 -1.000000
vn 0.000000 0.000000 -1.000000
vn 0.000000 0.000000 -1.000000
vn 0.000000 -0.000000 -1.000000
vn 0.000000 0.000000 -1.000000
vn 0.000000 0.000000 -1.000000
vn 0.000000 0.000000 -1.000000
vn 0.000000 0.000000 -1.000000
vn 0.000000 -0.000000 -1.000000
vn 0.000000 0.000000 -1.000000
vn 0.000000 0.000000 -1.000000
vn 0.000000 0.000000 -1.000000
vn 0.000000 0.000000 -1.000000
vn 0.000000 -0.000000 -1.000000
vn 0.000000 0.000000 -1.000000
vn 0.000000 -0.000000 -1.000000
vn 0.000000 0.000000 -1.000000
vn 0.000000 -0.000000 -1.000000
vn 0.000000 0.000000 -1.000000
vn 0.000000 0.000000 -1.000000
vn 0.000000 0.000000 -1.000000
vn 0.000000 -0.000000 -1.000000
vn 0.000000 0.000000 -1.000000
vn 0.000000 0.000000 -1.000000
vn 0.000000 0.000000 -1.000000
vn 0.000000 0.000000 -1.000000
vn 0.000000 0.000000 -1.000000
vn 0.000000 -0.000000 -1.000000
vn 0.000000 0.000000 -1.000000
vn 0.000000 -0.000000 -1.000000
vn 0.000000 0.000000 -1.000000
vn 0.000000 0.000000 -1.000000
vn 0.000000 -0.000000 -1.000000
vn 0.000000 -0.000000 -1.000000
vn 0.000000 0.000000 -1.000000
vn 0.000000 0.000000 -1.000000
vn 0.000000 -0.000000 -1.000000
vn 0.000000 -0.000000 -1.000000
vn 0.000000 0.000000 -1.000000
vn 0.000000 -0.000000 -1.000000
vn 0.000000 0.000000 -1.000000
vn 0.000000 0.000000 -1.000000
vn 0.000000 0.000000 -1.000000
vn 0.000000 0.000000 -1.000000
vn 0.000000 -0.000000 -1.000000
vn 0.000000 0.000000 -1.000000
vn 0.000000 -0.000000 -1.000000
vn 0.000000 -0.000000 -1.000000
vn 0.000000 0.000000 -1.000000
vn 0.000000 0.000000 -1.000000
vn 0.000000 -0.000000 -1.000000
vn 0.000000 0.000000 -1.000000
vn 0.000000 -0.000000 -1.000000
vn 0.000000 0.000000 -1.000000
vn 0.000000 -0.000000 -1.000000
vn 0.000000 0.000000 -1.000000
vn 0.000000 -0.000000 -1.000000
vn 0.000000 0.000000 -1.000000
vn 0.000000 0.000000 -1.000000
vn 0.000000 0.000000 -1.000000
vn 0.000000 0.000000 -1.000000
vn 0.000000 0.000000 -1.000000
vn 0.000000 0.000000 -1.000000
vn 0.000000 0.000000 -1.000000
vn 0.000000 0.000000 -1.000000
vn 0.000000 0.000000 -1.000000
vn 0.000000 0.000000 -1.000000
vn 0.000000 0.000000 -1.000000
vn 0.000000 0.000000 -1.000000
vn 0.000000 0.000000 -1.000000
vn 0.000000 0.000000 -1.000000
vn 0.000000 0.000000 -1.000000
vn 0.000000 0.000000 -1.000000
vn 0.000000 0.000000 -1.000000
vn 0.000000 0.000000 -1.000000
vn 0.000000 0.000000 -1.000000
vn 0.000000 0.000000 -1.000000
vn 0.000000 0.000000 -1.000000
vn 0.000000 0.000000 -1.000000
vn 0.000000 0.000000 -1.000000
vn 0.000000 0.000000 -1.000000
vn 0.000000 0.000000 -1.000000
vn 0.000000 0.000000 -1.000000
vn 0.000000 0.000000 -1.000000
vn 0.000000 -0.000000 -1.000000
vn 0.000000 0.000000 -1.000000
vn 0.000000 0.000000 -1.000000
vn 0.000000 0.000000 -1.000000
vn 0.000000 -0.000000 -1.000000
vn 0.000000 0.000000 -1.000000
vn 0.000000 0.000000 -1.000000
vn 0.000000 0.000000 -1.000000
vn 0.000000 -0.000000 -1.000000
vn 0.000000 0.000000 -1.000000
vn 0.000000 0.000000 -1.000000
vn 0.000000 -0.000000 -1.000000
vn 0.000000 0.000000 -1.000000
vn 0.000000 0.000000 -1.000000
vn 0.000000 -0.000000 -1.000000
vn 0.000000 0.000000 -1.000000
vn 0.000000 0.000000 -1.000000
vn 0.000000 -0.000000 -1.000000
vn 0.000000 0.000000 -1.000000
vn 0.000000 0.000000 -1.000000
vn 0.000000 -0.000000 -1.000000
vn 0.000000 0.000000 -1.000000
vn 0.000000 0.000000 -1.000000
vn 0.000000 -0.000000 -1.000000
vn 0.000000 0.000000 -1.000000
vn 0.000000 0.000000 -1.000000
vn 0.000000 0.000000 -1.000000
vn 0.000000 0.000000 -1.000000
vn 0.000000 0.000000 -1.000000
vn 0.000000 0.000000 -1.000000
vn 0.000000 0.000000 -1.000000
vn 0.000000 0.000000 -1.000000
vn 0.000000 0.000000 -1.000000
vn 0.000000 0.000000 -1.000000
vn 0.000000 -0.000000 -1.000000
vn 0.000000 0.000000 -1.000000
vn 0.000000 0.000000 -1.000000
vn 0.000000 0.000000 -1.000000
vn 0.000000 0.000000 -1.000000
vn 0.000000 0.000000 -1.000000
vn 0.000000 0.000000 -1.000000
vn 0.000000 0.000000 -1.000000
vn 0.000000 0.000000 -1.000000
vn 0.000000 0.000000 -1.000000
vn 0.000000 0.000000 -1.000000
vn 0.000000 0.000000 -1.000000
vn 0.000000 0.000000 -1.000000
vn 0.000000 0.000000 -1.000000
vn 0.000000 0.000000 -1.000000
vn 0.000000 0.000000 -1.000000
vn 0.000000 0.000000 -1.000000
vn 0.000000 0.000000 -1.000000
vn 0.000000 0.000000 -1.000000
vn 0.000000 0.000000 -1.000000
vn 0.000000 -0.000000 -1.000000
vn 0.000000 0.000000 -1.000000
vn 0.000000 -0.000000 -1.000000
vn 0.000000 0.000000 -1.000000
vn 0.000000 -0.000000 -1.000000
vn 0.000000 0.000000 -1.000000
vn 0.000000 -0.000000 -1.000000
vn 0.000000 0.000000 -1.000000
vn 0.000000 -0.000000 -1.000000
vn 0.000000 0.000000 -1.000000
vn 0.000000 -0.000000 -1.000000
vn 0.000000 0.000000 -1.000000
vn 0.000000 -0.000000 -1.000000
vn 0.000000 0.000000 -1.000000
vn 0.000000 0.000000 -1.000000
vn 0.000000 0.000000 -1.000000
vn 0.000000 0.000000 -1.000000
vn 0.000000 0.000000 -1.000000
vn 0.000000 0.000000 -1.000000
vn 0.000000 0.000000 -1.000000
vn 0.000000 0.000000 -1.000000
vn 0.000000 0.000000 -1.000000
vn 0.000000 0.000000 -1.000000
vn 0.000000 0.000000 -1.000000
vn 0.000000 0.000000 -1.000000
vn 0.000000 0.000000 -1.000000
vn 0.000000 0.000000 -1.000000
vn 0.000000 0.000000 -1.000000
vn 0.000000 0.000000 -1.000000
vn 0.000000 0.000000 -1.000000
vn 0.000000 0.000000 -1.000000
vn 0.000000 0.000000 -1.000000
vn 0.000000 0.000000 -1.000000
vn 0.000000 0.000000 -1.000000
vn 0.000000 0.000000 -1.000000
vn 0.000000 0.000000 -1.000000
vn 0.000000 0.000000 -1.000000
vn 0.000000 0.000000 -1.000000
vn 0.000000 0.000000 -1.000000
vn 0.000000 0.000000 -1.000000
vn 0.000000 0.000000 -1.000000
vn 0.000000 0.000000 -1.000000
vn 0.000000 0.000000 -1.000000
vn 0.000000 0.000000 -1.000000
vn 0.000000 -0.000000 -1.000000
vn 0.000000 -0.000000 -1.000000
vn 0.000000 -0.000000 -1.000000
vn 0.000000 -0.000000 -1.000000
vn 0.000000 -0.000000 -1.000000
vn 0.000000 -0.000000 -1.000000
vn 0.000000 -0.000000 -1.000000
vn 0.000000 -0.000000 -1.000000
vn 0.000000 0.000000 -1.000000
vn 0.000000 0.000000 -1.000000
vn 0.000000 -0.000000 -1.000000
vn 0.000000 0.000000 1.000000
vn 0.000000 0.000000 1.000000
vn 0.000000 0.000000 1.000000
vn 0.000000 0.000000 1.000000
vn 0.000000 0.000000 1.000000
vn 0.000000 0.000000 1.000000
vn 0.000000 0.000000 1.000000
vn 0.000000 0.000000 1.000000
vn 0.000000 0.000000 1.000000
vn 0.000000 0.000000 1.000000
vn 0.000000 0.000000 1.000000
vn 0.000000 0.000000 1.000000
vn 0.000000 0.000000 1.000000
vn 0.000000 0.000000 1.000000
vn 0.000000 0.000000 1.000000
vn 0.000000 0.000000 1.000000
vn 0.000000 0.000000 1.000000
vn 0.000000 0.000000 1.000000
vn 0.000000 0.000000 1.000000
vn 0.000000 0.000000 1.000000
vn 0.000000 0.000000 1.000000
vn 0.000000 0.000000 1.000000
vn 0.000000 0.000000 1.000000
vn 0.000000 0.000000 1.000000
vn 0.000000 0.000000 1.000000
vn 0.000000 0.000000 1.000000
vn 0.000000 0.000000 1.000000
vn 0.000000 0.000000 1.000000
vn 0.000000 0.000000 1.000000
vn 0.000000 0.000000 1.000000
vn 0.000000 0.000000 1.000000
vn 0.000000 0.000000 1.000000
vn 0.000000 0.000000 1.000000
vn 0.000000 0.000000 1.000000
vn 0.000000 0.000000 1.000000
vn 0.000000 0.000000 1.000000
vn 0.000000 0.000000 1.000000
vn 0.000000 0.000000 1.000000
vn 0.000000 0.000000 1.000000
vn 0.000000 0.000000 1.000000
vn 0.000000 0.000000 1.000000
vn 0.000000 0.000000 1.000000
vn 0.000000 0.000000 1.000000
vn 0.000000 0.000000 1.000000
vn 0.000000 0.000000 1.000000
vn 0.000000 0.000000 1.000000
vn 0.000000 0.000000 1.000000
vn 0.000000 0.000000 1.000000
vn 0.000000 0.000000 1.000000
vn 0.000000 0.000000 1.000000
vn 0.000000 0.000000 1.000000
vn 0.000000 0.000000 1.000000
vn 0.000000 0.000000 1.000000
vn 0.000000 0.000000 1.000000
vn 0.000000 0.000000 1.000000
vn 0.000000 0.000000 1.000000
vn 0.000000 0.000000 1.000000
vn 0.000000 0.000000 1.000000
vn 0.000000 0.000000 1.000000
vn 0.000000 0.000000 1.000000
vn 0.000000 0.000000 1.000000
vn 0.000000 0.000000 1.000000
vn 0.000000 0.000000 1.000000
vn 0.000000 0.000000 1.000000
vn 0.000000 0.000000 1.000000
vn 0.000000 0.000000 1.000000
vn 0.000000 0.000000 1.000000
vn 0.000000 0.000000 1.000000
vn 0.000000 0.000000 1.000000
vn 0.000000 0.000000 1.000000
vn 0.000000 0.000000 1.000000
vn 0.000000 0.000000 1.000000
vn 0.000000 0.000000 1.000000
vn 0.000000 0.000000 1.000000
vn 0.000000 0.000000 1.000000
vn 0.000000 0.000000 1.000000
vn 0.000000 0.000000 1.000000
vn 0.000000 0.000000 1.000000
vn 0.000000 0.000000 1.000000
vn 0.000000 0.000000 1.000000
vn 0.000000 0.000000 1.000000
vn 0.000000 0.000000 1.000000
vn 0.000000 0.000000 1.000000
vn 0.000000 0.000000 1.000000
vn 0.000000 0.000000 1.000000
vn 0.000000 0.000000 1.000000
vn 0.000000 0.000000 1.000000
vn 0.000000 0.000000 1.000000
vn 0.000000 0.000000 1.000000
vn 0.000000 0.000000 1.000000
vn 0.000000 0.000000 1.000000
vn 0.000000 0.000000 1.000000
vn 0.000000 0.000000 1.000000
vn 0.000000 0.000000 1.000000
vn 0.000000 0.000000 1.000000
vn 0.000000 0.000000 1.000000
vn 0.000000 0.000000 1.000000
vn 0.000000 0.000000 1.000000
vn 0.000000 0.000000 1.000000
vn 0.000000 0.000000 1.000000
vn 0.000000 0.000000 1.000000
vn 0.000000 0.000000 1.000000
vn 0.000000 0.000000 1.000000
vn 0.000000 0.000000 1.000000
vn 0.000000 0.000000 1.000000
vn 0.000000 0.000000 1.000000
vn 0.000000 0.000000 1.000000
vn 0.000000 0.000000 1.000000
vn 0.000000 0.000000 1.000000
vn 0.000000 0.000000 1.000000
vn 0.000000 0.000000 1.000000
vn 0.000000 0.000000 1.000000
vn 0.000000 0.000000 1.000000
vn 0.000000 0.000000 1.000000
vn 0.000000 0.000000 1.000000
vn 0.000000 0.000000 1.000000
vn 0.000000 0.000000 1.000000
vn 0.000000 0.000000 1.000000
vn 0.000000 0.000000 1.000000
vn 0.000000 0.000000 1.000000
vn 0.000000 0.000000 1.000000
vn 0.000000 0.000000 1.000000
vn 0.000000 0.000000 1.000000
vn 0.000000 0.000000 1.000000
vn 0.000000 0.000000 1.000000
vn 0.000000 0.000000 1.000000
vn 0.000000 0.000000 1.000000
vn 0.000000 0.000000 1.000000
vn 0.000000 0.000000 1.000000
vn 0.000000 0.000000 1.000000
vn 0.000000 0.000000 1.000000
vn 0.000000 0.000000 1.000000
vn 0.000000 0.000000 1.000000
vn 0.000000 0.000000 1.000000
vn 0.000000 0.000000 1.000000
vn 0.000000 0.000000 1.000000
vn 0.000000 0.000000 1.000000
vn 0.000000 0.000000 1.000000
vn 0.000000 0.000000 1.000000
vn 0.000000 0.000000 1.000000
vn 0.000000 0.000000 1.000000
vn 0.000000 0.000000 1.000000
vn 0.000000 0.000000 1.000000
vn 0.000000 0.000000 1.000000
vn 0.000000 0.000000 1.000000
vn 0.000000 0.000000 1.000000
vn 0.000000 0.000000 1.000000
vn 0.000000 0.000000 1.000000
vn 0.000000 0.000000 1.000000
vn 0.000000 0.000000 1.000000
vn 0.000000 0.000000 1.000000
vn 0.000000 0.000000 1.000000
vn 0.000000 0.000000 1.000000
vn 0.000000 0.000000 1.000000
vn 0.000000 0.000000 1.000000
vn 0.000000 0.000000 1.000000
vn 0.000000 0.000000 1.000000
vn 0.000000 0.000000 1.000000
vn 0.000000 0.000000 1.000000
vn 0.000000 0.000000 1.000000
vn 0.000000 0.000000 1.000000
vn 0.000000 0.000000 1.000000
vn 0.000000 0.000000 1.000000
vn 0.000000 0.000000 1.000000
vn 0.000000 0.000000 1.000000
vn 0.000000 0.000000 1.000000
vn 0.000000 0.000000 1.000000
vn 0.000000 0.000000 1.000000
vn 0.000000 0.000000 1.000000
vn 0.000000 0.000000 1.000000
vn 0.000000 0.000000 1.000000
vn 0.000000 0.000000 1.000000
vn 0.000000 0.000000 1.000000
vn 0.000000 0.000000 1.000000
vn 0.000000 0.000000 1.000000
vn 0.000000 0.000000 1.000000
vn 0.000000 0.000000 1.000000
vn 0.000000 0.000000 1.000000
vn 0.000000 0.000000 1.000000
vn 0.000000 0.000000 1.000000
vn 0.000000 0.000000 1.000000
vn 0.000000 0.000000 1.000000
vn 0.000000 0.000000 1.000000
vn 0.000000 0.000000 1.000000
vn 0.000000 0.000000 1.000000
vn 0.000000 -0.000000 1.000000
vn 0.000000 0.000000 1.000000
vn 0.000000 0.000000 1.000000
vn 0.000000 0.000000 1.000000
vn 0.000000 0.000000 1.000000
vn 0.000000 0.000000 1.000000
vn 0.000000 0.000000 1.000000
vn 0.000787 1.000000 -0.000000
vn 0.000787 1.000000 0.000000
vn -0.999709 -0.024120 0.000000
vn -0.999709 -0.024120 0.000000
vn -0.997260 -0.073975 0.000001
vn -0.997262 -0.073951 0.000000
vn -0.992339 -0.123542 0.000000
vn -0.984945 -0.172868 -0.000000
vn -0.992336 -0.123566 0.000001
vn -0.984945 -0.172868 0.000000
vn -0.975101 -0.221763 0.000000
vn -0.975101 -0.221763 0.000000
vn -0.962834 -0.270094 0.000000
vn -0.962834 -0.270094 0.000000
vn -0.948181 -0.317731 0.000000
vn -0.931154 -0.364626 -0.000000
vn -0.948181 -0.317731 0.000000
vn -0.931162 -0.364605 0.000001
vn -0.911835 -0.410556 0.000000
vn -0.911826 -0.410576 0.000001
vn -0.890225 -0.455522 0.000001
vn -0.890234 -0.455503 0.000000
vn -0.866413 -0.499327 0.000001
vn -0.866413 -0.499327 0.000001
vn -0.840464 -0.541868 0.000000
vn -0.812391 -0.583113 -0.000000
vn -0.840453 -0.541885 0.000001
vn -0.812403 -0.583097 0.000001
vn -0.782322 -0.622874 0.000000
vn -0.782310 -0.622889 0.000001
vn -0.750300 -0.661097 0.000001
vn -0.750312 -0.661084 0.000000
vn -0.716430 -0.697659 0.000000
vn -0.716418 -0.697671 0.000001
vn -0.680741 -0.732524 0.000000
vn -0.643393 -0.765536 -0.000000
vn -0.680741 -0.732524 0.000000
vn -0.643393 -0.765536 0.000000
vn -0.604436 -0.796654 -0.000000
vn -0.604436 -0.796654 0.000000
vn -0.563980 -0.825789 0.000000
vn -0.563968 -0.825796 0.000001
vn -0.522105 -0.852881 0.000001
vn -0.522105 -0.852881 0.000001
vn -0.478926 -0.877855 0.000001
vn -0.478937 -0.877850 0.000000
vn -0.434601 -0.900623 0.000000
vn -0.434601 -0.900623 0.000000
vn -0.389162 -0.921169 0.000000
vn -0.389162 -0.921169 0.000000
vn -0.342749 -0.939427 0.000000
vn -0.342749 -0.939427 0.000000
vn -0.295515 -0.955338 0.000000
vn -0.295515 -0.955338 0.000000
vn -0.247522 -0.968882 0.000000
vn -0.198914 -0.980017 -0.000000
vn -0.247522 -0.968882 0.000000
vn -0.198914 -0.980017 0.000000
vn -0.149806 -0.988715 0.000000
vn -0.100360 -0.994951 -0.000000
vn -0.149806 -0.988715 0.000000
vn -0.050651 -0.998716 0.000000
vn -0.100363 -0.994951 0.000000
vn -0.050650 -0.998716 0.000000
vn -0.000771 -1.000000 0.000000
vn 0.049060 -0.998796 0.000000
vn -0.000771 -1.000000 0.000000
vn 0.049061 -0.998796 -0.000000
vn 0.098795 -0.995108 0.000000
vn 0.148239 -0.988952 0.000000
vn 0.098793 -0.995108 -0.000000
vn 0.148243 -0.988951 -0.000000
vn 0.197376 -0.980328 0.000000
vn 0.246027 -0.969263 0.000000
vn 0.197372 -0.980329 -0.000000
vn 0.293971 -0.955814 0.000000
vn 0.246027 -0.969263 0.000000
vn 0.293971 -0.955814 0.000000
vn 0.341302 -0.939954 0.000000
vn 0.341302 -0.939954 0.000000
vn 0.387710 -0.921781 -0.000000
vn 0.433163 -0.901315 -0.000001
vn 0.387719 -0.921778 0.000000
vn 0.477572 -0.878593 0.000000
vn 0.433154 -0.901320 0.000000
vn 0.520758 -0.853704 -0.000001
vn 0.477582 -0.878587 -0.000001
vn 0.520758 -0.853704 -0.000001
vn 0.562676 -0.826677 -0.000001
vn 0.562665 -0.826685 0.000000
vn 0.603188 -0.797599 0.000000
vn 0.603176 -0.797608 -0.000001
vn 0.642187 -0.766548 -0.000001
vn 0.642187 -0.766548 -0.000001
vn 0.679591 -0.733591 -0.000001
vn 0.679591 -0.733591 -0.000001
vn 0.715324 -0.698793 -0.000001
vn 0.715312 -0.698806 0.000000
vn 0.749262 -0.662273 0.000000
vn 0.749250 -0.662287 -0.000001
vn 0.781336 -0.624110 -0.000001
vn 0.781348 -0.624095 0.000000
vn 0.811485 -0.584373 0.000000
vn 0.811474 -0.584388 -0.000001
vn 0.839604 -0.543198 -0.000001
vn 0.839593 -0.543215 0.000000
vn 0.865636 -0.500673 0.000000
vn 0.865636 -0.500673 0.000000
vn 0.889507 -0.456922 0.000000
vn 0.889507 -0.456922 0.000000
vn 0.911183 -0.412001 0.000000
vn 0.911183 -0.412001 0.000000
vn 0.930589 -0.366067 0.000000
vn 0.930580 -0.366088 -0.000001
vn 0.947676 -0.319233 -0.000001
vn 0.962413 -0.271591 -0.000001
vn 0.947676 -0.319233 -0.000001
vn 0.962406 -0.271614 0.000000
vn 0.974749 -0.223302 -0.000001
vn 0.974755 -0.223279 0.000000
vn 0.984673 -0.174409 0.000000
vn 0.984669 -0.174433 -0.000001
vn 0.992143 -0.125108 0.000000
vn 0.992143 -0.125108 0.000000
vn 0.997143 -0.075541 0.000000
vn 0.997143 -0.075541 0.000000
vn 0.999669 -0.025711 -0.000001
vn 0.999670 -0.025687 0.000000
vn 0.000000 0.000000 1.000000
vn 0.000000 0.000000 1.000000
vn 0.000000 0.000000 1.000000
vn 0.000000 0.000000 1.000000
vn 0.000000 0.000000 1.000000
vn 0.000000 0.000000 1.000000
vn 0.000000 0.000000 1.000000
vn 0.000000 0.000000 1.000000
vn 0.000000 0.000000 1.000000
vn 0.000000 0.000000 1.000000
vn 0.000000 0.000000 1.000000
vn 0.000000 0.000000 1.000000
vn 0.000000 0.000000 1.000000
vn 0.000000 0.000000 1.000000
vn 0.000000 0.000000 1.000000
vn 0.000000 0.000000 1.000000
vn 0.000000 0.000000 1.000000
vn 0.000000 0.000000 1.000000
vn 0.000000 0.000000 1.000000
vn 0.000000 0.000000 1.000000
vn 0.000000 0.000000 1.000000
vn 0.000000 0.000000 1.000000
vn 0.000000 0.000000 1.000000
vn 0.000000 0.000000 1.000000
vn 0.000000 0.000000 1.000000
vn 0.000000 0.000000 1.000000
vn 0.000000 0.000000 1.000000
vn 0.000000 0.000000 1.000000
vn 0.000000 0.000000 1.000000
vn 0.000000 0.000000 1.000000
vn 0.000000 0.000000 1.000000
vn 0.000000 0.000000 1.000000
vn 0.000000 0.000000 1.000000
vn 0.000000 0.000000 1.000000
vn 0.000000 0.000000 1.000000
vn 0.000000 0.000000 1.000000
vn 0.000000 0.000000 1.000000
vn 0.000000 0.000000 1.000000
vn 0.000000 0.000000 1.000000
vn 0.000000 0.000000 1.000000
vn 0.000000 0.000000 1.000000
vn 0.000000 0.000000 1.000000
vn 0.000000 0.000000 1.000000
vn 0.000000 0.000000 1.000000
vn 0.000000 0.000000 1.000000
vn 0.000000 0.000000 1.000000
vn 0.000000 0.000000 1.000000
vn 0.000000 0.000000 1.000000
vn 0.000000 0.000000 1.000000
vn 0.000000 0.000000 1.000000
vn 0.000000 0.000000 1.000000
vn 0.000000 0.000000 1.000000
vn 0.000000 0.000000 1.000000
vn 0.000000 0.000000 1.000000
vn 0.000000 0.000000 1.000000
vn 0.000000 0.000000 1.000000
vn 0.000000 0.000000 1.000000
vn 0.000000 0.000000 1.000000
vn 0.000000 0.000000 1.000000
vn 0.000000 0.000000 1.000000
vn 0.000000 0.000000 1.000000
vn 0.000000 0.000000 1.000000
vn 0.000000 0.000000 1.000000
vn 0.000000 0.000000 1.000000
vn 0.000000 0.000000 1.000000
vn 0.000000 0.000000 1.000000
vn 0.000000 0.000000 1.000000
vn 0.000000 0.000000 1.000000
vn 0.000000 0.000000 1.000000
vn 0.000000 0.000000 1.000000
vn 0.000000 0.000000 1.000000
vn 0.000000 0.000000 1.000000
vn 0.000000 0.000000 1.000000
vn 0.000000 0.000000 1.000000
vn 0.000000 0.000000 1.000000
vn 0.000000 0.000000 1.000000
vn 0.000000 0.000000 1.000000
vn 0.000000 0.000000 1.000000
vn 0.000000 0.000000 1.000000
vn 0.000000 0.000000 1.000000
vn 0.000000 0.000000 1.000000
vn 0.000000 0.000000 1.000000
vn 0.000000 0.000000 1.000000
vn 0.000000 0.000000 1.000000
vn 0.000000 0.000000 1.000000
vn 0.000000 0.000000 1.000000
vn 0.000000 0.000000 1.000000
vn 0.000000 0.000000 1.000000
vn 0.000000 0.000000 1.000000
vn 0.000000 0.000000 1.000000
vn 0.000000 0.000000 1.000000
vn 0.000000 0.000000 1.000000
vn 0.000000 0.000000 1.000000
vn 0.000000 0.000000 1.000000
vn 0.000000 0.000000 1.000000
vn 0.000000 0.000000 1.000000
vn 0.000000 0.000000 1.000000
vn 0.000000 0.000000 1.000000
vn 0.000000 0.000000 1.000000
vn 0.000000 0.000000 1.000000
vn 0.000000 0.000000 1.000000
vn 0.000000 0.000000 1.000000
vn 0.000000 0.000000 1.000000
vn 0.000000 0.000000 1.000000
vn 0.000000 0.000000 1.000000
vn 0.000000 0.000000 1.000000
vn 0.000000 0.000000 1.000000
vn 0.000000 0.000000 1.000000
vn 0.000000 0.000000 1.000000
vn 0.000000 0.000000 1.000000
vn 0.000000 0.000000 1.000000
vn 0.000000 0.000000 1.000000
vn 0.000000 0.000000 1.000000
vn 0.000000 0.000000 1.000000
vn 0.000000 0.000000 1.000000
vn 0.000000 0.000000 1.000000
vn 0.000000 0.000000 1.000000
vn 0.000000 0.000000 1.000000
vn 0.000000 0.000000 1.000000
vn 0.000000 0.000000 1.000000
vn 0.000000 0.000000 1.000000
vn 0.000000 0.000000 1.000000
vn 0.000000 0.000000 1.000000
vn 0.000000 0.000000 1.000000
vn 0.000000 0.000000 1.000000
vn 0.000000 0.000000 1.000000
vn 0.999709 0.024120 -0.000000
vn 0.999709 0.024120 0.000000
vn 0.997262 0.073951 -0.000001
vn 0.997260 0.073975 -0.000000
vn 0.992336 0.123566 0.000000
vn 0.992339 0.123542 -0.000001
vn 0.984945 0.172868 0.000000
vn 0.984945 0.172868 -0.000000
vn 0.975101 0.221763 0.000000
vn 0.962840 0.270071 0.000000
vn 0.975101 0.221763 -0.000000
vn 0.962834 0.270094 -0.000001
vn 0.948174 0.317753 0.000000
vn 0.948181 0.317731 -0.000001
vn 0.931162 0.364605 -0.000001
vn 0.931154 0.364626 -0.000000
vn 0.911835 0.410556 -0.000001
vn 0.890225 0.455522 -0.000001
vn 0.911835 0.410556 -0.000001
vn 0.890225 0.455522 -0.000001
vn 0.866413 0.499327 0.000000
vn 0.866424 0.499309 -0.000001
vn 0.840453 0.541885 0.000000
vn 0.840453 0.541885 -0.000000
vn 0.812403 0.583097 0.000000
vn 0.812403 0.583097 -0.000000
vn 0.782310 0.622889 0.000000
vn 0.782310 0.622889 -0.000000
vn 0.750312 0.661084 0.000000
vn 0.750312 0.661084 -0.000000
vn 0.716418 0.697671 0.000000
vn 0.716418 0.697671 -0.000000
vn 0.680753 0.732513 -0.000001
vn 0.680741 0.732524 -0.000000
vn 0.643393 0.765536 -0.000001
vn 0.643393 0.765536 -0.000001
vn 0.604436 0.796654 -0.000001
vn 0.604424 0.796662 0.000000
vn 0.563968 0.825796 -0.000000
vn 0.563980 0.825789 -0.000001
vn 0.522105 0.852881 -0.000001
vn 0.522105 0.852881 -0.000001
vn 0.478937 0.877850 -0.000001
vn 0.478926 0.877855 0.000000
vn 0.434610 0.900619 -0.000001
vn 0.434601 0.900623 -0.000000
vn 0.389153 0.921173 0.000000
vn 0.389162 0.921169 -0.000000
vn 0.342749 0.939427 0.000000
vn 0.342749 0.939427 0.000000
vn 0.295515 0.955338 0.000000
vn 0.295515 0.955338 -0.000000
vn 0.247522 0.968882 0.000000
vn 0.247522 0.968882 -0.000000
vn 0.198919 0.980016 -0.000000
vn 0.198914 0.980017 -0.000000
vn 0.149806 0.988715 -0.000000
vn 0.149806 0.988715 -0.000000
vn 0.100360 0.994951 -0.000000
vn 0.100360 0.994951 -0.000000
vn 0.050650 0.998716 0.000000
vn 0.050651 0.998716 -0.000000
vn 0.000771 1.000000 0.000000
vn 0.000771 1.000000 -0.000000
vn -0.049061 0.998796 0.000000
vn -0.049060 0.998796 0.000000
vn -0.098795 0.995108 0.000000
vn -0.098795 0.995108 0.000000
vn -0.148239 0.988952 0.000000
vn -0.197372 0.980329 0.000000
vn -0.148239 0.988952 0.000000
vn -0.197376 0.980328 0.000000
vn -0.246027 0.969263 0.000000
vn -0.246027 0.969263 0.000000
vn -0.293977 0.955812 0.000000
vn -0.293971 0.955814 0.000000
vn -0.341294 0.939957 0.000000
vn -0.341302 0.939954 0.000000
vn -0.387719 0.921778 0.000000
vn -0.387710 0.921781 0.000000
vn -0.433163 0.901315 0.000001
vn -0.477572 0.878593 0.000001
vn -0.433163 0.901315 0.000001
vn -0.477582 0.878587 0.000000
vn -0.520758 0.853704 0.000000
vn -0.520758 0.853704 0.000000
vn -0.562665 0.826685 0.000000
vn -0.562676 0.826677 0.000001
vn -0.603176 0.797608 0.000001
vn -0.603188 0.797599 0.000000
vn -0.642187 0.766548 0.000000
vn -0.642187 0.766548 0.000000
vn -0.679579 0.733602 0.000000
vn -0.679591 0.733591 0.000001
vn -0.715312 0.698806 0.000001
vn -0.715324 0.698793 0.000000
vn -0.749262 0.662273 0.000000
vn -0.749262 0.662273 0.000000
vn -0.781336 0.624110 0.000000
vn -0.781336 0.624110 0.000000
vn -0.811485 0.584373 0.000000
vn -0.811474 0.584388 0.000001
vn -0.839604 0.543198 0.000001
vn -0.839593 0.543215 0.000000
vn -0.865636 0.500673 0.000000
vn -0.865636 0.500673 0.000000
vn -0.889507 0.456922 0.000000
vn -0.889507 0.456922 0.000000
vn -0.911183 0.412001 0.000000
vn -0.911183 0.412001 0.000000
vn -0.930589 0.366067 0.000000
vn -0.930589 0.366067 0.000000
vn -0.947676 0.319233 0.000000
vn -0.947676 0.319233 0.000000
vn -0.962406 0.271614 0.000000
vn -0.962413 0.271591 0.000001
vn -0.974749 0.223302 0.000001
vn -0.974749 0.223302 0.000001
vn -0.984673 0.174409 0.000001
vn -0.984673 0.174409 0.000001
vn -0.992140 0.125132 0.000000
vn -0.992143 0.125108 0.000001
vn -0.997145 0.075517 0.000001
vn -0.997143 0.075541 0.000000
vn -0.999669 0.025711 0.000000
vn -0.999670 0.025687 0.000001
vn 0.000000 0.000000 1.000000
vn 0.000000 0.000000 1.000000
vn 0.000000 0.000000 1.000000
vn 0.000000 0.000000 1.000000
vn 0.000000 0.000000 1.000000
vn 0.000000 0.000000 1.000000
vn 0.000000 0.000000 1.000000
vn 0.000000 0.000000 1.000000
vn 0.000000 0.000000 1.000000
vn 0.000000 0.000000 1.000000
vn 0.000000 0.000000 1.000000
vn 0.000000 0.000000 1.000000
vn 0.000000 0.000000 1.000000
vn 0.000000 0.000000 1.000000
vn 0.000000 0.000000 1.000000
vn 0.000000 0.000000 1.000000
vn 0.000000 0.000000 1.000000
vn 0.000000 0.000000 1.000000
vn 0.000000 0.000000 1.000000
vn 0.000000 0.000000 1.000000
vn 0.000000 0.000000 1.000000
vn 0.000000 0.000000 1.000000
vn 0.000000 0.000000 1.000000
vn 0.000000 0.000000 1.000000
vn 0.000000 0.000000 1.000000
vn 0.000000 0.000000 1.000000
vn 0.000000 0.000000 1.000000
vn 0.000000 0.000000 1.000000
vn 0.000000 0.000000 1.000000
vn 0.000000 0.000000 1.000000
vn 0.000000 0.000000 1.000000
vn 0.000000 0.000000 1.000000
vn 0.000000 0.000000 1.000000
vn 0.000000 0.000000 1.000000
vn 0.000000 0.000000 1.000000
vn 0.000000 0.000000 1.000000
vn 0.000000 0.000000 1.000000
vn 0.000000 0.000000 1.000000
vn 0.000000 0.000000 1.000000
vn 0.000000 0.000000 1.000000
vn 0.000000 0.000000 1.000000
vn 0.000000 0.000000 1.000000
vn 0.000000 0.000000 1.000000
vn 0.000000 0.000000 1.000000
vn 0.000000 0.000000 1.000000
vn 0.000000 0.000000 1.000000
vn 0.000000 0.000000 1.000000
vn 0.000000 0.000000 1.000000
vn 0.000000 0.000000 1.000000
vn 0.000000 0.000000 1.000000
vn 0.000000 0.000000 1.000000
vn 0.000000 0.000000 1.000000
vn 0.000000 0.000000 1.000000
vn 0.000000 0.000000 1.000000
vn 0.000000 0.000000 1.000000
vn 0.000000 0.000000 1.000000
vn 0.000000 0.000000 1.000000
vn 0.000000 0.000000 1.000000
vn 0.000000 0.000000 1.000000
vn 0.000000 0.000000 1.000000
vn 0.000000 0.000000 1.000000
vn 0.000000 0.000000 1.000000
vn 0.000000 0.000000 1.000000
vn 0.000000 0.000000 1.000000
vn 0.000000 0.000000 1.000000
vn 0.000000 0.000000 1.000000
vn 0.000000 0.000000 1.000000
vn 0.000000 0.000000 1.000000
vn 0.000000 0.000000 1.000000
vn 0.000000 0.000000 1.000000
vn 0.000000 0.000000 1.000000
vn 0.000000 0.000000 1.000000
vn 0.000000 0.000000 1.000000
vn 0.000000 0.000000 1.000000
vn 0.000000 0.000000 1.000000
vn 0.000000 0.000000 1.000000
vn 0.000000 0.000000 1.000000
vn 0.000000 0.000000 1.000000
vn 0.000000 0.000000 1.000000
vn 0.000000 0.000000 1.000000
vn 0.000000 0.000000 1.000000
vn 0.000000 0.000000 1.000000
vn 0.000000 0.000000 1.000000
vn 0.000000 0.000000 1.000000
vn 0.000000 0.000000 1.000000
vn 0.000000 0.000000 1.000000
vn 0.000000 0.000000 1.000000
vn 0.000000 0.000000 1.000000
vn 0.000000 0.000000 1.000000
vn 0.000000 0.000000 1.000000
vn 0.000000 0.000000 1.000000
vn 0.000000 0.000000 1.000000
vn 0.000000 0.000000 1.000000
vn 0.000000 0.000000 1.000000
vn 0.000000 0.000000 1.000000
vn 0.000000 0.000000 1.000000
vn 0.000000 0.000000 1.000000
vn 0.000000 0.000000 1.000000
vn 0.000000 0.000000 1.000000
vn 0.000000 0.000000 1.000000
vn 0.000000 0.000000 1.000000
vn 0.000000 0.000000 1.000000
vn 0.000000 0.000000 1.000000
vn 0.000000 0.000000 1.000000
vn 0.000000 0.000000 1.000000
vn 0.000000 0.000000 1.000000
vn 0.000000 0.000000 1.000000
vn 0.000000 0.000000 1.000000
vn 0.000000 0.000000 1.000000
vn 0.000000 0.000000 1.000000
vn 0.000000 0.000000 1.000000
vn 0.000000 0.000000 1.000000
vn 0.000000 0.000000 1.000000
vn 0.000000 0.000000 1.000000
vn 0.000000 0.000000 1.000000
vn 0.000000 0.000000 1.000000
vn 0.000000 0.000000 1.000000
vn 0.000000 0.000000 1.000000
vn 0.000000 0.000000 1.000000
vn 0.000000 0.000000 1.000000
vn 0.000000 0.000000 1.000000
vn 0.000000 0.000000 1.000000
vn 0.000000 0.000000 1.000000
vn 0.000000 0.000000 1.000000
vn 0.000000 0.000000 1.000000
vn 0.000000 0.000000 1.000000
vn 0.000000 0.000000 1.000000
vn 0.000000 0.000000 1.000000
vn 0.000000 0.000000 1.000000
vn 0.000000 0.000000 1.000000
vn 0.000000 0.000000 1.000000
vn 0.000000 0.000000 1.000000
vn 0.000000 0.000000 1.000000
vn 0.000000 0.000000 1.000000
vn 0.000000 0.000000 1.000000
vn 0.000000 0.000000 1.000000
vn 0.000000 0.000000 1.000000
vn 0.000000 0.000000 1.000000
vn 0.000000 0.000000 1.000000
vn 0.000000 0.000000 1.000000
vn 0.000000 0.000000 1.000000
vn 0.000000 0.000000 1.000000
vn 0.000000 0.000000 1.000000
vn 0.000000 0.000000 1.000000
vn 0.000000 0.000000 1.000000
vn 0.000000 0.000000 1.000000
vn 0.000000 0.000000 1.000000
vn 0.000000 0.000000 1.000000
vn 0.000000 0.000000 1.000000
vn 0.000000 0.000000 1.000000
vn 0.000000 0.000000 1.000000
vn 0.000000 0.000000 1.000000
vn 0.000000 0.000000 1.000000
vn 0.000000 0.000000 1.000000
vn 0.000000 0.000000 1.000000
vn 0.000000 0.000000 1.000000
vn 0.000000 0.000000 1.000000
vn 0.000000 0.000000 1.000000
vn 0.000000 0.000000 1.000000
vn 0.000000 0.000000 1.000000
vn 0.000000 0.000000 1.000000
vn 0.000000 0.000000 1.000000
vn 0.000000 0.000000 1.000000
vn 0.000000 0.000000 1.000000
vn 0.000000 0.000000 1.000000
vn 0.000000 0.000000 1.000000
vn 0.000000 0.000000 1.000000
vn 0.000000 0.000000 1.000000
vn 0.000000 0.000000 1.000000
vn 0.000000 0.000000 1.000000
vn 0.000000 0.000000 1.000000
vn 0.000000 0.000000 1.000000
vn 0.000000 0.000000 1.000000
vn 0.000000 0.000000 1.000000
vn 0.000000 0.000000 1.000000
vn 0.000000 0.000000 1.000000
vn 0.000000 0.000000 1.000000
vn 0.000000 0.000000 1.000000
vn 0.000000 0.000000 1.000000
vn 0.000000 0.000000 1.000000
vn 0.000000 0.000000 1.000000
vn 0.000000 0.000000 1.000000
vn 0.000000 0.000000 1.000000
vn 0.000000 0.000000 1.000000
vn 0.000000 -0.000000 1.000000
vn 0.000000 -0.000000 1.000000
vn 0.000000 -0.000000 1.000000
vn 0.000000 -0.000000 1.000000
vn 0.000000 -0.000000 1.000000
vn 0.000000 -0.000000 1.000000
vn 0.000000 -0.000000 1.000000
vn 0.000000 -0.000000 1.000000
vn -0.999708 -0.024156 0.000001
vn -0.999708 -0.024156 0.000001
vn -0.997266 -0.073891 0.000000
vn -0.997263 -0.073932 0.000001
vn -0.992332 -0.123598 0.000000
vn -0.992332 -0.123598 -0.000000
vn -0.984942 -0.172882 0.000000
vn -0.984942 -0.172882 -0.000000
vn -0.975110 -0.221723 0.000000
vn -0.962828 -0.270116 0.000000
vn -0.975110 -0.221723 -0.000000
vn -0.962838 -0.270078 0.000001
vn -0.948193 -0.317696 0.000000
vn -0.948180 -0.317733 0.000001
vn -0.931145 -0.364649 0.000001
vn -0.931159 -0.364613 -0.000000
vn -0.911832 -0.410563 0.000000
vn -0.890227 -0.455518 0.000000
vn -0.911817 -0.410597 0.000001
vn -0.890243 -0.455486 0.000001
vn -0.866422 -0.499313 0.000001
vn -0.866440 -0.499282 0.000000
vn -0.840434 -0.541914 -0.000000
vn -0.840434 -0.541914 0.000000
vn -0.812408 -0.583089 -0.000000
vn -0.812408 -0.583089 0.000000
vn -0.782308 -0.622892 -0.000000
vn -0.782308 -0.622892 0.000000
vn -0.750315 -0.661080 0.000001
vn -0.750335 -0.661057 -0.000000
vn -0.716389 -0.697701 0.000001
vn -0.716389 -0.697701 0.000001
vn -0.680786 -0.732482 0.000001
vn -0.680786 -0.732482 0.000001
vn -0.643378 -0.765549 0.000000
vn -0.643358 -0.765566 0.000001
vn -0.604436 -0.796653 0.000001
vn -0.604456 -0.796638 -0.000000
vn -0.563968 -0.825796 0.000001
vn -0.563968 -0.825796 0.000001
vn -0.522090 -0.852890 0.000001
vn -0.522090 -0.852890 0.000001
vn -0.478949 -0.877843 0.000001
vn -0.478949 -0.877843 0.000001
vn -0.434602 -0.900623 0.000000
vn -0.434586 -0.900630 0.000001
vn -0.389127 -0.921184 0.000000
vn -0.342765 -0.939421 0.000000
vn -0.389142 -0.921178 -0.000000
vn -0.342752 -0.939426 0.000000
vn -0.295539 -0.955331 0.000000
vn -0.295539 -0.955331 -0.000000
vn -0.247496 -0.968889 0.000000
vn -0.247505 -0.968886 -0.000000
vn -0.198925 -0.980015 0.000000
vn -0.198925 -0.980015 0.000000
vn -0.149825 -0.988713 0.000000
vn -0.149819 -0.988714 0.000000
vn -0.100376 -0.994950 0.000000
vn -0.100376 -0.994950 -0.000000
vn -0.050597 -0.998719 0.000000
vn -0.050597 -0.998719 -0.000000
vn -0.000775 -1.000000 0.000000
vn -0.000775 -1.000000 -0.000000
vn 0.049046 -0.998797 0.000000
vn 0.049046 -0.998797 0.000000
vn 0.098744 -0.995113 -0.000000
vn 0.098748 -0.995112 0.000000
vn 0.148273 -0.988947 -0.000000
vn 0.197371 -0.980329 -0.000000
vn 0.148273 -0.988947 -0.000000
vn 0.197371 -0.980329 -0.000000
vn 0.246029 -0.969263 -0.000000
vn 0.246038 -0.969260 0.000000
vn 0.293985 -0.955810 0.000000
vn 0.293985 -0.955810 0.000000
vn 0.341297 -0.939955 0.000000
vn 0.341284 -0.939960 -0.000000
vn 0.387661 -0.921802 -0.000000
vn 0.387676 -0.921796 0.000000
vn 0.433205 -0.901296 0.000000
vn 0.433205 -0.901296 0.000000
vn 0.477571 -0.878593 0.000000
vn 0.477554 -0.878603 -0.000001
vn 0.520776 -0.853693 -0.000001
vn 0.520776 -0.853693 -0.000001
vn 0.562659 -0.826689 -0.000001
vn 0.562659 -0.826689 -0.000001
vn 0.603175 -0.797609 -0.000001
vn 0.603155 -0.797624 0.000000
vn 0.642205 -0.766533 0.000000
vn 0.642185 -0.766550 -0.000001
vn 0.679599 -0.733584 -0.000001
vn 0.679599 -0.733584 -0.000001
vn 0.715321 -0.698796 -0.000001
vn 0.715301 -0.698817 0.000000
vn 0.749264 -0.662272 0.000000
vn 0.749264 -0.662272 0.000000
vn 0.781330 -0.624118 0.000000
vn 0.781330 -0.624118 0.000000
vn 0.811483 -0.584376 -0.000001
vn 0.811503 -0.584349 0.000000
vn 0.839587 -0.543226 -0.000001
vn 0.839587 -0.543226 -0.000001
vn 0.865645 -0.500658 -0.000001
vn 0.865645 -0.500658 -0.000001
vn 0.889511 -0.456915 -0.000001
vn 0.911186 -0.411994 -0.000001
vn 0.889511 -0.456915 -0.000001
vn 0.911171 -0.412028 0.000000
vn 0.930583 -0.366080 0.000000
vn 0.930583 -0.366080 0.000000
vn 0.947687 -0.319201 0.000000
vn 0.962404 -0.271621 0.000000
vn 0.947687 -0.319201 0.000000
vn 0.962404 -0.271621 0.000000
vn 0.974753 -0.223286 -0.000001
vn 0.974762 -0.223247 0.000000
vn 0.984670 -0.174428 -0.000001
vn 0.984670 -0.174428 -0.000001
vn 0.992139 -0.125145 0.000000
vn 0.992133 -0.125185 -0.000001
vn 0.997147 -0.075486 0.000000
vn 0.997147 -0.075486 0.000000
vn 0.999670 -0.025706 0.000000
vn 0.999670 -0.025706 0.000000
vn 0.999708 0.024156 0.000000
vn 0.999709 0.024115 -0.000001
vn 0.997266 0.073894 -0.000001
vn 0.997263 0.073935 0.000000
vn 0.992333 0.123593 -0.000000
vn 0.992333 0.123593 0.000000
vn 0.984942 0.172882 0.000000
vn 0.984942 0.172882 0.000000
vn 0.975110 0.221723 0.000000
vn 0.975110 0.221723 0.000000
vn 0.962828 0.270116 -0.000000
vn 0.962828 0.270116 0.000000
vn 0.948180 0.317733 0.000000
vn 0.948193 0.317696 -0.000001
vn 0.931154 0.364627 -0.000001
vn 0.931154 0.364627 -0.000001
vn 0.911817 0.410597 -0.000001
vn 0.911832 0.410563 0.000000
vn 0.890227 0.455518 -0.000000
vn 0.890227 0.455518 0.000000
vn 0.866440 0.499282 -0.000000
vn 0.866440 0.499282 0.000000
vn 0.840446 0.541895 0.000000
vn 0.840446 0.541895 0.000000
vn 0.812408 0.583089 0.000000
vn 0.812408 0.583089 0.000000
vn 0.782308 0.622892 0.000000
vn 0.782308 0.622892 0.000000
vn 0.750297 0.661101 0.000000
vn 0.750318 0.661078 -0.000001
vn 0.716409 0.697681 -0.000001
vn 0.716389 0.697702 0.000000
vn 0.680742 0.732523 0.000000
vn 0.680742 0.732523 0.000000
vn 0.643426 0.765509 0.000000
vn 0.643426 0.765509 0.000000
vn 0.604436 0.796653 0.000000
vn 0.604456 0.796638 -0.000001
vn 0.563894 0.825847 0.000000
vn 0.563913 0.825834 -0.000001
vn 0.522150 0.852854 -0.000000
vn 0.522150 0.852854 0.000000
vn 0.478967 0.877833 -0.000001
vn 0.434553 0.900646 -0.000001
vn 0.478949 0.877843 0.000000
vn 0.434569 0.900639 0.000000
vn 0.389177 0.921163 -0.000000
vn 0.342752 0.939426 -0.000000
vn 0.389162 0.921169 0.000000
vn 0.342765 0.939421 0.000000
vn 0.295528 0.955334 0.000000
vn 0.295539 0.955331 -0.000000
vn 0.247467 0.968896 -0.000000
vn 0.247467 0.968896 -0.000000
vn 0.198956 0.980008 -0.000000
vn 0.198964 0.980007 0.000000
vn 0.149785 0.988719 0.000000
vn 0.149785 0.988719 0.000000
vn 0.100336 0.994954 -0.000000
vn 0.100336 0.994954 0.000000
vn 0.050678 0.998715 0.000000
vn 0.050678 0.998715 0.000000
vn 0.000775 1.000000 0.000000
vn 0.000775 1.000000 0.000000
vn -0.049087 0.998795 0.000000
vn -0.049087 0.998795 0.000000
vn -0.098785 0.995109 0.000000
vn -0.098785 0.995109 0.000000
vn -0.148239 0.988952 0.000000
vn -0.148233 0.988953 0.000000
vn -0.197411 0.980321 0.000000
vn -0.245952 0.969282 0.000000
vn -0.197411 0.980321 0.000000
vn -0.245962 0.969280 0.000000
vn -0.294023 0.955798 0.000000
vn -0.341261 0.939968 0.000000
vn -0.294023 0.955798 0.000000
vn -0.341248 0.939973 0.000000
vn -0.387730 0.921773 0.000000
vn -0.433138 0.901327 0.000000
vn -0.387745 0.921767 0.000000
vn -0.433122 0.901335 0.000001
vn -0.477571 0.878593 0.000001
vn -0.477571 0.878593 0.000001
vn -0.520806 0.853675 0.000001
vn -0.520806 0.853675 0.000001
vn -0.562631 0.826708 0.000001
vn -0.603181 0.797604 0.000001
vn -0.562631 0.826708 0.000001
vn -0.603201 0.797589 0.000000
vn -0.642205 0.766533 0.000001
vn -0.642185 0.766550 0.000000
vn -0.679599 0.733584 0.000001
vn -0.715301 0.698817 0.000001
vn -0.679599 0.733584 0.000001
vn -0.715301 0.698817 0.000001
vn -0.749266 0.662269 0.000001
vn -0.749246 0.662292 0.000000
vn -0.781330 0.624118 0.000000
vn -0.781330 0.624118 0.000000
vn -0.811483 0.584376 0.000000
vn -0.811503 0.584349 0.000001
vn -0.839580 0.543236 0.000001
vn -0.839599 0.543207 0.000000
vn -0.865645 0.500658 0.000000
vn -0.865663 0.500628 0.000001
vn -0.889511 0.456915 0.000001
vn -0.889511 0.456915 0.000001
vn -0.911171 0.412028 0.000000
vn -0.911186 0.411994 0.000001
vn -0.930578 0.366094 0.000000
vn -0.930578 0.366094 0.000000
vn -0.947687 0.319201 0.000001
vn -0.947675 0.319237 0.000000
vn -0.962404 0.271621 0.000000
vn -0.974755 0.223277 0.000000
vn -0.962415 0.271583 0.000001
vn -0.974755 0.223277 0.000000
vn -0.984669 0.174435 0.000000
vn -0.984669 0.174435 0.000000
vn -0.992139 0.125139 0.000000
vn -0.992139 0.125139 0.000000
vn -0.997147 0.075489 0.000000
vn -0.997147 0.075489 0.000000
vn -0.999670 0.025706 0.000001
vn -0.999668 0.025747 0.000000
vn -0.999708 -0.024156 0.000000
vn -0.999709 -0.024115 0.000001
vn -0.997263 -0.073935 0.000001
vn -0.997263 -0.073935 0.000001
vn -0.992333 -0.123593 0.000001
vn -0.992333 -0.123592 0.000001
vn -0.984942 -0.172883 0.000001
vn -0.984942 -0.172883 0.000001
vn -0.975109 -0.221726 0.000001
vn -0.962828 -0.270115 0.000001
vn -0.975109 -0.221726 0.000001
vn -0.962839 -0.270077 0.000000
vn -0.948192 -0.317699 0.000001
vn -0.948179 -0.317735 0.000000
vn -0.931144 -0.364652 0.000000
vn -0.931158 -0.364616 0.000001
vn -0.911832 -0.410563 0.000000
vn -0.890224 -0.455524 0.000000
vn -0.911832 -0.410563 0.000000
vn -0.890224 -0.455524 0.000000
vn -0.866440 -0.499281 0.000000
vn -0.866440 -0.499281 0.000000
vn -0.840442 -0.541901 0.000000
vn -0.840442 -0.541901 0.000000
vn -0.812390 -0.583114 0.000000
vn -0.812410 -0.583087 0.000001
vn -0.782308 -0.622891 0.000001
vn -0.782308 -0.622891 0.000001
vn -0.750303 -0.661094 0.000000
vn -0.750323 -0.661071 0.000001
vn -0.716405 -0.697684 0.000000
vn -0.716405 -0.697684 0.000000
vn -0.680758 -0.732508 0.000000
vn -0.680758 -0.732508 0.000000
vn -0.643405 -0.765526 0.000001
vn -0.643385 -0.765543 0.000000
vn -0.604419 -0.796666 0.000000
vn -0.604439 -0.796651 0.000001
vn -0.563959 -0.825803 0.000000
vn -0.563959 -0.825803 0.000000
vn -0.522112 -0.852877 0.000000
vn -0.522112 -0.852877 0.000000
vn -0.478946 -0.877844 0.000000
vn -0.478946 -0.877844 0.000000
vn -0.434600 -0.900624 0.000001
vn -0.434584 -0.900631 0.000000
vn -0.389144 -0.921177 0.000000
vn -0.342776 -0.939417 0.000000
vn -0.389158 -0.921171 0.000000
vn -0.342776 -0.939417 0.000000
vn -0.295510 -0.955340 0.000000
vn -0.295499 -0.955343 0.000000
vn -0.247503 -0.968887 0.000000
vn -0.247513 -0.968885 0.000000
vn -0.198927 -0.980014 0.000000
vn -0.198927 -0.980014 0.000000
vn -0.149815 -0.988714 0.000000
vn -0.149815 -0.988714 0.000000
vn -0.100352 -0.994952 0.000000
vn -0.100352 -0.994952 0.000000
vn -0.050633 -0.998717 0.000000
vn -0.050633 -0.998717 0.000000
vn -0.000787 -1.000000 0.000000
vn -0.000787 -1.000000 0.000000
vn 0.049060 -0.998796 0.000000
vn 0.049060 -0.998796 0.000000
vn 0.098786 -0.995109 0.000000
vn 0.098786 -0.995109 0.000000
vn 0.148258 -0.988949 0.000000
vn 0.197381 -0.980327 0.000000
vn 0.148258 -0.988949 0.000000
vn 0.197381 -0.980327 0.000000
vn 0.245983 -0.969274 0.000000
vn 0.245993 -0.969272 -0.000000
vn 0.294011 -0.955802 -0.000000
vn 0.293999 -0.955806 0.000000
vn 0.341287 -0.939959 0.000000
vn 0.341287 -0.939959 0.000000
vn 0.387708 -0.921782 0.000000
vn 0.387708 -0.921782 0.000000
vn 0.433162 -0.901316 0.000000
vn 0.433178 -0.901309 -0.000001
vn 0.477572 -0.878593 -0.000001
vn 0.477555 -0.878602 0.000000
vn 0.520772 -0.853696 0.000000
vn 0.520772 -0.853696 0.000000
vn 0.562654 -0.826692 0.000000
vn 0.562654 -0.826692 0.000000
vn 0.603190 -0.797597 0.000000
vn 0.603171 -0.797612 -0.000001
vn 0.642195 -0.766542 -0.000001
vn 0.642174 -0.766559 0.000000
vn 0.679609 -0.733575 0.000000
vn 0.679609 -0.733575 0.000000
vn 0.715319 -0.698798 0.000000
vn 0.715299 -0.698819 -0.000001
vn 0.749260 -0.662276 0.000000
vn 0.749280 -0.662253 -0.000001
vn 0.781330 -0.624118 0.000000
vn 0.781330 -0.624118 0.000000
vn 0.811478 -0.584384 0.000000
vn 0.811478 -0.584384 0.000000
vn 0.839596 -0.543211 0.000000
vn 0.839596 -0.543211 0.000000
vn 0.865643 -0.500662 0.000000
vn 0.865643 -0.500662 0.000000
vn 0.889511 -0.456914 0.000000
vn 0.911187 -0.411993 0.000000
vn 0.889511 -0.456914 0.000000
vn 0.911172 -0.412026 -0.000001
vn 0.930582 -0.366085 -0.000001
vn 0.930582 -0.366085 -0.000001
vn 0.947685 -0.319206 -0.000001
vn 0.962403 -0.271625 -0.000001
vn 0.947685 -0.319207 -0.000001
vn 0.962414 -0.271587 0.000000
vn 0.974755 -0.223276 0.000000
vn 0.974755 -0.223276 0.000000
vn 0.984669 -0.174433 0.000000
vn 0.984669 -0.174433 0.000000
vn 0.992139 -0.125143 0.000000
vn 0.992139 -0.125143 0.000000
vn 0.997144 -0.075527 0.000000
vn 0.997147 -0.075486 -0.000001
vn 0.999670 -0.025706 -0.000001
vn 0.999670 -0.025706 -0.000001
vn 0.999708 0.024156 -0.000001
vn 0.999709 0.024115 0.000000
vn 0.997263 0.073935 0.000000
vn 0.997263 0.073935 -0.000000
vn 0.992333 0.123592 -0.000000
vn 0.992333 0.123592 -0.000000
vn 0.984942 0.172883 0.000000
vn 0.984942 0.172883 0.000000
vn 0.975109 0.221726 0.000000
vn 0.975109 0.221726 -0.000000
vn 0.962828 0.270115 -0.000000
vn 0.962839 0.270077 -0.000001
vn 0.948179 0.317735 -0.000001
vn 0.948192 0.317699 -0.000000
vn 0.931158 0.364616 0.000000
vn 0.931158 0.364616 -0.000000
vn 0.911817 0.410597 -0.000000
vn 0.911832 0.410563 -0.000001
vn 0.890224 0.455524 -0.000001
vn 0.890224 0.455524 -0.000001
vn 0.866440 0.499281 -0.000001
vn 0.866440 0.499281 -0.000001
vn 0.840442 0.541901 -0.000001
vn 0.840442 0.541901 -0.000001
vn 0.812390 0.583114 -0.000001
vn 0.812410 0.583087 -0.000000
vn 0.782308 0.622891 0.000000
vn 0.782308 0.622891 -0.000000
vn 0.750323 0.661071 0.000000
vn 0.750323 0.661071 -0.000000
vn 0.716405 0.697684 0.000000
vn 0.716385 0.697705 -0.000001
vn 0.680758 0.732508 -0.000001
vn 0.680758 0.732508 -0.000001
vn 0.643385 0.765543 -0.000001
vn 0.643405 0.765526 -0.000000
vn 0.604439 0.796651 0.000000
vn 0.604439 0.796651 -0.000000
vn 0.563940 0.825816 -0.000001
vn 0.563959 0.825803 0.000000
vn 0.522112 0.852877 -0.000001
vn 0.522112 0.852877 -0.000001
vn 0.478964 0.877835 -0.000000
vn 0.434584 0.900631 -0.000000
vn 0.478946 0.877844 -0.000001
vn 0.434584 0.900631 -0.000000
vn 0.389158 0.921171 -0.000000
vn 0.342763 0.939422 -0.000000
vn 0.389158 0.921171 0.000000
vn 0.342776 0.939417 -0.000000
vn 0.295499 0.955343 -0.000000
vn 0.295510 0.955340 -0.000000
vn 0.247513 0.968885 0.000000
vn 0.247513 0.968885 -0.000000
vn 0.198919 0.980016 -0.000000
vn 0.198927 0.980014 -0.000000
vn 0.149815 0.988714 -0.000000
vn 0.149815 0.988714 -0.000000
vn 0.100352 0.994952 -0.000000
vn 0.100352 0.994952 -0.000000
vn 0.050633 0.998717 -0.000000
vn 0.050633 0.998717 -0.000000
vn 0.000787 1.000000 -0.000000
vn 0.000787 1.000000 -0.000000
vn -0.049060 0.998796 0.000000
vn -0.049060 0.998796 0.000000
vn -0.098786 0.995109 0.000000
vn -0.098786 0.995109 0.000000
vn -0.148264 0.988948 0.000000
vn -0.148258 0.988949 0.000000
vn -0.197381 0.980327 0.000000
vn -0.245983 0.969274 0.000000
vn -0.197381 0.980327 0.000000
vn -0.245983 0.969274 0.000000
vn -0.293999 0.955806 0.000000
vn -0.341300 0.939955 0.000000
vn -0.294011 0.955802 0.000000
vn -0.341287 0.939959 0.000000
vn -0.387694 0.921788 0.000000
vn -0.433178 0.901309 0.000001
vn -0.387708 0.921782 0.000000
vn -0.433162 0.901316 0.000000
vn -0.477572 0.878593 0.000000
vn -0.477572 0.878593 0.000000
vn -0.520772 0.853696 0.000000
vn -0.520772 0.853696 0.000000
vn -0.562654 0.826692 0.000000
vn -0.603171 0.797612 0.000000
vn -0.562654 0.826692 0.000000
vn -0.603171 0.797612 0.000000
vn -0.642195 0.766542 0.000000
vn -0.642195 0.766542 0.000000
vn -0.679609 0.733575 0.000000
vn -0.715299 0.698819 0.000000
vn -0.679609 0.733575 0.000000
vn -0.715299 0.698819 0.000000
vn -0.749280 0.662253 0.000000
vn -0.749260 0.662276 0.000001
vn -0.781330 0.624118 0.000001
vn -0.781330 0.624118 0.000001
vn -0.811478 0.584384 0.000001
vn -0.811497 0.584357 0.000000
vn -0.839577 0.543240 0.000000
vn -0.839596 0.543211 0.000001
vn -0.865643 0.500662 0.000001
vn -0.865660 0.500632 0.000000
vn -0.889511 0.456914 0.000000
vn -0.889511 0.456914 0.000000
vn -0.911172 0.412026 0.000000
vn -0.911172 0.412026 0.000000
vn -0.930582 0.366085 0.000000
vn -0.930582 0.366085 0.000000
vn -0.947685 0.319207 0.000000
vn -0.947685 0.319207 0.000000
vn -0.962403 0.271625 0.000001
vn -0.974755 0.223276 0.000001
vn -0.962414 0.271587 0.000000
vn -0.974755 0.223276 0.000001
vn -0.984669 0.174433 0.000001
vn -0.984669 0.174433 0.000001
vn -0.992139 0.125143 0.000001
vn -0.992139 0.125143 0.000001
vn -0.997147 0.075486 0.000000
vn -0.997144 0.075527 0.000001
vn -0.999670 0.025706 0.000000
vn -0.999670 0.025706 0.000000
vn -0.999708 -0.024156 0.000001
vn -0.999709 -0.024115 0.000000
vn -0.997263 -0.073935 0.000000
vn -0.997263 -0.073935 -0.000000
vn -0.992333 -0.123593 0.000001
vn -0.992338 -0.123553 -0.000000
vn -0.984942 -0.172882 0.000000
vn -0.984936 -0.172922 0.000001
vn -0.975110 -0.221723 0.000000
vn -0.962828 -0.270116 0.000000
vn -0.975110 -0.221723 -0.000000
vn -0.962838 -0.270078 0.000001
vn -0.948193 -0.317696 0.000000
vn -0.948180 -0.317733 0.000001
vn -0.931154 -0.364627 0.000000
vn -0.931154 -0.364627 -0.000000
vn -0.911817 -0.410597 0.000001
vn -0.890227 -0.455518 0.000001
vn -0.911832 -0.410563 -0.000000
vn -0.890227 -0.455518 0.000001
vn -0.866440 -0.499282 0.000001
vn -0.866440 -0.499282 0.000001
vn -0.840446 -0.541895 0.000001
vn -0.840446 -0.541895 0.000001
vn -0.812389 -0.583116 0.000001
vn -0.812408 -0.583089 0.000000
vn -0.782308 -0.622892 -0.000000
vn -0.782308 -0.622892 0.000000
vn -0.750318 -0.661078 0.000000
vn -0.750318 -0.661078 -0.000000
vn -0.716389 -0.697702 0.000001
vn -0.716409 -0.697681 -0.000000
vn -0.680742 -0.732523 0.000001
vn -0.680742 -0.732523 0.000001
vn -0.643426 -0.765509 0.000000
vn -0.643405 -0.765526 0.000001
vn -0.604456 -0.796638 0.000000
vn -0.604456 -0.796638 -0.000000
vn -0.563894 -0.825847 0.000001
vn -0.563913 -0.825834 -0.000000
vn -0.522150 -0.852854 0.000001
vn -0.522150 -0.852854 0.000001
vn -0.478967 -0.877833 0.000000
vn -0.478949 -0.877843 0.000001
vn -0.434553 -0.900646 0.000000
vn -0.434553 -0.900646 -0.000000
vn -0.389177 -0.921163 0.000000
vn -0.342752 -0.939426 0.000000
vn -0.389177 -0.921163 -0.000000
vn -0.342765 -0.939421 0.000000
vn -0.295539 -0.955331 0.000000
vn -0.295528 -0.955334 0.000000
vn -0.247467 -0.968896 0.000000
vn -0.247467 -0.968896 -0.000000
vn -0.198956 -0.980008 0.000000
vn -0.198964 -0.980007 -0.000000
vn -0.149785 -0.988719 0.000000
vn -0.149785 -0.988719 0.000000
vn -0.100336 -0.994954 0.000000
vn -0.100336 -0.994954 0.000000
vn -0.050678 -0.998715 0.000000
vn -0.050678 -0.998715 0.000000
vn -0.000775 -1.000000 0.000000
vn -0.000775 -1.000000 0.000000
vn 0.049087 -0.998795 -0.000000
vn 0.049087 -0.998795 -0.000000
vn 0.098785 -0.995109 -0.000000
vn 0.098785 -0.995109 -0.000000
vn 0.148239 -0.988952 0.000000
vn 0.197411 -0.980321 0.000000
vn 0.148233 -0.988953 -0.000000
vn 0.197411 -0.980321 0.000000
vn 0.245952 -0.969282 0.000000
vn 0.245952 -0.969282 0.000000
vn 0.294034 -0.955795 0.000000
vn 0.294023 -0.955798 -0.000000
vn 0.341248 -0.939973 -0.000000
vn 0.341261 -0.939968 0.000000
vn 0.387745 -0.921767 0.000000
vn 0.387730 -0.921773 -0.000000
vn 0.433122 -0.901335 -0.000001
vn 0.433138 -0.901327 0.000000
vn 0.477571 -0.878593 0.000000
vn 0.477571 -0.878593 0.000000
vn 0.520806 -0.853675 0.000000
vn 0.520806 -0.853675 0.000000
vn 0.562631 -0.826708 0.000000
vn 0.562631 -0.826708 0.000000
vn 0.603181 -0.797604 0.000000
vn 0.603181 -0.797604 0.000000
vn 0.642205 -0.766533 0.000000
vn 0.642205 -0.766533 0.000000
vn 0.679599 -0.733584 0.000000
vn 0.679599 -0.733584 0.000000
vn 0.715301 -0.698817 0.000000
vn 0.715301 -0.698817 0.000000
vn 0.749246 -0.662292 -0.000001
vn 0.749266 -0.662269 0.000000
vn 0.781330 -0.624118 -0.000001
vn 0.781330 -0.624118 -0.000001
vn 0.811503 -0.584349 0.000000
vn 0.811483 -0.584376 -0.000001
vn 0.839580 -0.543236 -0.000001
vn 0.839599 -0.543207 0.000000
vn 0.865663 -0.500628 0.000000
vn 0.865645 -0.500658 -0.000001
vn 0.889511 -0.456915 0.000000
vn 0.911171 -0.412028 0.000000
vn 0.889511 -0.456915 0.000000
vn 0.911171 -0.412028 0.000000
vn 0.930578 -0.366094 0.000000
vn 0.930578 -0.366094 0.000000
vn 0.947687 -0.319201 0.000000
vn 0.962404 -0.271621 0.000000
vn 0.947687 -0.319201 0.000000
vn 0.962415 -0.271583 -0.000001
vn 0.974755 -0.223277 -0.000001
vn 0.974755 -0.223277 -0.000001
vn 0.984669 -0.174435 -0.000001
vn 0.984669 -0.174435 -0.000001
vn 0.992139 -0.125139 -0.000001
vn 0.992139 -0.125139 -0.000001
vn 0.997144 -0.075529 -0.000001
vn 0.997147 -0.075489 0.000000
vn 0.999670 -0.025706 0.000000
vn 0.999670 -0.025706 0.000000
vn 0.999708 0.024156 0.000000
vn 0.999708 0.024156 0.000000
vn 0.997263 0.073932 0.000000
vn 0.997266 0.073891 -0.000001
vn 0.992332 0.123598 -0.000001
vn 0.992332 0.123598 -0.000001
vn 0.984942 0.172882 -0.000001
vn 0.984942 0.172882 -0.000001
vn 0.975110 0.221723 -0.000001
vn 0.975110 0.221723 -0.000001
vn 0.962828 0.270116 -0.000001
vn 0.962838 0.270078 0.000000
vn 0.948180 0.317733 0.000000
vn 0.948193 0.317696 -0.000001
vn 0.931159 0.364613 -0.000001
vn 0.931145 0.364649 0.000000
vn 0.911832 0.410563 -0.000000
vn 0.911832 0.410563 0.000000
vn 0.890227 0.455518 -0.000000
vn 0.890227 0.455518 0.000000
vn 0.866440 0.499282 -0.000000
vn 0.866440 0.499282 0.000000
vn 0.840434 0.541914 0.000000
vn 0.840434 0.541914 0.000000
vn 0.812389 0.583116 0.000000
vn 0.812408 0.583089 -0.000001
vn 0.782308 0.622892 -0.000001
vn 0.782308 0.622892 -0.000001
vn 0.750335 0.661057 -0.000001
vn 0.750315 0.661080 0.000000
vn 0.716389 0.697701 0.000000
vn 0.716389 0.697701 0.000000
vn 0.680786 0.732482 0.000000
vn 0.680786 0.732482 0.000000
vn 0.643358 0.765566 0.000000
vn 0.643378 0.765549 -0.000001
vn 0.604456 0.796638 -0.000001
vn 0.604436 0.796653 0.000000
vn 0.563968 0.825796 0.000000
vn 0.563968 0.825796 0.000000
vn 0.522090 0.852890 -0.000000
vn 0.522090 0.852890 0.000000
vn 0.478949 0.877843 0.000000
vn 0.434602 0.900623 -0.000000
vn 0.478949 0.877843 0.000000
vn 0.434586 0.900630 -0.000001
vn 0.389127 0.921184 0.000000
vn 0.342765 0.939421 -0.000000
vn 0.389142 0.921178 -0.000000
vn 0.342765 0.939421 0.000000
vn 0.295528 0.955334 0.000000
vn 0.295539 0.955331 -0.000000
vn 0.247505 0.968886 -0.000000
vn 0.247496 0.968889 0.000000
vn 0.198925 0.980015 -0.000000
vn 0.198925 0.980015 0.000000
vn 0.149825 0.988713 0.000000
vn 0.149825 0.988713 0.000000
vn 0.100376 0.994950 -0.000000
vn 0.100376 0.994950 0.000000
vn 0.050597 0.998719 0.000000
vn 0.050597 0.998719 0.000000
vn 0.000775 1.000000 0.000000
vn 0.000775 1.000000 0.000000
vn -0.049046 0.998797 0.000000
vn -0.049046 0.998797 0.000000
vn -0.098744 0.995113 0.000000
vn -0.098744 0.995113 0.000000
vn -0.148273 0.988947 0.000000
vn -0.148273 0.988947 0.000000
vn -0.197371 0.980329 0.000000
vn -0.246038 0.969260 0.000000
vn -0.197371 0.980329 0.000000
vn -0.246029 0.969263 0.000000
vn -0.293985 0.955810 0.000000
vn -0.341284 0.939960 0.000000
vn -0.293997 0.955806 0.000000
vn -0.341284 0.939960 0.000000
vn -0.387676 0.921796 0.000000
vn -0.433205 0.901296 0.000000
vn -0.387676 0.921796 0.000000
vn -0.433189 0.901303 0.000001
vn -0.477554 0.878603 0.000000
vn -0.477571 0.878593 0.000001
vn -0.520776 0.853693 0.000000
vn -0.520776 0.853693 0.000000
vn -0.562659 0.826689 0.000000
vn -0.603175 0.797609 0.000000
vn -0.562659 0.826689 0.000000
vn -0.603155 0.797624 0.000001
vn -0.642185 0.766550 0.000000
vn -0.642205 0.766533 0.000001
vn -0.679599 0.733584 0.000000
vn -0.715321 0.698796 0.000000
vn -0.679599 0.733584 0.000000
vn -0.715301 0.698817 0.000001
vn -0.749284 0.662249 0.000001
vn -0.749264 0.662272 0.000000
vn -0.781330 0.624118 0.000000
vn -0.781330 0.624118 0.000000
vn -0.811483 0.584376 0.000000
vn -0.811483 0.584376 0.000000
vn -0.839587 0.543226 0.000000
vn -0.839587 0.543226 0.000000
vn -0.865645 0.500658 0.000000
vn -0.865645 0.500658 0.000000
vn -0.889511 0.456915 0.000000
vn -0.889511 0.456915 0.000000
vn -0.911186 0.411994 0.000001
vn -0.911171 0.412028 0.000000
vn -0.930583 0.366080 0.000001
vn -0.930583 0.366080 0.000001
vn -0.947687 0.319201 0.000001
vn -0.947687 0.319201 0.000001
vn -0.962404 0.271621 0.000000
vn -0.974753 0.223286 0.000000
vn -0.962415 0.271583 0.000001
vn -0.974753 0.223286 0.000000
vn -0.984670 0.174428 0.000000
vn -0.984670 0.174428 0.000000
vn -0.992139 0.125145 0.000000
vn -0.992139 0.125145 0.000000
vn -0.997147 0.075486 0.000001
vn -0.997144 0.075526 0.000000
vn -0.999670 0.025706 0.000001
vn -0.999670 0.025706 0.000001
vn 0.000000 0.000000 -1.000000
vn 0.000000 0.000000 -1.000000
vn 0.000000 0.000000 -1.000000
vn 0.000000 0.000000 -1.000000
vn 0.000000 0.000000 -1.000000
vn 0.000000 0.000000 -1.000000
vn 0.000000 0.000000 -1.000000
vn 0.000000 0.000000 -1.000000
vn 0.000000 0.000000 -1.000000
vn 0.000000 0.000000 -1.000000
vn 0.000000 0.000000 -1.000000
vn 0.000000 0.000000 -1.000000
vn 0.000000 0.000000 -1.000000
vn 0.000000 0.000000 -1.000000
vn 0.000000 0.000000 -1.000000
vn 0.000000 0.000000 -1.000000
vn 0.000000 0.000000 -1.000000
vn 0.000000 0.000000 -1.000000
vn 0.000000 0.000000 -1.000000
vn 0.000000 0.000000 -1.000000
vn 0.000000 0.000000 -1.000000
vn 0.000000 0.000000 -1.000000
vn 0.000000 0.000000 -1.000000
vn 0.000000 0.000000 -1.000000
vn 0.000000 0.000000 -1.000000
vn 0.000000 0.000000 -1.000000
vn 0.000000 0.000000 -1.000000
vn 0.000000 -0.000000 -1.000000
vn 0.000000 0.000000 -1.000000
vn 0.000000 -0.000000 -1.000000
vn 0.000000 0.000000 -1.000000
vn 0.000000 0.000000 -1.000000
vn 0.000000 0.000000 -1.000000
vn 0.000000 -0.000000 -1.000000
vn 0.000000 -0.000000 -1.000000
vn 0.000000 -0.000000 -1.000000
vn 0.000000 0.000000 -1.000000
vn 0.000000 -0.000000 -1.000000
vn 0.000000 0.000000 -1.000000
vn 0.000000 0.000000 -1.000000
vn 0.000000 -0.000000 -1.000000
vn 0.000000 -0.000000 -1.000000
vn 0.000000 0.000000 -1.000000
vn 0.000000 0.000000 -1.000000
vn 0.000000 0.000000 -1.000000
vn 0.000000 0.000000 -1.000000
vn 0.000000 0.000000 -1.000000
vn 0.000000 -0.000000 -1.000000
vn 0.000000 -0.000000 -1.000000
vn 0.000000 -0.000000 -1.000000
vn 0.000000 0.000000 -1.000000
vn 0.000000 -0.000000 -1.000000
vn 0.000000 0.000000 -1.000000
vn 0.000000 0.000000 -1.000000
vn 0.000000 0.000000 -1.000000
vn 0.000000 -0.000000 -1.000000
vn 0.000000 -0.000000 -1.000000
vn 0.000000 0.000000 -1.000000
vn 0.000000 -0.000000 -1.000000
vn 0.000000 0.000000 -1.000000
vn 0.000000 0.000000 -1.000000
vn 0.000000 0.000000 -1.000000
vn 0.000000 0.000000 -1.000000
vn 0.000000 0.000000 -1.000000
vn 0.000000 -0.000000 -1.000000
vn 0.000000 -0.000000 -1.000000
vn 0.000000 0.000000 -1.000000
vn 0.000000 0.000000 -1.000000
vn 0.000000 -0.000000 -1.000000
vn 0.000000 -0.000000 -1.000000
vn 0.000000 -0.000000 -1.000000
vn 0.000000 -0.000000 -1.000000
vn 0.000000 0.000000 -1.000000
vn 0.000000 0.000000 -1.000000
vn 0.000000 0.000000 -1.000000
vn 0.000000 0.000000 -1.000000
vn 0.000000 -0.000000 -1.000000
vn 0.000000 -0.000000 -1.000000
vn 0.000000 0.000000 -1.000000
vn 0.000000 -0.000000 -1.000000
vn 0.000000 0.000000 -1.000000
vn 0.000000 0.000000 -1.000000
vn 0.000000 0.000000 -1.000000
vn 0.000000 0.000000 -1.000000
vn 0.000000 -0.000000 -1.000000
vn 0.000000 -0.000000 -1.000000
vn 0.000000 -0.000000 -1.000000
vn 0.000000 -0.000000 -1.000000
vn 0.000000 0.000000 -1.000000
vn 0.000000 0.000000 -1.000000
vn -0.000000 -0.000000 -1.000000
vn -0.000000 -0.000000 -1.000000
vn 0.000000 0.000000 -1.000000
vn -0.000000 -0.000000 -1.000000
vn -0.000000 -0.000000 -1.000000
vn 0.000000 -0.000000 -1.000000
vn 0.000000 0.000000 -1.000000
vn 0.000000 0.000000 -1.000000
vn 0.000000 0.000000 -1.000000
vn 0.000000 0.000000 -1.000000
vn 0.000000 0.000000 -1.000000
vn 0.000000 0.000000 -1.000000
vn -0.000000 -0.000000 -1.000000
vn -0.000000 -0.000000 -1.000000
vn 0.000000 0.000000 -1.000000
vn 0.000000 0.000000 -1.000000
vn -0.000000 -0.000000 -1.000000
vn -0.000000 -0.000000 -1.000000
vn -0.000000 -0.000000 -1.000000
vn 0.000000 0.000000 -1.000000
vn 0.000000 0.000000 -1.000000
vn 0.000000 0.000000 -1.000000
vn -0.000000 -0.000000 -1.000000
vn 0.000000 0.000000 -1.000000
vn 0.000000 -0.000000 -1.000000
vn -0.000000 -0.000000 -1.000000
vn 0.000000 -0.000000 -1.000000
vn -0.000000 -0.000000 -1.000000
vn -0.000000 -0.000000 -1.000000
vn 0.000000 -0.000000 -1.000000
vn 0.000000 0.000000 -1.000000
vn 0.000000 0.000000 -1.000000
vn 0.000000 0.000000 -1.000000
vn 0.000000 -0.000000 -1.000000
f 1//1 2//1 3//1
f 3//2 2//2 4//2
f 5//3 6//3 7//3
f 8//4 9//4 10//4
f 8//5 10//5 5//5
f 1//6 3//6 8//6
f 7//7 1//7 8//7
f 7//8 8//8 5//8
f 11//9 12//9 13//9
f 14//10 11//10 15//10
f 14//11 16//11 11//11
f 4//12 2//12 16//12
f 2//13 12//13 11//13
f 2//14 11//14 16//14
f 1//15 17//15 18//15
f 18//16 19//16 1//16
f 1//17 20//17 17//17
f 19//18 21//18 1//18
f 1//19 22//19 20//19
f 21//20 23//20 1//20
f 1//21 24//21 22//21
f 23//22 25//22 1//22
f 1//23 26//23 24//23
f 25//24 27//24 1//24
f 1//25 28//25 26//25
f 27//26 29//26 1//26
f 1//27 30//27 28//27
f 29//28 31//28 1//28
f 1//29 32//29 30//29
f 31//30 33//30 1//30
f 1//31 34//31 32//31
f 33//32 35//32 1//32
f 1//33 36//33 34//33
f 35//34 37//34 1//34
f 1//35 38//35 36//35
f 37//36 39//36 1//36
f 1//37 40//37 38//37
f 39//38 41//38 1//38
f 1//39 42//39 40//39
f 41//40 43//40 1//40
f 1//41 44//41 42//41
f 43//42 45//42 1//42
f 1//43 46//43 44//43
f 45//44 47//44 1//44
f 1//45 48//45 46//45
f 1//46 49//46 48//46
f 1//47 50//47 49//47
f 1//48 51//48 50//48
f 1//49 52//49 51//49
f 1//50 53//50 52//50
f 1//51 54//51 53//51
f 55//52 2//52 56//52
f 57//53 2//53 55//53
f 58//54 2//54 57//54
f 59//55 2//55 58//55
f 60//56 2//56 59//56
f 61//57 2//57 60//57
f 62//58 2//58 61//58
f 63//59 2//59 62//59
f 64//60 2//60 63//60
f 65//61 2//61 64//61
f 66//62 2//62 65//62
f 67//63 2//63 66//63
f 68//64 2//64 67//64
f 69//65 2//65 68//65
f 47//66 2//66 1//66
f 70//67 2//67 47//67
f 56//68 2//68 70//68
f 69//69 71//69 2//69
f 71//70 72//70 2//70
f 72//71 73//71 2//71
f 73//72 74//72 2//72
f 74//73 75//73 2//73
f 75//74 76//74 2//74
f 76//75 77//75 2//75
f 77//76 78//76 2//76
f 78//77 79//77 2//77
f 79//78 80//78 2//78
f 80//79 81//79 2//79
f 81//80 82//80 2//80
f 82//81 83//81 2//81
f 83//82 84//82 2//82
f 84//83 85//83 2//83
f 85//84 86//84 2//84
f 86//85 87//85 2//85
f 87//86 88//86 2//86
f 88//87 89//87 2//87
f 89//88 90//88 2//88
f 90//89 91//89 2//89
f 91//90 92//90 2//90
f 93//91 94//91 95//91
f 93//92 96//92 94//92
f 97//93 96//93 93//93
f 94//94 98//94 95//94
f 95//95 98//95 99//95
f 97//96 100//96 96//96
f 98//97 101//97 99//97
f 102//98 101//98 103//98
f 99//99 101//99 102//99
f 97//100 104//100 100//100
f 105//101 104//101 97//101
f 101//102 106//102 103//102
f 107//103 108//103 105//103
f 105//104 108//104 104//104
f 109//105 110//105 111//105
f 103//106 110//106 109//106
f 106//107 110//107 103//107
f 107//108 112//108 108//108
f 113//109 112//109 107//109
f 110//110 114//110 111//110
f 111//111 114//111 115//111
f 113//112 116//112 112//112
f 117//113 116//113 113//113
f 114//114 118//114 115//114
f 117//115 119//115 116//115
f 120//116 119//116 117//116
f 121//117 119//117 120//117
f 115//118 122//118 123//118
f 118//119 122//119 115//119
f 121//120 124//120 119//120
f 123//121 125//121 126//121
f 122//122 125//122 123//122
f 126//123 127//123 128//123
f 125//124 127//124 126//124
f 129//125 130//125 131//125
f 128//126 130//126 129//126
f 127//127 130//127 128//127
f 130//128 132//128 131//128
f 131//129 132//129 133//129
f 132//130 134//130 133//130
f 135//131 136//131 137//131
f 133//132 136//132 135//132
f 134//133 136//133 133//133
f 136//134 138//134 137//134
f 137//135 139//135 140//135
f 138//136 139//136 137//136
f 139//137 141//137 140//137
f 140//138 141//138 142//138
f 141//139 143//139 142//139
f 142//140 143//140 144//140
f 143//141 145//141 144//141
f 146//142 145//142 147//142
f 144//143 145//143 146//143
f 145//144 148//144 147//144
f 148//145 149//145 147//145
f 147//146 149//146 150//146
f 149//147 151//147 150//147
f 150//148 151//148 152//148
f 151//149 153//149 152//149
f 154//150 153//150 155//150
f 152//151 153//151 154//151
f 153//152 156//152 155//152
f 155//153 156//153 157//153
f 156//154 158//154 157//154
f 158//155 159//155 157//155
f 160//156 159//156 161//156
f 157//157 159//157 160//157
f 159//158 162//158 161//158
f 161//159 163//159 164//159
f 162//160 163//160 161//160
f 163//161 165//161 164//161
f 164//162 165//162 166//162
f 167//163 168//163 169//163
f 166//164 168//164 167//164
f 165//165 168//165 166//165
f 168//166 170//166 169//166
f 170//167 171//167 169//167
f 169//168 171//168 172//168
f 172//169 173//169 174//169
f 171//170 173//170 172//170
f 175//171 176//171 177//171
f 174//172 176//172 175//172
f 173//173 176//173 174//173
f 176//174 178//174 177//174
f 177//175 179//175 180//175
f 178//176 179//176 177//176
f 180//177 181//177 182//177
f 179//178 181//178 180//178
f 182//179 183//179 184//179
f 181//180 183//180 182//180
f 185//181 186//181 187//181
f 184//182 186//182 185//182
f 183//183 186//183 184//183
f 186//184 188//184 187//184
f 189//185 190//185 191//185
f 189//186 192//186 190//186
f 190//187 193//187 191//187
f 191//188 193//188 194//188
f 189//189 195//189 192//189
f 196//190 195//190 189//190
f 197//191 198//191 199//191
f 194//192 198//192 197//192
f 193//193 198//193 194//193
f 200//194 201//194 196//194
f 196//195 201//195 195//195
f 198//196 202//196 199//196
f 199//197 202//197 203//197
f 204//198 205//198 200//198
f 200//199 205//199 201//199
f 202//200 206//200 203//200
f 204//201 207//201 205//201
f 208//202 207//202 204//202
f 209//203 210//203 211//203
f 203//204 210//204 209//204
f 206//205 210//205 203//205
f 208//206 212//206 207//206
f 213//207 212//207 208//207
f 210//208 214//208 211//208
f 213//209 215//209 212//209
f 216//210 215//210 213//210
f 214//211 217//211 211//211
f 211//212 217//212 218//212
f 219//213 220//213 216//213
f 221//214 220//214 219//214
f 216//215 220//215 215//215
f 217//216 222//216 218//216
f 223//217 222//217 224//217
f 218//218 222//218 223//218
f 221//219 225//219 220//219
f 222//220 226//220 224//220
f 226//221 227//221 224//221
f 224//222 227//222 228//222
f 227//223 229//223 228//223
f 228//224 229//224 230//224
f 229//225 231//225 230//225
f 232//226 231//226 233//226
f 230//227 231//227 232//227
f 231//228 234//228 233//228
f 234//229 235//229 233//229
f 236//230 235//230 237//230
f 233//231 235//231 236//231
f 235//232 238//232 237//232
f 237//233 238//233 239//233
f 238//234 240//234 239//234
f 240//235 241//235 239//235
f 239//236 241//236 242//236
f 241//237 243//237 242//237
f 242//238 243//238 244//238
f 244//239 245//239 246//239
f 243//240 245//240 244//240
f 245//241 247//241 246//241
f 246//242 247//242 248//242
f 248//243 249//243 250//243
f 247//244 249//244 248//244
f 249//245 251//245 250//245
f 250//246 251//246 252//246
f 251//247 253//247 252//247
f 254//248 253//248 255//248
f 252//249 253//249 254//249
f 253//250 256//250 255//250
f 255//251 257//251 258//251
f 256//252 257//252 255//252
f 258//253 259//253 260//253
f 257//254 259//254 258//254
f 259//255 261//255 260//255
f 260//256 261//256 262//256
f 262//257 263//257 264//257
f 261//258 263//258 262//258
f 264//259 265//259 266//259
f 263//260 265//260 264//260
f 266//261 267//261 268//261
f 265//262 267//262 266//262
f 268//263 269//263 270//263
f 267//264 269//264 268//264
f 271//265 7//265 272//265
f 273//266 7//266 271//266
f 274//267 7//267 273//267
f 275//268 7//268 274//268
f 276//269 7//269 275//269
f 277//270 7//270 276//270
f 278//271 7//271 277//271
f 279//272 7//272 278//272
f 280//273 7//273 279//273
f 281//274 7//274 280//274
f 282//275 7//275 281//275
f 283//276 7//276 282//276
f 284//277 7//277 283//277
f 285//278 7//278 284//278
f 286//279 7//279 285//279
f 287//280 7//280 286//280
f 221//281 7//281 225//281
f 288//282 7//282 287//282
f 289//283 7//283 288//283
f 290//284 7//284 289//284
f 291//285 7//285 290//285
f 292//286 7//286 291//286
f 225//287 7//287 292//287
f 293//288 7//288 221//288
f 294//289 7//289 293//289
f 7//290 295//290 272//290
f 270//291 296//291 297//291
f 269//292 296//292 270//292
f 7//293 298//293 295//293
f 299//294 300//294 301//294
f 297//295 300//295 299//295
f 296//296 300//296 297//296
f 7//297 302//297 298//297
f 300//298 303//298 301//298
f 7//299 304//299 302//299
f 303//300 305//300 301//300
f 301//301 305//301 306//301
f 7//302 307//302 304//302
f 305//303 308//303 306//303
f 306//304 308//304 309//304
f 7//305 310//305 307//305
f 308//306 311//306 309//306
f 309//307 311//307 312//307
f 7//308 313//308 310//308
f 311//309 314//309 312//309
f 312//310 314//310 315//310
f 7//311 316//311 313//311
f 314//312 317//312 315//312
f 315//313 317//313 318//313
f 7//314 319//314 316//314
f 317//315 320//315 318//315
f 318//316 320//316 321//316
f 7//317 322//317 319//317
f 7//318 323//318 322//318
f 7//319 324//319 323//319
f 7//320 325//320 324//320
f 7//321 326//321 325//321
f 7//322 327//322 326//322
f 7//323 328//323 327//323
f 329//324 12//324 330//324
f 321//325 12//325 329//325
f 320//326 12//326 321//326
f 7//327 12//327 328//327
f 331//328 12//328 332//328
f 333//329 12//329 331//329
f 334//330 12//330 333//330
f 335//331 12//331 334//331
f 336//332 12//332 335//332
f 337//333 12//333 336//333
f 338//334 12//334 337//334
f 339//335 12//335 338//335
f 340//336 12//336 339//336
f 341//337 12//337 340//337
f 342//338 12//338 341//338
f 343//339 12//339 342//339
f 344//340 12//340 343//340
f 345//341 12//341 344//341
f 346//342 12//342 345//342
f 347//343 12//343 346//343
f 348//344 12//344 347//344
f 349//345 12//345 348//345
f 350//346 12//346 320//346
f 351//347 12//347 349//347
f 352//348 12//348 350//348
f 353//349 12//349 351//349
f 354//350 12//350 352//350
f 355//351 12//351 353//351
f 356//352 12//352 354//352
f 357//353 12//353 355//353
f 358//354 12//354 356//354
f 359//355 12//355 357//355
f 360//356 12//356 358//356
f 361//357 12//357 359//357
f 332//358 12//358 360//358
f 362//359 12//359 361//359
f 363//360 12//360 362//360
f 364//361 12//361 363//361
f 365//362 12//362 364//362
f 366//363 12//363 365//363
f 367//364 12//364 366//364
f 368//365 12//365 367//365
f 328//366 12//366 368//366
f 1//367 7//367 369//367
f 1//368 369//368 370//368
f 1//369 370//369 371//369
f 1//370 371//370 372//370
f 1//371 372//371 373//371
f 1//372 373//372 374//372
f 1//373 374//373 375//373
f 1//374 375//374 376//374
f 1//375 376//375 124//375
f 1//376 124//376 54//376
f 54//377 124//377 377//377
f 377//378 124//378 121//378
f 369//379 7//379 378//379
f 378//380 7//380 379//380
f 379//381 7//381 380//381
f 380//382 7//382 381//382
f 381//383 7//383 294//383
f 12//384 2//384 382//384
f 12//385 382//385 383//385
f 12//386 383//386 384//386
f 12//387 384//387 385//387
f 12//388 385//388 386//388
f 12//389 386//389 330//389
f 382//390 2//390 387//390
f 387//391 2//391 388//391
f 388//392 2//392 389//392
f 389//393 2//393 390//393
f 390//394 2//394 391//394
f 391//395 2//395 392//395
f 392//396 2//396 393//396
f 393//397 2//397 188//397
f 188//398 2//398 92//398
f 188//399 92//399 394//399
f 188//400 394//400 187//400
f 395//401 3//401 396//401
f 397//402 396//402 3//402
f 398//403 3//403 395//403
f 399//404 397//404 3//404
f 400//405 3//405 398//405
f 401//406 399//406 3//406
f 402//407 3//407 400//407
f 403//408 401//408 3//408
f 404//409 3//409 402//409
f 405//410 403//410 3//410
f 406//411 3//411 404//411
f 407//412 405//412 3//412
f 408//413 3//413 406//413
f 409//414 407//414 3//414
f 410//415 3//415 408//415
f 411//416 409//416 3//416
f 412//417 3//417 410//417
f 413//418 411//418 3//418
f 414//419 3//419 412//419
f 415//420 413//420 3//420
f 416//421 3//421 414//421
f 417//422 415//422 3//422
f 418//423 3//423 416//423
f 419//424 417//424 3//424
f 420//425 3//425 418//425
f 421//426 419//426 3//426
f 422//427 3//427 420//427
f 423//428 421//428 3//428
f 424//429 3//429 422//429
f 425//430 423//430 3//430
f 426//431 3//431 424//431
f 427//432 3//432 426//432
f 428//433 3//433 427//433
f 429//434 3//434 428//434
f 430//435 3//435 429//435
f 4//436 425//436 3//436
f 4//437 431//437 425//437
f 4//438 432//438 431//438
f 4//439 433//439 432//439
f 4//440 434//440 433//440
f 4//441 435//441 434//441
f 4//442 436//442 435//442
f 4//443 437//443 436//443
f 4//444 438//444 437//444
f 4//445 439//445 438//445
f 4//446 440//446 439//446
f 4//447 441//447 440//447
f 4//448 442//448 441//448
f 4//449 443//449 442//449
f 4//450 444//450 443//450
f 4//451 445//451 444//451
f 4//452 446//452 445//452
f 447//453 446//453 4//453
f 448//454 447//454 4//454
f 449//455 448//455 4//455
f 450//456 449//456 4//456
f 451//457 450//457 4//457
f 452//458 451//458 4//458
f 453//459 452//459 4//459
f 454//460 453//460 4//460
f 455//461 454//461 4//461
f 456//462 455//462 4//462
f 457//463 456//463 4//463
f 458//464 457//464 4//464
f 459//465 458//465 4//465
f 460//466 459//466 4//466
f 461//467 460//467 4//467
f 462//468 461//468 4//468
f 463//469 462//469 4//469
f 464//470 463//470 4//470
f 465//471 464//471 4//471
f 466//472 465//472 4//472
f 467//473 468//473 469//473
f 470//474 471//474 468//474
f 470//475 468//475 467//475
f 472//476 473//476 474//476
f 472//477 469//477 473//477
f 472//478 467//478 469//478
f 475//479 471//479 470//479
f 475//480 476//480 471//480
f 477//481 474//481 478//481
f 477//482 472//482 474//482
f 479//483 480//483 476//483
f 479//484 476//484 475//484
f 481//485 478//485 482//485
f 481//486 477//486 478//486
f 483//487 484//487 480//487
f 483//488 480//488 479//488
f 485//489 482//489 486//489
f 485//490 481//490 482//490
f 487//491 488//491 484//491
f 487//492 489//492 488//492
f 487//493 484//493 483//493
f 490//494 491//494 492//494
f 490//495 486//495 491//495
f 490//496 485//496 486//496
f 493//497 430//497 489//497
f 493//498 489//498 487//498
f 494//499 492//499 495//499
f 494//500 490//500 492//500
f 496//501 3//501 430//501
f 496//502 430//502 493//502
f 497//503 495//503 498//503
f 497//504 494//504 495//504
f 499//505 3//505 496//505
f 500//506 498//506 501//506
f 500//507 497//507 498//507
f 502//508 503//508 504//508
f 502//509 501//509 503//509
f 502//510 500//510 501//510
f 505//511 504//511 506//511
f 505//512 502//512 504//512
f 507//513 506//513 508//513
f 507//514 505//514 506//514
f 509//515 510//515 511//515
f 509//516 508//516 510//516
f 509//517 507//517 508//517
f 512//518 511//518 513//518
f 512//519 509//519 511//519
f 514//520 512//520 513//520
f 514//521 513//521 515//521
f 516//522 514//522 515//522
f 516//523 515//523 517//523
f 518//524 516//524 517//524
f 518//525 519//525 520//525
f 518//526 517//526 519//526
f 521//527 518//527 520//527
f 521//528 520//528 522//528
f 523//529 521//529 522//529
f 523//530 522//530 524//530
f 525//531 523//531 524//531
f 525//532 526//532 527//532
f 525//533 524//533 526//533
f 528//534 525//534 527//534
f 528//535 527//535 529//535
f 530//536 528//536 529//536
f 530//537 529//537 531//537
f 532//538 530//538 531//538
f 532//539 533//539 534//539
f 532//540 531//540 533//540
f 535//541 532//541 534//541
f 535//542 534//542 536//542
f 537//543 535//543 536//543
f 537//544 536//544 538//544
f 539//545 537//545 538//545
f 539//546 538//546 540//546
f 541//547 539//547 540//547
f 541//548 542//548 543//548
f 541//549 540//549 542//549
f 544//550 541//550 543//550
f 544//551 543//551 545//551
f 546//552 544//552 545//552
f 546//553 545//553 547//553
f 548//554 546//554 547//554
f 548//555 547//555 549//555
f 550//556 548//556 549//556
f 550//557 551//557 552//557
f 550//558 549//558 551//558
f 553//559 550//559 552//559
f 553//560 552//560 554//560
f 555//561 553//561 554//561
f 555//562 554//562 556//562
f 557//563 555//563 556//563
f 557//564 556//564 558//564
f 559//565 557//565 558//565
f 559//566 558//566 560//566
f 561//567 559//567 560//567
f 561//568 560//568 562//568
f 563//569 561//569 562//569
f 563//570 564//570 565//570
f 563//571 562//571 564//571
f 566//572 563//572 565//572
f 566//573 565//573 466//573
f 567//574 566//574 466//574
f 567//575 466//575 4//575
f 568//576 567//576 4//576
f 8//577 3//577 569//577
f 569//578 3//578 570//578
f 570//579 3//579 571//579
f 571//580 3//580 572//580
f 572//581 3//581 573//581
f 573//582 3//582 574//582
f 574//583 3//583 575//583
f 575//584 3//584 499//584
f 4//585 16//585 576//585
f 4//586 576//586 577//586
f 4//587 577//587 578//587
f 4//588 578//588 579//588
f 4//589 579//589 580//589
f 4//590 580//590 581//590
f 4//591 581//591 582//591
f 4//592 582//592 568//592
f 12//593 7//593 13//593
f 13//594 7//594 6//594
f 8//595 569//595 9//595
f 9//596 569//596 583//596
f 583//597 570//597 584//597
f 569//598 570//598 583//598
f 584//599 571//599 585//599
f 585//600 571//600 586//600
f 570//601 571//601 584//601
f 571//602 572//602 586//602
f 586//603 573//603 587//603
f 572//604 573//604 586//604
f 587//605 574//605 588//605
f 573//606 574//606 587//606
f 588//607 575//607 589//607
f 589//608 575//608 590//608
f 574//609 575//609 588//609
f 575//610 499//610 590//610
f 590//611 496//611 591//611
f 499//612 496//612 590//612
f 591//613 493//613 592//613
f 496//614 493//614 591//614
f 592//615 487//615 593//615
f 493//616 487//616 592//616
f 593//617 483//617 594//617
f 594//618 483//618 595//618
f 487//619 483//619 593//619
f 483//620 479//620 595//620
f 595//621 475//621 596//621
f 479//622 475//622 595//622
f 596//623 470//623 597//623
f 475//624 470//624 596//624
f 597//625 467//625 598//625
f 470//626 467//626 597//626
f 598//627 472//627 599//627
f 599//628 472//628 600//628
f 467//629 472//629 598//629
f 472//630 477//630 600//630
f 600//631 477//631 601//631
f 477//632 481//632 601//632
f 481//633 485//633 601//633
f 601//634 485//634 602//634
f 485//635 490//635 602//635
f 602//636 490//636 603//636
f 490//637 494//637 603//637
f 603//638 494//638 604//638
f 604//639 497//639 605//639
f 494//640 497//640 604//640
f 605//641 500//641 606//641
f 497//642 500//642 605//642
f 606//643 502//643 607//643
f 500//644 502//644 606//644
f 607//645 505//645 608//645
f 502//646 505//646 607//646
f 608//647 507//647 609//647
f 609//648 507//648 610//648
f 505//649 507//649 608//649
f 507//650 509//650 610//650
f 610//651 512//651 611//651
f 611//652 512//652 612//652
f 509//653 512//653 610//653
f 612//654 514//654 613//654
f 512//655 514//655 612//655
f 514//656 516//656 613//656
f 613//657 518//657 614//657
f 614//658 518//658 615//658
f 516//659 518//659 613//659
f 518//660 521//660 615//660
f 615//661 523//661 616//661
f 616//662 523//662 617//662
f 521//663 523//663 615//663
f 523//664 525//664 617//664
f 617//665 528//665 618//665
f 618//666 528//666 619//666
f 525//667 528//667 617//667
f 619//668 530//668 620//668
f 528//669 530//669 619//669
f 530//670 532//670 620//670
f 620//671 535//671 621//671
f 532//672 535//672 620//672
f 621//673 537//673 622//673
f 622//674 537//674 623//674
f 535//675 537//675 621//675
f 623//676 539//676 624//676
f 537//677 539//677 623//677
f 624//678 541//678 625//678
f 539//679 541//679 624//679
f 541//680 544//680 625//680
f 625//681 544//681 626//681
f 544//682 546//682 626//682
f 546//683 548//683 626//683
f 626//684 548//684 627//684
f 548//685 550//685 627//685
f 627//686 550//686 628//686
f 550//687 553//687 628//687
f 628//688 553//688 629//688
f 629//689 553//689 630//689
f 553//690 555//690 630//690
f 555//691 557//691 630//691
f 630//692 557//692 631//692
f 557//693 559//693 631//693
f 631//694 559//694 632//694
f 559//695 561//695 632//695
f 632//696 561//696 633//696
f 633//697 561//697 634//697
f 561//698 563//698 634//698
f 634//699 563//699 635//699
f 563//700 566//700 635//700
f 566//701 567//701 635//701
f 635//702 567//702 636//702
f 636//703 567//703 637//703
f 567//704 568//704 637//704
f 568//705 582//705 637//705
f 637//706 582//706 638//706
f 638//707 581//707 639//707
f 639//708 581//708 640//708
f 582//709 581//709 638//709
f 581//710 580//710 640//710
f 640//711 579//711 641//711
f 580//712 579//712 640//712
f 641//713 578//713 642//713
f 579//714 578//714 641//714
f 642//715 577//715 643//715
f 578//716 577//716 642//716
f 643//717 576//717 644//717
f 577//718 576//718 643//718
f 644//719 16//719 14//719
f 576//720 16//720 644//720
f 600//721 598//721 599//721
f 595//722 596//722 597//722
f 595//723 597//723 598//723
f 601//724 598//724 600//724
f 604//725 601//725 602//725
f 604//726 602//726 603//726
f 591//727 592//727 593//727
f 591//728 593//728 594//728
f 591//729 594//729 595//729
f 591//730 595//730 598//730
f 605//731 601//731 604//731
f 589//732 590//732 591//732
f 607//733 605//733 606//733
f 588//734 589//734 591//734
f 609//735 607//735 608//735
f 609//736 598//736 601//736
f 609//737 591//737 598//737
f 609//738 601//738 605//738
f 609//739 605//739 607//739
f 585//740 586//740 587//740
f 585//741 587//741 588//741
f 585//742 588//742 591//742
f 611//743 609//743 610//743
f 583//744 584//744 585//744
f 613//745 611//745 612//745
f 613//746 609//746 611//746
f 9//747 591//747 609//747
f 9//748 583//748 585//748
f 9//749 585//749 591//749
f 615//750 613//750 614//750
f 617//751 615//751 616//751
f 619//752 615//752 617//752
f 619//753 617//753 618//753
f 619//754 609//754 613//754
f 619//755 613//755 615//755
f 621//756 619//756 620//756
f 623//757 621//757 622//757
f 624//758 609//758 619//758
f 624//759 619//759 621//759
f 624//760 621//760 623//760
f 629//761 625//761 626//761
f 629//762 626//762 627//762
f 629//763 627//763 628//763
f 632//764 625//764 629//764
f 632//765 624//765 625//765
f 632//766 629//766 630//766
f 632//767 630//767 631//767
f 634//768 632//768 633//768
f 635//769 632//769 634//769
f 637//770 635//770 636//770
f 642//771 609//771 624//771
f 642//772 624//772 632//772
f 642//773 632//773 635//773
f 642//774 635//774 637//774
f 642//775 637//775 638//775
f 642//776 638//776 639//776
f 642//777 639//777 640//777
f 642//778 640//778 641//778
f 644//779 642//779 643//779
f 14//780 609//780 642//780
f 14//781 642//781 644//781
f 14//782 9//782 609//782
f 645//783 646//783 10//783
f 647//784 648//784 645//784
f 647//785 645//785 10//785
f 649//786 647//786 10//786
f 650//787 651//787 649//787
f 650//788 649//788 10//788
f 652//789 653//789 650//789
f 654//790 655//790 652//790
f 654//791 652//791 650//791
f 654//792 650//792 10//792
f 656//793 654//793 10//793
f 657//794 656//794 10//794
f 658//795 659//795 660//795
f 661//796 660//796 657//796
f 661//797 657//797 10//797
f 661//798 658//798 660//798
f 662//799 663//799 664//799
f 662//800 664//800 661//800
f 665//801 662//801 661//801
f 666//802 665//802 661//802
f 667//803 666//803 661//803
f 668//804 669//804 667//804
f 670//805 671//805 668//805
f 670//806 668//806 667//806
f 672//807 670//807 667//807
f 673//808 667//808 661//808
f 673//809 672//809 667//809
f 674//810 673//810 661//810
f 674//811 661//811 10//811
f 674//812 675//812 673//812
f 15//813 10//813 9//813
f 15//814 9//814 14//814
f 676//815 677//815 674//815
f 678//816 15//816 679//816
f 680//817 676//817 674//817
f 681//818 15//818 678//818
f 681//819 10//819 15//819
f 682//820 10//820 681//820
f 683//821 684//821 680//821
f 685//822 683//822 680//822
f 686//823 682//823 687//823
f 688//824 686//824 689//824
f 690//825 680//825 674//825
f 690//826 685//826 680//826
f 690//827 691//827 692//827
f 690//828 692//828 685//828
f 693//829 682//829 686//829
f 693//830 686//830 688//830
f 694//831 695//831 690//831
f 696//832 693//832 697//832
f 696//833 697//833 698//833
f 699//834 694//834 690//834
f 699//835 690//835 674//835
f 699//836 700//836 701//836
f 699//837 701//837 694//837
f 702//838 682//838 693//838
f 702//839 693//839 696//839
f 702//840 696//840 703//840
f 704//841 674//841 10//841
f 704//842 699//842 674//842
f 705//843 682//843 702//843
f 706//844 10//844 682//844
f 706//845 704//845 10//845
f 706//846 682//846 705//846
f 11//847 707//847 15//847
f 15//848 707//848 679//848
f 679//849 708//849 678//849
f 707//850 708//850 679//850
f 678//851 709//851 681//851
f 708//852 709//852 678//852
f 681//853 710//853 682//853
f 709//854 710//854 681//854
f 682//855 711//855 687//855
f 687//856 711//856 686//856
f 710//857 711//857 682//857
f 711//858 712//858 686//858
f 686//859 713//859 689//859
f 712//860 713//860 686//860
f 689//861 714//861 688//861
f 713//862 714//862 689//862
f 688//863 715//863 693//863
f 693//864 715//864 697//864
f 714//865 715//865 688//865
f 715//866 716//866 697//866
f 697//867 717//867 698//867
f 716//868 717//868 697//868
f 698//869 718//869 696//869
f 717//870 718//870 698//870
f 696//871 719//871 703//871
f 718//872 719//872 696//872
f 703//873 720//873 702//873
f 719//874 720//874 703//874
f 702//875 721//875 705//875
f 720//876 721//876 702//876
f 705//877 722//877 706//877
f 721//878 722//878 705//878
f 706//879 723//879 704//879
f 722//880 723//880 706//880
f 704//881 724//881 699//881
f 723//882 724//882 704//882
f 724//883 725//883 699//883
f 699//884 725//884 700//884
f 725//885 726//885 700//885
f 700//886 726//886 701//886
f 726//887 727//887 701//887
f 701//888 727//888 694//888
f 727//889 728//889 694//889
f 694//890 728//890 695//890
f 695//891 729//891 690//891
f 728//892 729//892 695//892
f 690//893 730//893 691//893
f 729//894 730//894 690//894
f 691//895 730//895 692//895
f 730//896 731//896 692//896
f 692//897 732//897 685//897
f 731//898 732//898 692//898
f 685//899 733//899 683//899
f 732//900 733//900 685//900
f 683//901 734//901 684//901
f 733//902 734//902 683//902
f 684//903 735//903 680//903
f 734//904 735//904 684//904
f 680//905 736//905 676//905
f 735//906 736//906 680//906
f 676//907 737//907 677//907
f 736//908 737//908 676//908
f 677//909 738//909 674//909
f 737//910 738//910 677//910
f 674//911 739//911 675//911
f 738//912 739//912 674//912
f 675//913 740//913 673//913
f 739//914 740//914 675//914
f 673//915 741//915 672//915
f 672//916 741//916 670//916
f 740//917 741//917 673//917
f 741//918 742//918 670//918
f 670//919 743//919 671//919
f 742//920 743//920 670//920
f 671//921 744//921 668//921
f 743//922 744//922 671//922
f 668//923 745//923 669//923
f 744//924 745//924 668//924
f 669//925 746//925 667//925
f 745//926 746//926 669//926
f 667//927 747//927 666//927
f 666//928 747//928 665//928
f 746//929 747//929 667//929
f 747//930 748//930 665//930
f 748//931 749//931 665//931
f 665//932 749//932 662//932
f 749//933 750//933 662//933
f 662//934 750//934 663//934
f 663//935 750//935 664//935
f 750//936 751//936 664//936
f 751//937 752//937 664//937
f 664//938 752//938 661//938
f 752//939 753//939 661//939
f 661//940 753//940 658//940
f 658//941 753//941 659//941
f 753//942 754//942 659//942
f 754//943 755//943 659//943
f 659//944 755//944 660//944
f 755//945 756//945 660//945
f 660//946 756//946 657//946
f 657//947 756//947 656//947
f 756//948 757//948 656//948
f 757//949 758//949 656//949
f 656//950 758//950 654//950
f 758//951 759//951 654//951
f 654//952 759//952 655//952
f 759//953 760//953 655//953
f 655//954 760//954 652//954
f 760//955 761//955 652//955
f 652//956 761//956 653//956
f 761//957 762//957 653//957
f 653//958 762//958 650//958
f 650//959 762//959 651//959
f 762//960 763//960 651//960
f 763//961 764//961 651//961
f 651//962 764//962 649//962
f 649//963 765//963 647//963
f 764//964 765//964 649//964
f 647//965 766//965 648//965
f 765//966 766//966 647//966
f 648//967 767//967 645//967
f 766//968 767//968 648//968
f 645//969 768//969 646//969
f 767//970 768//970 645//970
f 646//971 5//971 10//971
f 768//972 5//972 646//972
f 769//973 750//973 749//973
f 770//974 750//974 769//974
f 770//975 751//975 750//975
f 771//976 769//976 749//976
f 771//977 749//977 748//977
f 772//978 751//978 770//978
f 772//979 752//979 751//979
f 773//980 771//980 748//980
f 774//981 752//981 772//981
f 775//982 748//982 747//982
f 775//983 773//983 748//983
f 776//984 753//984 752//984
f 776//985 752//985 774//985
f 777//986 775//986 747//986
f 777//987 747//987 746//987
f 778//988 753//988 776//988
f 778//989 754//989 753//989
f 779//990 777//990 746//990
f 779//991 746//991 745//991
f 780//992 754//992 778//992
f 780//993 755//993 754//993
f 781//994 745//994 744//994
f 781//995 779//995 745//995
f 782//996 755//996 780//996
f 782//997 756//997 755//997
f 783//998 781//998 744//998
f 784//999 756//999 782//999
f 784//1000 757//1000 756//1000
f 785//1001 783//1001 744//1001
f 785//1002 744//1002 743//1002
f 786//1003 758//1003 757//1003
f 786//1004 757//1004 784//1004
f 787//1005 743//1005 742//1005
f 787//1006 785//1006 743//1006
f 788//1007 758//1007 786//1007
f 789//1008 742//1008 741//1008
f 789//1009 787//1009 742//1009
f 790//1010 758//1010 788//1010
f 790//1011 759//1011 758//1011
f 791//1012 789//1012 741//1012
f 792//1013 760//1013 759//1013
f 792//1014 759//1014 790//1014
f 793//1015 741//1015 740//1015
f 793//1016 791//1016 741//1016
f 794//1017 793//1017 740//1017
f 794//1018 740//1018 739//1018
f 795//1019 794//1019 739//1019
f 795//1020 739//1020 738//1020
f 796//1021 738//1021 737//1021
f 796//1022 795//1022 738//1022
f 797//1023 796//1023 737//1023
f 798//1024 737//1024 736//1024
f 798//1025 797//1025 737//1025
f 799//1026 798//1026 736//1026
f 799//1027 736//1027 735//1027
f 800//1028 799//1028 735//1028
f 800//1029 735//1029 734//1029
f 801//1030 800//1030 734//1030
f 802//1031 801//1031 734//1031
f 802//1032 734//1032 733//1032
f 803//1033 802//1033 733//1033
f 803//1034 733//1034 732//1034
f 804//1035 803//1035 732//1035
f 804//1036 732//1036 731//1036
f 805//1037 804//1037 731//1037
f 806//1038 731//1038 730//1038
f 806//1039 805//1039 731//1039
f 807//1040 806//1040 730//1040
f 807//1041 730//1041 729//1041
f 808//1042 807//1042 729//1042
f 808//1043 729//1043 728//1043
f 809//1044 728//1044 727//1044
f 809//1045 808//1045 728//1045
f 810//1046 809//1046 727//1046
f 811//1047 727//1047 726//1047
f 811//1048 810//1048 727//1048
f 812//1049 726//1049 725//1049
f 812//1050 811//1050 726//1050
f 6//1051 813//1051 814//1051
f 6//1052 815//1052 813//1052
f 6//1053 816//1053 815//1053
f 6//1054 817//1054 816//1054
f 6//1055 818//1055 817//1055
f 6//1056 819//1056 818//1056
f 6//1057 820//1057 819//1057
f 6//1058 821//1058 820//1058
f 6//1059 822//1059 821//1059
f 6//1060 823//1060 822//1060
f 6//1061 824//1061 823//1061
f 6//1062 825//1062 824//1062
f 6//1063 826//1063 825//1063
f 6//1064 827//1064 826//1064
f 6//1065 828//1065 827//1065
f 6//1066 829//1066 828//1066
f 6//1067 830//1067 829//1067
f 6//1068 831//1068 830//1068
f 6//1069 792//1069 831//1069
f 6//1070 761//1070 760//1070
f 6//1071 760//1071 792//1071
f 832//1072 6//1072 814//1072
f 833//1073 725//1073 724//1073
f 833//1074 812//1074 725//1074
f 834//1075 6//1075 832//1075
f 835//1076 724//1076 723//1076
f 835//1077 833//1077 724//1077
f 836//1078 6//1078 834//1078
f 837//1079 835//1079 723//1079
f 838//1080 6//1080 836//1080
f 839//1081 723//1081 722//1081
f 839//1082 837//1082 723//1082
f 840//1083 6//1083 838//1083
f 841//1084 722//1084 721//1084
f 841//1085 839//1085 722//1085
f 842//1086 6//1086 840//1086
f 843//1087 721//1087 720//1087
f 843//1088 841//1088 721//1088
f 844//1089 6//1089 842//1089
f 845//1090 843//1090 720//1090
f 845//1091 720//1091 719//1091
f 846//1092 6//1092 844//1092
f 847//1093 719//1093 718//1093
f 847//1094 845//1094 719//1094
f 848//1095 6//1095 846//1095
f 849//1096 718//1096 717//1096
f 849//1097 847//1097 718//1097
f 850//1098 6//1098 848//1098
f 851//1099 849//1099 717//1099
f 852//1100 6//1100 850//1100
f 853//1101 717//1101 716//1101
f 853//1102 851//1102 717//1102
f 854//1103 6//1103 852//1103
f 855//1104 716//1104 715//1104
f 855//1105 853//1105 716//1105
f 856//1106 6//1106 854//1106
f 857//1107 6//1107 856//1107
f 858//1108 6//1108 857//1108
f 859//1109 6//1109 858//1109
f 13//1110 6//1110 859//1110
f 13//1111 715//1111 714//1111
f 13//1112 860//1112 861//1112
f 13//1113 862//1113 860//1113
f 13//1114 863//1114 862//1114
f 13//1115 864//1115 863//1115
f 13//1116 865//1116 864//1116
f 13//1117 866//1117 865//1117
f 13//1118 867//1118 866//1118
f 13//1119 868//1119 867//1119
f 13//1120 869//1120 868//1120
f 13//1121 870//1121 869//1121
f 13//1122 871//1122 870//1122
f 13//1123 872//1123 871//1123
f 13//1124 873//1124 872//1124
f 13//1125 874//1125 873//1125
f 13//1126 875//1126 874//1126
f 13//1127 876//1127 875//1127
f 13//1128 877//1128 876//1128
f 13//1129 878//1129 877//1129
f 13//1130 879//1130 878//1130
f 13//1131 880//1131 879//1131
f 13//1132 881//1132 880//1132
f 13//1133 882//1133 855//1133
f 13//1134 883//1134 881//1134
f 13//1135 884//1135 882//1135
f 13//1136 885//1136 883//1136
f 13//1137 886//1137 884//1137
f 13//1138 887//1138 885//1138
f 13//1139 861//1139 886//1139
f 13//1140 888//1140 887//1140
f 13//1141 889//1141 888//1141
f 13//1142 890//1142 889//1142
f 13//1143 891//1143 890//1143
f 13//1144 892//1144 891//1144
f 13//1145 855//1145 715//1145
f 13//1146 893//1146 892//1146
f 13//1147 894//1147 893//1147
f 13//1148 859//1148 894//1148
f 6//1149 5//1149 768//1149
f 6//1150 768//1150 767//1150
f 6//1151 767//1151 766//1151
f 6//1152 766//1152 765//1152
f 6//1153 765//1153 764//1153
f 6//1154 764//1154 763//1154
f 6//1155 763//1155 762//1155
f 6//1156 762//1156 761//1156
f 11//1157 13//1157 707//1157
f 707//1158 13//1158 708//1158
f 708//1159 13//1159 709//1159
f 709//1160 13//1160 710//1160
f 710//1161 13//1161 711//1161
f 711//1162 13//1162 712//1162
f 712//1163 13//1163 713//1163
f 713//1164 13//1164 714//1164
f 462//1165 463//1165 86//1165
f 86//1166 463//1166 87//1166
f 87//1167 464//1167 88//1167
f 463//1168 464//1168 87//1168
f 88//1169 465//1169 89//1169
f 464//1170 465//1170 88//1170
f 89//1171 466//1171 90//1171
f 465//1172 466//1172 89//1172
f 90//1173 565//1173 91//1173
f 91//1174 565//1174 92//1174
f 466//1175 565//1175 90//1175
f 565//1176 564//1176 92//1176
f 92//1177 562//1177 394//1177
f 564//1178 562//1178 92//1178
f 394//1179 560//1179 187//1179
f 562//1180 560//1180 394//1180
f 187//1181 558//1181 185//1181
f 185//1182 558//1182 184//1182
f 560//1183 558//1183 187//1183
f 558//1184 556//1184 184//1184
f 556//1185 554//1185 184//1185
f 184//1186 554//1186 182//1186
f 554//1187 552//1187 182//1187
f 182//1188 552//1188 180//1188
f 552//1189 551//1189 180//1189
f 180//1190 551//1190 177//1190
f 551//1191 549//1191 177//1191
f 177//1192 549//1192 175//1192
f 175//1193 547//1193 174//1193
f 549//1194 547//1194 175//1194
f 174//1195 545//1195 172//1195
f 547//1196 545//1196 174//1196
f 172//1197 543//1197 169//1197
f 545//1198 543//1198 172//1198
f 169//1199 542//1199 167//1199
f 543//1200 542//1200 169//1200
f 167//1201 540//1201 166//1201
f 542//1202 540//1202 167//1202
f 166//1203 538//1203 164//1203
f 540//1204 538//1204 166//1204
f 164//1205 536//1205 161//1205
f 538//1206 536//1206 164//1206
f 161//1207 534//1207 160//1207
f 536//1208 534//1208 161//1208
f 160//1209 533//1209 157//1209
f 534//1210 533//1210 160//1210
f 157//1211 531//1211 155//1211
f 155//1212 531//1212 154//1212
f 533//1213 531//1213 157//1213
f 531//1214 529//1214 154//1214
f 154//1215 527//1215 152//1215
f 529//1216 527//1216 154//1216
f 152//1217 526//1217 150//1217
f 527//1218 526//1218 152//1218
f 150//1219 524//1219 147//1219
f 526//1220 524//1220 150//1220
f 147//1221 522//1221 146//1221
f 524//1222 522//1222 147//1222
f 146//1223 520//1223 144//1223
f 522//1224 520//1224 146//1224
f 144//1225 519//1225 142//1225
f 520//1226 519//1226 144//1226
f 142//1227 517//1227 140//1227
f 519//1228 517//1228 142//1228
f 140//1229 515//1229 137//1229
f 517//1230 515//1230 140//1230
f 137//1231 513//1231 135//1231
f 515//1232 513//1232 137//1232
f 135//1233 511//1233 133//1233
f 133//1234 511//1234 131//1234
f 513//1235 511//1235 135//1235
f 511//1236 510//1236 131//1236
f 510//1237 508//1237 131//1237
f 131//1238 508//1238 129//1238
f 508//1239 506//1239 129//1239
f 129//1240 506//1240 128//1240
f 506//1241 504//1241 128//1241
f 128//1242 504//1242 126//1242
f 504//1243 503//1243 126//1243
f 126//1244 503//1244 123//1244
f 503//1245 501//1245 123//1245
f 123//1246 501//1246 115//1246
f 501//1247 498//1247 115//1247
f 115//1248 498//1248 111//1248
f 111//1249 498//1249 109//1249
f 498//1250 495//1250 109//1250
f 495//1251 492//1251 109//1251
f 109//1252 492//1252 103//1252
f 103//1253 492//1253 102//1253
f 492//1254 491//1254 102//1254
f 491//1255 486//1255 102//1255
f 102//1256 486//1256 99//1256
f 99//1257 486//1257 95//1257
f 486//1258 482//1258 95//1258
f 95//1259 482//1259 93//1259
f 482//1260 478//1260 93//1260
f 93//1261 474//1261 97//1261
f 478//1262 474//1262 93//1262
f 97//1263 473//1263 105//1263
f 474//1264 473//1264 97//1264
f 105//1265 469//1265 107//1265
f 473//1266 469//1266 105//1266
f 107//1267 468//1267 113//1267
f 469//1268 468//1268 107//1268
f 113//1269 471//1269 117//1269
f 468//1270 471//1270 113//1270
f 117//1271 476//1271 120//1271
f 120//1272 476//1272 121//1272
f 471//1273 476//1273 117//1273
f 476//1274 480//1274 121//1274
f 121//1275 484//1275 377//1275
f 480//1276 484//1276 121//1276
f 377//1277 488//1277 54//1277
f 54//1278 488//1278 53//1278
f 484//1279 488//1279 377//1279
f 488//1280 489//1280 53//1280
f 53//1281 430//1281 52//1281
f 489//1282 430//1282 53//1282
f 52//1283 429//1283 51//1283
f 430//1284 429//1284 52//1284
f 51//1285 428//1285 50//1285
f 429//1286 428//1286 51//1286
f 428//1287 427//1287 50//1287
f 50//1288 427//1288 49//1288
f 427//1289 426//1289 49//1289
f 49//1290 426//1290 48//1290
f 426//1291 424//1291 48//1291
f 48//1292 424//1292 46//1292
f 424//1293 422//1293 46//1293
f 46//1294 422//1294 44//1294
f 44//1295 422//1295 42//1295
f 422//1296 420//1296 42//1296
f 420//1297 418//1297 42//1297
f 42//1298 418//1298 40//1298
f 418//1299 416//1299 40//1299
f 40//1300 416//1300 38//1300
f 38//1301 416//1301 36//1301
f 416//1302 414//1302 36//1302
f 414//1303 412//1303 36//1303
f 36//1304 412//1304 34//1304
f 412//1305 410//1305 34//1305
f 34//1306 410//1306 32//1306
f 32//1307 410//1307 30//1307
f 410//1308 408//1308 30//1308
f 30//1309 408//1309 28//1309
f 408//1310 406//1310 28//1310
f 28//1311 406//1311 26//1311
f 406//1312 404//1312 26//1312
f 404//1313 402//1313 26//1313
f 26//1314 402//1314 24//1314
f 402//1315 400//1315 24//1315
f 24//1316 400//1316 22//1316
f 400//1317 398//1317 22//1317
f 22//1318 398//1318 20//1318
f 398//1319 395//1319 20//1319
f 20//1320 395//1320 17//1320
f 395//1321 396//1321 17//1321
f 17//1322 396//1322 18//1322
f 396//1323 397//1323 18//1323
f 18//1324 397//1324 19//1324
f 397//1325 399//1325 19//1325
f 19//1326 399//1326 21//1326
f 399//1327 401//1327 21//1327
f 21//1328 401//1328 23//1328
f 23//1329 403//1329 25//1329
f 401//1330 403//1330 23//1330
f 25//1331 403//1331 27//1331
f 403//1332 405//1332 27//1332
f 27//1333 407//1333 29//1333
f 29//1334 407//1334 31//1334
f 405//1335 407//1335 27//1335
f 407//1336 409//1336 31//1336
f 31//1337 411//1337 33//1337
f 33//1338 411//1338 35//1338
f 409//1339 411//1339 31//1339
f 411//1340 413//1340 35//1340
f 413//1341 415//1341 35//1341
f 35//1342 415//1342 37//1342
f 415//1343 417//1343 37//1343
f 37//1344 417//1344 39//1344
f 39//1345 417//1345 41//1345
f 417//1346 419//1346 41//1346
f 419//1347 421//1347 41//1347
f 41//1348 421//1348 43//1348
f 43//1349 421//1349 45//1349
f 421//1350 423//1350 45//1350
f 423//1351 425//1351 45//1351
f 45//1352 425//1352 47//1352
f 425//1353 431//1353 47//1353
f 47//1354 431//1354 70//1354
f 431//1355 432//1355 70//1355
f 70//1356 432//1356 56//1356
f 56//1357 432//1357 55//1357
f 432//1358 433//1358 55//1358
f 55//1359 433//1359 57//1359
f 433//1360 434//1360 57//1360
f 57//1361 434//1361 58//1361
f 58//1362 435//1362 59//1362
f 434//1363 435//1363 58//1363
f 435//1364 436//1364 59//1364
f 59//1365 437//1365 60//1365
f 60//1366 437//1366 61//1366
f 436//1367 437//1367 59//1367
f 437//1368 438//1368 61//1368
f 61//1369 439//1369 62//1369
f 62//1370 439//1370 63//1370
f 438//1371 439//1371 61//1371
f 439//1372 440//1372 63//1372
f 63//1373 441//1373 64//1373
f 440//1374 441//1374 63//1374
f 64//1375 442//1375 65//1375
f 441//1376 442//1376 64//1376
f 65//1377 443//1377 66//1377
f 66//1378 443//1378 67//1378
f 442//1379 443//1379 65//1379
f 443//1380 444//1380 67//1380
f 67//1381 445//1381 68//1381
f 444//1382 445//1382 67//1382
f 68//1383 446//1383 69//1383
f 69//1384 446//1384 71//1384
f 445//1385 446//1385 68//1385
f 446//1386 447//1386 71//1386
f 447//1387 448//1387 71//1387
f 71//1388 448//1388 72//1388
f 72//1389 448//1389 73//1389
f 448//1390 449//1390 73//1390
f 449//1391 450//1391 73//1391
f 73//1392 450//1392 74//1392
f 74//1393 450//1393 75//1393
f 450//1394 451//1394 75//1394
f 451//1395 452//1395 75//1395
f 75//1396 452//1396 76//1396
f 76//1397 452//1397 77//1397
f 452//1398 453//1398 77//1398
f 77//1399 454//1399 78//1399
f 453//1400 454//1400 77//1400
f 78//1401 455//1401 79//1401
f 454//1402 455//1402 78//1402
f 79//1403 456//1403 80//1403
f 455//1404 456//1404 79//1404
f 80//1405 457//1405 81//1405
f 81//1406 457//1406 82//1406
f 456//1407 457//1407 80//1407
f 457//1408 458//1408 82//1408
f 82//1409 459//1409 83//1409
f 458//1410 459//1410 82//1410
f 83//1411 460//1411 84//1411
f 459//1412 460//1412 83//1412
f 84//1413 461//1413 85//1413
f 460//1414 461//1414 84//1414
f 85//1415 462//1415 86//1415
f 461//1416 462//1416 85//1416
f 383//1417 382//1417 895//1417
f 383//1418 895//1418 896//1418
f 384//1419 896//1419 897//1419
f 384//1420 383//1420 896//1420
f 385//1421 897//1421 898//1421
f 385//1422 384//1422 897//1422
f 386//1423 898//1423 899//1423
f 386//1424 385//1424 898//1424
f 330//1425 899//1425 900//1425
f 330//1426 900//1426 901//1426
f 330//1427 386//1427 899//1427
f 329//1428 330//1428 901//1428
f 321//1429 901//1429 902//1429
f 321//1430 329//1430 901//1430
f 318//1431 902//1431 903//1431
f 318//1432 321//1432 902//1432
f 315//1433 903//1433 904//1433
f 315//1434 904//1434 905//1434
f 315//1435 318//1435 903//1435
f 312//1436 315//1436 905//1436
f 309//1437 312//1437 905//1437
f 309//1438 905//1438 906//1438
f 306//1439 309//1439 906//1439
f 306//1440 906//1440 907//1440
f 301//1441 306//1441 907//1441
f 301//1442 907//1442 908//1442
f 299//1443 301//1443 908//1443
f 299//1444 908//1444 909//1444
f 297//1445 909//1445 910//1445
f 297//1446 299//1446 909//1446
f 270//1447 910//1447 911//1447
f 270//1448 297//1448 910//1448
f 268//1449 911//1449 912//1449
f 268//1450 270//1450 911//1450
f 266//1451 912//1451 913//1451
f 266//1452 268//1452 912//1452
f 264//1453 913//1453 914//1453
f 264//1454 266//1454 913//1454
f 262//1455 914//1455 915//1455
f 262//1456 264//1456 914//1456
f 260//1457 915//1457 916//1457
f 260//1458 262//1458 915//1458
f 258//1459 916//1459 917//1459
f 258//1460 260//1460 916//1460
f 255//1461 917//1461 918//1461
f 255//1462 258//1462 917//1462
f 254//1463 918//1463 919//1463
f 254//1464 919//1464 920//1464
f 254//1465 255//1465 918//1465
f 252//1466 254//1466 920//1466
f 250//1467 920//1467 921//1467
f 250//1468 252//1468 920//1468
f 248//1469 921//1469 922//1469
f 248//1470 250//1470 921//1470
f 246//1471 922//1471 923//1471
f 246//1472 248//1472 922//1472
f 244//1473 923//1473 924//1473
f 244//1474 246//1474 923//1474
f 242//1475 924//1475 925//1475
f 242//1476 244//1476 924//1476
f 239//1477 925//1477 926//1477
f 239//1478 242//1478 925//1478
f 237//1479 926//1479 927//1479
f 237//1480 239//1480 926//1480
f 236//1481 927//1481 928//1481
f 236//1482 237//1482 927//1482
f 233//1483 928//1483 929//1483
f 233//1484 236//1484 928//1484
f 232//1485 929//1485 930//1485
f 232//1486 930//1486 931//1486
f 232//1487 233//1487 929//1487
f 230//1488 232//1488 931//1488
f 228//1489 230//1489 931//1489
f 228//1490 931//1490 932//1490
f 224//1491 228//1491 932//1491
f 224//1492 932//1492 933//1492
f 223//1493 224//1493 933//1493
f 223//1494 933//1494 934//1494
f 218//1495 223//1495 934//1495
f 218//1496 934//1496 935//1496
f 211//1497 218//1497 935//1497
f 211//1498 935//1498 936//1498
f 209//1499 211//1499 936//1499
f 209//1500 936//1500 937//1500
f 209//1501 937//1501 938//1501
f 203//1502 209//1502 938//1502
f 199//1503 203//1503 938//1503
f 199//1504 938//1504 939//1504
f 199//1505 939//1505 940//1505
f 197//1506 199//1506 940//1506
f 194//1507 197//1507 940//1507
f 194//1508 940//1508 941//1508
f 194//1509 941//1509 942//1509
f 191//1510 194//1510 942//1510
f 191//1511 942//1511 943//1511
f 189//1512 191//1512 943//1512
f 196//1513 943//1513 944//1513
f 196//1514 189//1514 943//1514
f 200//1515 944//1515 945//1515
f 200//1516 196//1516 944//1516
f 204//1517 945//1517 946//1517
f 204//1518 200//1518 945//1518
f 208//1519 946//1519 947//1519
f 208//1520 204//1520 946//1520
f 213//1521 947//1521 948//1521
f 213//1522 208//1522 947//1522
f 216//1523 948//1523 949//1523
f 216//1524 949//1524 950//1524
f 216//1525 213//1525 948//1525
f 219//1526 216//1526 950//1526
f 221//1527 950//1527 951//1527
f 221//1528 219//1528 950//1528
f 293//1529 951//1529 952//1529
f 293//1530 952//1530 953//1530
f 293//1531 221//1531 951//1531
f 294//1532 293//1532 953//1532
f 381//1533 953//1533 954//1533
f 381//1534 294//1534 953//1534
f 380//1535 954//1535 955//1535
f 380//1536 381//1536 954//1536
f 379//1537 955//1537 956//1537
f 379//1538 380//1538 955//1538
f 378//1539 379//1539 956//1539
f 378//1540 956//1540 957//1540
f 369//1541 378//1541 957//1541
f 369//1542 957//1542 958//1542
f 370//1543 369//1543 958//1543
f 370//1544 958//1544 959//1544
f 371//1545 370//1545 959//1545
f 371//1546 959//1546 960//1546
f 371//1547 960//1547 961//1547
f 372//1548 371//1548 961//1548
f 373//1549 372//1549 961//1549
f 373//1550 961//1550 962//1550
f 374//1551 373//1551 962//1551
f 374//1552 962//1552 963//1552
f 374//1553 963//1553 964//1553
f 375//1554 374//1554 964//1554
f 376//1555 375//1555 964//1555
f 376//1556 964//1556 965//1556
f 124//1557 376//1557 965//1557
f 124//1558 965//1558 966//1558
f 124//1559 966//1559 967//1559
f 119//1560 124//1560 967//1560
f 119//1561 967//1561 968//1561
f 116//1562 119//1562 968//1562
f 116//1563 968//1563 969//1563
f 112//1564 116//1564 969//1564
f 108//1565 112//1565 969//1565
f 108//1566 969//1566 970//1566
f 104//1567 108//1567 970//1567
f 104//1568 970//1568 971//1568
f 100//1569 104//1569 971//1569
f 100//1570 971//1570 972//1570
f 96//1571 100//1571 972//1571
f 96//1572 972//1572 973//1572
f 94//1573 96//1573 973//1573
f 94//1574 973//1574 974//1574
f 98//1575 94//1575 974//1575
f 98//1576 974//1576 975//1576
f 101//1577 98//1577 975//1577
f 101//1578 975//1578 976//1578
f 106//1579 101//1579 976//1579
f 106//1580 976//1580 977//1580
f 110//1581 977//1581 978//1581
f 110//1582 106//1582 977//1582
f 110//1583 978//1583 979//1583
f 114//1584 110//1584 979//1584
f 118//1585 979//1585 980//1585
f 118//1586 980//1586 981//1586
f 118//1587 114//1587 979//1587
f 122//1588 118//1588 981//1588
f 125//1589 981//1589 982//1589
f 125//1590 982//1590 983//1590
f 125//1591 122//1591 981//1591
f 127//1592 125//1592 983//1592
f 130//1593 127//1593 983//1593
f 130//1594 983//1594 984//1594
f 132//1595 130//1595 984//1595
f 132//1596 984//1596 985//1596
f 132//1597 985//1597 986//1597
f 134//1598 132//1598 986//1598
f 136//1599 134//1599 986//1599
f 136//1600 986//1600 987//1600
f 136//1601 987//1601 988//1601
f 138//1602 136//1602 988//1602
f 139//1603 138//1603 988//1603
f 139//1604 988//1604 989//1604
f 141//1605 139//1605 989//1605
f 141//1606 989//1606 990//1606
f 143//1607 141//1607 990//1607
f 143//1608 990//1608 991//1608
f 143//1609 991//1609 992//1609
f 145//1610 143//1610 992//1610
f 145//1611 992//1611 993//1611
f 148//1612 145//1612 993//1612
f 148//1613 993//1613 994//1613
f 149//1614 994//1614 995//1614
f 149//1615 148//1615 994//1615
f 151//1616 149//1616 995//1616
f 153//1617 995//1617 996//1617
f 153//1618 996//1618 997//1618
f 153//1619 151//1619 995//1619
f 156//1620 153//1620 997//1620
f 158//1621 997//1621 998//1621
f 158//1622 998//1622 999//1622
f 158//1623 156//1623 997//1623
f 159//1624 158//1624 999//1624
f 162//1625 999//1625 1000//1625
f 162//1626 159//1626 999//1626
f 163//1627 1000//1627 1001//1627
f 163//1628 162//1628 1000//1628
f 165//1629 1001//1629 1002//1629
f 165//1630 1002//1630 1003//1630
f 165//1631 163//1631 1001//1631
f 168//1632 165//1632 1003//1632
f 170//1633 1003//1633 1004//1633
f 170//1634 168//1634 1003//1634
f 171//1635 1004//1635 1005//1635
f 171//1636 1005//1636 1006//1636
f 171//1637 170//1637 1004//1637
f 173//1638 171//1638 1006//1638
f 176//1639 173//1639 1006//1639
f 176//1640 1006//1640 1007//1640
f 176//1641 1007//1641 1008//1641
f 178//1642 176//1642 1008//1642
f 179//1643 178//1643 1008//1643
f 179//1644 1008//1644 1009//1644
f 179//1645 1009//1645 1010//1645
f 181//1646 179//1646 1010//1646
f 183//1647 181//1647 1010//1647
f 183//1648 1010//1648 1011//1648
f 183//1649 1011//1649 1012//1649
f 186//1650 183//1650 1012//1650
f 188//1651 1012//1651 1013//1651
f 188//1652 186//1652 1012//1652
f 393//1653 1013//1653 1014//1653
f 393//1654 188//1654 1013//1654
f 392//1655 1014//1655 1015//1655
f 392//1656 393//1656 1014//1656
f 391//1657 1015//1657 1016//1657
f 391//1658 1016//1658 1017//1658
f 391//1659 392//1659 1015//1659
f 390//1660 391//1660 1017//1660
f 389//1661 1017//1661 1018//1661
f 389//1662 390//1662 1017//1662
f 388//1663 1018//1663 1019//1663
f 388//1664 389//1664 1018//1664
f 387//1665 1019//1665 1020//1665
f 387//1666 388//1666 1019//1666
f 382//1667 1020//1667 895//1667
f 382//1668 387//1668 1020//1668
f 861//1669 860//1669 332//1669
f 332//1670 860//1670 331//1670
f 331//1671 862//1671 333//1671
f 860//1672 862//1672 331//1672
f 333//1673 863//1673 334//1673
f 862//1674 863//1674 333//1674
f 334//1675 864//1675 335//1675
f 863//1676 864//1676 334//1676
f 335//1677 865//1677 336//1677
f 336//1678 865//1678 337//1678
f 864//1679 865//1679 335//1679
f 865//1680 866//1680 337//1680
f 337//1681 867//1681 338//1681
f 866//1682 867//1682 337//1682
f 338//1683 868//1683 339//1683
f 867//1684 868//1684 338//1684
f 339//1685 869//1685 340//1685
f 340//1686 869//1686 341//1686
f 868//1687 869//1687 339//1687
f 869//1688 870//1688 341//1688
f 870//1689 871//1689 341//1689
f 341//1690 871//1690 342//1690
f 871//1691 872//1691 342//1691
f 342//1692 872//1692 343//1692
f 872//1693 873//1693 343//1693
f 343//1694 873//1694 344//1694
f 873//1695 874//1695 344//1695
f 344//1696 874//1696 345//1696
f 345//1697 875//1697 346//1697
f 874//1698 875//1698 345//1698
f 346//1699 876//1699 347//1699
f 875//1700 876//1700 346//1700
f 347//1701 877//1701 348//1701
f 876//1702 877//1702 347//1702
f 348//1703 878//1703 349//1703
f 877//1704 878//1704 348//1704
f 349//1705 879//1705 351//1705
f 878//1706 879//1706 349//1706
f 351//1707 880//1707 353//1707
f 879//1708 880//1708 351//1708
f 353//1709 881//1709 355//1709
f 880//1710 881//1710 353//1710
f 355//1711 883//1711 357//1711
f 881//1712 883//1712 355//1712
f 357//1713 885//1713 359//1713
f 883//1714 885//1714 357//1714
f 359//1715 887//1715 361//1715
f 361//1716 887//1716 362//1716
f 885//1717 887//1717 359//1717
f 887//1718 888//1718 362//1718
f 362//1719 889//1719 363//1719
f 888//1720 889//1720 362//1720
f 363//1721 890//1721 364//1721
f 889//1722 890//1722 363//1722
f 364//1723 891//1723 365//1723
f 890//1724 891//1724 364//1724
f 365//1725 892//1725 366//1725
f 891//1726 892//1726 365//1726
f 366//1727 893//1727 367//1727
f 892//1728 893//1728 366//1728
f 367//1729 894//1729 368//1729
f 893//1730 894//1730 367//1730
f 368//1731 859//1731 328//1731
f 894//1732 859//1732 368//1732
f 328//1733 858//1733 327//1733
f 859//1734 858//1734 328//1734
f 327//1735 857//1735 326//1735
f 858//1736 857//1736 327//1736
f 326//1737 856//1737 325//1737
f 325//1738 856//1738 324//1738
f 857//1739 856//1739 326//1739
f 856//1740 854//1740 324//1740
f 854//1741 852//1741 324//1741
f 324//1742 852//1742 323//1742
f 852//1743 850//1743 323//1743
f 323//1744 850//1744 322//1744
f 850//1745 848//1745 322//1745
f 322//1746 848//1746 319//1746
f 848//1747 846//1747 319//1747
f 319//1748 846//1748 316//1748
f 846//1749 844//1749 316//1749
f 316//1750 844//1750 313//1750
f 844//1751 842//1751 313//1751
f 313//1752 842//1752 310//1752
f 310//1753 842//1753 307//1753
f 842//1754 840//1754 307//1754
f 840//1755 838//1755 307//1755
f 307//1756 838//1756 304//1756
f 304//1757 838//1757 302//1757
f 838//1758 836//1758 302//1758
f 836//1759 834//1759 302//1759
f 302//1760 834//1760 298//1760
f 298//1761 834//1761 295//1761
f 834//1762 832//1762 295//1762
f 295//1763 832//1763 272//1763
f 832//1764 814//1764 272//1764
f 272//1765 813//1765 271//1765
f 814//1766 813//1766 272//1766
f 271//1767 815//1767 273//1767
f 813//1768 815//1768 271//1768
f 273//1769 816//1769 274//1769
f 815//1770 816//1770 273//1770
f 274//1771 817//1771 275//1771
f 816//1772 817//1772 274//1772
f 275//1773 818//1773 276//1773
f 817//1774 818//1774 275//1774
f 276//1775 819//1775 277//1775
f 277//1776 819//1776 278//1776
f 818//1777 819//1777 276//1777
f 819//1778 820//1778 278//1778
f 278//1779 821//1779 279//1779
f 820//1780 821//1780 278//1780
f 279//1781 822//1781 280//1781
f 280//1782 822//1782 281//1782
f 821//1783 822//1783 279//1783
f 822//1784 823//1784 281//1784
f 281//1785 824//1785 282//1785
f 823//1786 824//1786 281//1786
f 282//1787 825//1787 283//1787
f 824//1788 825//1788 282//1788
f 283//1789 826//1789 284//1789
f 825//1790 826//1790 283//1790
f 826//1791 827//1791 284//1791
f 284//1792 827//1792 285//1792
f 827//1793 828//1793 285//1793
f 285//1794 828//1794 286//1794
f 828//1795 829//1795 286//1795
f 286//1796 829//1796 287//1796
f 829//1797 830//1797 287//1797
f 287//1798 830//1798 288//1798
f 288//1799 830//1799 289//1799
f 830//1800 831//1800 289//1800
f 831//1801 792//1801 289//1801
f 289//1802 792//1802 290//1802
f 792//1803 790//1803 290//1803
f 290//1804 790//1804 291//1804
f 291//1805 790//1805 292//1805
f 790//1806 788//1806 292//1806
f 788//1807 786//1807 292//1807
f 292//1808 786//1808 225//1808
f 786//1809 784//1809 225//1809
f 225//1810 784//1810 220//1810
f 220//1811 784//1811 215//1811
f 784//1812 782//1812 215//1812
f 215//1813 782//1813 212//1813
f 782//1814 780//1814 212//1814
f 212//1815 780//1815 207//1815
f 780//1816 778//1816 207//1816
f 778//1817 776//1817 207//1817
f 207//1818 776//1818 205//1818
f 776//1819 774//1819 205//1819
f 205//1820 774//1820 201//1820
f 774//1821 772//1821 201//1821
f 201//1822 772//1822 195//1822
f 772//1823 770//1823 195//1823
f 195//1824 770//1824 192//1824
f 770//1825 769//1825 192//1825
f 192//1826 769//1826 190//1826
f 769//1827 771//1827 190//1827
f 190//1828 771//1828 193//1828
f 771//1829 773//1829 193//1829
f 193//1830 773//1830 198//1830
f 773//1831 775//1831 198//1831
f 198//1832 775//1832 202//1832
f 202//1833 777//1833 206//1833
f 775//1834 777//1834 202//1834
f 206//1835 777//1835 210//1835
f 777//1836 779//1836 210//1836
f 210//1837 781//1837 214//1837
f 214//1838 781//1838 217//1838
f 779//1839 781//1839 210//1839
f 781//1840 783//1840 217//1840
f 217//1841 785//1841 222//1841
f 222//1842 785//1842 226//1842
f 783//1843 785//1843 217//1843
f 785//1844 787//1844 226//1844
f 787//1845 789//1845 226//1845
f 226//1846 789//1846 227//1846
f 789//1847 791//1847 227//1847
f 227//1848 791//1848 229//1848
f 229//1849 791//1849 231//1849
f 791//1850 793//1850 231//1850
f 793//1851 794//1851 231//1851
f 231//1852 794//1852 234//1852
f 234//1853 794//1853 235//1853
f 794//1854 795//1854 235//1854
f 795//1855 796//1855 235//1855
f 235//1856 796//1856 238//1856
f 796//1857 797//1857 238//1857
f 238//1858 797//1858 240//1858
f 797//1859 798//1859 240//1859
f 240//1860 798//1860 241//1860
f 241//1861 798//1861 243//1861
f 798//1862 799//1862 243//1862
f 243//1863 799//1863 245//1863
f 799//1864 800//1864 245//1864
f 245//1865 800//1865 247//1865
f 247//1866 801//1866 249//1866
f 800//1867 801//1867 247//1867
f 801//1868 802//1868 249//1868
f 249//1869 803//1869 251//1869
f 251//1870 803//1870 253//1870
f 802//1871 803//1871 249//1871
f 803//1872 804//1872 253//1872
f 253//1873 805//1873 256//1873
f 256//1874 805//1874 257//1874
f 804//1875 805//1875 253//1875
f 805//1876 806//1876 257//1876
f 257//1877 807//1877 259//1877
f 806//1878 807//1878 257//1878
f 259//1879 808//1879 261//1879
f 807//1880 808//1880 259//1880
f 261//1881 809//1881 263//1881
f 263//1882 809//1882 265//1882
f 808//1883 809//1883 261//1883
f 809//1884 810//1884 265//1884
f 265//1885 811//1885 267//1885
f 810//1886 811//1886 265//1886
f 267//1887 812//1887 269//1887
f 269//1888 812//1888 296//1888
f 811//1889 812//1889 267//1889
f 812//1890 833//1890 296//1890
f 833//1891 835//1891 296//1891
f 296//1892 835//1892 300//1892
f 300//1893 835//1893 303//1893
f 835//1894 837//1894 303//1894
f 837//1895 839//1895 303//1895
f 303//1896 839//1896 305//1896
f 305//1897 839//1897 308//1897
f 839//1898 841//1898 308//1898
f 841//1899 843//1899 308//1899
f 308//1900 843//1900 311//1900
f 311//1901 843//1901 314//1901
f 843//1902 845//1902 314//1902
f 314//1903 847//1903 317//1903
f 845//1904 847//1904 314//1904
f 317//1905 849//1905 320//1905
f 847//1906 849//1906 317//1906
f 320//1907 851//1907 350//1907
f 849//1908 851//1908 320//1908
f 350//1909 853//1909 352//1909
f 352//1910 853//1910 354//1910
f 851//1911 853//1911 350//1911
f 853//1912 855//1912 354//1912
f 354//1913 882//1913 356//1913
f 855//1914 882//1914 354//1914
f 356//1915 884//1915 358//1915
f 882//1916 884//1916 356//1916
f 358//1917 886//1917 360//1917
f 884//1918 886//1918 358//1918
f 360//1919 861//1919 332//1919
f 886//1920 861//1920 360//1920
f 973//1921 976//1921 974//1921
f 974//1922 976//1922 975//1922
f 976//1923 978//1923 977//1923
f 973//1924 979//1924 976//1924
f 976//1925 979//1925 978//1925
f 979//1926 981//1926 980//1926
f 967//1927 966//1927 968//1927
f 981//1928 983//1928 982//1928
f 966//1929 964//1929 968//1929
f 965//1930 964//1930 966//1930
f 968//1931 964//1931 969//1931
f 969//1932 964//1932 970//1932
f 970//1933 964//1933 971//1933
f 981//1934 984//1934 983//1934
f 981//1935 985//1935 984//1935
f 962//1936 961//1936 963//1936
f 963//1937 961//1937 964//1937
f 973//1938 987//1938 979//1938
f 979//1939 987//1939 981//1939
f 981//1940 987//1940 985//1940
f 971//1941 987//1941 972//1941
f 972//1942 987//1942 973//1942
f 985//1943 987//1943 986//1943
f 987//1944 989//1944 988//1944
f 959//1945 958//1945 960//1945
f 960//1946 958//1946 961//1946
f 961//1947 958//1947 964//1947
f 957//1948 956//1948 958//1948
f 990//1949 992//1949 991//1949
f 956//1950 955//1950 958//1950
f 992//1951 994//1951 993//1951
f 990//1952 995//1952 992//1952
f 992//1953 995//1953 994//1953
f 955//1954 952//1954 958//1954
f 953//1955 952//1955 954//1955
f 954//1956 952//1956 955//1956
f 958//1957 952//1957 964//1957
f 951//1958 950//1958 952//1958
f 995//1959 998//1959 996//1959
f 996//1960 998//1960 997//1960
f 950//1961 949//1961 952//1961
f 949//1962 948//1962 952//1962
f 998//1963 1001//1963 999//1963
f 999//1964 1001//1964 1000//1964
f 990//1965 1001//1965 995//1965
f 995//1966 1001//1966 998//1966
f 989//1967 1001//1967 990//1967
f 947//1968 946//1968 948//1968
f 948//1969 945//1969 952//1969
f 946//1970 945//1970 948//1970
f 1001//1971 1003//1971 1002//1971
f 945//1972 944//1972 952//1972
f 1003//1973 1005//1973 1004//1973
f 1001//1974 1005//1974 1003//1974
f 989//1975 1005//1975 1001//1975
f 944//1976 942//1976 952//1976
f 943//1977 942//1977 944//1977
f 1005//1978 1007//1978 1006//1978
f 941//1979 940//1979 942//1979
f 1005//1980 1008//1980 1007//1980
f 987//1981 1008//1981 989//1981
f 989//1982 1008//1982 1005//1982
f 987//1983 1009//1983 1008//1983
f 971//1984 1009//1984 987//1984
f 939//1985 938//1985 940//1985
f 940//1986 938//1986 942//1986
f 971//1987 1010//1987 1009//1987
f 971//1988 1011//1988 1010//1988
f 936//1989 935//1989 937//1989
f 937//1990 935//1990 938//1990
f 935//1991 934//1991 938//1991
f 934//1992 933//1992 938//1992
f 1011//1993 1015//1993 1012//1993
f 1012//1994 1015//1994 1013//1994
f 1013//1995 1015//1995 1014//1995
f 971//1996 1015//1996 1011//1996
f 938//1997 932//1997 942//1997
f 933//1998 932//1998 938//1998
f 1015//1999 1017//1999 1016//1999
f 931//2000 930//2000 932//2000
f 1017//2001 1019//2001 1018//2001
f 1015//2002 1019//2002 1017//2002
f 1015//2003 1020//2003 1019//2003
f 971//2004 1020//2004 1015//2004
f 928//2005 927//2005 929//2005
f 929//2006 927//2006 930//2006
f 930//2007 927//2007 932//2007
f 927//2008 926//2008 932//2008
f 1020//2009 896//2009 895//2009
f 1020//2010 897//2010 896//2010
f 924//2011 923//2011 925//2011
f 925//2012 923//2012 926//2012
f 897//2013 899//2013 898//2013
f 923//2014 921//2014 926//2014
f 922//2015 921//2015 923//2015
f 952//2016 902//2016 964//2016
f 899//2017 902//2017 900//2017
f 900//2018 902//2018 901//2018
f 897//2019 902//2019 899//2019
f 971//2020 902//2020 1020//2020
f 1020//2021 902//2021 897//2021
f 964//2022 902//2022 971//2022
f 920//2023 919//2023 921//2023
f 921//2024 919//2024 926//2024
f 902//2025 904//2025 903//2025
f 952//2026 904//2026 902//2026
f 917//2027 916//2027 918//2027
f 918//2028 916//2028 919//2028
f 919//2029 916//2029 926//2029
f 904//2030 907//2030 905//2030
f 905//2031 907//2031 906//2031
f 904//2032 908//2032 907//2032
f 914//2033 913//2033 915//2033
f 904//2034 909//2034 908//2034
f 926//2035 912//2035 932//2035
f 915//2036 912//2036 916//2036
f 942//2037 912//2037 952//2037
f 916//2038 912//2038 926//2038
f 913//2039 912//2039 915//2039
f 932//2040 912//2040 942//2040
f 904//2041 910//2041 909//2041
f 952//2042 911//2042 904//2042
f 904//2043 911//2043 910//2043
f 912//2044 911//2044 952//2044
