# Created by FreeCAD <https://www.freecad.org>
v -300.077393 190.000000 37.671417
v -274.831665 190.000000 -86.959930
v -300.231628 190.000000 -86.928490
v -274.677399 190.000000 37.639973
v -274.614136 190.000000 40.093281
v -299.981995 190.000000 41.371006
v -274.430573 190.000000 42.540527
v -299.705170 190.000000 45.061455
v -274.127167 190.000000 44.975822
v -299.247589 190.000000 48.733879
v -273.704590 190.000000 47.393295
v -298.610382 190.000000 52.379425
v -273.163940 190.000000 49.787121
v -297.795074 190.000000 55.989311
v -296.803589 190.000000 59.554848
v -272.506470 190.000000 52.151535
v -271.733765 190.000000 54.480839
v -295.638397 190.000000 63.067440
v -270.847687 190.000000 56.769421
v -294.302216 190.000000 66.518616
v -269.850403 190.000000 59.011768
v -292.798279 190.000000 69.900085
v -268.744324 190.000000 61.202488
v -291.130249 190.000000 73.203682
v -267.532013 190.000000 63.336288
v -289.302155 190.000000 76.421455
v -266.216522 190.000000 65.408035
v -287.318359 190.000000 79.545647
v -264.800934 190.000000 67.412743
v -285.183624 190.000000 82.568741
v -263.288666 190.000000 69.345566
v -282.903168 190.000000 85.483452
v -280.482422 190.000000 88.282745
v -261.683411 190.000000 71.201859
v -259.989014 190.000000 72.977165
v -277.927277 190.000000 90.959892
v -258.209503 190.000000 74.667175
v -275.243774 190.000000 93.508438
v -256.349243 190.000000 76.267838
v -272.438507 190.000000 95.922241
v -254.412674 190.000000 77.775291
v -269.518158 190.000000 98.195480
v -252.404465 190.000000 79.185921
v -266.489807 190.000000 100.322693
v -250.329468 190.000000 80.496300
v -263.360687 190.000000 102.298759
v -248.192673 190.000000 81.703285
v -260.138397 190.000000 104.118889
v -256.830688 190.000000 105.778725
v -245.999222 190.000000 82.803978
v -253.445526 190.000000 107.274261
v -243.754425 190.000000 83.795708
v -249.991043 190.000000 108.601891
v -241.463638 190.000000 84.676102
v -246.475571 190.000000 109.758423
v -239.132431 190.000000 85.443031
v -236.766403 190.000000 86.094643
v -242.907593 190.000000 110.741058
v -239.295700 190.000000 111.547447
v -234.371246 190.000000 86.629379
v -235.648590 190.000000 112.175629
v -231.952744 190.000000 87.045952
v -231.975037 190.000000 112.624100
v -229.516693 190.000000 87.343346
v -228.283920 190.000000 112.891777
v -227.069016 190.000000 87.520859
v -224.615555 190.000000 87.578049
v -224.584106 190.000000 112.978020
v -5.504200 190.000000 94.905518
v -5.243419 190.000000 94.637482
v -4.969601 190.000000 94.382790
v -5.751297 190.000000 95.186211
v -4.683429 190.000000 94.142052
v -5.984095 190.000000 95.478867
v -6.202016 190.000000 95.782776
v -6.404518 190.000000 96.097160
v -6.591097 190.000000 96.421249
v -6.761290 190.000000 96.754242
v -6.914673 190.000000 97.095299
v -7.050865 190.000000 97.443581
v -7.169528 190.000000 97.798210
v -7.270365 190.000000 98.158318
v -7.353127 190.000000 98.523003
v -7.417609 190.000000 98.891357
v -7.463650 190.000000 99.262482
v -7.491134 190.000000 99.635429
v -7.499994 190.000000 100.009285
v -7.490208 190.000000 100.383110
v -7.461801 190.000000 100.755997
v -7.414842 190.000000 101.126999
v -7.349448 190.000000 101.495201
v -7.265783 190.000000 101.859673
v -7.164054 190.000000 102.219536
v -7.044514 190.000000 102.573868
v -6.907460 190.000000 102.921814
v -6.753233 190.000000 103.262489
v -6.582217 190.000000 103.595055
v -6.394835 190.000000 103.918686
v -6.191556 190.000000 104.232567
v -5.972883 190.000000 104.535934
v -5.739361 190.000000 104.828018
v 12.163244 190.000000 87.284935
v 2.022365 190.000000 92.777809
v 2.379847 190.000000 92.887596
v 2.731413 190.000000 93.015060
v 3.076188 190.000000 93.159889
v 3.413316 190.000000 93.321732
v 3.741957 190.000000 93.500168
v 4.061295 190.000000 93.694771
v 4.370536 190.000000 93.905045
v 4.668911 190.000000 94.130478
v 4.955678 190.000000 94.370499
v -2.397449 190.000000 92.893509
v -2.040239 190.000000 92.782837
v -1.677957 190.000000 92.690117
v -1.311504 190.000000 92.615562
v -0.941789 190.000000 92.559364
v -0.569734 190.000000 92.521675
v -0.196261 190.000000 92.502571
v 0.177699 190.000000 92.502106
v 0.551217 190.000000 92.520287
v 0.923365 190.000000 92.557053
v 1.293217 190.000000 92.612335
v 1.659854 190.000000 92.685982
v -5.491570 190.000000 105.108101
v 5.230126 190.000000 94.624519
v -5.230126 190.000000 105.375481
v 5.491570 190.000000 94.891899
v -4.955678 190.000000 105.629501
v 5.739361 190.000000 95.171982
v -4.668911 190.000000 105.869522
v 5.972883 190.000000 95.464066
v -4.370536 190.000000 106.094955
v 6.191556 190.000000 95.767433
v -4.061295 190.000000 106.305229
v 6.394835 190.000000 96.081314
v -3.741957 190.000000 106.499832
v 6.582217 190.000000 96.404945
v -3.413316 190.000000 106.678268
v 6.753233 190.000000 96.737511
v -3.076188 190.000000 106.840111
v 6.907460 190.000000 97.078186
v -2.731413 190.000000 106.984940
v 7.044514 190.000000 97.426132
v -2.379847 190.000000 107.112404
v 7.164054 190.000000 97.780464
v -2.022365 190.000000 107.222191
v 7.265783 190.000000 98.140327
v -1.659854 190.000000 107.314018
v 7.349448 190.000000 98.504799
v 7.414842 190.000000 98.873001
v 7.461801 190.000000 99.244003
v 22.715704 190.000000 112.671890
v 7.499994 190.000000 99.990715
v 7.491134 190.000000 100.364571
v 7.463650 190.000000 100.737518
v 7.417609 190.000000 101.108643
v 7.353127 190.000000 101.476997
v 7.270365 190.000000 101.841682
v 7.169528 190.000000 102.201790
v 7.050865 190.000000 102.556419
v 6.914673 190.000000 102.904701
v 6.761290 190.000000 103.245758
v 6.591097 190.000000 103.578751
v 6.404518 190.000000 103.902840
v 6.202016 190.000000 104.217224
v 5.984095 190.000000 104.521133
v 5.751297 190.000000 104.813789
v 5.504200 190.000000 105.094482
v 5.243419 190.000000 105.362518
v 4.969601 190.000000 105.617210
v 4.683429 190.000000 105.857948
v 4.385612 190.000000 106.084114
v 4.076893 190.000000 106.295151
v 3.758038 190.000000 106.490547
v 3.429839 190.000000 106.669800
v 3.093114 190.000000 106.832474
v 7.490208 190.000000 99.616890
v 2.748698 190.000000 106.978157
v 2.397449 190.000000 107.106491
v 2.040239 190.000000 107.217163
v 1.677957 190.000000 107.309883
v 1.311504 190.000000 107.384438
v 0.941789 190.000000 107.440636
v 0.569734 190.000000 107.478325
v 0.196261 190.000000 107.497429
v -0.177699 190.000000 107.497894
v -0.551217 190.000000 107.479713
v -0.923365 190.000000 107.442947
v -1.293217 190.000000 107.387665
v 153.736389 190.000000 -18.673576
v 135.753662 190.000000 -36.611843
v -2.748698 190.000000 93.021843
v -3.093114 190.000000 93.167526
v -3.429839 190.000000 93.330200
v -3.758038 190.000000 93.509453
v -4.076893 190.000000 93.704849
v -4.385612 190.000000 93.915886
v -300.231628 164.600006 -86.928490
v -300.077393 164.600006 37.671417
v -299.981995 164.600006 41.371006
v -299.705170 164.600006 45.061455
v -299.247589 164.600006 48.733879
v -298.610382 164.600006 52.379425
v -297.795074 164.600006 55.989311
v -296.803589 164.600006 59.554848
v -295.638397 164.600006 63.067440
v -294.302216 164.600006 66.518616
v -292.798279 164.600006 69.900085
v -291.130249 164.600006 73.203682
v -289.302155 164.600006 76.421455
v -287.318359 164.600006 79.545647
v -285.183624 164.600006 82.568741
v -282.903168 164.600006 85.483452
v -280.482422 164.600006 88.282745
v -277.927277 164.600006 90.959892
v -275.243774 164.600006 93.508438
v -272.438507 164.600006 95.922241
v -269.518158 164.600006 98.195480
v -266.489807 164.600006 100.322693
v -263.360687 164.600006 102.298759
v -260.138397 164.600006 104.118889
v -256.830688 164.600006 105.778725
v -253.445526 164.600006 107.274261
v -249.991043 164.600006 108.601891
v -246.475571 164.600006 109.758423
v -242.907593 164.600006 110.741058
v -239.295700 164.600006 111.547447
v -235.648590 164.600006 112.175629
v -231.975037 164.600006 112.624100
v -228.283920 164.600006 112.891777
v -224.584106 164.600006 112.978020
v -293.029510 172.198700 -86.937408
v -292.768402 171.931000 -86.937729
v -292.494263 171.676636 -86.938065
v -293.276947 172.479095 -86.937096
v -292.207794 171.436264 -86.938423
v -293.510132 172.771469 -86.936813
v -291.909698 171.210464 -86.938789
v -293.728424 173.075104 -86.936539
v -291.600739 170.999802 -86.939171
v -293.931305 173.389236 -86.936287
v -291.281616 170.804810 -86.939568
v -294.118286 173.713089 -86.936058
v -290.953217 170.625961 -86.939972
v -294.288910 174.045868 -86.935844
v -290.616272 170.463699 -86.940392
v -294.442688 174.386734 -86.935654
v -290.271698 170.318451 -86.940819
v -294.579315 174.734848 -86.935486
v -289.920288 170.190552 -86.941254
v -294.698425 175.089340 -86.935341
v -289.562927 170.080322 -86.941696
v -294.799713 175.449326 -86.935211
v -289.200531 169.988037 -86.942146
v -294.882935 175.813904 -86.935112
v -288.833984 169.913940 -86.942596
v -294.947845 176.182190 -86.935028
v -288.464203 169.858200 -86.943054
v -294.994354 176.553238 -86.934975
v -288.092102 169.820969 -86.943520
v -295.022308 176.926163 -86.934937
v -287.718597 169.802338 -86.943977
v -295.031616 177.300003 -86.934929
v -293.276947 182.120911 -86.937096
v -293.029510 182.401291 -86.937408
v -293.510132 181.828537 -86.936813
v -293.728424 181.524902 -86.936539
v -293.931305 181.210770 -86.936287
v -294.118286 180.886902 -86.936058
v -294.288910 180.554123 -86.935844
v -294.442688 180.213257 -86.935654
v -294.579315 179.865158 -86.935486
v -294.698425 179.510666 -86.935341
v -294.799713 179.150681 -86.935211
v -294.882935 178.786102 -86.935112
v -294.947845 178.417816 -86.935028
v -294.994354 178.046753 -86.934975
v -295.022308 177.673843 -86.934937
v -286.599060 169.858200 -86.945366
v -274.831665 164.600006 -86.959930
v -286.971161 169.820969 -86.944908
v -286.229279 169.913940 -86.945824
v -285.862732 169.988037 -86.946274
v -285.500336 170.080322 -86.946724
v -285.142975 170.190552 -86.947166
v -284.791565 170.318451 -86.947601
v -284.446960 170.463699 -86.948029
v -284.110046 170.625961 -86.948448
v -283.781616 170.804810 -86.948853
v -283.462524 170.999802 -86.949249
v -283.153564 171.210464 -86.949631
v -282.855469 171.436264 -86.949997
v -282.568970 171.676636 -86.950356
v -282.294861 171.931000 -86.950691
v -287.344635 169.802338 -86.944443
v -292.768402 182.669006 -86.937729
v -282.033752 172.198700 -86.951019
v -292.494263 182.923355 -86.938065
v -281.786285 172.479095 -86.951324
v -292.207794 183.163742 -86.938423
v -281.553131 172.771469 -86.951614
v -291.909698 183.389542 -86.938789
v -281.334839 173.075104 -86.951881
v -291.600739 183.600189 -86.939171
v -281.131958 173.389236 -86.952133
v -291.281616 183.795197 -86.939568
v -280.944977 173.713089 -86.952362
v -290.953217 183.974045 -86.939972
v -280.774353 174.045868 -86.952576
v -290.616272 184.136292 -86.940392
v -280.620575 174.386734 -86.952766
v -290.271698 184.281555 -86.940819
v -280.483978 174.734848 -86.952934
v -289.920288 184.409454 -86.941254
v -280.364868 175.089340 -86.953079
v -289.562927 184.519684 -86.941696
v -280.263580 175.449326 -86.953209
v -289.200531 184.611954 -86.942146
v -280.180359 175.813904 -86.953308
v -288.833984 184.686066 -86.942596
v -280.115417 176.182190 -86.953392
v -288.464203 184.741791 -86.943054
v -280.068939 176.553238 -86.953445
v -288.092102 184.779022 -86.943520
v -280.040985 176.926163 -86.953484
v -280.031647 177.300003 -86.953499
v -280.040985 177.673843 -86.953484
v -280.068939 178.046753 -86.953445
v -280.115417 178.417816 -86.953392
v -280.180359 178.786102 -86.953308
v -280.263580 179.150681 -86.953209
v -280.364868 179.510666 -86.953079
v -280.483978 179.865158 -86.952934
v -280.620575 180.213257 -86.952766
v -280.774353 180.554123 -86.952576
v -280.944977 180.886902 -86.952362
v -281.131958 181.210770 -86.952133
v -281.334839 181.524902 -86.951881
v -281.553131 181.828537 -86.951614
v -281.786285 182.120911 -86.951324
v -282.033752 182.401291 -86.951019
v -282.294861 182.669006 -86.950691
v -282.568970 182.923355 -86.950356
v -282.855469 183.163742 -86.949997
v -283.153564 183.389542 -86.949631
v -283.462524 183.600189 -86.949249
v -283.781616 183.795197 -86.948853
v -284.110046 183.974045 -86.948448
v -284.446960 184.136292 -86.948029
v -284.791565 184.281555 -86.947601
v -285.142975 184.409454 -86.947166
v -285.500336 184.519684 -86.946724
v -285.862732 184.611954 -86.946274
v -286.229279 184.686066 -86.945824
v -286.599060 184.741791 -86.945366
v -286.971161 184.779022 -86.944908
v -287.718597 184.797668 -86.943977
v -287.344635 184.797668 -86.944443
v -5.482163 172.198700 112.706795
v -5.221051 171.931000 112.706467
v -4.946918 171.676636 112.706131
v -5.729608 172.479095 112.707100
v -4.660449 171.436264 112.705772
v -5.962768 172.771469 112.707390
v -4.362353 171.210464 112.705406
v -6.181065 173.075104 112.707657
v -4.053372 170.999802 112.705025
v -6.383955 173.389236 112.707909
v -3.734276 170.804810 112.704628
v -6.570935 173.713089 112.708138
v -3.405856 170.625961 112.704224
v -6.741540 174.045868 112.708351
v -3.068930 170.463699 112.703804
v -6.895345 174.386734 112.708542
v -2.724334 170.318451 112.703377
v -7.031968 174.734848 112.708710
v -2.372927 170.190552 112.702942
v -7.151069 175.089340 112.708862
v -2.015580 170.080322 112.702499
v -7.252353 175.449326 112.708984
v -1.653184 169.988037 112.702057
v -7.335567 175.813904 112.709091
v -1.286639 169.913940 112.701599
v -7.400504 176.182190 112.709167
v -7.447004 176.553238 112.709229
v -7.474950 176.926163 112.709259
v -7.484273 177.300003 112.709274
v -7.474950 177.673843 112.709259
v -7.447004 178.046753 112.709229
v -7.400504 178.417816 112.709167
v -7.335567 178.786102 112.709091
v -7.252353 179.150681 112.708984
v -7.151069 179.510666 112.708862
v -7.031968 179.865158 112.708710
v -6.895345 180.213257 112.708542
v -6.741540 180.554123 112.708351
v -6.570935 180.886902 112.708138
v -6.383955 181.210770 112.707909
v -6.181065 181.524902 112.707657
v -5.962768 181.828537 112.707390
v -5.729608 182.120911 112.707100
v -5.482163 182.401291 112.706795
v -5.221051 182.669006 112.706467
v 22.715704 164.600006 112.671890
v 7.515716 177.300003 112.690704
v 7.506392 176.926163 112.690712
v 7.478446 176.553238 112.690750
v 7.431947 176.182190 112.690804
v 7.367009 175.813904 112.690887
v 7.283795 175.449326 112.690987
v 7.182512 175.089340 112.691116
v 7.063411 174.734848 112.691261
v 6.926788 174.386734 112.691429
v 6.772983 174.045868 112.691620
v 6.602378 173.713089 112.691833
v 6.415398 173.389236 112.692062
v 6.212507 173.075104 112.692314
v 5.994210 172.771469 112.692589
v 5.761050 172.479095 112.692879
v 5.513606 172.198700 112.693184
v 5.252494 171.931000 112.693504
v 4.978361 171.676636 112.693848
v 4.691891 171.436264 112.694199
v 4.393795 171.210464 112.694565
v 4.084815 170.999802 112.694946
v 3.765718 170.804810 112.695343
v 3.437299 170.625961 112.695755
v 3.100372 170.463699 112.696167
v 2.755777 170.318451 112.696594
v 2.404369 170.190552 112.697029
v 2.047023 170.080322 112.697472
v 1.684627 169.988037 112.697922
v 1.318082 169.913940 112.698372
v 0.948298 169.858200 112.698830
v 0.576197 169.820969 112.699295
v 0.202701 169.802338 112.699753
v -0.171259 169.802338 112.700218
v -0.544754 169.820969 112.700684
v -0.916856 169.858200 112.701141
v 0.576197 184.779022 112.699295
v 0.948298 184.741791 112.698830
v 1.318082 184.686066 112.698372
v 1.684627 184.611954 112.697922
v 2.047023 184.519684 112.697472
v 2.404369 184.409454 112.697029
v 2.755777 184.281555 112.696594
v 3.100372 184.136292 112.696167
v 3.437299 183.974045 112.695755
v 3.765718 183.795197 112.695343
v 4.084815 183.600189 112.694946
v 4.393795 183.389542 112.694565
v 4.691891 183.163742 112.694199
v 4.978361 182.923355 112.693848
v 5.252494 182.669006 112.693504
v 5.513606 182.401291 112.693184
v 5.761050 182.120911 112.692879
v 5.994210 181.828537 112.692589
v 6.212507 181.524902 112.692314
v 6.415398 181.210770 112.692062
v 6.602378 180.886902 112.691833
v 6.772983 180.554123 112.691620
v 6.926788 180.213257 112.691429
v 7.063411 179.865158 112.691261
v 7.182512 179.510666 112.691116
v 7.283795 179.150681 112.690987
v 7.367009 178.786102 112.690887
v 7.431947 178.417816 112.690804
v 7.478446 178.046753 112.690750
v 7.506392 177.673843 112.690712
v -0.916856 184.741791 112.701141
v -0.544754 184.779022 112.700684
v -0.171259 184.797668 112.700218
v 0.202701 184.797668 112.699753
v -1.286639 184.686066 112.701599
v -1.653184 184.611954 112.702057
v -2.015580 184.519684 112.702499
v -2.372927 184.409454 112.702942
v -2.724334 184.281555 112.703377
v -3.068930 184.136292 112.703804
v -3.405856 183.974045 112.704224
v -3.734276 183.795197 112.704628
v -4.053372 183.600189 112.705025
v -4.362353 183.389542 112.705406
v -4.660449 183.163742 112.705772
v -4.946918 182.923355 112.706131
v -274.677399 164.600006 37.639973
v 117.859856 177.300003 17.291889
v 117.859856 164.600006 17.291889
v 153.736389 177.300003 -18.673576
v -274.614136 164.600006 40.093281
v -274.430573 164.600006 42.540527
v -274.127167 164.600006 44.975822
v -273.704590 164.600006 47.393295
v -273.163940 164.600006 49.787121
v -272.506470 164.600006 52.151535
v -271.733765 164.600006 54.480839
v -270.847687 164.600006 56.769421
v -269.850403 164.600006 59.011768
v -268.744324 164.600006 61.202488
v -267.532013 164.600006 63.336288
v -266.216522 164.600006 65.408035
v -264.800934 164.600006 67.412743
v -263.288666 164.600006 69.345566
v -261.683411 164.600006 71.201859
v -259.989014 164.600006 72.977165
v -258.209503 164.600006 74.667175
v -256.349243 164.600006 76.267838
v -254.412674 164.600006 77.775291
v -252.404465 164.600006 79.185921
v -250.329468 164.600006 80.496300
v -248.192673 164.600006 81.703285
v -245.999222 164.600006 82.803978
v -243.754425 164.600006 83.795708
v -241.463638 164.600006 84.676102
v -239.132431 164.600006 85.443031
v -236.766403 164.600006 86.094643
v -234.371246 164.600006 86.629379
v -231.952744 164.600006 87.045952
v -229.516693 164.600006 87.343346
v -227.069016 164.600006 87.520859
v -224.615555 164.600006 87.578049
v 135.753662 177.300003 -36.611843
v 12.163244 164.600006 87.284935
v 99.877129 177.300003 -0.646377
v 99.877129 164.600006 -0.646377
v 7.499994 164.600006 99.990715
v 7.491134 164.600006 100.364571
v 7.463650 164.600006 100.737518
v 7.417609 164.600006 101.108643
v 7.353127 164.600006 101.476997
v 7.270365 164.600006 101.841682
v 7.169528 164.600006 102.201790
v 7.050865 164.600006 102.556419
v 6.914673 164.600006 102.904701
v 6.761290 164.600006 103.245758
v 6.591097 164.600006 103.578751
v 6.404518 164.600006 103.902840
v 6.202016 164.600006 104.217224
v 5.984095 164.600006 104.521133
v 5.751297 164.600006 104.813789
v 5.504200 164.600006 105.094482
v 5.243419 164.600006 105.362518
v 4.969601 164.600006 105.617210
v 4.683429 164.600006 105.857948
v 4.385612 164.600006 106.084114
v 4.076893 164.600006 106.295151
v 3.758038 164.600006 106.490547
v 3.429839 164.600006 106.669800
v 3.093114 164.600006 106.832474
v 2.748698 164.600006 106.978157
v 2.397449 164.600006 107.106491
v 2.040239 164.600006 107.217163
v 1.677957 164.600006 107.309883
v 1.311504 164.600006 107.384438
v 0.941789 164.600006 107.440636
v 0.569734 164.600006 107.478325
v 0.196261 164.600006 107.497429
v -0.177699 164.600006 107.497894
v -0.551217 164.600006 107.479713
v -0.923365 164.600006 107.442947
v -1.293217 164.600006 107.387665
v -1.659854 164.600006 107.314018
v -2.022365 164.600006 107.222191
v -2.379847 164.600006 107.112404
v -2.731413 164.600006 106.984940
v -3.076188 164.600006 106.840111
v -3.413316 164.600006 106.678268
v -3.741957 164.600006 106.499832
v -4.061295 164.600006 106.305229
v -4.370536 164.600006 106.094955
v -4.668911 164.600006 105.869522
v -4.955678 164.600006 105.629501
v -5.230126 164.600006 105.375481
v -5.491570 164.600006 105.108101
v -5.739361 164.600006 104.828018
v -5.972883 164.600006 104.535934
v -6.191556 164.600006 104.232567
v -6.394835 164.600006 103.918686
v -6.582217 164.600006 103.595055
v -6.753233 164.600006 103.262489
v -6.907460 164.600006 102.921814
v -7.044514 164.600006 102.573868
v -7.164054 164.600006 102.219536
v -7.265783 164.600006 101.859673
v -7.349448 164.600006 101.495201
v -7.414842 164.600006 101.126999
v -7.461801 164.600006 100.755997
v -7.490208 164.600006 100.383110
v -7.499994 164.600006 100.009285
v -7.491134 164.600006 99.635429
v -7.463650 164.600006 99.262482
v -7.417609 164.600006 98.891357
v -7.353127 164.600006 98.523003
v -7.270365 164.600006 98.158318
v -7.169528 164.600006 97.798210
v -7.050865 164.600006 97.443581
v -6.914673 164.600006 97.095299
v -6.761290 164.600006 96.754242
v -6.591097 164.600006 96.421249
v -6.404518 164.600006 96.097160
v -6.202016 164.600006 95.782776
v -5.984095 164.600006 95.478867
v -5.751297 164.600006 95.186211
v -5.504200 164.600006 94.905518
v -5.243419 164.600006 94.637482
v -4.969601 164.600006 94.382790
v -4.683429 164.600006 94.142052
v -4.385612 164.600006 93.915886
v -4.076893 164.600006 93.704849
v -3.758038 164.600006 93.509453
v -3.429839 164.600006 93.330200
v -3.093114 164.600006 93.167526
v -2.748698 164.600006 93.021843
v -2.397449 164.600006 92.893509
v -2.040239 164.600006 92.782837
v -1.677957 164.600006 92.690117
v -1.311504 164.600006 92.615562
v -0.941789 164.600006 92.559364
v -0.569734 164.600006 92.521675
v -0.196261 164.600006 92.502571
v 0.177699 164.600006 92.502106
v 0.551217 164.600006 92.520287
v 0.923365 164.600006 92.557053
v 1.293217 164.600006 92.612335
v 1.659854 164.600006 92.685982
v 2.022365 164.600006 92.777809
v 2.379847 164.600006 92.887596
v 2.731413 164.600006 93.015060
v 3.076188 164.600006 93.159889
v 3.413316 164.600006 93.321732
v 3.741957 164.600006 93.500168
v 4.061295 164.600006 93.694771
v 4.370536 164.600006 93.905045
v 4.668911 164.600006 94.130478
v 4.955678 164.600006 94.370499
v 5.230126 164.600006 94.624519
v 5.491570 164.600006 94.891899
v 5.739361 164.600006 95.171982
v 5.972883 164.600006 95.464066
v 6.191556 164.600006 95.767433
v 6.394835 164.600006 96.081314
v 6.582217 164.600006 96.404945
v 6.753233 164.600006 96.737511
v 6.907460 164.600006 97.078186
v 7.044514 164.600006 97.426132
v 7.164054 164.600006 97.780464
v 7.265783 164.600006 98.140327
v 7.349448 164.600006 98.504799
v 7.414842 164.600006 98.873001
v 7.461801 164.600006 99.244003
v 7.490208 164.600006 99.616890
v 101.314331 164.600006 -1.886293
v 101.832603 164.600006 -2.250146
v 100.814842 164.600006 -1.497059
v 102.920288 164.600006 -2.898155
v 102.368362 164.600006 -2.587713
v 100.335373 164.600006 -1.083411
v 104.067085 164.600006 -3.434646
v 103.486992 164.600006 -3.180701
v 105.261604 164.600006 -3.854287
v 104.659111 164.600006 -3.659361
v 107.116783 164.600006 -4.255858
v 106.491966 164.600006 -4.152906
v 105.873062 164.600006 -4.018939
v 108.377914 164.600006 -4.367766
v 107.745949 164.600006 -4.327538
v 109.643913 164.600006 -4.353549
v 109.011086 164.600006 -4.376444
v 110.902214 164.600006 -4.213351
v 111.524559 164.600006 -4.096395
v 110.274811 164.600006 -4.299140
v 112.140305 164.600006 -3.948562
v 112.747910 164.600006 -3.770221
v 113.345871 164.600006 -3.561816
v 114.506943 164.600006 -3.056955
v 113.932709 164.600006 -3.323863
v 115.611977 164.600006 -2.438998
v 116.140022 164.600006 -2.089485
v 115.067169 164.600006 -2.761756
v 116.649994 164.600006 -1.714086
v 117.140617 164.600006 -1.313733
v 117.610672 164.600006 -0.889422
v 118.484467 164.600006 0.026795
v 118.058998 164.600006 -0.442209
v 118.886032 164.600006 0.516425
v 119.613518 164.600006 1.552642
v 119.262695 164.600006 1.025462
v 120.502541 164.600006 3.229721
v 120.741943 164.600006 3.815961
v 120.234207 164.600006 2.656143
v 119.937622 164.600006 2.096653
v 121.281021 164.600006 5.635944
v 121.131668 164.600006 5.020570
v 120.951828 164.600006 4.413406
v 121.542831 164.600006 7.515946
v 121.567299 164.600006 8.148713
v 121.486862 164.600006 6.885185
v 121.560188 164.600006 8.781913
v 121.399521 164.600006 6.257998
v 121.451401 164.600006 10.043316
v 121.521523 164.600006 9.413971
v 121.349998 164.600006 10.668384
v 120.860992 164.600006 12.502457
v 120.637741 164.600006 13.095038
v 121.054420 164.600006 11.899485
v 120.385239 164.600006 13.675756
v 121.217560 164.600006 11.287620
v 120.104095 164.600006 14.243163
v 119.795013 164.600006 14.795853
v 119.458778 164.600006 15.332448
v 119.096214 164.600006 15.851617
v 118.295753 164.600006 16.832556
v 118.708214 164.600006 16.352068
v -280.063080 177.300003 -112.353470
v -280.072418 177.673843 -112.353455
v -280.100372 178.046753 -112.353424
v -280.146851 178.417816 -112.353363
v -280.211792 178.786102 -112.353287
v -280.295013 179.150681 -112.353180
v -280.396301 179.510666 -112.353058
v -280.515411 179.865158 -112.352913
v -280.652008 180.213257 -112.352737
v -280.805817 180.554123 -112.352547
v -280.976440 180.886902 -112.352341
v -281.163422 181.210770 -112.352104
v -281.366302 181.524902 -112.351860
v -281.584595 181.828537 -112.351585
v -281.817749 182.120911 -112.351295
v -282.065216 182.401291 -112.350990
v -282.326324 182.669006 -112.350670
v -282.600433 182.923355 -112.350327
v -282.886932 183.163742 -112.349976
v -283.185028 183.389542 -112.349602
v -283.493988 183.600189 -112.349220
v -283.813080 183.795197 -112.348831
v -284.141510 183.974045 -112.348419
v -284.478424 184.136292 -112.348007
v -284.823029 184.281555 -112.347580
v -285.174438 184.409454 -112.347145
v -285.531799 184.519684 -112.346703
v -285.894196 184.611954 -112.346252
v -286.260742 184.686066 -112.345795
v -286.630524 184.741791 -112.345337
v -287.002625 184.779022 -112.344879
v -287.376099 184.797668 -112.344414
v -287.750061 184.797668 -112.343956
v -288.123566 184.779022 -112.343491
v -288.495667 184.741791 -112.343033
v -288.865448 184.686066 -112.342575
v -289.231995 184.611954 -112.342117
v -289.594391 184.519684 -112.341667
v -289.951752 184.409454 -112.341232
v -290.303162 184.281555 -112.340790
v -290.647736 184.136292 -112.340370
v -290.984680 183.974045 -112.339951
v -291.313080 183.795197 -112.339546
v -291.632202 183.600189 -112.339149
v -291.941162 183.389542 -112.338768
v -292.239258 183.163742 -112.338394
v -292.525726 182.923355 -112.338043
v -292.799866 182.669006 -112.337700
v -293.060974 182.401291 -112.337379
v -293.308380 182.120911 -112.337074
v -293.541565 181.828537 -112.336784
v -293.759857 181.524902 -112.336517
v -293.962738 181.210770 -112.336266
v -294.149719 180.886902 -112.336029
v -294.320343 180.554123 -112.335823
v -294.474121 180.213257 -112.335632
v -294.610748 179.865158 -112.335464
v -294.729858 179.510666 -112.335312
v -294.831146 179.150681 -112.335190
v -294.914368 178.786102 -112.335083
v -294.979279 178.417816 -112.335007
v -295.025787 178.046753 -112.334946
v -295.053741 177.673843 -112.334915
v -295.063049 177.300003 -112.334900
v -295.053741 176.926163 -112.334915
v -295.025787 176.553238 -112.334946
v -294.979279 176.182190 -112.335007
v -294.914368 175.813904 -112.335083
v -294.831146 175.449326 -112.335190
v -294.729858 175.089340 -112.335312
v -294.610748 174.734848 -112.335464
v -294.474121 174.386734 -112.335632
v -294.320343 174.045868 -112.335823
v -294.149719 173.713089 -112.336029
v -293.962738 173.389236 -112.336266
v -293.759857 173.075104 -112.336517
v -293.541565 172.771469 -112.336784
v -293.308380 172.479095 -112.337074
v -293.060974 172.198700 -112.337379
v -292.799866 171.931000 -112.337700
v -292.525726 171.676636 -112.338043
v -292.239258 171.436264 -112.338394
v -291.941162 171.210464 -112.338768
v -291.632202 170.999802 -112.339149
v -291.313080 170.804810 -112.339546
v -290.984680 170.625961 -112.339951
v -290.647736 170.463699 -112.340370
v -290.303162 170.318451 -112.340790
v -289.951752 170.190552 -112.341232
v -289.594391 170.080322 -112.341667
v -289.231995 169.988037 -112.342117
v -288.865448 169.913940 -112.342575
v -288.495667 169.858200 -112.343033
v -288.123566 169.820969 -112.343491
v -287.750061 169.802338 -112.343956
v -287.376099 169.802338 -112.344414
v -287.002625 169.820969 -112.344879
v -286.630524 169.858200 -112.345337
v -286.260742 169.913940 -112.345795
v -285.894196 169.988037 -112.346252
v -285.531799 170.080322 -112.346703
v -285.174438 170.190552 -112.347145
v -284.823029 170.318451 -112.347580
v -284.478424 170.463699 -112.348007
v -284.141510 170.625961 -112.348419
v -283.813080 170.804810 -112.348831
v -283.493988 170.999802 -112.349220
v -283.185028 171.210464 -112.349602
v -282.886932 171.436264 -112.349976
v -282.600433 171.676636 -112.350327
v -282.326324 171.931000 -112.350670
v -282.065216 172.198700 -112.350990
v -281.817749 172.479095 -112.351295
v -281.584595 172.771469 -112.351585
v -281.366302 173.075104 -112.351860
v -281.163422 173.389236 -112.352104
v -280.976440 173.713089 -112.352341
v -280.805817 174.045868 -112.352547
v -280.652008 174.386734 -112.352737
v -280.515411 174.734848 -112.352913
v -280.396301 175.089340 -112.353058
v -280.295013 175.449326 -112.353180
v -280.211792 175.813904 -112.353287
v -280.146851 176.182190 -112.353363
v -280.100372 176.553238 -112.353424
v -280.072418 176.926163 -112.353455
v 7.547158 177.300003 138.090698
v 7.537835 176.926163 138.090698
v 7.509889 176.553238 138.090744
v 7.463389 176.182190 138.090790
v 7.398452 175.813904 138.090881
v 7.315238 175.449326 138.090973
v 7.213955 175.089340 138.091110
v 7.094853 174.734848 138.091248
v 6.958230 174.386734 138.091415
v 6.804425 174.045868 138.091614
v 6.633821 173.713089 138.091827
v 6.446841 173.389236 138.092056
v 6.243950 173.075104 138.092300
v 6.025653 172.771469 138.092575
v 5.792493 172.479095 138.092865
v 5.545049 172.198700 138.093170
v 5.283937 171.931000 138.093491
v 5.009804 171.676636 138.093826
v 4.723334 171.436264 138.094193
v 4.425238 171.210464 138.094559
v 4.116258 170.999802 138.094940
v 3.797161 170.804810 138.095337
v 3.468741 170.625961 138.095749
v 3.131815 170.463699 138.096161
v 2.787220 170.318451 138.096588
v 2.435812 170.190552 138.097015
v 2.078466 170.080322 138.097458
v 1.716070 169.988037 138.097916
v 1.349524 169.913940 138.098358
v 0.979741 169.858200 138.098816
v 0.607639 169.820969 138.099289
v 0.234144 169.802338 138.099747
v -0.139816 169.802338 138.100204
v -0.513311 169.820969 138.100677
v -0.885413 169.858200 138.101135
v -1.255196 169.913940 138.101593
v -1.621742 169.988037 138.102036
v -1.984138 170.080322 138.102493
v -2.341484 170.190552 138.102936
v -2.692892 170.318451 138.103363
v -3.037487 170.463699 138.103790
v -3.374413 170.625961 138.104218
v -3.702833 170.804810 138.104614
v -4.021930 170.999802 138.105011
v -4.330910 171.210464 138.105392
v -4.629006 171.436264 138.105759
v -4.915476 171.676636 138.106125
v -5.189609 171.931000 138.106461
v -5.450721 172.198700 138.106781
v -5.698165 172.479095 138.107086
v -5.931325 172.771469 138.107376
v -6.149622 173.075104 138.107651
v -6.352513 173.389236 138.107895
v -6.539493 173.713089 138.108124
v -6.710097 174.045868 138.108337
v -6.863903 174.386734 138.108536
v -7.000525 174.734848 138.108704
v -7.119627 175.089340 138.108856
v -7.220910 175.449326 138.108978
v -7.304124 175.813904 138.109070
v -7.369061 176.182190 138.109161
v -7.415561 176.553238 138.109222
v -7.443507 176.926163 138.109253
v -7.452830 177.300003 138.109268
v -7.443507 177.673843 138.109253
v -7.415561 178.046753 138.109222
v -7.369061 178.417816 138.109161
v -7.304124 178.786102 138.109070
v -7.220910 179.150681 138.108978
v -7.119627 179.510666 138.108856
v -7.000525 179.865158 138.108704
v -6.863903 180.213257 138.108536
v -6.710097 180.554123 138.108337
v -6.539493 180.886902 138.108124
v -6.352513 181.210770 138.107895
v -6.149622 181.524902 138.107651
v -5.931325 181.828537 138.107376
v -5.698165 182.120911 138.107086
v -5.450721 182.401291 138.106781
v -5.189609 182.669006 138.106461
v -4.915476 182.923355 138.106125
v -4.629006 183.163742 138.105759
v -4.330910 183.389542 138.105392
v -4.021930 183.600189 138.105011
v -3.702833 183.795197 138.104614
v -3.374413 183.974045 138.104218
v -3.037487 184.136292 138.103790
v -2.692892 184.281555 138.103363
v -2.341484 184.409454 138.102936
v -1.984138 184.519684 138.102493
v -1.621742 184.611954 138.102036
v -1.255196 184.686066 138.101593
v -0.885413 184.741791 138.101135
v -0.513311 184.779022 138.100677
v -0.139816 184.797668 138.100204
v 0.234144 184.797668 138.099747
v 0.607639 184.779022 138.099289
v 0.979741 184.741791 138.098816
v 1.349524 184.686066 138.098358
v 1.716070 184.611954 138.097916
v 2.078466 184.519684 138.097458
v 2.435812 184.409454 138.097015
v 2.787220 184.281555 138.096588
v 3.131815 184.136292 138.096161
v 3.468741 183.974045 138.095749
v 3.797161 183.795197 138.095337
v 4.116258 183.600189 138.094940
v 4.425238 183.389542 138.094559
v 4.723334 183.163742 138.094193
v 5.009804 182.923355 138.093826
v 5.283937 182.669006 138.093491
v 5.545049 182.401291 138.093170
v 5.792493 182.120911 138.092865
v 6.025653 181.828537 138.092575
v 6.243950 181.524902 138.092300
v 6.446841 181.210770 138.092056
v 6.633821 180.886902 138.091827
v 6.804425 180.554123 138.091614
v 6.958230 180.213257 138.091415
v 7.094853 179.865158 138.091248
v 7.213955 179.510666 138.091110
v 7.315238 179.150681 138.090973
v 7.398452 178.786102 138.090881
v 7.463389 178.417816 138.090790
v 7.509889 178.046753 138.090744
v 7.537835 177.673843 138.090698
v 103.486992 177.300003 -3.180701
v 102.920288 177.300003 -2.898155
v 104.067085 177.300003 -3.434646
v 104.659111 177.300003 -3.659361
v 130.532471 177.300003 -24.013857
v 130.271683 177.300003 -23.745829
v 130.806290 177.300003 -24.268553
v 130.024582 177.300003 -23.465134
v 131.092468 177.300003 -24.509285
v 129.791794 177.300003 -23.172470
v 131.390274 177.300003 -24.735453
v 129.573883 177.300003 -22.868568
v 131.698990 177.300003 -24.946495
v 129.371368 177.300003 -22.554180
v 105.261604 177.300003 -3.854287
v 132.017853 177.300003 -25.141886
v 129.184784 177.300003 -22.230091
v 105.873062 177.300003 -4.018939
v 132.346054 177.300003 -25.321140
v 129.014587 177.300003 -21.897102
v 106.491966 177.300003 -4.152906
v 132.682785 177.300003 -25.483812
v 128.861221 177.300003 -21.556046
v 107.116783 177.300003 -4.255858
v 133.027191 177.300003 -25.629498
v 128.725021 177.300003 -21.207767
v 107.745949 177.300003 -4.327538
v 133.378433 177.300003 -25.757835
v 128.606354 177.300003 -20.853132
v 108.377914 177.300003 -4.367766
v 133.735641 177.300003 -25.868504
v 128.505524 177.300003 -20.493025
v 109.011086 177.300003 -4.376444
v 134.097931 177.300003 -25.961229
v 128.422760 177.300003 -20.128338
v 134.464386 177.300003 -26.035782
v 128.358276 177.300003 -19.759979
v 109.643913 177.300003 -4.353549
v 134.834091 177.300003 -26.091976
v 128.312241 177.300003 -19.388863
v 110.274811 177.300003 -4.299140
v 135.206146 177.300003 -26.129671
v 128.284760 177.300003 -19.015915
v 110.902214 177.300003 -4.213351
v 135.579636 177.300003 -26.148773
v 128.275894 177.300003 -18.642059
v 111.524559 177.300003 -4.096395
v 135.953598 177.300003 -26.149237
v 128.285690 177.300003 -18.268227
v 136.327103 177.300003 -26.131058
v 128.314087 177.300003 -17.895346
v 112.140305 177.300003 -3.948562
v 136.699249 177.300003 -26.094286
v 128.361038 177.300003 -17.524347
v 112.747910 177.300003 -3.770221
v 137.069107 177.300003 -26.039007
v 128.426437 177.300003 -17.156147
v 113.345871 177.300003 -3.561816
v 137.435745 177.300003 -25.965363
v 128.510101 177.300003 -16.791666
v 113.932709 177.300003 -3.323863
v 137.798248 177.300003 -25.873533
v 128.611832 177.300003 -16.431808
v 138.155731 177.300003 -25.763750
v 128.731369 177.300003 -16.077469
v 114.506943 177.300003 -3.056955
v 138.507294 177.300003 -25.636282
v 128.868439 177.300003 -15.729528
v 115.067169 177.300003 -2.761756
v 138.852066 177.300003 -25.491449
v 129.022644 177.300003 -15.388852
v 115.611977 177.300003 -2.438998
v 139.189194 177.300003 -25.329611
v 129.193665 177.300003 -15.056287
v 116.140022 177.300003 -2.089485
v 139.517853 177.300003 -25.151171
v 129.381058 177.300003 -14.732659
v 139.837189 177.300003 -24.956570
v 129.584335 177.300003 -14.418774
v 116.649994 177.300003 -1.714086
v 140.146423 177.300003 -24.746292
v 129.803009 177.300003 -14.115412
v 117.140617 177.300003 -1.313733
v 140.444794 177.300003 -24.520863
v 130.036514 177.300003 -13.823327
v 140.731567 177.300003 -24.280840
v 117.610672 177.300003 -0.889422
v 130.284317 177.300003 -13.543244
v 141.006012 177.300003 -24.026823
v 130.545761 177.300003 -13.275863
v 118.058998 177.300003 -0.442209
v 130.820206 177.300003 -13.021845
v 118.484467 177.300003 0.026795
v 131.106979 177.300003 -12.781822
v 131.405350 177.300003 -12.556393
v 118.886032 177.300003 0.516425
v 131.714584 177.300003 -12.346115
v 119.262695 177.300003 1.025462
v 132.033936 177.300003 -12.151514
v 119.613518 177.300003 1.552642
v 132.362579 177.300003 -11.973073
v 119.937622 177.300003 2.096653
v 132.699707 177.300003 -11.811234
v 133.044479 177.300003 -11.666403
v 120.234207 177.300003 2.656143
v 133.396042 177.300003 -11.538936
v 120.502541 177.300003 3.229721
v 133.753525 177.300003 -11.429152
v 120.741943 177.300003 3.815961
v 134.116028 177.300003 -11.337322
v 120.951828 177.300003 4.413406
v 134.482666 177.300003 -11.263678
v 134.852524 177.300003 -11.208400
v 121.131668 177.300003 5.020570
v 135.224670 177.300003 -11.171625
v 121.281021 177.300003 5.635944
v 135.598190 177.300003 -11.153448
v 121.399521 177.300003 6.257998
v 135.972153 177.300003 -11.153911
v 121.486862 177.300003 6.885185
v 136.345627 177.300003 -11.173013
v 136.717682 177.300003 -11.210709
v 121.542831 177.300003 7.515946
v 137.087387 177.300003 -11.266902
v 137.453842 177.300003 -11.341455
v 121.567299 177.300003 8.148713
v 137.816132 177.300003 -11.434180
v 121.560188 177.300003 8.781913
v 138.173340 177.300003 -11.544849
v 121.521523 177.300003 9.413971
v 138.524582 177.300003 -11.673186
v 121.451401 177.300003 10.043316
v 138.868988 177.300003 -11.818871
v 139.205719 177.300003 -11.981544
v 121.349998 177.300003 10.668384
v 139.533936 177.300003 -12.160799
v 121.217560 177.300003 11.287620
v 139.852783 177.300003 -12.356190
v 121.054420 177.300003 11.899485
v 120.860992 177.300003 12.502457
v 140.161499 177.300003 -12.567231
v 120.637741 177.300003 13.095038
v 140.459305 177.300003 -12.793399
v 140.745483 177.300003 -13.034131
v 141.019302 177.300003 -13.288828
v 141.280090 177.300003 -13.556856
v 141.527191 177.300003 -13.837551
v 141.759979 177.300003 -14.130214
v 141.977890 177.300003 -14.434116
v 142.180405 177.300003 -14.748504
v 142.366989 177.300003 -15.072594
v 142.537186 177.300003 -15.405581
v 142.690567 177.300003 -15.746639
v 142.826752 177.300003 -16.094917
v 142.945419 177.300003 -16.449553
v 143.046249 177.300003 -16.809660
v 143.129013 177.300003 -17.174347
v 143.193497 177.300003 -17.542707
v 143.239532 177.300003 -17.913822
v 143.267029 177.300003 -18.286772
v 143.275894 177.300003 -18.660627
v 143.266098 177.300003 -19.034460
v 143.237686 177.300003 -19.407337
v 143.190735 177.300003 -19.778339
v 143.125336 177.300003 -20.146538
v 143.041656 177.300003 -20.511019
v 142.939941 177.300003 -20.870876
v 142.820404 177.300003 -21.225216
v 142.683350 177.300003 -21.573156
v 142.529129 177.300003 -21.913834
v 142.358109 177.300003 -22.246399
v 142.170715 177.300003 -22.570024
v 141.967438 177.300003 -22.883909
v 141.748764 177.300003 -23.187273
v 141.515259 177.300003 -23.479357
v 141.267456 177.300003 -23.759441
v 118.295753 177.300003 16.832556
v 118.708214 177.300003 16.352068
v 119.096214 177.300003 15.851617
v 119.458778 177.300003 15.332448
v 119.795013 177.300003 14.795853
v 120.104095 177.300003 14.243163
v 120.385239 177.300003 13.675756
v 100.335373 177.300003 -1.083411
v 100.814842 177.300003 -1.497059
v 101.314331 177.300003 -1.886293
v 101.832603 177.300003 -2.250146
v 102.368362 177.300003 -2.587713
v 128.275894 164.600006 -18.642059
v 128.285690 164.600006 -18.268227
v 128.314087 164.600006 -17.895346
v 128.361038 164.600006 -17.524347
v 128.426437 164.600006 -17.156147
v 128.510101 164.600006 -16.791666
v 128.611832 164.600006 -16.431808
v 128.731369 164.600006 -16.077469
v 128.868439 164.600006 -15.729528
v 129.022644 164.600006 -15.388852
v 129.193665 164.600006 -15.056287
v 129.381058 164.600006 -14.732659
v 129.584335 164.600006 -14.418774
v 129.803009 164.600006 -14.115412
v 130.036514 164.600006 -13.823327
v 130.284317 164.600006 -13.543244
v 130.545761 164.600006 -13.275863
v 130.820206 164.600006 -13.021845
v 131.106979 164.600006 -12.781822
v 131.405350 164.600006 -12.556393
v 131.714584 164.600006 -12.346115
v 132.033936 164.600006 -12.151514
v 132.362579 164.600006 -11.973073
v 132.699707 164.600006 -11.811234
v 133.044479 164.600006 -11.666403
v 133.396042 164.600006 -11.538936
v 133.753525 164.600006 -11.429152
v 134.116028 164.600006 -11.337322
v 134.482666 164.600006 -11.263678
v 134.852524 164.600006 -11.208400
v 135.224670 164.600006 -11.171625
v 135.598190 164.600006 -11.153448
v 135.972153 164.600006 -11.153911
v 136.345627 164.600006 -11.173013
v 136.717682 164.600006 -11.210709
v 137.087387 164.600006 -11.266902
v 137.453842 164.600006 -11.341455
v 137.816132 164.600006 -11.434180
v 138.173340 164.600006 -11.544849
v 138.524582 164.600006 -11.673186
v 138.868988 164.600006 -11.818871
v 139.205719 164.600006 -11.981544
v 139.533936 164.600006 -12.160799
v 139.852783 164.600006 -12.356190
v 140.161499 164.600006 -12.567231
v 140.459305 164.600006 -12.793399
v 140.745483 164.600006 -13.034131
v 141.019302 164.600006 -13.288828
v 141.280090 164.600006 -13.556856
v 141.527191 164.600006 -13.837551
v 141.759979 164.600006 -14.130214
v 141.977890 164.600006 -14.434116
v 142.180405 164.600006 -14.748504
v 142.366989 164.600006 -15.072594
v 142.537186 164.600006 -15.405581
v 142.690567 164.600006 -15.746639
v 142.826752 164.600006 -16.094917
v 142.945419 164.600006 -16.449553
v 143.046249 164.600006 -16.809660
v 143.129013 164.600006 -17.174347
v 143.193497 164.600006 -17.542707
v 143.239532 164.600006 -17.913822
v 143.267029 164.600006 -18.286772
v 143.275894 164.600006 -18.660627
v 143.266098 164.600006 -19.034460
v 143.237686 164.600006 -19.407337
v 143.190735 164.600006 -19.778339
v 143.125336 164.600006 -20.146538
v 143.041656 164.600006 -20.511019
v 142.939941 164.600006 -20.870876
v 142.820404 164.600006 -21.225216
v 142.683350 164.600006 -21.573156
v 142.529129 164.600006 -21.913834
v 142.358109 164.600006 -22.246399
v 142.170715 164.600006 -22.570024
v 141.967438 164.600006 -22.883909
v 141.748764 164.600006 -23.187273
v 141.515259 164.600006 -23.479357
v 141.267456 164.600006 -23.759441
v 141.006012 164.600006 -24.026823
v 140.731567 164.600006 -24.280840
v 140.444794 164.600006 -24.520863
v 140.146423 164.600006 -24.746292
v 139.837189 164.600006 -24.956570
v 139.517853 164.600006 -25.151171
v 139.189194 164.600006 -25.329611
v 138.852066 164.600006 -25.491449
v 138.507294 164.600006 -25.636282
v 138.155731 164.600006 -25.763750
v 137.798248 164.600006 -25.873533
v 137.435745 164.600006 -25.965363
v 137.069107 164.600006 -26.039007
v 136.699249 164.600006 -26.094286
v 136.327103 164.600006 -26.131058
v 135.953598 164.600006 -26.149237
v 135.579636 164.600006 -26.148773
v 135.206146 164.600006 -26.129671
v 134.834091 164.600006 -26.091976
v 134.464386 164.600006 -26.035782
v 134.097931 164.600006 -25.961229
v 133.735641 164.600006 -25.868504
v 133.378433 164.600006 -25.757835
v 133.027191 164.600006 -25.629498
v 132.682785 164.600006 -25.483812
v 132.346054 164.600006 -25.321140
v 132.017853 164.600006 -25.141886
v 131.698990 164.600006 -24.946495
v 131.390274 164.600006 -24.735453
v 131.092468 164.600006 -24.509285
v 130.806290 164.600006 -24.268553
v 130.532471 164.600006 -24.013857
v 130.271683 164.600006 -23.745829
v 130.024582 164.600006 -23.465134
v 129.791794 164.600006 -23.172470
v 129.573883 164.600006 -22.868568
v 129.371368 164.600006 -22.554180
v 129.184784 164.600006 -22.230091
v 129.014587 164.600006 -21.897102
v 128.861221 164.600006 -21.556046
v 128.725021 164.600006 -21.207767
v 128.606354 164.600006 -20.853132
v 128.505524 164.600006 -20.493025
v 128.422760 164.600006 -20.128338
v 128.358276 164.600006 -19.759979
v 128.312241 164.600006 -19.388863
v 128.284760 164.600006 -19.015915
vn 0.000000 1.000000 0.000000
vn 0.000000 1.000000 0.000000
vn 0.000000 1.000000 0.000000
vn 0.000000 1.000000 0.000000
vn 0.000000 1.000000 0.000000
vn 0.000000 1.000000 0.000000
vn 0.000000 1.000000 0.000000
vn 0.000000 1.000000 0.000000
vn 0.000000 1.000000 0.000000
vn 0.000000 1.000000 0.000000
vn 0.000000 1.000000 0.000000
vn 0.000000 1.000000 0.000000
vn 0.000000 1.000000 0.000000
vn 0.000000 1.000000 0.000000
vn 0.000000 1.000000 0.000000
vn 0.000000 1.000000 0.000000
vn 0.000000 1.000000 0.000000
vn 0.000000 1.000000 0.000000
vn 0.000000 1.000000 0.000000
vn 0.000000 1.000000 0.000000
vn 0.000000 1.000000 0.000000
vn 0.000000 1.000000 0.000000
vn 0.000000 1.000000 0.000000
vn 0.000000 1.000000 0.000000
vn 0.000000 1.000000 0.000000
vn 0.000000 1.000000 0.000000
vn 0.000000 1.000000 0.000000
vn 0.000000 1.000000 0.000000
vn 0.000000 1.000000 0.000000
vn 0.000000 1.000000 0.000000
vn 0.000000 1.000000 0.000000
vn 0.000000 1.000000 0.000000
vn 0.000000 1.000000 0.000000
vn 0.000000 1.000000 0.000000
vn 0.000000 1.000000 0.000000
vn 0.000000 1.000000 0.000000
vn 0.000000 1.000000 0.000000
vn 0.000000 1.000000 0.000000
vn 0.000000 1.000000 0.000000
vn 0.000000 1.000000 0.000000
vn 0.000000 1.000000 0.000000
vn 0.000000 1.000000 0.000000
vn 0.000000 1.000000 0.000000
vn 0.000000 1.000000 0.000000
vn 0.000000 1.000000 0.000000
vn 0.000000 1.000000 0.000000
vn 0.000000 1.000000 0.000000
vn 0.000000 1.000000 0.000000
vn 0.000000 1.000000 0.000000
vn 0.000000 1.000000 0.000000
vn 0.000000 1.000000 0.000000
vn 0.000000 1.000000 0.000000
vn 0.000000 1.000000 0.000000
vn 0.000000 1.000000 0.000000
vn 0.000000 1.000000 0.000000
vn 0.000000 1.000000 0.000000
vn 0.000000 1.000000 0.000000
vn 0.000000 1.000000 0.000000
vn 0.000000 1.000000 0.000000
vn 0.000000 1.000000 0.000000
vn 0.000000 1.000000 0.000000
vn 0.000000 1.000000 0.000000
vn 0.000000 1.000000 0.000000
vn 0.000000 1.000000 0.000000
vn 0.000000 1.000000 0.000000
vn 0.000000 1.000000 0.000000
vn 0.000000 1.000000 0.000000
vn 0.000000 1.000000 0.000000
vn 0.000000 1.000000 0.000000
vn 0.000000 1.000000 0.000000
vn 0.000000 1.000000 0.000000
vn 0.000000 1.000000 0.000000
vn 0.000000 1.000000 0.000000
vn 0.000000 1.000000 0.000000
vn 0.000000 1.000000 0.000000
vn 0.000000 1.000000 0.000000
vn 0.000000 1.000000 0.000000
vn 0.000000 1.000000 0.000000
vn 0.000000 1.000000 0.000000
vn 0.000000 1.000000 0.000000
vn 0.000000 1.000000 0.000000
vn 0.000000 1.000000 0.000000
vn 0.000000 1.000000 0.000000
vn 0.000000 1.000000 0.000000
vn 0.000000 1.000000 0.000000
vn 0.000000 1.000000 0.000000
vn 0.000000 1.000000 0.000000
vn 0.000000 1.000000 0.000000
vn 0.000000 1.000000 0.000000
vn 0.000000 1.000000 0.000000
vn 0.000000 1.000000 0.000000
vn 0.000000 1.000000 0.000000
vn 0.000000 1.000000 0.000000
vn 0.000000 1.000000 0.000000
vn 0.000000 1.000000 0.000000
vn 0.000000 1.000000 0.000000
vn 0.000000 1.000000 0.000000
vn 0.000000 1.000000 0.000000
vn 0.000000 1.000000 0.000000
vn 0.000000 1.000000 0.000000
vn 0.000000 1.000000 0.000000
vn 0.000000 1.000000 0.000000
vn 0.000000 1.000000 0.000000
vn 0.000000 1.000000 0.000000
vn 0.000000 1.000000 0.000000
vn 0.000000 1.000000 0.000000
vn 0.000000 1.000000 0.000000
vn 0.000000 1.000000 0.000000
vn 0.000000 1.000000 0.000000
vn 0.000000 1.000000 0.000000
vn 0.000000 1.000000 0.000000
vn 0.000000 1.000000 0.000000
vn 0.000000 1.000000 0.000000
vn 0.000000 1.000000 0.000000
vn 0.000000 1.000000 0.000000
vn 0.000000 1.000000 0.000000
vn 0.000000 1.000000 0.000000
vn 0.000000 1.000000 0.000000
vn 0.000000 1.000000 0.000000
vn 0.000000 1.000000 0.000000
vn 0.000000 1.000000 0.000000
vn 0.000000 1.000000 0.000000
vn 0.000000 1.000000 0.000000
vn 0.000000 1.000000 0.000000
vn 0.000000 1.000000 0.000000
vn 0.000000 1.000000 0.000000
vn 0.000000 1.000000 0.000000
vn 0.000000 1.000000 0.000000
vn 0.000000 1.000000 0.000000
vn 0.000000 1.000000 0.000000
vn 0.000000 1.000000 0.000000
vn 0.000000 1.000000 0.000000
vn 0.000000 1.000000 0.000000
vn 0.000000 1.000000 0.000000
vn 0.000000 1.000000 0.000000
vn 0.000000 1.000000 0.000000
vn 0.000000 1.000000 0.000000
vn 0.000000 1.000000 0.000000
vn 0.000000 1.000000 0.000000
vn 0.000000 1.000000 0.000000
vn 0.000000 1.000000 0.000000
vn 0.000000 1.000000 0.000000
vn 0.000000 1.000000 0.000000
vn 0.000000 1.000000 0.000000
vn 0.000000 1.000000 0.000000
vn 0.000000 1.000000 0.000000
vn 0.000000 1.000000 0.000000
vn 0.000000 1.000000 0.000000
vn 0.000000 1.000000 0.000000
vn 0.000000 1.000000 0.000000
vn 0.000000 1.000000 0.000000
vn 0.000000 1.000000 0.000000
vn 0.000000 1.000000 0.000000
vn 0.000000 1.000000 0.000000
vn 0.000000 1.000000 0.000000
vn 0.000000 1.000000 0.000000
vn 0.000000 1.000000 0.000000
vn 0.000000 1.000000 0.000000
vn 0.000000 1.000000 0.000000
vn 0.000000 1.000000 0.000000
vn 0.000000 1.000000 0.000000
vn 0.000000 1.000000 0.000000
vn 0.000000 1.000000 0.000000
vn 0.000000 1.000000 0.000000
vn 0.000000 1.000000 0.000000
vn 0.000000 1.000000 0.000000
vn 0.000000 1.000000 0.000000
vn 0.000000 1.000000 0.000000
vn 0.000000 1.000000 0.000000
vn 0.000000 1.000000 0.000000
vn 0.000000 1.000000 0.000000
vn 0.000000 1.000000 0.000000
vn 0.000000 1.000000 0.000000
vn 0.000000 1.000000 0.000000
vn 0.000000 1.000000 0.000000
vn 0.000000 1.000000 0.000000
vn 0.000000 1.000000 0.000000
vn 0.000000 1.000000 0.000000
vn 0.000000 1.000000 0.000000
vn 0.000000 1.000000 0.000000
vn 0.000000 1.000000 0.000000
vn 0.000000 1.000000 0.000000
vn 0.000000 1.000000 0.000000
vn 0.000000 1.000000 0.000000
vn 0.000000 1.000000 0.000000
vn 0.000000 1.000000 0.000000
vn 0.000000 1.000000 0.000000
vn 0.000000 1.000000 0.000000
vn 0.000000 1.000000 0.000000
vn 0.000000 1.000000 0.000000
vn 0.000000 1.000000 0.000000
vn 0.000000 1.000000 0.000000
vn 0.000000 1.000000 0.000000
vn 0.000000 1.000000 0.000000
vn 0.000000 1.000000 0.000000
vn 0.000000 1.000000 0.000000
vn 0.000000 1.000000 0.000000
vn 0.000000 1.000000 0.000000
vn -0.999999 0.000000 0.001238
vn -0.999999 0.000000 0.001238
vn -0.999668 0.000000 0.025778
vn -0.999668 0.000000 0.025778
vn -0.997198 0.000000 0.074801
vn -0.997198 0.000000 0.074801
vn -0.992327 0.000000 0.123643
vn -0.992327 0.000000 0.123643
vn -0.985066 0.000000 0.172180
vn -0.975431 0.000000 0.220305
vn -0.985066 0.000000 0.172180
vn -0.975431 0.000000 0.220305
vn -0.963444 0.000000 0.267909
vn -0.963444 0.000000 0.267909
vn -0.949142 0.000000 0.314848
vn -0.949142 0.000000 0.314848
vn -0.932546 0.000000 0.361051
vn -0.913705 0.000000 0.406378
vn -0.932546 0.000000 0.361051
vn -0.913705 0.000000 0.406378
vn -0.892666 0.000000 0.450719
vn -0.892666 0.000000 0.450719
vn -0.869478 0.000000 0.493971
vn -0.869478 0.000000 0.493971
vn -0.844191 0.000000 0.536043
vn -0.816868 0.000000 0.576825
vn -0.844191 0.000000 0.536043
vn -0.816868 0.000000 0.576825
vn -0.787587 0.000000 0.616204
vn -0.787587 0.000000 0.616204
vn -0.756399 0.000000 0.654111
vn -0.756399 0.000000 0.654111
vn -0.723398 0.000000 0.690431
vn -0.723398 0.000000 0.690431
vn -0.688639 0.000000 0.725105
vn -0.688639 0.000000 0.725105
vn -0.652237 0.000000 0.758015
vn -0.652237 0.000000 0.758015
vn -0.614253 0.000000 0.789109
vn -0.614253 0.000000 0.789109
vn -0.574798 0.000000 0.818296
vn -0.574798 0.000000 0.818296
vn -0.533951 0.000000 0.845516
vn -0.533951 0.000000 0.845516
vn -0.491819 0.000000 0.870698
vn -0.491819 0.000000 0.870698
vn -0.448506 0.000000 0.893780
vn -0.448506 0.000000 0.893780
vn -0.404111 0.000000 0.914710
vn -0.358739 0.000000 0.933438
vn -0.404111 0.000000 0.914710
vn -0.358739 0.000000 0.933438
vn -0.312507 0.000000 0.949916
vn -0.265519 0.000000 0.964106
vn -0.312507 0.000000 0.949916
vn -0.265519 0.000000 0.964106
vn -0.217895 0.000000 0.975972
vn -0.217895 0.000000 0.975972
vn -0.169741 0.000000 0.985489
vn -0.169741 0.000000 0.985489
vn -0.121181 0.000000 0.992630
vn -0.121181 0.000000 0.992630
vn -0.072329 0.000000 0.997381
vn -0.072329 0.000000 0.997381
vn -0.023304 0.000000 0.999728
vn -0.023304 0.000000 0.999728
vn -0.001233 -0.000005 -0.999999
vn -0.001231 -0.000007 -0.999999
vn -0.001251 0.000012 -0.999999
vn -0.001245 0.000008 -0.999999
vn -0.001225 -0.000011 -0.999999
vn -0.001233 -0.000006 -0.999999
vn -0.001248 0.000008 -0.999999
vn -0.001236 -0.000002 -0.999999
vn -0.001239 0.000001 -0.999999
vn -0.001241 0.000004 -0.999999
vn -0.001232 -0.000004 -0.999999
vn -0.001234 -0.000005 -0.999999
vn -0.001244 0.000004 -0.999999
vn -0.001242 0.000007 -0.999999
vn -0.001239 0.000001 -0.999999
vn -0.001239 0.000002 -0.999999
vn -0.001234 -0.000002 -0.999999
vn -0.001238 -0.000000 -0.999999
vn -0.001230 -0.000004 -0.999999
vn -0.001238 0.000000 -0.999999
vn -0.001253 0.000008 -0.999999
vn -0.001241 0.000006 -0.999999
vn -0.001223 -0.000007 -0.999999
vn -0.001231 -0.000014 -0.999999
vn -0.001253 0.000007 -0.999999
vn -0.001238 0.000000 -0.999999
vn -0.001218 -0.000009 -0.999999
vn -0.001248 0.000024 -0.999999
vn -0.001257 0.000008 -0.999999
vn -0.001227 -0.000026 -0.999999
vn -0.001214 -0.000010 -0.999999
vn -0.001251 -0.000012 -0.999999
vn -0.001225 0.000011 -0.999999
vn -0.001248 -0.000008 -0.999999
vn -0.001239 -0.000001 -0.999999
vn -0.001232 0.000004 -0.999999
vn -0.001244 -0.000004 -0.999999
vn -0.001239 -0.000001 -0.999999
vn -0.001234 0.000002 -0.999999
vn -0.001230 0.000004 -0.999999
vn -0.001253 -0.000008 -0.999999
vn -0.001223 0.000007 -0.999999
vn -0.001253 -0.000007 -0.999999
vn -0.001218 0.000009 -0.999999
vn -0.001257 -0.000008 -0.999999
vn -0.001214 0.000010 -0.999999
vn -0.001238 0.000000 -0.999999
vn -0.001232 0.000014 -0.999999
vn -0.001238 -0.000000 -0.999999
vn -0.001231 0.000014 -0.999999
vn -0.001241 -0.000006 -0.999999
vn -0.001238 -0.000000 -0.999999
vn -0.001238 0.000000 -0.999999
vn -0.001239 -0.000002 -0.999999
vn -0.001242 -0.000007 -0.999999
vn -0.001234 0.000005 -0.999999
vn -0.001241 -0.000004 -0.999999
vn -0.001236 0.000002 -0.999999
vn -0.001233 0.000006 -0.999999
vn -0.001245 -0.000008 -0.999999
vn -0.001231 0.000007 -0.999999
vn -0.001238 0.000000 -0.999999
vn -0.001244 -0.000016 -0.999999
vn -0.001245 -0.000018 -0.999999
vn -0.001233 0.000005 -0.999999
vn -0.001247 -0.000009 -0.999999
vn -0.001231 0.000007 -0.999999
vn -0.001235 0.000002 -0.999999
vn -0.001245 -0.000008 -0.999999
vn -0.001240 -0.000003 -0.999999
vn -0.001233 0.000006 -0.999999
vn -0.001231 0.000005 -0.999999
vn -0.001236 0.000002 -0.999999
vn -0.001239 -0.000001 -0.999999
vn -0.001241 -0.000004 -0.999999
vn -0.001232 0.000004 -0.999999
vn -0.001234 0.000005 -0.999999
vn -0.001244 -0.000004 -0.999999
vn -0.001242 -0.000007 -0.999999
vn -0.001239 -0.000001 -0.999999
vn -0.001239 -0.000002 -0.999999
vn -0.001234 0.000002 -0.999999
vn -0.001238 0.000000 -0.999999
vn -0.001230 0.000004 -0.999999
vn -0.001238 -0.000000 -0.999999
vn -0.001253 -0.000008 -0.999999
vn -0.001241 -0.000006 -0.999999
vn -0.001223 0.000007 -0.999999
vn -0.001231 0.000014 -0.999999
vn -0.001253 -0.000007 -0.999999
vn -0.001238 -0.000000 -0.999999
vn -0.001218 0.000009 -0.999999
vn -0.001248 -0.000024 -0.999999
vn -0.001257 -0.000008 -0.999999
vn -0.001260 -0.000009 -0.999999
vn -0.001260 0.000009 -0.999999
vn -0.001257 0.000008 -0.999999
vn -0.001218 -0.000009 -0.999999
vn -0.001253 0.000007 -0.999999
vn -0.001223 -0.000007 -0.999999
vn -0.001253 0.000008 -0.999999
vn -0.001230 -0.000004 -0.999999
vn -0.001234 -0.000002 -0.999999
vn -0.001239 0.000001 -0.999999
vn -0.001244 0.000004 -0.999999
vn -0.001232 -0.000004 -0.999999
vn -0.001239 0.000001 -0.999999
vn -0.001231 -0.000005 -0.999999
vn -0.001240 0.000003 -0.999999
vn -0.001235 -0.000002 -0.999999
vn -0.001247 0.000009 -0.999999
vn -0.001231 -0.000007 -0.999999
vn -0.001245 0.000008 -0.999999
vn -0.001233 -0.000006 -0.999999
vn -0.001236 -0.000002 -0.999999
vn -0.001241 0.000004 -0.999999
vn -0.001237 0.000000 -0.999999
vn -0.001234 -0.000005 -0.999999
vn -0.001242 0.000007 -0.999999
vn -0.001239 0.000002 -0.999999
vn -0.001238 -0.000000 -0.999999
vn -0.001238 0.000000 -0.999999
vn -0.001241 0.000006 -0.999999
vn -0.001231 -0.000014 -0.999999
vn -0.001238 0.000000 -0.999999
vn -0.001232 -0.000014 -0.999999
vn -0.001238 -0.000000 -0.999999
vn -0.001227 0.000026 -0.999999
vn -0.001244 0.000016 -0.999999
vn -0.001245 0.000018 -0.999999
vn 0.001238 -0.000017 0.999999
vn 0.001237 0.000014 0.999999
vn 0.001238 0.000004 0.999999
vn 0.001238 -0.000016 0.999999
vn 0.001238 -0.000004 0.999999
vn 0.001238 0.000012 0.999999
vn 0.001238 0.000010 0.999999
vn 0.001238 0.000005 0.999999
vn 0.001238 -0.000002 0.999999
vn 0.001238 -0.000008 0.999999
vn 0.001238 0.000008 0.999999
vn 0.001238 0.000012 0.999999
vn 0.001238 -0.000007 0.999999
vn 0.001238 -0.000015 0.999999
vn 0.001238 -0.000001 0.999999
vn 0.001238 -0.000004 0.999999
vn 0.001238 0.000004 0.999999
vn 0.001238 0.000001 0.999999
vn 0.001239 -0.000014 0.999999
vn 0.001238 -0.000001 0.999999
vn 0.001237 0.000009 0.999999
vn 0.001236 0.000060 0.999999
vn 0.001238 -0.000010 0.999999
vn 0.001239 -0.000048 0.999999
vn 0.001237 0.000011 0.999999
vn 0.001238 -0.000009 0.999999
vn 0.001237 0.000011 0.999999
vn 0.001238 0.000000 0.999999
vn 0.001238 -0.000010 0.999999
vn 0.001238 0.000010 0.999999
vn 0.001237 -0.000011 0.999999
vn 0.001238 0.000009 0.999999
vn 0.001237 -0.000011 0.999999
vn 0.001238 0.000010 0.999999
vn 0.001237 -0.000009 0.999999
vn 0.001239 0.000014 0.999999
vn 0.001238 -0.000004 0.999999
vn 0.001238 0.000001 0.999999
vn 0.001238 0.000007 0.999999
vn 0.001238 -0.000008 0.999999
vn 0.001238 0.000002 0.999999
vn 0.001238 -0.000010 0.999999
vn 0.001238 0.000004 0.999999
vn 0.001238 -0.000004 0.999999
vn 0.001238 0.000017 0.999999
vn 0.001229 -0.000010 0.999999
vn 0.001245 0.000009 0.999999
vn 0.001230 -0.000010 0.999999
vn 0.001244 0.000009 0.999999
vn 0.001231 -0.000009 0.999999
vn 0.001245 0.000010 0.999999
vn 0.001234 -0.000006 0.999999
vn 0.001236 -0.000003 0.999999
vn 0.001238 0.000001 0.999999
vn 0.001241 0.000006 0.999999
vn 0.001234 -0.000006 0.999999
vn 0.001238 0.000002 0.999999
vn 0.001243 0.000011 0.999999
vn 0.001239 0.000003 0.999999
vn 0.001237 -0.000003 0.999999
vn 0.001235 -0.000007 0.999999
vn 0.001242 0.000011 0.999999
vn 0.001234 -0.000010 0.999999
vn 0.001235 -0.000008 0.999999
vn 0.001237 -0.000003 0.999999
vn 0.001240 0.000006 0.999999
vn 0.001244 0.000019 0.999999
vn 0.001232 -0.000019 0.999999
vn 0.001239 0.000003 0.999999
vn 0.001238 -0.000000 0.999999
vn 0.001238 0.000001 0.999999
vn 0.001240 0.000008 0.999999
vn 0.001232 -0.000021 0.999999
vn 0.001238 0.000001 0.999999
vn 0.001247 0.000038 0.999999
vn 0.001228 -0.000043 0.999999
vn 0.001245 0.000030 0.999999
vn 0.001248 0.000047 0.999999
vn 0.001224 -0.000062 0.999999
vn 0.001238 0.000003 0.999999
vn 0.001238 0.000001 0.999999
vn 0.001247 -0.000038 0.999999
vn 0.001238 -0.000001 0.999999
vn 0.001232 0.000021 0.999999
vn 0.001240 -0.000008 0.999999
vn 0.001238 -0.000001 0.999999
vn 0.001238 0.000000 0.999999
vn 0.001239 -0.000003 0.999999
vn 0.001232 0.000019 0.999999
vn 0.001244 -0.000019 0.999999
vn 0.001240 -0.000006 0.999999
vn 0.001237 0.000003 0.999999
vn 0.001235 0.000008 0.999999
vn 0.001234 0.000010 0.999999
vn 0.001242 -0.000011 0.999999
vn 0.001235 0.000007 0.999999
vn 0.001237 0.000003 0.999999
vn 0.001239 -0.000003 0.999999
vn 0.001243 -0.000011 0.999999
vn 0.001238 -0.000002 0.999999
vn 0.001234 0.000006 0.999999
vn 0.001241 -0.000006 0.999999
vn 0.001238 -0.000001 0.999999
vn 0.001236 0.000003 0.999999
vn 0.001234 0.000006 0.999999
vn 0.001245 -0.000010 0.999999
vn 0.001231 0.000009 0.999999
vn 0.001244 -0.000009 0.999999
vn 0.001230 0.000010 0.999999
vn 0.001245 -0.000009 0.999999
vn 0.001229 0.000010 0.999999
vn 0.001224 0.000062 0.999999
vn 0.001248 -0.000047 0.999999
vn 0.001245 -0.000030 0.999999
vn 0.001238 0.000000 0.999999
vn 0.001228 0.000043 0.999999
vn 0.001238 -0.000001 0.999999
vn 0.001238 0.000000 0.999999
vn 0.001239 0.000048 0.999999
vn 0.001236 -0.000060 0.999999
vn 0.001238 0.000001 0.999999
vn 0.001238 -0.000001 0.999999
vn 0.001238 0.000004 0.999999
vn 0.001238 0.000015 0.999999
vn 0.001238 -0.000012 0.999999
vn 0.001238 0.000008 0.999999
vn 0.001238 -0.000005 0.999999
vn 0.001238 -0.000012 0.999999
vn 0.001238 0.000016 0.999999
vn 0.001237 -0.000014 0.999999
vn 0.999999 0.000000 -0.001238
vn 0.999999 0.000000 -0.001238
vn 0.707982 0.000000 0.706231
vn 0.707982 0.000000 0.706231
vn 0.707982 0.000000 0.706231
vn 0.707982 0.000000 0.706231
vn 0.999668 0.000000 -0.025778
vn 0.999668 0.000000 -0.025778
vn 0.997199 0.000000 -0.074798
vn 0.997199 0.000000 -0.074798
vn 0.992328 0.000000 -0.123631
vn 0.992328 0.000000 -0.123631
vn 0.985064 0.000000 -0.172190
vn 0.975432 0.000000 -0.220303
vn 0.985064 0.000000 -0.172190
vn 0.975432 0.000000 -0.220303
vn 0.963445 0.000000 -0.267904
vn 0.963445 0.000000 -0.267904
vn 0.949138 0.000000 -0.314860
vn 0.949138 0.000000 -0.314860
vn 0.932544 0.000000 -0.361056
vn 0.913708 0.000000 -0.406371
vn 0.932544 0.000000 -0.361056
vn 0.913708 0.000000 -0.406371
vn 0.892673 0.000000 -0.450704
vn 0.892673 0.000000 -0.450704
vn 0.869470 0.000000 -0.493986
vn 0.869470 0.000000 -0.493986
vn 0.844195 0.000000 -0.536036
vn 0.816872 0.000000 -0.576819
vn 0.844195 0.000000 -0.536036
vn 0.816872 0.000000 -0.576819
vn 0.787579 0.000000 -0.616213
vn 0.787579 0.000000 -0.616213
vn 0.756401 0.000000 -0.654108
vn 0.756401 0.000000 -0.654108
vn 0.723399 0.000000 -0.690430
vn 0.723399 0.000000 -0.690430
vn 0.688637 0.000000 -0.725106
vn 0.688637 0.000000 -0.725106
vn 0.652236 0.000000 -0.758016
vn 0.652236 0.000000 -0.758016
vn 0.614254 0.000000 -0.789109
vn 0.614254 0.000000 -0.789109
vn 0.574797 0.000000 -0.818296
vn 0.574797 0.000000 -0.818296
vn 0.533951 0.000000 -0.845516
vn 0.533951 0.000000 -0.845516
vn 0.491820 0.000000 -0.870697
vn 0.491820 0.000000 -0.870697
vn 0.448506 0.000000 -0.893780
vn 0.448506 0.000000 -0.893780
vn 0.404110 0.000000 -0.914710
vn 0.358738 0.000000 -0.933438
vn 0.404110 0.000000 -0.914710
vn 0.358738 0.000000 -0.933438
vn 0.312507 0.000000 -0.949915
vn 0.265518 0.000000 -0.964106
vn 0.312507 0.000000 -0.949915
vn 0.265518 0.000000 -0.964106
vn 0.217893 0.000000 -0.975973
vn 0.217893 0.000000 -0.975973
vn 0.169744 0.000000 -0.985488
vn 0.169744 0.000000 -0.985488
vn 0.121181 0.000000 -0.992631
vn 0.121181 0.000000 -0.992631
vn 0.072333 0.000000 -0.997380
vn 0.072333 0.000000 -0.997380
vn 0.023304 0.000000 -0.999728
vn 0.023304 0.000000 -0.999728
vn 0.706231 0.000000 -0.707981
vn 0.706231 0.000000 -0.707981
vn -0.001238 -0.000000 -0.999999
vn -0.001238 0.000000 -0.999999
vn -0.707982 0.000000 -0.706231
vn -0.707982 0.000000 -0.706231
vn -0.707982 -0.000000 -0.706231
vn -0.707982 0.000000 -0.706231
vn -0.999719 0.000000 -0.023694
vn -0.999719 -0.000000 -0.023694
vn -0.997296 -0.000000 -0.073495
vn -0.997296 0.000000 -0.073495
vn -0.992393 -0.000000 -0.123113
vn -0.992393 0.000000 -0.123113
vn -0.985022 -0.000000 -0.172431
vn -0.985022 0.000000 -0.172431
vn -0.975203 -0.000000 -0.221314
vn -0.962959 -0.000000 -0.269649
vn -0.975203 0.000000 -0.221314
vn -0.948319 -0.000000 -0.317318
vn -0.962959 -0.000000 -0.269649
vn -0.931327 -0.000000 -0.364185
vn -0.948319 -0.000000 -0.317318
vn -0.931327 -0.000000 -0.364185
vn -0.912014 -0.000000 -0.410159
vn -0.912014 0.000000 -0.410159
vn -0.890438 -0.000000 -0.455104
vn -0.890438 0.000000 -0.455104
vn -0.866643 0.000000 -0.498929
vn -0.866643 -0.000000 -0.498929
vn -0.840695 0.000000 -0.541509
vn -0.840695 -0.000000 -0.541509
vn -0.812666 0.000000 -0.582729
vn -0.812666 -0.000000 -0.582729
vn -0.782596 0.000000 -0.622530
vn -0.782596 -0.000000 -0.622530
vn -0.750598 -0.000000 -0.660759
vn -0.750598 -0.000000 -0.660759
vn -0.716740 0.000000 -0.697340
vn -0.716740 -0.000000 -0.697340
vn -0.681073 -0.000000 -0.732216
vn -0.681073 0.000000 -0.732216
vn -0.643745 -0.000000 -0.765240
vn -0.643745 0.000000 -0.765240
vn -0.604787 -0.000000 -0.796387
vn -0.604787 0.000000 -0.796387
vn -0.564333 -0.000000 -0.825547
vn -0.564333 0.000000 -0.825547
vn -0.522502 -0.000000 -0.852638
vn -0.522502 0.000000 -0.852638
vn -0.479337 -0.000000 -0.877631
vn -0.479337 0.000000 -0.877631
vn -0.435003 -0.000000 -0.900429
vn -0.389570 -0.000000 -0.920997
vn -0.435003 0.000000 -0.900429
vn -0.389570 -0.000000 -0.920997
vn -0.343176 -0.000000 -0.939271
vn -0.343176 0.000000 -0.939271
vn -0.295945 -0.000000 -0.955205
vn -0.295945 0.000000 -0.955205
vn -0.247942 -0.000000 -0.968775
vn -0.247942 0.000000 -0.968775
vn -0.199364 -0.000000 -0.979926
vn -0.199364 0.000000 -0.979926
vn -0.150278 -0.000000 -0.988644
vn -0.150278 0.000000 -0.988644
vn -0.100784 -0.000000 -0.994908
vn -0.100784 0.000000 -0.994908
vn -0.051086 -0.000000 -0.998694
vn -0.051086 0.000000 -0.998694
vn -0.001244 -0.000000 -0.999999
vn -0.001244 0.000000 -0.999999
vn 0.048617 0.000000 -0.998817
vn 0.048617 0.000000 -0.998817
vn 0.098316 0.000000 -0.995155
vn 0.098316 0.000000 -0.995155
vn 0.147830 0.000000 -0.989013
vn 0.147830 0.000000 -0.989013
vn 0.196937 0.000000 -0.980416
vn 0.245554 0.000000 -0.969383
vn 0.196937 0.000000 -0.980416
vn 0.245554 0.000000 -0.969383
vn 0.293578 0.000000 -0.955935
vn 0.293578 0.000000 -0.955935
vn 0.340851 0.000000 -0.940117
vn 0.340851 0.000000 -0.940117
vn 0.387285 0.000000 -0.921960
vn 0.387285 0.000000 -0.921960
vn 0.432777 0.000000 -0.901501
vn 0.432777 0.000000 -0.901501
vn 0.477156 0.000000 -0.878819
vn 0.477156 0.000000 -0.878819
vn 0.520382 0.000000 -0.853933
vn 0.520382 0.000000 -0.853933
vn 0.562292 0.000000 -0.826939
vn 0.562292 0.000000 -0.826939
vn 0.602823 0.000000 -0.797875
vn 0.602823 0.000000 -0.797875
vn 0.641837 0.000000 -0.766841
vn 0.641837 0.000000 -0.766841
vn 0.679268 0.000000 -0.733890
vn 0.679268 0.000000 -0.733890
vn 0.714999 0.000000 -0.699126
vn 0.714999 0.000000 -0.699126
vn 0.748963 0.000000 -0.662612
vn 0.748963 0.000000 -0.662612
vn 0.781057 0.000000 -0.624459
vn 0.781057 0.000000 -0.624459
vn 0.811220 0.000000 -0.584742
vn 0.811220 0.000000 -0.584742
vn 0.839350 0.000000 -0.543591
vn 0.865408 0.000000 -0.501068
vn 0.839350 0.000000 -0.543591
vn 0.865408 0.000000 -0.501068
vn 0.889307 0.000000 -0.457311
vn 0.889307 0.000000 -0.457311
vn 0.910995 0.000000 -0.412417
vn 0.930423 0.000000 -0.366487
vn 0.910995 0.000000 -0.412417
vn 0.947530 0.000000 -0.319666
vn 0.930423 0.000000 -0.366487
vn 0.947530 0.000000 -0.319666
vn 0.962289 0.000000 -0.272029
vn 0.962289 0.000000 -0.272029
vn 0.974651 0.000000 -0.223732
vn 0.974651 0.000000 -0.223732
vn 0.984592 0.000000 -0.174866
vn 0.984592 0.000000 -0.174866
vn 0.992085 0.000000 -0.125571
vn 0.992085 0.000000 -0.125571
vn 0.997111 0.000000 -0.075963
vn 0.997111 0.000000 -0.075963
vn 0.999658 0.000000 -0.026169
vn 0.999658 0.000000 -0.026169
vn 0.999719 0.000000 0.023694
vn 0.999719 0.000000 0.023694
vn 0.997296 0.000000 0.073495
vn 0.997296 0.000000 0.073495
vn 0.992393 0.000000 0.123113
vn 0.992393 0.000000 0.123113
vn 0.985022 0.000000 0.172431
vn 0.985022 0.000000 0.172431
vn 0.975203 0.000000 0.221314
vn 0.975203 0.000000 0.221314
vn 0.962959 0.000000 0.269649
vn 0.962959 0.000000 0.269649
vn 0.948319 0.000000 0.317318
vn 0.948319 0.000000 0.317318
vn 0.931327 0.000000 0.364185
vn 0.931327 0.000000 0.364185
vn 0.912014 0.000000 0.410159
vn 0.912014 0.000000 0.410159
vn 0.890438 0.000000 0.455104
vn 0.890438 0.000000 0.455104
vn 0.866643 0.000000 0.498929
vn 0.866643 0.000000 0.498929
vn 0.840695 0.000000 0.541509
vn 0.840695 0.000000 0.541509
vn 0.812666 0.000000 0.582729
vn 0.812666 0.000000 0.582729
vn 0.782596 0.000000 0.622530
vn 0.782596 0.000000 0.622530
vn 0.750598 0.000000 0.660759
vn 0.750598 0.000000 0.660759
vn 0.716740 0.000000 0.697340
vn 0.716740 0.000000 0.697340
vn 0.681073 0.000000 0.732216
vn 0.681073 0.000000 0.732216
vn 0.643745 0.000000 0.765240
vn 0.643745 0.000000 0.765240
vn 0.604787 0.000000 0.796387
vn 0.604787 0.000000 0.796387
vn 0.564333 0.000000 0.825547
vn 0.564333 0.000000 0.825547
vn 0.522502 0.000000 0.852638
vn 0.479337 0.000000 0.877631
vn 0.522502 0.000000 0.852638
vn 0.479337 0.000000 0.877631
vn 0.435003 0.000000 0.900429
vn 0.389570 0.000000 0.920997
vn 0.435003 0.000000 0.900429
vn 0.389570 0.000000 0.920997
vn 0.343176 0.000000 0.939271
vn 0.343176 0.000000 0.939271
vn 0.295945 0.000000 0.955205
vn 0.295945 0.000000 0.955205
vn 0.247942 0.000000 0.968775
vn 0.247942 0.000000 0.968775
vn 0.199364 0.000000 0.979926
vn 0.199364 0.000000 0.979926
vn 0.150278 0.000000 0.988644
vn 0.150278 0.000000 0.988644
vn 0.100784 0.000000 0.994908
vn 0.100784 0.000000 0.994908
vn 0.051086 0.000000 0.998694
vn 0.051086 0.000000 0.998694
vn 0.001244 0.000000 0.999999
vn 0.001244 0.000000 0.999999
vn -0.048617 0.000000 0.998817
vn -0.048617 0.000000 0.998817
vn -0.098316 0.000000 0.995155
vn -0.098316 0.000000 0.995155
vn -0.147830 0.000000 0.989013
vn -0.147830 0.000000 0.989013
vn -0.196937 0.000000 0.980416
vn -0.196937 0.000000 0.980416
vn -0.245554 0.000000 0.969383
vn -0.293578 0.000000 0.955935
vn -0.245554 0.000000 0.969383
vn -0.293578 0.000000 0.955935
vn -0.340851 0.000000 0.940117
vn -0.340851 0.000000 0.940117
vn -0.387285 0.000000 0.921960
vn -0.432777 0.000000 0.901501
vn -0.387285 0.000000 0.921960
vn -0.432777 0.000000 0.901501
vn -0.477156 0.000000 0.878819
vn -0.477156 0.000000 0.878819
vn -0.520382 0.000000 0.853933
vn -0.562292 0.000000 0.826939
vn -0.520382 0.000000 0.853933
vn -0.562292 0.000000 0.826939
vn -0.602823 0.000000 0.797875
vn -0.602823 0.000000 0.797875
vn -0.641837 0.000000 0.766841
vn -0.679268 0.000000 0.733890
vn -0.641837 0.000000 0.766841
vn -0.714999 0.000000 0.699126
vn -0.679268 0.000000 0.733890
vn -0.748963 0.000000 0.662612
vn -0.714999 0.000000 0.699126
vn -0.748963 0.000000 0.662612
vn -0.781057 0.000000 0.624459
vn -0.781057 0.000000 0.624459
vn -0.811220 0.000000 0.584742
vn -0.811220 0.000000 0.584742
vn -0.839350 0.000000 0.543591
vn -0.839350 0.000000 0.543591
vn -0.865408 0.000000 0.501068
vn -0.865408 0.000000 0.501068
vn -0.889307 0.000000 0.457311
vn -0.889307 0.000000 0.457311
vn -0.910995 0.000000 0.412417
vn -0.910995 0.000000 0.412417
vn -0.930423 0.000000 0.366487
vn -0.930423 0.000000 0.366487
vn -0.947530 0.000000 0.319666
vn -0.962289 0.000000 0.272029
vn -0.947530 0.000000 0.319666
vn -0.962289 0.000000 0.272029
vn -0.974651 0.000000 0.223732
vn -0.984592 0.000000 0.174866
vn -0.974651 0.000000 0.223732
vn -0.984592 0.000000 0.174866
vn -0.992085 0.000000 0.125571
vn -0.992085 0.000000 0.125571
vn -0.997111 0.000000 0.075963
vn -0.997111 0.000000 0.075963
vn -0.999658 0.000000 0.026169
vn -0.999658 0.000000 0.026169
vn 0.000000 -1.000000 0.000000
vn 0.000000 -1.000000 0.000000
vn 0.000000 -1.000000 0.000000
vn 0.000000 -1.000000 0.000000
vn 0.000000 -1.000000 0.000000
vn 0.000000 -1.000000 0.000000
vn 0.000000 -1.000000 0.000000
vn 0.000000 -1.000000 0.000000
vn 0.000000 -1.000000 0.000000
vn 0.000000 -1.000000 0.000000
vn 0.000000 -1.000000 0.000000
vn 0.000000 -1.000000 0.000000
vn 0.000000 -1.000000 0.000000
vn 0.000000 -1.000000 0.000000
vn 0.000000 -1.000000 0.000000
vn 0.000000 -1.000000 0.000000
vn 0.000000 -1.000000 0.000000
vn 0.000000 -1.000000 0.000000
vn 0.000000 -1.000000 0.000000
vn 0.000000 -1.000000 0.000000
vn 0.000000 -1.000000 0.000000
vn 0.000000 -1.000000 0.000000
vn 0.000000 -1.000000 0.000000
vn 0.000000 -1.000000 0.000000
vn 0.000000 -1.000000 0.000000
vn 0.000000 -1.000000 0.000000
vn 0.000000 -1.000000 0.000000
vn 0.000000 -1.000000 0.000000
vn 0.000000 -1.000000 0.000000
vn 0.000000 -1.000000 0.000000
vn 0.000000 -1.000000 0.000000
vn 0.000000 -1.000000 0.000000
vn 0.000000 -1.000000 0.000000
vn 0.000000 -1.000000 0.000000
vn 0.000000 -1.000000 0.000000
vn 0.000000 -1.000000 0.000000
vn -0.000000 -1.000000 0.000000
vn -0.000000 -1.000000 0.000000
vn 0.000000 -1.000000 0.000000
vn 0.000000 -1.000000 0.000000
vn -0.000000 -1.000000 0.000000
vn 0.000000 -1.000000 0.000000
vn -0.000000 -1.000000 0.000000
vn -0.000000 -1.000000 0.000000
vn 0.000000 -1.000000 0.000000
vn 0.000000 -1.000000 0.000000
vn -0.000000 -1.000000 0.000000
vn 0.000000 -1.000000 0.000000
vn -0.000000 -1.000000 0.000000
vn 0.000000 -1.000000 0.000000
vn -0.000000 -1.000000 0.000000
vn -0.000000 -1.000000 0.000000
vn 0.000000 -1.000000 0.000000
vn -0.000000 -1.000000 0.000000
vn 0.000000 -1.000000 0.000000
vn 0.000000 -1.000000 0.000000
vn -0.000000 -1.000000 0.000000
vn -0.000000 -1.000000 0.000000
vn 0.000000 -1.000000 0.000000
vn -0.000000 -1.000000 0.000000
vn 0.000000 -1.000000 0.000000
vn 0.000000 -1.000000 0.000000
vn -0.000000 -1.000000 0.000000
vn -0.000000 -1.000000 0.000000
vn 0.000000 -1.000000 0.000000
vn 0.000000 -1.000000 0.000000
vn -0.000000 -1.000000 0.000000
vn 0.000000 -1.000000 0.000000
vn -0.000000 -1.000000 0.000000
vn 0.000000 -1.000000 0.000000
vn -0.000000 -1.000000 0.000000
vn -0.000000 -1.000000 0.000000
vn -0.000000 -1.000000 0.000000
vn -0.000000 -1.000000 0.000000
vn -0.000000 -1.000000 0.000000
vn -0.000000 -1.000000 0.000000
vn -0.000000 -1.000000 0.000000
vn -0.000000 -1.000000 0.000000
vn -0.000000 -1.000000 0.000000
vn -0.000000 -1.000000 0.000000
vn -0.000000 -1.000000 0.000000
vn -0.000000 -1.000000 0.000000
vn -0.000000 -1.000000 0.000000
vn -0.000000 -1.000000 0.000000
vn 0.000000 -1.000000 0.000000
vn 0.000000 -1.000000 0.000000
vn 0.000000 -1.000000 0.000000
vn 0.000000 -1.000000 0.000000
vn 0.000000 -1.000000 0.000000
vn 0.000000 -1.000000 0.000000
vn 0.000000 -1.000000 0.000000
vn 0.000000 -1.000000 0.000000
vn 0.000000 -1.000000 0.000000
vn 0.000000 -1.000000 0.000000
vn 0.000000 -1.000000 0.000000
vn 0.000000 -1.000000 0.000000
vn 0.000000 -1.000000 0.000000
vn 0.000000 -1.000000 0.000000
vn 0.000000 -1.000000 0.000000
vn 0.000000 -1.000000 0.000000
vn 0.000000 -1.000000 0.000000
vn 0.000000 -1.000000 0.000000
vn 0.000000 -1.000000 0.000000
vn 0.000000 -1.000000 0.000000
vn 0.000000 -1.000000 0.000000
vn 0.000000 -1.000000 0.000000
vn 0.000000 -1.000000 0.000000
vn 0.000000 -1.000000 0.000000
vn 0.000000 -1.000000 0.000000
vn 0.000000 -1.000000 0.000000
vn 0.000000 -1.000000 0.000000
vn 0.000000 -1.000000 0.000000
vn 0.000000 -1.000000 0.000000
vn 0.000000 -1.000000 0.000000
vn 0.000000 -1.000000 0.000000
vn 0.000000 -1.000000 0.000000
vn 0.000000 -1.000000 0.000000
vn 0.000000 -1.000000 0.000000
vn 0.000000 -1.000000 0.000000
vn 0.000000 -1.000000 0.000000
vn 0.000000 -1.000000 0.000000
vn 0.000000 -1.000000 0.000000
vn 0.000000 -1.000000 0.000000
vn 0.000000 -1.000000 0.000000
vn 0.000000 -1.000000 0.000000
vn 0.000000 -1.000000 0.000000
vn 0.000000 -1.000000 0.000000
vn 0.000000 -1.000000 0.000000
vn 0.000000 -1.000000 0.000000
vn 0.000000 -1.000000 0.000000
vn 0.000000 -1.000000 0.000000
vn 0.000000 -1.000000 0.000000
vn 0.000000 -1.000000 0.000000
vn 0.000000 -1.000000 0.000000
vn 0.000000 -1.000000 0.000000
vn 0.000000 -1.000000 0.000000
vn 0.000000 -1.000000 0.000000
vn 0.000000 -1.000000 0.000000
vn 0.000000 -1.000000 0.000000
vn 0.000000 -1.000000 0.000000
vn 0.000000 -1.000000 0.000000
vn 0.000000 -1.000000 0.000000
vn 0.000000 -1.000000 0.000000
vn 0.000000 -1.000000 0.000000
vn 0.000000 -1.000000 0.000000
vn 0.000000 -1.000000 0.000000
vn 0.000000 -1.000000 0.000000
vn 0.000000 -1.000000 0.000000
vn 0.000000 -1.000000 0.000000
vn 0.000000 -1.000000 0.000000
vn 0.000000 -1.000000 0.000000
vn 0.000000 -1.000000 0.000000
vn 0.000000 -1.000000 0.000000
vn 0.000000 -1.000000 0.000000
vn 0.000000 -1.000000 0.000000
vn 0.000000 -1.000000 0.000000
vn 0.000000 -1.000000 0.000000
vn 0.000000 -1.000000 0.000000
vn 0.000000 -1.000000 0.000000
vn 0.000000 -1.000000 0.000000
vn 0.000000 -1.000000 0.000000
vn 0.000000 -1.000000 0.000000
vn 0.000000 -1.000000 0.000000
vn 0.000000 -1.000000 0.000000
vn -0.000000 -1.000000 0.000000
vn -0.000000 -1.000000 0.000000
vn -0.000000 -1.000000 0.000000
vn -0.000000 -1.000000 0.000000
vn -0.000000 -1.000000 0.000000
vn -0.000000 -1.000000 0.000000
vn -0.000000 -1.000000 0.000000
vn -0.000000 -1.000000 0.000000
vn -0.000000 -1.000000 0.000000
vn -0.000000 -1.000000 0.000000
vn 0.000000 -1.000000 0.000000
vn -0.000000 -1.000000 0.000000
vn -0.000000 -1.000000 0.000000
vn -0.000000 -1.000000 0.000000
vn -0.000000 -1.000000 0.000000
vn -0.000000 -1.000000 0.000000
vn 0.000000 -1.000000 0.000000
vn -0.000000 -1.000000 0.000000
vn -0.000000 -1.000000 0.000000
vn -0.000000 -1.000000 0.000000
vn -0.000000 -1.000000 0.000000
vn -0.000000 -1.000000 0.000000
vn -0.000000 -1.000000 0.000000
vn -0.000000 -1.000000 0.000000
vn -0.000000 -1.000000 0.000000
vn -0.000000 -1.000000 0.000000
vn -0.000000 -1.000000 0.000000
vn -0.000000 -1.000000 0.000000
vn -0.000000 -1.000000 0.000000
vn -0.000000 -1.000000 0.000000
vn -0.000000 -1.000000 -0.000000
vn -0.000000 -1.000000 0.000000
vn -0.000000 -1.000000 0.000000
vn -0.000000 -1.000000 -0.000000
vn -0.000000 -1.000000 -0.000000
vn -0.000000 -1.000000 -0.000000
vn -0.000000 -1.000000 -0.000000
vn -0.000000 -1.000000 -0.000000
vn -0.000000 -1.000000 -0.000000
vn -0.000000 -1.000000 -0.000000
vn -0.000000 -1.000000 -0.000000
vn 0.000000 -1.000000 0.000000
vn 0.000000 -1.000000 0.000000
vn 0.000000 -1.000000 0.000000
vn 0.000000 -1.000000 0.000000
vn 0.000000 -1.000000 0.000000
vn 0.000000 -1.000000 0.000000
vn 0.000000 -1.000000 0.000000
vn 0.000000 -1.000000 0.000000
vn 0.000000 -1.000000 0.000000
vn 0.000000 -1.000000 0.000000
vn 0.000000 -1.000000 0.000000
vn 0.000000 -1.000000 0.000000
vn 0.000000 -1.000000 0.000000
vn 0.000000 -1.000000 0.000000
vn 0.000000 -1.000000 0.000000
vn 0.000000 -1.000000 0.000000
vn 0.000000 -1.000000 0.000000
vn 0.000000 -1.000000 0.000000
vn 0.000000 -1.000000 0.000000
vn 0.000000 -1.000000 0.000000
vn 0.000000 -1.000000 0.000000
vn 0.000000 -1.000000 0.000000
vn 0.000000 -1.000000 0.000000
vn 0.000000 -1.000000 0.000000
vn 0.000000 -1.000000 0.000000
vn 0.000000 -1.000000 0.000000
vn 0.000000 -1.000000 0.000000
vn 0.000000 -1.000000 0.000000
vn 0.000000 -1.000000 0.000000
vn 0.000000 -1.000000 0.000000
vn 0.000000 -1.000000 0.000000
vn 0.000000 -1.000000 0.000000
vn 0.000000 -1.000000 0.000000
vn 0.000000 -1.000000 0.000000
vn 0.000000 -1.000000 0.000000
vn -0.000000 -1.000000 0.000000
vn -0.000000 -1.000000 0.000000
vn -0.000000 -1.000000 0.000000
vn -0.000000 -1.000000 0.000000
vn -0.000000 -1.000000 -0.000000
vn -0.000000 -1.000000 -0.000000
vn -0.000000 -1.000000 0.000000
vn -0.000000 -1.000000 -0.000000
vn 0.000000 -1.000000 0.000000
vn 0.000000 -1.000000 0.000000
vn -0.000000 -1.000000 0.000000
vn -0.000000 -1.000000 0.000000
vn 0.000000 -1.000000 0.000000
vn 0.000000 -1.000000 0.000000
vn 0.000000 -1.000000 0.000000
vn 0.000000 -1.000000 0.000000
vn 0.000000 -1.000000 0.000000
vn 0.000000 -1.000000 0.000000
vn 0.000000 -1.000000 0.000000
vn 0.000000 -1.000000 0.000000
vn 0.999687 0.024972 -0.001237
vn 0.999687 0.024972 -0.001237
vn 0.997201 0.074752 -0.001234
vn 0.997201 0.074752 -0.001234
vn 0.992246 0.124286 -0.001228
vn 0.992246 0.124286 -0.001228
vn 0.984806 0.173655 -0.001219
vn 0.984806 0.173655 -0.001219
vn 0.974922 0.222544 -0.001206
vn 0.962621 0.270850 -0.001191
vn 0.974922 0.222544 -0.001206
vn 0.947921 0.318504 -0.001173
vn 0.962621 0.270850 -0.001191
vn 0.930893 0.365290 -0.001152
vn 0.947921 0.318504 -0.001173
vn 0.930893 0.365290 -0.001152
vn 0.911501 0.411296 -0.001129
vn 0.911532 0.411228 -0.001128
vn 0.889852 0.456249 -0.001102
vn 0.889851 0.456249 -0.001102
vn 0.866029 0.499992 -0.001073
vn 0.866029 0.499992 -0.001073
vn 0.840034 0.542532 -0.001041
vn 0.840034 0.542532 -0.001041
vn 0.811945 0.583733 -0.001006
vn 0.811945 0.583733 -0.001006
vn 0.781838 0.623480 -0.000968
vn 0.781838 0.623480 -0.000968
vn 0.749741 0.661731 -0.000929
vn 0.749741 0.661731 -0.000929
vn 0.715885 0.698218 -0.000887
vn 0.715885 0.698218 -0.000887
vn 0.680190 0.733035 -0.000843
vn 0.680190 0.733035 -0.000843
vn 0.642764 0.766064 -0.000796
vn 0.642764 0.766064 -0.000796
vn 0.603805 0.797132 -0.000748
vn 0.603805 0.797132 -0.000748
vn 0.563323 0.826236 -0.000698
vn 0.563323 0.826236 -0.000698
vn 0.521463 0.853274 -0.000646
vn 0.521463 0.853274 -0.000646
vn 0.478242 0.878228 -0.000592
vn 0.478242 0.878228 -0.000592
vn 0.433878 0.900972 -0.000537
vn 0.388436 0.921476 -0.000481
vn 0.433878 0.900972 -0.000537
vn 0.388436 0.921476 -0.000481
vn 0.342011 0.939696 -0.000424
vn 0.342011 0.939696 -0.000424
vn 0.294751 0.955574 -0.000365
vn 0.294750 0.955574 -0.000365
vn 0.246738 0.969082 -0.000306
vn 0.246738 0.969082 -0.000306
vn 0.198179 0.980166 -0.000245
vn 0.198179 0.980166 -0.000245
vn 0.149015 0.988835 -0.000185
vn 0.149015 0.988835 -0.000185
vn 0.099560 0.995032 -0.000123
vn 0.099560 0.995032 -0.000123
vn 0.049864 0.998756 -0.000062
vn 0.049864 0.998756 -0.000062
vn 0.000000 1.000000 0.000000
vn 0.000000 1.000000 0.000000
vn -0.049860 0.998756 0.000062
vn -0.049860 0.998756 0.000062
vn -0.099560 0.995032 0.000123
vn -0.099560 0.995032 0.000123
vn -0.149015 0.988835 0.000185
vn -0.149015 0.988835 0.000185
vn -0.198179 0.980166 0.000245
vn -0.246738 0.969082 0.000306
vn -0.198179 0.980166 0.000245
vn -0.246738 0.969082 0.000306
vn -0.294751 0.955574 0.000365
vn -0.294751 0.955574 0.000365
vn -0.342011 0.939696 0.000424
vn -0.342011 0.939696 0.000424
vn -0.388465 0.921463 0.000481
vn -0.388465 0.921463 0.000481
vn -0.433846 0.900987 0.000537
vn -0.433846 0.900987 0.000537
vn -0.478277 0.878209 0.000592
vn -0.478277 0.878209 0.000592
vn -0.521426 0.853296 0.000646
vn -0.521426 0.853296 0.000646
vn -0.563323 0.826236 0.000698
vn -0.563323 0.826236 0.000698
vn -0.603805 0.797132 0.000748
vn -0.603805 0.797132 0.000748
vn -0.642805 0.766030 0.000796
vn -0.642805 0.766030 0.000796
vn -0.680150 0.733073 0.000843
vn -0.680150 0.733073 0.000843
vn -0.715885 0.698218 0.000887
vn -0.715885 0.698218 0.000887
vn -0.749822 0.661639 0.000929
vn -0.749781 0.661685 0.000928
vn -0.781799 0.623530 0.000967
vn -0.781799 0.623530 0.000967
vn -0.811945 0.583733 0.001005
vn -0.811945 0.583733 0.001005
vn -0.840034 0.542532 0.001040
vn -0.866029 0.499992 0.001072
vn -0.840034 0.542532 0.001040
vn -0.866029 0.499992 0.001072
vn -0.889852 0.456249 0.001101
vn -0.889851 0.456249 0.001101
vn -0.911532 0.411228 0.001128
vn -0.930865 0.365361 0.001152
vn -0.911532 0.411228 0.001128
vn -0.947921 0.318504 0.001173
vn -0.930865 0.365361 0.001152
vn -0.947921 0.318504 0.001173
vn -0.962621 0.270850 0.001191
vn -0.962621 0.270850 0.001191
vn -0.974922 0.222544 0.001206
vn -0.974922 0.222544 0.001206
vn -0.984820 0.173576 0.001219
vn -0.984820 0.173576 0.001219
vn -0.992236 0.124366 0.001228
vn -0.992236 0.124366 0.001228
vn -0.997201 0.074752 0.001234
vn -0.997201 0.074752 0.001234
vn -0.999689 0.024890 0.001237
vn -0.999689 0.024890 0.001237
vn -0.999689 -0.024890 0.001237
vn -0.999689 -0.024890 0.001237
vn -0.997202 -0.074749 0.001234
vn -0.997202 -0.074749 0.001234
vn -0.992235 -0.124371 0.001228
vn -0.992235 -0.124371 0.001228
vn -0.984820 -0.173576 0.001219
vn -0.984820 -0.173576 0.001219
vn -0.974922 -0.222544 0.001206
vn -0.974922 -0.222544 0.001206
vn -0.962621 -0.270850 0.001191
vn -0.962621 -0.270850 0.001191
vn -0.947921 -0.318504 0.001173
vn -0.947921 -0.318504 0.001173
vn -0.930871 -0.365347 0.001152
vn -0.930871 -0.365347 0.001152
vn -0.911532 -0.411228 0.001128
vn -0.911532 -0.411228 0.001128
vn -0.889852 -0.456249 0.001101
vn -0.889851 -0.456249 0.001101
vn -0.866019 -0.500010 0.001072
vn -0.866019 -0.500010 0.001072
vn -0.840034 -0.542532 0.001040
vn -0.840034 -0.542532 0.001040
vn -0.811945 -0.583733 0.001005
vn -0.811945 -0.583733 0.001005
vn -0.781799 -0.623530 0.000967
vn -0.781799 -0.623530 0.000967
vn -0.749839 -0.661619 0.000928
vn -0.749799 -0.661665 0.000929
vn -0.715865 -0.698238 0.000887
vn -0.715865 -0.698238 0.000887
vn -0.680172 -0.733052 0.000843
vn -0.680172 -0.733052 0.000843
vn -0.642781 -0.766050 0.000796
vn -0.642781 -0.766050 0.000796
vn -0.603805 -0.797132 0.000748
vn -0.603805 -0.797132 0.000748
vn -0.563351 -0.826217 0.000698
vn -0.563351 -0.826217 0.000698
vn -0.521396 -0.853314 0.000646
vn -0.478277 -0.878209 0.000592
vn -0.521396 -0.853314 0.000646
vn -0.478277 -0.878209 0.000592
vn -0.433879 -0.900971 0.000537
vn -0.388430 -0.921478 0.000481
vn -0.433879 -0.900971 0.000537
vn -0.388430 -0.921478 0.000481
vn -0.342011 -0.939696 0.000424
vn -0.342011 -0.939696 0.000424
vn -0.294751 -0.955574 0.000365
vn -0.294751 -0.955574 0.000365
vn -0.246776 -0.969072 0.000306
vn -0.246776 -0.969072 0.000306
vn -0.198140 -0.980174 0.000245
vn -0.198140 -0.980174 0.000245
vn -0.149054 -0.988829 0.000185
vn -0.149055 -0.988829 0.000185
vn -0.099560 -0.995032 0.000123
vn -0.099560 -0.995032 0.000123
vn -0.049820 -0.998758 0.000062
vn -0.049820 -0.998758 0.000062
vn 0.000000 -1.000000 -0.000000
vn -0.000000 -1.000000 0.000000
vn 0.049824 -0.998758 -0.000062
vn 0.049824 -0.998758 -0.000062
vn 0.099560 -0.995032 -0.000123
vn 0.099560 -0.995032 -0.000123
vn 0.149054 -0.988829 -0.000185
vn 0.149054 -0.988829 -0.000185
vn 0.198140 -0.980174 -0.000245
vn 0.198140 -0.980174 -0.000245
vn 0.246776 -0.969072 -0.000306
vn 0.294751 -0.955574 -0.000365
vn 0.246776 -0.969072 -0.000306
vn 0.294751 -0.955574 -0.000365
vn 0.342011 -0.939696 -0.000424
vn 0.342011 -0.939696 -0.000424
vn 0.388401 -0.921490 -0.000481
vn 0.433911 -0.900956 -0.000537
vn 0.388401 -0.921490 -0.000481
vn 0.433911 -0.900956 -0.000537
vn 0.478242 -0.878228 -0.000592
vn 0.478242 -0.878228 -0.000592
vn 0.521433 -0.853292 -0.000646
vn 0.563351 -0.826217 -0.000698
vn 0.521433 -0.853292 -0.000646
vn 0.563351 -0.826217 -0.000698
vn 0.603805 -0.797132 -0.000748
vn 0.603805 -0.797132 -0.000748
vn 0.642740 -0.766084 -0.000796
vn 0.680212 -0.733015 -0.000843
vn 0.642740 -0.766084 -0.000796
vn 0.715865 -0.698238 -0.000887
vn 0.680212 -0.733015 -0.000843
vn 0.749758 -0.661711 -0.000929
vn 0.715865 -0.698238 -0.000887
vn 0.749758 -0.661711 -0.000929
vn 0.781838 -0.623480 -0.000968
vn 0.781838 -0.623480 -0.000968
vn 0.811945 -0.583733 -0.001006
vn 0.811945 -0.583733 -0.001006
vn 0.840034 -0.542532 -0.001041
vn 0.840034 -0.542532 -0.001041
vn 0.866019 -0.500010 -0.001073
vn 0.866019 -0.500010 -0.001073
vn 0.889851 -0.456249 -0.001102
vn 0.889852 -0.456249 -0.001102
vn 0.911501 -0.411296 -0.001128
vn 0.911532 -0.411228 -0.001129
vn 0.930898 -0.365276 -0.001152
vn 0.930898 -0.365276 -0.001152
vn 0.947921 -0.318504 -0.001173
vn 0.962621 -0.270850 -0.001191
vn 0.947921 -0.318504 -0.001173
vn 0.962621 -0.270850 -0.001191
vn 0.974922 -0.222544 -0.001206
vn 0.984806 -0.173655 -0.001219
vn 0.974922 -0.222544 -0.001206
vn 0.984806 -0.173655 -0.001219
vn 0.992245 -0.124291 -0.001228
vn 0.992245 -0.124291 -0.001228
vn 0.997202 -0.074749 -0.001234
vn 0.997202 -0.074749 -0.001234
vn 0.999687 -0.024972 -0.001237
vn 0.999687 -0.024972 -0.001237
vn 0.999688 -0.024931 -0.001238
vn 0.999688 -0.024931 -0.001238
vn 0.997203 -0.074728 -0.001234
vn 0.997203 -0.074728 -0.001234
vn 0.992238 -0.124347 -0.001228
vn 0.992238 -0.124347 -0.001228
vn 0.984807 -0.173645 -0.001219
vn 0.984807 -0.173645 -0.001219
vn 0.974926 -0.222524 -0.001207
vn 0.962624 -0.270838 -0.001192
vn 0.974926 -0.222524 -0.001207
vn 0.947928 -0.318483 -0.001173
vn 0.962624 -0.270839 -0.001192
vn 0.930875 -0.365337 -0.001152
vn 0.947928 -0.318482 -0.001173
vn 0.930875 -0.365337 -0.001152
vn 0.911504 -0.411289 -0.001128
vn 0.911504 -0.411289 -0.001128
vn 0.889872 -0.456209 -0.001102
vn 0.889872 -0.456209 -0.001102
vn 0.866021 -0.500007 -0.001072
vn 0.866021 -0.500007 -0.001072
vn 0.840022 -0.542551 -0.001040
vn 0.840022 -0.542551 -0.001040
vn 0.811939 -0.583741 -0.001005
vn 0.811939 -0.583741 -0.001005
vn 0.781831 -0.623490 -0.000968
vn 0.781831 -0.623490 -0.000968
vn 0.749789 -0.661677 -0.000928
vn 0.749789 -0.661677 -0.000928
vn 0.715860 -0.698244 -0.000886
vn 0.715860 -0.698244 -0.000886
vn 0.680181 -0.733044 -0.000842
vn 0.680181 -0.733044 -0.000842
vn 0.642779 -0.766051 -0.000796
vn 0.642779 -0.766051 -0.000796
vn 0.603804 -0.797132 -0.000747
vn 0.603805 -0.797132 -0.000747
vn 0.563326 -0.826235 -0.000697
vn 0.563326 -0.826235 -0.000697
vn 0.521427 -0.853296 -0.000645
vn 0.521427 -0.853296 -0.000645
vn 0.478254 -0.878221 -0.000592
vn 0.478254 -0.878221 -0.000592
vn 0.433898 -0.900962 -0.000537
vn 0.388410 -0.921487 -0.000481
vn 0.433898 -0.900962 -0.000537
vn 0.388410 -0.921487 -0.000481
vn 0.342013 -0.939695 -0.000423
vn 0.342013 -0.939695 -0.000423
vn 0.294762 -0.955571 -0.000365
vn 0.294761 -0.955571 -0.000365
vn 0.246776 -0.969072 -0.000305
vn 0.246777 -0.969072 -0.000305
vn 0.198141 -0.980174 -0.000245
vn 0.198141 -0.980174 -0.000245
vn 0.149054 -0.988829 -0.000185
vn 0.149054 -0.988829 -0.000185
vn 0.099560 -0.995032 -0.000123
vn 0.099560 -0.995032 -0.000123
vn 0.049821 -0.998758 -0.000062
vn 0.049821 -0.998758 -0.000062
vn 0.000000 -1.000000 0.000000
vn 0.000000 -1.000000 0.000000
vn -0.049821 -0.998758 0.000062
vn -0.049821 -0.998758 0.000062
vn -0.099560 -0.995032 0.000123
vn -0.099560 -0.995032 0.000123
vn -0.149054 -0.988829 0.000185
vn -0.149054 -0.988829 0.000185
vn -0.198141 -0.980174 0.000245
vn -0.246777 -0.969072 0.000305
vn -0.198141 -0.980174 0.000245
vn -0.246777 -0.969072 0.000305
vn -0.294761 -0.955571 0.000365
vn -0.294762 -0.955571 0.000365
vn -0.342013 -0.939695 0.000423
vn -0.342013 -0.939695 0.000423
vn -0.388410 -0.921487 0.000481
vn -0.388410 -0.921487 0.000481
vn -0.433898 -0.900962 0.000537
vn -0.433898 -0.900962 0.000537
vn -0.478254 -0.878221 0.000592
vn -0.478254 -0.878221 0.000592
vn -0.521427 -0.853296 0.000645
vn -0.521427 -0.853296 0.000645
vn -0.563326 -0.826235 0.000697
vn -0.563326 -0.826235 0.000697
vn -0.603805 -0.797132 0.000747
vn -0.603805 -0.797132 0.000747
vn -0.642779 -0.766051 0.000796
vn -0.642779 -0.766051 0.000796
vn -0.680181 -0.733044 0.000842
vn -0.680181 -0.733044 0.000842
vn -0.715860 -0.698244 0.000886
vn -0.715860 -0.698244 0.000886
vn -0.749789 -0.661677 0.000928
vn -0.749789 -0.661677 0.000928
vn -0.781831 -0.623490 0.000968
vn -0.781831 -0.623490 0.000968
vn -0.811939 -0.583741 0.001005
vn -0.811939 -0.583741 0.001005
vn -0.840022 -0.542551 0.001040
vn -0.866021 -0.500007 0.001072
vn -0.840022 -0.542551 0.001040
vn -0.866021 -0.500007 0.001072
vn -0.889872 -0.456209 0.001102
vn -0.889872 -0.456209 0.001102
vn -0.911504 -0.411289 0.001128
vn -0.930875 -0.365337 0.001152
vn -0.911504 -0.411289 0.001128
vn -0.947928 -0.318482 0.001173
vn -0.930875 -0.365337 0.001152
vn -0.947928 -0.318482 0.001173
vn -0.962624 -0.270839 0.001192
vn -0.962624 -0.270839 0.001192
vn -0.974926 -0.222524 0.001207
vn -0.974926 -0.222524 0.001207
vn -0.984807 -0.173645 0.001219
vn -0.984807 -0.173645 0.001219
vn -0.992238 -0.124347 0.001228
vn -0.992238 -0.124347 0.001228
vn -0.997203 -0.074728 0.001234
vn -0.997203 -0.074728 0.001234
vn -0.999688 -0.024931 0.001238
vn -0.999688 -0.024931 0.001238
vn -0.999688 0.024931 0.001238
vn -0.999688 0.024931 0.001238
vn -0.997203 0.074731 0.001234
vn -0.997203 0.074731 0.001234
vn -0.992239 0.124342 0.001228
vn -0.992239 0.124342 0.001228
vn -0.984807 0.173645 0.001219
vn -0.984807 0.173645 0.001219
vn -0.974926 0.222524 0.001207
vn -0.974926 0.222524 0.001207
vn -0.962624 0.270839 0.001192
vn -0.962624 0.270839 0.001192
vn -0.947928 0.318482 0.001173
vn -0.947928 0.318482 0.001173
vn -0.930869 0.365351 0.001152
vn -0.930869 0.365351 0.001152
vn -0.911504 0.411289 0.001128
vn -0.911504 0.411289 0.001128
vn -0.889872 0.456209 0.001102
vn -0.889872 0.456209 0.001102
vn -0.866031 0.499989 0.001072
vn -0.866031 0.499990 0.001072
vn -0.840022 0.542551 0.001040
vn -0.840022 0.542551 0.001040
vn -0.811939 0.583741 0.001005
vn -0.811939 0.583741 0.001005
vn -0.781831 0.623490 0.000968
vn -0.781831 0.623490 0.000968
vn -0.749771 0.661697 0.000928
vn -0.749771 0.661697 0.000928
vn -0.715879 0.698223 0.000886
vn -0.715879 0.698223 0.000886
vn -0.680159 0.733065 0.000842
vn -0.680159 0.733065 0.000842
vn -0.642803 0.766031 0.000796
vn -0.642803 0.766031 0.000796
vn -0.603805 0.797132 0.000747
vn -0.603805 0.797132 0.000747
vn -0.563298 0.826253 0.000697
vn -0.563298 0.826254 0.000697
vn -0.521457 0.853277 0.000646
vn -0.478254 0.878221 0.000592
vn -0.521457 0.853277 0.000646
vn -0.478254 0.878221 0.000592
vn -0.433865 0.900978 0.000537
vn -0.388444 0.921472 0.000481
vn -0.433865 0.900978 0.000537
vn -0.388445 0.921472 0.000481
vn -0.342013 0.939695 0.000423
vn -0.342013 0.939695 0.000423
vn -0.294761 0.955571 0.000365
vn -0.294762 0.955571 0.000365
vn -0.246738 0.969082 0.000305
vn -0.246738 0.969082 0.000305
vn -0.198180 0.980166 0.000245
vn -0.198180 0.980166 0.000245
vn -0.149014 0.988835 0.000184
vn -0.149014 0.988835 0.000184
vn -0.099560 0.995032 0.000123
vn -0.099560 0.995032 0.000123
vn -0.049861 0.998756 0.000062
vn -0.049861 0.998756 0.000062
vn 0.000000 1.000000 0.000000
vn 0.000000 1.000000 -0.000000
vn 0.049861 0.998756 -0.000062
vn 0.049861 0.998756 -0.000062
vn 0.099560 0.995032 -0.000123
vn 0.099560 0.995032 -0.000123
vn 0.149014 0.988835 -0.000184
vn 0.149014 0.988835 -0.000184
vn 0.198180 0.980166 -0.000245
vn 0.198180 0.980166 -0.000245
vn 0.246738 0.969082 -0.000305
vn 0.294762 0.955571 -0.000365
vn 0.246738 0.969082 -0.000305
vn 0.294761 0.955571 -0.000365
vn 0.342013 0.939695 -0.000423
vn 0.342013 0.939695 -0.000423
vn 0.388444 0.921472 -0.000481
vn 0.433865 0.900978 -0.000537
vn 0.388445 0.921472 -0.000481
vn 0.433865 0.900978 -0.000537
vn 0.478254 0.878221 -0.000592
vn 0.478254 0.878221 -0.000592
vn 0.521457 0.853277 -0.000646
vn 0.563298 0.826254 -0.000697
vn 0.521457 0.853277 -0.000646
vn 0.563298 0.826254 -0.000697
vn 0.603804 0.797132 -0.000747
vn 0.603805 0.797132 -0.000747
vn 0.642803 0.766031 -0.000796
vn 0.680159 0.733064 -0.000842
vn 0.642803 0.766031 -0.000796
vn 0.715880 0.698223 -0.000886
vn 0.680159 0.733064 -0.000842
vn 0.749771 0.661697 -0.000928
vn 0.715880 0.698223 -0.000886
vn 0.749771 0.661697 -0.000928
vn 0.781831 0.623490 -0.000968
vn 0.781831 0.623490 -0.000968
vn 0.811939 0.583741 -0.001005
vn 0.811939 0.583741 -0.001005
vn 0.840022 0.542551 -0.001040
vn 0.840022 0.542551 -0.001040
vn 0.866031 0.499989 -0.001072
vn 0.866031 0.499989 -0.001072
vn 0.889872 0.456209 -0.001102
vn 0.889872 0.456209 -0.001102
vn 0.911504 0.411289 -0.001128
vn 0.911504 0.411289 -0.001128
vn 0.930869 0.365351 -0.001152
vn 0.930869 0.365351 -0.001152
vn 0.947928 0.318483 -0.001173
vn 0.962624 0.270838 -0.001192
vn 0.947928 0.318482 -0.001173
vn 0.962624 0.270839 -0.001192
vn 0.974926 0.222524 -0.001207
vn 0.984807 0.173645 -0.001219
vn 0.974926 0.222524 -0.001207
vn 0.984807 0.173645 -0.001219
vn 0.992239 0.124342 -0.001228
vn 0.992239 0.124342 -0.001228
vn 0.997203 0.074731 -0.001234
vn 0.997203 0.074731 -0.001234
vn 0.999688 0.024931 -0.001238
vn 0.999688 0.024931 -0.001238
vn 0.000000 -1.000000 0.000000
vn 0.000000 -1.000000 0.000000
vn 0.000000 -1.000000 0.000000
vn -0.000000 -1.000000 -0.000000
vn 0.000000 -1.000000 0.000000
vn -0.000000 -1.000000 -0.000000
vn 0.000000 -1.000000 0.000000
vn -0.000000 -1.000000 -0.000000
vn 0.000000 -1.000000 0.000000
vn 0.000000 -1.000000 0.000000
vn -0.000000 -1.000000 -0.000000
vn 0.000000 -1.000000 0.000000
vn 0.000000 -1.000000 0.000000
vn 0.000000 -1.000000 0.000000
vn 0.000000 -1.000000 0.000000
vn 0.000000 -1.000000 0.000000
vn 0.000000 -1.000000 0.000000
vn 0.000000 -1.000000 0.000000
vn 0.000000 -1.000000 0.000000
vn 0.000000 -1.000000 0.000000
vn 0.000000 -1.000000 0.000000
vn 0.000000 -1.000000 0.000000
vn 0.000000 -1.000000 0.000000
vn 0.000000 -1.000000 0.000000
vn 0.000000 -1.000000 0.000000
vn 0.000000 -1.000000 0.000000
vn 0.000000 -1.000000 0.000000
vn 0.000000 -1.000000 0.000000
vn 0.000000 -1.000000 0.000000
vn 0.000000 -1.000000 0.000000
vn 0.000000 -1.000000 0.000000
vn 0.000000 -1.000000 0.000000
vn 0.000000 -1.000000 0.000000
vn 0.000000 -1.000000 0.000000
vn 0.000000 -1.000000 0.000000
vn 0.000000 -1.000000 0.000000
vn 0.000000 -1.000000 0.000000
vn 0.000000 -1.000000 0.000000
vn 0.000000 -1.000000 0.000000
vn 0.000000 -1.000000 0.000000
vn 0.000000 -1.000000 0.000000
vn 0.000000 -1.000000 0.000000
vn 0.000000 -1.000000 0.000000
vn 0.000000 -1.000000 0.000000
vn 0.000000 -1.000000 0.000000
vn 0.000000 -1.000000 0.000000
vn 0.000000 -1.000000 0.000000
vn 0.000000 -1.000000 0.000000
vn 0.000000 -1.000000 0.000000
vn 0.000000 -1.000000 0.000000
vn 0.000000 -1.000000 0.000000
vn 0.000000 -1.000000 0.000000
vn 0.000000 -1.000000 0.000000
vn 0.000000 -1.000000 0.000000
vn 0.000000 -1.000000 0.000000
vn 0.000000 -1.000000 0.000000
vn 0.000000 -1.000000 0.000000
vn 0.000000 -1.000000 0.000000
vn 0.000000 -1.000000 0.000000
vn 0.000000 -1.000000 0.000000
vn 0.000000 -1.000000 0.000000
vn 0.000000 -1.000000 0.000000
vn 0.000000 -1.000000 0.000000
vn 0.000000 -1.000000 0.000000
vn 0.000000 -1.000000 0.000000
vn 0.000000 -1.000000 0.000000
vn 0.000000 -1.000000 0.000000
vn 0.000000 -1.000000 0.000000
vn 0.000000 -1.000000 0.000000
vn 0.000000 -1.000000 0.000000
vn 0.000000 -1.000000 0.000000
vn 0.000000 -1.000000 0.000000
vn 0.000000 -1.000000 0.000000
vn 0.000000 -1.000000 0.000000
vn 0.000000 -1.000000 0.000000
vn 0.000000 -1.000000 0.000000
vn 0.000000 -1.000000 0.000000
vn 0.000000 -1.000000 0.000000
vn 0.000000 -1.000000 0.000000
vn 0.000000 -1.000000 0.000000
vn 0.000000 -1.000000 0.000000
vn 0.000000 -1.000000 0.000000
vn 0.000000 -1.000000 0.000000
vn 0.000000 -1.000000 0.000000
vn 0.000000 -1.000000 0.000000
vn 0.000000 -1.000000 0.000000
vn 0.000000 -1.000000 0.000000
vn 0.000000 -1.000000 0.000000
vn 0.000000 -1.000000 0.000000
vn 0.000000 -1.000000 0.000000
vn 0.000000 -1.000000 0.000000
vn 0.000000 -1.000000 0.000000
vn -0.000000 -1.000000 0.000000
vn -0.000000 -1.000000 0.000000
vn -0.000000 -1.000000 0.000000
vn 0.000000 -1.000000 0.000000
vn 0.000000 -1.000000 0.000000
vn -0.000000 -1.000000 0.000000
vn 0.000000 -1.000000 0.000000
vn -0.000000 -1.000000 0.000000
vn 0.000000 -1.000000 0.000000
vn -0.000000 -1.000000 0.000000
vn -0.000000 -1.000000 0.000000
vn 0.000000 -1.000000 0.000000
vn -0.000000 -1.000000 0.000000
vn 0.000000 -1.000000 0.000000
vn -0.000000 -1.000000 0.000000
vn 0.000000 -1.000000 0.000000
vn -0.000000 -1.000000 0.000000
vn 0.000000 -1.000000 0.000000
vn -0.000000 -1.000000 0.000000
vn -0.000000 -1.000000 0.000000
vn 0.000000 -1.000000 0.000000
vn -0.000000 -1.000000 0.000000
vn 0.000000 -1.000000 0.000000
vn -0.000000 -1.000000 0.000000
vn 0.000000 -1.000000 0.000000
vn 0.000000 -1.000000 0.000000
vn 0.000000 -1.000000 0.000000
vn 0.000000 -1.000000 0.000000
vn 0.000000 -1.000000 0.000000
vn 0.000000 -1.000000 0.000000
vn 0.000000 -1.000000 0.000000
vn 0.000000 -1.000000 0.000000
vn 0.000000 -1.000000 0.000000
vn 0.000000 -1.000000 0.000000
vn 0.000000 -1.000000 0.000000
vn 0.000000 -1.000000 0.000000
vn 0.000000 -1.000000 0.000000
vn 0.000000 -1.000000 0.000000
vn 0.000000 -1.000000 0.000000
vn 0.000000 -1.000000 0.000000
vn 0.000000 -1.000000 0.000000
vn 0.000000 -1.000000 0.000000
vn 0.000000 -1.000000 0.000000
vn 0.000000 -1.000000 0.000000
vn 0.000000 -1.000000 0.000000
vn 0.000000 -1.000000 0.000000
vn 0.000000 -1.000000 0.000000
vn 0.000000 -1.000000 0.000000
vn 0.000000 -1.000000 0.000000
vn 0.000000 -1.000000 0.000000
vn 0.000000 -1.000000 0.000000
vn 0.000000 -1.000000 0.000000
vn 0.000000 -1.000000 0.000000
vn 0.000000 -1.000000 0.000000
vn 0.000000 -1.000000 0.000000
vn 0.000000 -1.000000 0.000000
vn 0.000000 -1.000000 0.000000
vn 0.000000 -1.000000 0.000000
vn 0.000000 -1.000000 0.000000
vn 0.000000 -1.000000 0.000000
vn 0.000000 -1.000000 0.000000
vn 0.000000 -1.000000 0.000000
vn 0.000000 -1.000000 0.000000
vn 0.000000 -1.000000 0.000000
vn 0.000000 -1.000000 0.000000
vn 0.000000 -1.000000 0.000000
vn 0.000000 -1.000000 0.000000
vn 0.000000 -1.000000 0.000000
vn 0.000000 -1.000000 0.000000
vn 0.000000 -1.000000 0.000000
vn 0.000000 -1.000000 0.000000
vn 0.000000 -1.000000 0.000000
vn 0.000000 -1.000000 0.000000
vn 0.000000 -1.000000 0.000000
vn 0.000000 -1.000000 0.000000
vn 0.000000 -1.000000 0.000000
vn 0.000000 -1.000000 0.000000
vn 0.000000 -1.000000 0.000000
vn 0.000000 -1.000000 0.000000
vn 0.000000 -1.000000 0.000000
vn 0.000000 -1.000000 0.000000
vn 0.000000 -1.000000 0.000000
vn 0.000000 -1.000000 0.000000
vn 0.000000 -1.000000 0.000000
vn 0.000000 -1.000000 0.000000
vn 0.000000 -1.000000 0.000000
vn 0.000000 -1.000000 0.000000
vn 0.000000 -1.000000 0.000000
vn 0.000000 -1.000000 0.000000
vn 0.000000 -1.000000 0.000000
vn 0.000000 -1.000000 0.000000
vn 0.000000 -1.000000 0.000000
vn 0.000000 -1.000000 0.000000
vn 0.000000 -1.000000 0.000000
vn 0.000000 -1.000000 0.000000
vn 0.000000 -1.000000 0.000000
vn 0.000000 -1.000000 0.000000
vn 0.000000 -1.000000 0.000000
vn 0.000000 -1.000000 0.000000
vn 0.000000 -1.000000 0.000000
vn 0.725369 -0.000000 0.688360
vn 0.725369 0.000000 0.688360
vn 0.758778 0.000000 0.651350
vn 0.758778 -0.000000 0.651350
vn 0.790300 0.000000 0.612721
vn 0.819865 0.000000 0.572557
vn 0.790300 -0.000000 0.612721
vn 0.819865 0.000000 0.572557
vn 0.847385 0.000000 0.530979
vn 0.847385 -0.000000 0.530979
vn 0.872791 0.000000 0.488093
vn 0.872791 -0.000000 0.488093
vn 0.896039 0.000000 0.443976
vn 0.917060 0.000000 0.398748
vn 0.896039 -0.000000 0.443976
vn 0.917060 0.000000 0.398748
vn 0.935792 0.000000 0.352553
vn 0.935792 -0.000000 0.352553
vn 0.952205 0.000000 0.305459
vn 0.952205 -0.000000 0.305459
vn 0.966245 0.000000 0.257626
vn 0.966245 -0.000000 0.257626
vn 0.977885 0.000000 0.209144
vn 0.987095 0.000000 0.160133
vn 0.977885 -0.000000 0.209144
vn 0.987095 0.000000 0.160133
vn 0.993850 0.000000 0.110735
vn 0.993850 -0.000000 0.110735
vn 0.998134 0.000000 0.061060
vn 0.998134 -0.000000 0.061060
vn 0.999937 0.000000 0.011229
vn 0.999937 -0.000000 0.011229
vn 0.999253 0.000000 -0.038639
vn 0.996086 0.000000 -0.088386
vn 0.999253 0.000000 -0.038639
vn 0.996086 0.000000 -0.088386
vn 0.990442 0.000000 -0.137928
vn 0.990442 0.000000 -0.137928
vn 0.982335 0.000000 -0.187132
vn 0.982335 0.000000 -0.187132
vn 0.971788 0.000000 -0.235856
vn 0.971788 0.000000 -0.235856
vn 0.958824 0.000000 -0.284001
vn 0.958824 0.000000 -0.284001
vn 0.943474 0.000000 -0.331446
vn 0.943474 0.000000 -0.331446
vn 0.925781 0.000000 -0.378061
vn 0.925781 0.000000 -0.378061
vn 0.905781 0.000000 -0.423746
vn 0.905781 0.000000 -0.423746
vn 0.883537 0.000000 -0.468362
vn 0.883537 0.000000 -0.468362
vn 0.859093 0.000000 -0.511820
vn 0.832510 0.000000 -0.554011
vn 0.859093 0.000000 -0.511820
vn 0.832510 0.000000 -0.554011
vn 0.803860 0.000000 -0.594818
vn 0.773214 0.000000 -0.634145
vn 0.803860 0.000000 -0.594818
vn 0.740646 0.000000 -0.671895
vn 0.773214 0.000000 -0.634145
vn 0.740646 0.000000 -0.671895
vn 0.706228 0.000000 -0.707985
vn 0.670064 0.000000 -0.742303
vn 0.706228 0.000000 -0.707985
vn 0.670064 0.000000 -0.742303
vn 0.632228 0.000000 -0.774782
vn 0.592821 0.000000 -0.805334
vn 0.632228 0.000000 -0.774782
vn 0.592821 0.000000 -0.805334
vn 0.551945 0.000000 -0.833880
vn 0.509696 0.000000 -0.860355
vn 0.551945 0.000000 -0.833880
vn 0.466171 0.000000 -0.884694
vn 0.509696 0.000000 -0.860355
vn 0.466171 0.000000 -0.884694
vn 0.421500 0.000000 -0.906828
vn 0.421500 0.000000 -0.906828
vn 0.375767 0.000000 -0.926714
vn 0.329111 0.000000 -0.944291
vn 0.375767 0.000000 -0.926714
vn 0.281633 0.000000 -0.959522
vn 0.329111 0.000000 -0.944291
vn 0.233453 0.000000 -0.972368
vn 0.281633 0.000000 -0.959522
vn 0.233453 0.000000 -0.972368
vn 0.184695 0.000000 -0.982796
vn 0.184695 0.000000 -0.982796
vn 0.135477 0.000000 -0.990781
vn 0.135477 0.000000 -0.990781
vn 0.085922 0.000000 -0.996302
vn 0.085922 0.000000 -0.996302
vn 0.036154 0.000000 -0.999346
vn 0.036154 0.000000 -0.999346
vn -0.013704 -0.000000 -0.999906
vn -0.013704 0.000000 -0.999906
vn -0.063528 0.000000 -0.997980
vn -0.063528 0.000000 -0.997980
vn -0.113196 0.000000 -0.993573
vn -0.113196 0.000000 -0.993573
vn -0.162579 0.000000 -0.986696
vn -0.162579 0.000000 -0.986696
vn -0.211560 -0.000000 -0.977365
vn -0.211560 0.000000 -0.977365
vn -0.260016 -0.000000 -0.965604
vn -0.260016 0.000000 -0.965604
vn -0.307822 0.000000 -0.951444
vn -0.307822 0.000000 -0.951444
vn -0.354866 -0.000000 -0.934917
vn -0.354866 0.000000 -0.934917
vn -0.401024 0.000000 -0.916067
vn -0.401024 0.000000 -0.916067
vn -0.446194 0.000000 -0.894936
vn -0.490242 -0.000000 -0.871586
vn -0.446194 0.000000 -0.894936
vn -0.490242 0.000000 -0.871586
vn -0.533082 0.000000 -0.846064
vn -0.533082 0.000000 -0.846064
vn -0.574588 0.000000 -0.818443
vn -0.574588 0.000000 -0.818443
vn -0.614671 0.000000 -0.788783
vn -0.614671 0.000000 -0.788783
vn -0.653223 0.000000 -0.757166
vn -0.653223 0.000000 -0.757166
vn -0.690160 0.000000 -0.723657
vn -0.690160 0.000000 -0.723657
vn -0.001167 -0.000058 -0.999999
vn -0.001311 0.000054 -0.999999
vn -0.001067 -0.000113 -0.999999
vn -0.001317 0.000120 -0.999999
vn -0.001152 -0.000135 -0.999999
vn -0.001325 0.000119 -0.999999
vn -0.001195 -0.000062 -0.999999
vn -0.001353 0.000223 -0.999999
vn -0.001319 0.000036 -0.999999
vn -0.001224 -0.000009 -0.999999
vn -0.001343 0.000045 -0.999999
vn -0.001074 -0.000068 -0.999999
vn -0.001053 -0.000077 -0.999999
vn -0.001361 0.000468 -0.999999
vn -0.001129 -0.000359 -0.999999
vn -0.001298 0.000190 -0.999999
vn -0.001247 0.000016 -0.999999
vn -0.001233 -0.000011 -0.999999
vn -0.001235 -0.000006 -0.999999
vn -0.001271 0.000110 -0.999999
vn -0.001650 0.000084 -0.999999
vn -0.001262 0.000315 -0.999999
vn -0.001238 0.000003 -0.999999
vn -0.001169 -0.000010 -0.999999
vn -0.001368 0.000007 -0.999999
vn -0.000819 -0.000020 -1.000000
vn -0.001213 -0.000005 -0.999999
vn -0.001224 0.000441 -0.999999
vn -0.001096 0.000014 -0.999999
vn -0.001372 -0.000021 -0.999999
vn -0.000838 0.000059 -1.000000
vn -0.001206 0.000212 -0.999999
vn -0.001213 0.000172 -0.999999
vn -0.000869 0.000095 -1.000000
vn -0.001238 0.000010 -0.999999
vn -0.001260 -0.000071 -0.999999
vn -0.001234 0.000025 -0.999999
vn -0.001282 -0.000011 -0.999999
vn -0.000916 0.000123 -1.000000
vn -0.001223 0.000040 -0.999999
vn -0.001224 0.000007 -0.999999
vn -0.001241 0.000001 -0.999999
vn -0.001240 0.000001 -0.999999
vn -0.001252 -0.000002 -0.999999
vn -0.001241 -0.000017 -0.999999
vn -0.001308 -0.000178 -0.999999
vn -0.001238 -0.000004 -0.999999
vn -0.001722 -0.000264 -0.999998
vn -0.001541 -0.000526 -0.999999
vn -0.001251 -0.000024 -0.999999
vn -0.001235 -0.000000 -0.999999
vn -0.001209 0.000015 -0.999999
vn -0.001067 0.000113 -0.999999
vn -0.001237 -0.000000 -0.999999
vn -0.001238 -0.000000 -0.999999
vn -0.001238 -0.000000 -0.999999
vn -0.001141 0.000081 -0.999999
vn -0.000965 0.000310 -0.999999
vn -0.001232 -0.000004 -0.999999
vn -0.001340 -0.000113 -0.999999
vn -0.001308 -0.000079 -0.999999
vn -0.001232 0.000008 -0.999999
vn -0.001264 -0.000027 -0.999999
vn -0.000967 0.000307 -0.999999
vn -0.001108 0.000108 -0.999999
vn -0.001218 0.000025 -0.999999
vn -0.001214 0.000048 -0.999999
vn -0.001353 -0.000223 -0.999999
vn -0.001235 0.000004 -0.999999
vn -0.001184 0.000093 -0.999999
vn -0.001233 0.000003 -0.999999
vn -0.001142 0.000180 -0.999999
vn -0.000943 0.000134 -1.000000
vn -0.000959 0.000127 -1.000000
vn -0.001350 -0.000049 -0.999999
vn -0.001238 -0.000001 -0.999999
vn -0.000982 0.000762 -0.999999
vn -0.001278 -0.000020 -0.999999
vn -0.001221 -0.000012 -0.999999
vn -0.001238 0.000000 -0.999999
vn -0.001239 0.000001 -0.999999
vn -0.001246 -0.000014 -0.999999
vn -0.001652 -0.000084 -0.999999
vn -0.001165 0.000014 -0.999999
vn -0.001206 0.000213 -0.999999
vn -0.001643 -0.000041 -0.999999
vn -0.001234 0.000052 -0.999999
vn -0.001262 -0.000315 -0.999999
vn -0.001634 0.000000 -0.999999
vn -0.001230 0.000000 -0.999999
vn -0.001219 0.000001 -0.999999
vn -0.001224 -0.000140 -0.999999
vn -0.001254 0.000160 -0.999999
vn -0.001215 -0.000152 -0.999999
vn -0.001214 0.000001 -0.999999
vn -0.000835 -0.000060 -1.000000
vn -0.001372 0.000021 -0.999999
vn -0.001251 -0.000001 -0.999999
vn -0.001226 -0.000112 -0.999999
vn -0.001266 -0.000004 -0.999999
vn -0.001234 -0.000030 -0.999999
vn -0.001238 -0.000000 -0.999999
vn -0.001278 0.000020 -0.999999
vn -0.001220 0.000003 -0.999999
vn -0.000967 -0.000123 -1.000000
vn -0.001233 -0.000012 -0.999999
vn -0.001246 0.000015 -0.999999
vn -0.000981 -0.000502 -0.999999
vn -0.001476 0.000122 -0.999999
vn -0.001293 0.000120 -0.999999
vn -0.001743 0.000348 -0.999998
vn -0.001060 -0.000257 -0.999999
vn -0.001216 -0.000039 -0.999999
vn -0.001240 0.000006 -0.999999
vn -0.001151 -0.000052 -0.999999
vn -0.001243 0.000001 -0.999999
vn -0.001230 -0.000004 -0.999999
vn -0.001312 0.000055 -0.999999
vn -0.001238 0.000000 -0.999999
vn -0.000965 -0.000310 -0.999999
vn -0.001170 -0.000056 -0.999999
vn -0.001238 0.000001 -0.999999
vn -0.001236 -0.000003 -0.999999
vn -0.001242 0.000011 -0.999999
vn 0.001319 -0.000090 0.999999
vn 0.001427 -0.000218 0.999999
vn 0.000766 0.000611 1.000000
vn 0.001108 0.000108 0.999999
vn 0.001129 0.000092 0.999999
vn 0.000976 0.000141 1.000000
vn 0.000993 0.000133 0.999999
vn 0.001011 0.000124 0.999999
vn 0.001042 0.000470 0.999999
vn 0.001266 -0.000015 0.999999
vn 0.001154 0.000043 0.999999
vn 0.001208 0.000101 0.999999
vn 0.001232 0.000019 0.999999
vn 0.001319 -0.000205 0.999999
vn 0.001370 -0.000424 0.999999
vn 0.001381 -0.000461 0.999999
vn 0.001657 -0.000127 0.999999
vn 0.001215 0.000152 0.999999
vn 0.001288 -0.000430 0.999999
vn 0.001282 -0.000369 0.999999
vn 0.000820 0.000020 1.000000
vn 0.001368 -0.000007 0.999999
vn 0.001509 -0.000018 0.999999
vn 0.001044 0.000029 0.999999
vn 0.001239 -0.000027 0.999999
vn 0.001224 -0.000324 0.999999
vn 0.001180 -0.000910 0.999999
vn 0.001641 0.000041 0.999999
vn 0.001095 -0.000014 0.999999
vn 0.001509 0.000018 0.999999
vn 0.001328 0.000596 0.999999
vn 0.001044 -0.000029 0.999999
vn 0.001239 0.000001 0.999999
vn 0.001245 -0.000000 0.999999
vn 0.001657 0.000127 0.999999
vn 0.001243 0.000000 0.999999
vn 0.001236 0.000000 0.999999
vn 0.001232 0.000003 0.999999
vn 0.001277 0.000126 0.999999
vn 0.001064 -0.000417 0.999999
vn 0.000976 -0.000141 1.000000
vn 0.001346 0.000168 0.999999
vn 0.001171 -0.000108 0.999999
vn 0.001290 0.000081 0.999999
vn 0.001320 0.000123 0.999999
vn 0.001108 -0.000108 0.999999
vn 0.001125 -0.000182 0.999999
vn 0.001286 0.000066 0.999999
vn 0.001166 -0.000050 0.999999
vn 0.001140 -0.000084 0.999999
vn 0.001169 -0.000057 0.999999
vn 0.001362 0.000102 0.999999
vn 0.001258 0.000019 0.999999
vn 0.001254 0.000010 0.999999
vn 0.001192 -0.000030 0.999999
vn 0.001787 0.000606 0.999998
vn 0.001086 -0.000188 0.999999
vn 0.001150 -0.000075 0.999999
vn 0.001129 -0.000092 0.999999
vn 0.001108 -0.000108 0.999999
vn 0.001362 0.000102 0.999999
vn 0.000919 -0.000531 0.999999
vn 0.001174 -0.000088 0.999999
vn 0.001223 0.000004 0.999999
vn 0.001241 0.000000 0.999999
vn 0.001232 0.000002 0.999999
vn 0.001240 -0.000001 0.999999
vn 0.001416 0.000307 0.999999
vn 0.001227 -0.000020 0.999999
vn 0.001240 -0.000000 0.999999
vn 0.001238 0.000000 0.999999
vn 0.001261 -0.000008 0.999999
vn 0.001104 -0.000069 0.999999
vn 0.001212 -0.000021 0.999999
vn 0.001698 0.000184 0.999999
vn 0.001211 -0.000018 0.999999
vn 0.001331 0.000060 0.999999
vn 0.001363 0.000405 0.999999
vn 0.001177 -0.000148 0.999999
vn 0.001240 -0.000001 0.999999
vn 0.001232 0.000002 0.999999
vn 0.001215 -0.000152 0.999999
vn 0.001278 0.000349 0.999999
vn 0.001497 0.000040 0.999999
vn 0.000840 -0.000059 1.000000
vn 0.001646 0.000042 0.999999
vn 0.000012 -0.000122 1.000000
vn 0.001287 0.000409 0.999999
vn 0.002455 -0.000061 0.999997
vn 0.000819 0.000020 1.000000
vn 0.001180 0.000909 0.999999
vn 0.001224 0.000324 0.999999
vn 0.001328 -0.000597 0.999999
vn 0.001131 0.000517 0.999999
vn 0.001242 -0.000028 0.999999
vn 0.001650 -0.000083 0.999999
vn 0.000859 0.000097 1.000000
vn 0.002455 -0.000309 0.999997
vn 0.001236 -0.000000 0.999999
vn 0.001363 -0.000405 0.999999
vn 0.001245 -0.000052 0.999999
vn 0.001242 -0.000084 0.999999
vn 0.001237 0.000006 0.999999
vn 0.001241 -0.000037 0.999999
vn 0.001237 0.000001 0.999999
vn 0.001259 -0.000002 0.999999
vn 0.001563 -0.000138 0.999999
vn 0.001452 -0.000088 0.999999
vn 0.000976 0.000141 1.000000
vn 0.001201 0.000011 0.999999
vn 0.001235 0.000000 0.999999
vn 0.001234 0.000000 0.999999
vn 0.001226 -0.000001 0.999999
vn 0.001346 -0.000168 0.999999
vn 0.001328 -0.000137 0.999999
vn 0.001743 -0.000349 0.999998
vn 0.001312 -0.000055 0.999999
vn 0.000766 0.000611 1.000000
vn 0.001216 0.000046 0.999999
vn 0.001169 0.000057 0.999999
vn 0.001244 0.000000 0.999999
vn 0.001233 0.000000 0.999999
vn 0.001311 -0.000094 0.999999
vn 0.001210 0.000018 0.999999
vn -0.999657 0.000000 0.026196
vn -0.999657 0.000000 0.026196
vn -0.997113 0.000000 0.075935
vn -0.997113 0.000000 0.075935
vn -0.992087 0.000000 0.125552
vn -0.992087 0.000000 0.125552
vn -0.984590 0.000000 0.174881
vn -0.984590 0.000000 0.174881
vn -0.974652 0.000000 0.223724
vn -0.962287 0.000000 0.272035
vn -0.974652 0.000000 0.223724
vn -0.962287 0.000000 0.272035
vn -0.947535 0.000000 0.319653
vn -0.947535 0.000000 0.319653
vn -0.930406 0.000000 0.366530
vn -0.930406 0.000000 0.366530
vn -0.911018 0.000000 0.412367
vn -0.889302 0.000000 0.457320
vn -0.911018 0.000000 0.412367
vn -0.889302 0.000000 0.457320
vn -0.865392 0.000000 0.501096
vn -0.865392 0.000000 0.501096
vn -0.839357 0.000000 0.543581
vn -0.839357 0.000000 0.543581
vn -0.811213 0.000000 0.584750
vn -0.811213 0.000000 0.584750
vn -0.781081 0.000000 0.624430
vn -0.781081 0.000000 0.624430
vn -0.748947 0.000000 0.662630
vn -0.748947 0.000000 0.662630
vn -0.715001 0.000000 0.699123
vn -0.715001 0.000000 0.699123
vn -0.679268 0.000000 0.733891
vn -0.679268 0.000000 0.733891
vn -0.641831 0.000000 0.766846
vn -0.641831 0.000000 0.766846
vn -0.602823 0.000000 0.797875
vn -0.602823 0.000000 0.797875
vn -0.562306 0.000000 0.826929
vn -0.562306 0.000000 0.826929
vn -0.520363 0.000000 0.853945
vn -0.520363 0.000000 0.853945
vn -0.477163 0.000000 0.878815
vn -0.477163 0.000000 0.878815
vn -0.432769 0.000000 0.901505
vn -0.432769 0.000000 0.901505
vn -0.387294 0.000000 0.921956
vn -0.340860 0.000000 0.940114
vn -0.387294 0.000000 0.921956
vn -0.340860 0.000000 0.940114
vn -0.293571 0.000000 0.955937
vn -0.293571 0.000000 0.955937
vn -0.245564 0.000000 0.969381
vn -0.245564 0.000000 0.969381
vn -0.196931 0.000000 0.980417
vn -0.196931 0.000000 0.980417
vn -0.147815 0.000000 0.989015
vn -0.147815 0.000000 0.989015
vn -0.098339 0.000000 0.995153
vn -0.098339 0.000000 0.995153
vn -0.048607 0.000000 0.998818
vn -0.048607 0.000000 0.998818
vn 0.001237 0.000000 0.999999
vn 0.001237 -0.000000 0.999999
vn 0.051080 0.000000 0.998695
vn 0.051080 -0.000000 0.998695
vn 0.100802 0.000000 0.994907
vn 0.100802 -0.000000 0.994907
vn 0.150269 0.000000 0.988645
vn 0.199359 0.000000 0.979927
vn 0.150269 -0.000000 0.988645
vn 0.199359 0.000000 0.979927
vn 0.247951 -0.000000 0.968772
vn 0.247951 0.000000 0.968772
vn 0.295939 -0.000000 0.955207
vn 0.295939 0.000000 0.955207
vn 0.343189 -0.000000 0.939266
vn 0.343189 0.000000 0.939266
vn 0.389583 -0.000000 0.920991
vn 0.389583 0.000000 0.920991
vn 0.434993 -0.000000 0.900434
vn 0.434993 0.000000 0.900434
vn 0.479322 -0.000000 0.877639
vn 0.479322 0.000000 0.877639
vn 0.522500 0.000000 0.852639
vn 0.522500 0.000000 0.852639
vn 0.564347 -0.000000 0.825538
vn 0.564347 0.000000 0.825538
vn 0.604804 0.000000 0.796374
vn 0.604804 0.000000 0.796374
vn 0.643728 -0.000000 0.765254
vn 0.643728 0.000000 0.765254
vn 0.681077 0.000000 0.732211
vn 0.681077 0.000000 0.732211
vn 0.716721 0.000000 0.697360
vn 0.716721 0.000000 0.697360
vn 0.750595 0.000000 0.660762
vn 0.750595 -0.000000 0.660762
vn 0.782616 0.000000 0.622504
vn 0.782616 -0.000000 0.622504
vn 0.812673 0.000000 0.582720
vn 0.812673 -0.000000 0.582720
vn 0.840681 0.000000 0.541530
vn 0.840681 -0.000000 0.541530
vn 0.866637 0.000000 0.498939
vn 0.866637 -0.000000 0.498939
vn 0.890432 0.000000 0.455117
vn 0.912016 0.000000 0.410154
vn 0.890432 -0.000000 0.455117
vn 0.912016 0.000000 0.410154
vn 0.931332 0.000000 0.364172
vn 0.931332 -0.000000 0.364172
vn 0.948317 0.000000 0.317325
vn 0.962964 0.000000 0.269630
vn 0.948317 -0.000000 0.317325
vn 0.962964 0.000000 0.269630
vn 0.975202 0.000000 0.221317
vn 0.975202 -0.000000 0.221317
vn 0.985021 0.000000 0.172434
vn 0.985021 -0.000000 0.172434
vn 0.992394 0.000000 0.123104
vn 0.992394 -0.000000 0.123104
vn 0.997293 -0.000000 0.073527
vn 0.997293 0.000000 0.073527
vn 0.999719 -0.000000 0.023707
vn 0.999719 0.000000 0.023707
vn 0.999657 0.000000 -0.026196
vn 0.999657 0.000000 -0.026196
vn 0.997110 0.000000 -0.075976
vn 0.997110 0.000000 -0.075976
vn 0.992087 0.000000 -0.125551
vn 0.992087 0.000000 -0.125551
vn 0.984589 0.000000 -0.174882
vn 0.984589 0.000000 -0.174882
vn 0.974644 0.000000 -0.223763
vn 0.974644 0.000000 -0.223763
vn 0.962298 0.000000 -0.271997
vn 0.962298 0.000000 -0.271997
vn 0.947535 0.000000 -0.319653
vn 0.947535 0.000000 -0.319653
vn 0.930420 0.000000 -0.366494
vn 0.930420 0.000000 -0.366494
vn 0.911003 0.000000 -0.412400
vn 0.911003 0.000000 -0.412400
vn 0.889302 0.000000 -0.457320
vn 0.889302 0.000000 -0.457320
vn 0.865390 0.000000 -0.501098
vn 0.865390 0.000000 -0.501098
vn 0.839356 0.000000 -0.543582
vn 0.839356 0.000000 -0.543582
vn 0.811215 0.000000 -0.584748
vn 0.811215 0.000000 -0.584748
vn 0.781080 0.000000 -0.624431
vn 0.781080 0.000000 -0.624431
vn 0.748949 0.000000 -0.662627
vn 0.748949 0.000000 -0.662627
vn 0.715001 0.000000 -0.699123
vn 0.715001 0.000000 -0.699123
vn 0.679266 0.000000 -0.733892
vn 0.679266 0.000000 -0.733892
vn 0.641831 0.000000 -0.766846
vn 0.641831 0.000000 -0.766846
vn 0.602823 0.000000 -0.797875
vn 0.602823 0.000000 -0.797875
vn 0.562306 0.000000 -0.826929
vn 0.562306 0.000000 -0.826929
vn 0.520381 0.000000 -0.853934
vn 0.520381 0.000000 -0.853934
vn 0.477144 0.000000 -0.878825
vn 0.432769 0.000000 -0.901505
vn 0.477144 0.000000 -0.878825
vn 0.432769 0.000000 -0.901505
vn 0.387297 0.000000 -0.921955
vn 0.340862 0.000000 -0.940113
vn 0.387297 0.000000 -0.921955
vn 0.340862 0.000000 -0.940113
vn 0.293569 0.000000 -0.955938
vn 0.293569 0.000000 -0.955938
vn 0.245564 0.000000 -0.969381
vn 0.245564 0.000000 -0.969381
vn 0.196931 0.000000 -0.980417
vn 0.196931 0.000000 -0.980417
vn 0.147818 0.000000 -0.989015
vn 0.147818 0.000000 -0.989015
vn 0.098331 0.000000 -0.995154
vn 0.098331 0.000000 -0.995154
vn 0.048614 0.000000 -0.998818
vn 0.048614 0.000000 -0.998818
vn -0.001239 0.000000 -0.999999
vn -0.001239 0.000000 -0.999999
vn -0.051078 0.000000 -0.998695
vn -0.051078 0.000000 -0.998695
vn -0.100799 -0.000000 -0.994907
vn -0.100799 0.000000 -0.994907
vn -0.150272 -0.000000 -0.988645
vn -0.150272 0.000000 -0.988645
vn -0.199359 -0.000000 -0.979927
vn -0.247951 -0.000000 -0.968772
vn -0.199359 0.000000 -0.979927
vn -0.247951 0.000000 -0.968772
vn -0.295937 0.000000 -0.955208
vn -0.343192 -0.000000 -0.939265
vn -0.295937 0.000000 -0.955208
vn -0.343192 0.000000 -0.939265
vn -0.389583 0.000000 -0.920991
vn -0.434993 -0.000000 -0.900434
vn -0.389583 0.000000 -0.920991
vn -0.434993 0.000000 -0.900434
vn -0.479338 0.000000 -0.877630
vn -0.479338 0.000000 -0.877630
vn -0.522482 0.000000 -0.852651
vn -0.522482 0.000000 -0.852651
vn -0.564348 0.000000 -0.825537
vn -0.604804 -0.000000 -0.796374
vn -0.564348 0.000000 -0.825537
vn -0.604804 0.000000 -0.796374
vn -0.643728 0.000000 -0.765254
vn -0.643728 0.000000 -0.765254
vn -0.681076 0.000000 -0.732213
vn -0.716721 -0.000000 -0.697360
vn -0.681076 0.000000 -0.732213
vn -0.716721 0.000000 -0.697360
vn -0.750595 0.000000 -0.660762
vn -0.750595 0.000000 -0.660762
vn -0.782617 -0.000000 -0.622503
vn -0.782617 0.000000 -0.622503
vn -0.812672 0.000000 -0.582721
vn -0.812672 0.000000 -0.582721
vn -0.840682 -0.000000 -0.541529
vn -0.840682 0.000000 -0.541529
vn -0.866637 0.000000 -0.498940
vn -0.866637 0.000000 -0.498940
vn -0.890432 -0.000000 -0.455116
vn -0.890432 0.000000 -0.455116
vn -0.912031 0.000000 -0.410121
vn -0.912031 0.000000 -0.410121
vn -0.931318 0.000000 -0.364207
vn -0.931318 0.000000 -0.364207
vn -0.948317 0.000000 -0.317325
vn -0.948317 0.000000 -0.317325
vn -0.962964 0.000000 -0.269630
vn -0.975202 -0.000000 -0.221317
vn -0.962964 0.000000 -0.269630
vn -0.975202 0.000000 -0.221317
vn -0.985021 0.000000 -0.172435
vn -0.985021 0.000000 -0.172435
vn -0.992394 0.000000 -0.123103
vn -0.992394 0.000000 -0.123103
vn -0.997296 0.000000 -0.073487
vn -0.997296 0.000000 -0.073487
vn -0.999719 0.000000 -0.023707
vn -0.999719 0.000000 -0.023707
vn 0.000000 -1.000000 0.000000
vn 0.000000 -1.000000 0.000000
vn 0.000000 -1.000000 0.000000
vn 0.000000 -1.000000 0.000000
vn 0.000000 -1.000000 0.000000
vn 0.000000 -1.000000 0.000000
vn 0.000000 -1.000000 0.000000
vn 0.000000 -1.000000 0.000000
vn 0.000000 -1.000000 0.000000
vn 0.000000 -1.000000 0.000000
vn 0.000000 -1.000000 0.000000
vn 0.000000 -1.000000 0.000000
vn 0.000000 -1.000000 0.000000
vn 0.000000 -1.000000 0.000000
vn 0.000000 -1.000000 0.000000
vn 0.000000 -1.000000 0.000000
vn 0.000000 -1.000000 0.000000
vn 0.000000 -1.000000 0.000000
vn 0.000000 -1.000000 0.000000
vn 0.000000 -1.000000 0.000000
vn 0.000000 -1.000000 0.000000
vn 0.000000 -1.000000 0.000000
vn 0.000000 -1.000000 0.000000
vn 0.000000 -1.000000 0.000000
vn 0.000000 -1.000000 0.000000
vn 0.000000 -1.000000 0.000000
vn 0.000000 -1.000000 0.000000
vn 0.000000 -1.000000 0.000000
vn -0.000000 -1.000000 0.000000
vn 0.000000 -1.000000 0.000000
vn 0.000000 -1.000000 0.000000
vn 0.000000 -1.000000 0.000000
vn 0.000000 -1.000000 0.000000
vn 0.000000 -1.000000 0.000000
vn 0.000000 -1.000000 0.000000
vn -0.000000 -1.000000 0.000000
vn -0.000000 -1.000000 0.000000
vn 0.000000 -1.000000 0.000000
vn 0.000000 -1.000000 0.000000
vn -0.000000 -1.000000 0.000000
vn -0.000000 -1.000000 0.000000
vn -0.000000 -1.000000 0.000000
vn 0.000000 -1.000000 0.000000
vn 0.000000 -1.000000 0.000000
vn -0.000000 -1.000000 0.000000
vn -0.000000 -1.000000 0.000000
vn 0.000000 -1.000000 0.000000
vn 0.000000 -1.000000 0.000000
vn 0.000000 -1.000000 0.000000
vn -0.000000 -1.000000 0.000000
vn -0.000000 -1.000000 0.000000
vn -0.000000 -1.000000 0.000000
vn -0.000000 -1.000000 0.000000
vn -0.000000 -1.000000 0.000000
vn -0.000000 -1.000000 0.000000
vn 0.000000 -1.000000 0.000000
vn 0.000000 -1.000000 0.000000
vn 0.000000 -1.000000 0.000000
vn 0.000000 -1.000000 0.000000
vn 0.000000 -1.000000 0.000000
vn 0.000000 -1.000000 0.000000
vn 0.000000 -1.000000 0.000000
vn 0.000000 -1.000000 0.000000
vn 0.000000 -1.000000 0.000000
vn -0.000000 -1.000000 0.000000
vn -0.000000 -1.000000 0.000000
vn -0.000000 -1.000000 0.000000
vn -0.000000 -1.000000 0.000000
vn 0.000000 -1.000000 0.000000
vn 0.000000 -1.000000 0.000000
vn -0.000000 -1.000000 0.000000
vn 0.000000 -1.000000 0.000000
vn 0.000000 -1.000000 0.000000
vn 0.000000 -1.000000 0.000000
vn -0.000000 -1.000000 0.000000
vn -0.000000 -1.000000 0.000000
vn -0.000000 -1.000000 0.000000
vn -0.000000 -1.000000 0.000000
vn 0.000000 -1.000000 0.000000
vn 0.000000 -1.000000 0.000000
vn 0.000000 -1.000000 0.000000
vn -0.000000 -1.000000 0.000000
vn -0.000000 -1.000000 0.000000
vn 0.000000 -1.000000 0.000000
vn 0.000000 -1.000000 0.000000
vn -0.000000 -1.000000 0.000000
vn -0.000000 -1.000000 0.000000
vn -0.000000 -1.000000 -0.000000
vn 0.000000 -1.000000 0.000000
vn -0.000000 -1.000000 0.000000
vn -0.000000 -1.000000 0.000000
vn -0.000000 -1.000000 0.000000
vn 0.000000 -1.000000 0.000000
vn 0.000000 -1.000000 0.000000
vn 0.000000 -1.000000 0.000000
vn 0.000000 -1.000000 0.000000
vn 0.000000 -1.000000 0.000000
vn -0.000000 -1.000000 0.000000
vn 0.000000 -1.000000 0.000000
vn -0.000000 -1.000000 -0.000000
vn 0.000000 -1.000000 0.000000
vn 0.000000 -1.000000 0.000000
vn -0.000000 -1.000000 -0.000000
vn -0.000000 -1.000000 -0.000000
vn -0.000000 -1.000000 -0.000000
vn 0.000000 -1.000000 0.000000
vn 0.000000 -1.000000 0.000000
vn 0.000000 -1.000000 0.000000
vn 0.000000 -1.000000 0.000000
vn -0.000000 -1.000000 0.000000
vn -0.000000 -1.000000 -0.000000
vn 0.000000 -1.000000 0.000000
vn -0.000000 -1.000000 -0.000000
vn -0.000000 -1.000000 -0.000000
vn -0.000000 -1.000000 -0.000000
vn 0.000000 -1.000000 0.000000
vn 0.000000 -1.000000 0.000000
vn 0.000000 -1.000000 0.000000
vn 0.000000 -1.000000 0.000000
vn 0.000000 -1.000000 0.000000
vn -0.000000 -1.000000 -0.000000
vn -0.000000 -1.000000 -0.000000
vn -0.000000 -1.000000 -0.000000
vn 0.000000 -1.000000 0.000000
f 1//1 2//1 3//1
f 4//2 2//2 1//2
f 5//3 4//3 1//3
f 5//4 1//4 6//4
f 7//5 5//5 6//5
f 7//6 6//6 8//6
f 9//7 7//7 8//7
f 9//8 8//8 10//8
f 11//9 9//9 10//9
f 11//10 10//10 12//10
f 13//11 11//11 12//11
f 13//12 12//12 14//12
f 13//13 14//13 15//13
f 16//14 13//14 15//14
f 17//15 16//15 15//15
f 17//16 15//16 18//16
f 19//17 17//17 18//17
f 19//18 18//18 20//18
f 21//19 20//19 22//19
f 21//20 19//20 20//20
f 23//21 22//21 24//21
f 23//22 21//22 22//22
f 25//23 24//23 26//23
f 25//24 23//24 24//24
f 27//25 26//25 28//25
f 27//26 25//26 26//26
f 29//27 28//27 30//27
f 29//28 27//28 28//28
f 31//29 30//29 32//29
f 31//30 29//30 30//30
f 33//31 31//31 32//31
f 34//32 31//32 33//32
f 35//33 33//33 36//33
f 35//34 34//34 33//34
f 37//35 35//35 36//35
f 38//36 37//36 36//36
f 39//37 37//37 38//37
f 40//38 39//38 38//38
f 40//39 41//39 39//39
f 42//40 41//40 40//40
f 42//41 43//41 41//41
f 44//42 45//42 43//42
f 44//43 43//43 42//43
f 46//44 47//44 45//44
f 46//45 45//45 44//45
f 48//46 47//46 46//46
f 49//47 50//47 47//47
f 49//48 47//48 48//48
f 51//49 52//49 50//49
f 51//50 50//50 49//50
f 53//51 54//51 52//51
f 53//52 52//52 51//52
f 55//53 54//53 53//53
f 55//54 56//54 54//54
f 55//55 57//55 56//55
f 58//56 57//56 55//56
f 59//57 57//57 58//57
f 59//58 60//58 57//58
f 61//59 60//59 59//59
f 61//60 62//60 60//60
f 63//61 62//61 61//61
f 63//62 64//62 62//62
f 65//63 64//63 63//63
f 65//64 66//64 64//64
f 65//65 67//65 66//65
f 68//66 67//66 65//66
f 69//67 70//67 67//67
f 71//68 67//68 70//68
f 72//69 69//69 67//69
f 73//70 67//70 71//70
f 74//71 72//71 67//71
f 75//72 74//72 67//72
f 76//73 75//73 67//73
f 77//74 76//74 67//74
f 78//75 77//75 67//75
f 79//76 78//76 67//76
f 80//77 79//77 67//77
f 81//78 80//78 67//78
f 82//79 81//79 67//79
f 83//80 82//80 67//80
f 84//81 83//81 67//81
f 85//82 84//82 67//82
f 86//83 85//83 67//83
f 87//84 67//84 68//84
f 87//85 86//85 67//85
f 88//86 87//86 68//86
f 89//87 88//87 68//87
f 90//88 89//88 68//88
f 91//89 90//89 68//89
f 92//90 91//90 68//90
f 93//91 92//91 68//91
f 94//92 93//92 68//92
f 95//93 94//93 68//93
f 96//94 95//94 68//94
f 97//95 96//95 68//95
f 98//96 97//96 68//96
f 99//97 98//97 68//97
f 100//98 99//98 68//98
f 101//99 100//99 68//99
f 102//100 103//100 104//100
f 102//101 104//101 105//101
f 102//102 105//102 106//102
f 102//103 106//103 107//103
f 102//104 107//104 108//104
f 102//105 108//105 109//105
f 102//106 109//106 110//106
f 102//107 110//107 111//107
f 102//108 111//108 112//108
f 102//109 113//109 114//109
f 102//110 114//110 115//110
f 102//111 115//111 116//111
f 102//112 116//112 117//112
f 102//113 117//113 118//113
f 102//114 118//114 119//114
f 102//115 119//115 120//115
f 102//116 120//116 121//116
f 102//117 121//117 122//117
f 102//118 122//118 123//118
f 102//119 123//119 124//119
f 102//120 124//120 103//120
f 125//121 101//121 68//121
f 126//122 102//122 112//122
f 127//123 125//123 68//123
f 128//124 102//124 126//124
f 129//125 127//125 68//125
f 130//126 102//126 128//126
f 131//127 129//127 68//127
f 132//128 102//128 130//128
f 133//129 131//129 68//129
f 134//130 102//130 132//130
f 135//131 133//131 68//131
f 136//132 102//132 134//132
f 137//133 135//133 68//133
f 138//134 102//134 136//134
f 139//135 137//135 68//135
f 140//136 102//136 138//136
f 141//137 139//137 68//137
f 142//138 102//138 140//138
f 143//139 141//139 68//139
f 144//140 102//140 142//140
f 145//141 143//141 68//141
f 146//142 102//142 144//142
f 147//143 145//143 68//143
f 148//144 102//144 146//144
f 149//145 147//145 68//145
f 150//146 102//146 148//146
f 151//147 102//147 150//147
f 152//148 102//148 151//148
f 153//149 154//149 155//149
f 153//150 155//150 156//150
f 153//151 156//151 157//151
f 153//152 157//152 158//152
f 153//153 158//153 159//153
f 153//154 159//154 160//154
f 153//155 160//155 161//155
f 153//156 161//156 162//156
f 153//157 162//157 163//157
f 153//158 163//158 164//158
f 153//159 164//159 165//159
f 153//160 165//160 166//160
f 153//161 166//161 167//161
f 153//162 167//162 168//162
f 153//163 168//163 169//163
f 153//164 169//164 170//164
f 153//165 170//165 171//165
f 153//166 171//166 172//166
f 153//167 172//167 173//167
f 153//168 102//168 152//168
f 153//169 173//169 174//169
f 153//170 174//170 175//170
f 153//171 175//171 176//171
f 153//172 176//172 177//172
f 153//173 152//173 178//173
f 153//174 177//174 179//174
f 153//175 178//175 154//175
f 153//176 179//176 180//176
f 153//177 180//177 181//177
f 153//178 181//178 182//178
f 153//179 182//179 183//179
f 153//180 183//180 184//180
f 153//181 184//181 185//181
f 153//182 185//182 186//182
f 153//183 186//183 187//183
f 153//184 187//184 188//184
f 153//185 188//185 189//185
f 153//186 189//186 190//186
f 191//187 102//187 153//187
f 191//188 192//188 102//188
f 68//189 153//189 190//189
f 68//190 190//190 149//190
f 102//191 67//191 113//191
f 113//192 67//192 193//192
f 193//193 67//193 194//193
f 194//194 67//194 195//194
f 195//195 67//195 196//195
f 196//196 67//196 197//196
f 197//197 67//197 198//197
f 198//198 67//198 73//198
f 1//199 3//199 199//199
f 1//200 199//200 200//200
f 1//201 201//201 6//201
f 200//202 201//202 1//202
f 6//203 202//203 8//203
f 201//204 202//204 6//204
f 8//205 203//205 10//205
f 202//206 203//206 8//206
f 10//207 204//207 12//207
f 12//208 204//208 14//208
f 203//209 204//209 10//209
f 204//210 205//210 14//210
f 14//211 206//211 15//211
f 205//212 206//212 14//212
f 15//213 207//213 18//213
f 206//214 207//214 15//214
f 18//215 208//215 20//215
f 20//216 208//216 22//216
f 207//217 208//217 18//217
f 208//218 209//218 22//218
f 22//219 210//219 24//219
f 209//220 210//220 22//220
f 24//221 211//221 26//221
f 210//222 211//222 24//222
f 26//223 212//223 28//223
f 28//224 212//224 30//224
f 211//225 212//225 26//225
f 212//226 213//226 30//226
f 213//227 214//227 30//227
f 30//228 214//228 32//228
f 32//229 215//229 33//229
f 214//230 215//230 32//230
f 33//231 216//231 36//231
f 215//232 216//232 33//232
f 36//233 217//233 38//233
f 216//234 217//234 36//234
f 38//235 218//235 40//235
f 217//236 218//236 38//236
f 40//237 219//237 42//237
f 218//238 219//238 40//238
f 42//239 220//239 44//239
f 219//240 220//240 42//240
f 44//241 221//241 46//241
f 220//242 221//242 44//242
f 46//243 222//243 48//243
f 221//244 222//244 46//244
f 48//245 223//245 49//245
f 222//246 223//246 48//246
f 49//247 224//247 51//247
f 51//248 224//248 53//248
f 223//249 224//249 49//249
f 224//250 225//250 53//250
f 53//251 226//251 55//251
f 55//252 226//252 58//252
f 225//253 226//253 53//253
f 226//254 227//254 58//254
f 58//255 228//255 59//255
f 227//256 228//256 58//256
f 59//257 229//257 61//257
f 228//258 229//258 59//258
f 61//259 230//259 63//259
f 229//260 230//260 61//260
f 63//261 231//261 65//261
f 230//262 231//262 63//262
f 65//263 232//263 68//263
f 231//264 232//264 65//264
f 199//265 233//265 234//265
f 234//266 235//266 199//266
f 199//267 236//267 233//267
f 235//268 237//268 199//268
f 199//269 238//269 236//269
f 237//270 239//270 199//270
f 199//271 240//271 238//271
f 239//272 241//272 199//272
f 199//273 242//273 240//273
f 241//274 243//274 199//274
f 199//275 244//275 242//275
f 243//276 245//276 199//276
f 199//277 246//277 244//277
f 245//278 247//278 199//278
f 199//279 248//279 246//279
f 247//280 249//280 199//280
f 199//281 250//281 248//281
f 249//282 251//282 199//282
f 199//283 252//283 250//283
f 251//284 253//284 199//284
f 199//285 254//285 252//285
f 253//286 255//286 199//286
f 199//287 256//287 254//287
f 255//288 257//288 199//288
f 199//289 258//289 256//289
f 257//290 259//290 199//290
f 199//291 260//291 258//291
f 259//292 261//292 199//292
f 199//293 262//293 260//293
f 261//294 263//294 199//294
f 199//295 264//295 262//295
f 265//296 3//296 266//296
f 267//297 3//297 265//297
f 268//298 3//298 267//298
f 269//299 3//299 268//299
f 270//300 3//300 269//300
f 271//301 3//301 270//301
f 272//302 3//302 271//302
f 273//303 3//303 272//303
f 274//304 3//304 273//304
f 275//305 3//305 274//305
f 276//306 3//306 275//306
f 277//307 3//307 276//307
f 278//308 3//308 277//308
f 279//309 3//309 278//309
f 264//310 3//310 279//310
f 199//311 3//311 264//311
f 280//312 281//312 282//312
f 283//313 281//313 280//313
f 284//314 281//314 283//314
f 285//315 281//315 284//315
f 286//316 281//316 285//316
f 287//317 281//317 286//317
f 288//318 281//318 287//318
f 289//319 281//319 288//319
f 290//320 281//320 289//320
f 291//321 281//321 290//321
f 292//322 281//322 291//322
f 293//323 281//323 292//323
f 294//324 281//324 293//324
f 295//325 281//325 294//325
f 263//326 281//326 199//326
f 296//327 281//327 263//327
f 282//328 281//328 296//328
f 3//329 297//329 266//329
f 295//330 298//330 281//330
f 3//331 299//331 297//331
f 298//332 300//332 281//332
f 3//333 301//333 299//333
f 300//334 302//334 281//334
f 3//335 303//335 301//335
f 302//336 304//336 281//336
f 3//337 305//337 303//337
f 304//338 306//338 281//338
f 3//339 307//339 305//339
f 306//340 308//340 281//340
f 3//341 309//341 307//341
f 308//342 310//342 281//342
f 3//343 311//343 309//343
f 310//344 312//344 281//344
f 3//345 313//345 311//345
f 312//346 314//346 281//346
f 3//347 315//347 313//347
f 314//348 316//348 281//348
f 3//349 317//349 315//349
f 316//350 318//350 281//350
f 3//351 319//351 317//351
f 318//352 320//352 281//352
f 3//353 321//353 319//353
f 320//354 322//354 281//354
f 3//355 323//355 321//355
f 322//356 324//356 281//356
f 3//357 325//357 323//357
f 324//358 326//358 281//358
f 326//359 327//359 281//359
f 328//360 2//360 327//360
f 329//361 2//361 328//361
f 330//362 2//362 329//362
f 331//363 2//363 330//363
f 332//364 2//364 331//364
f 333//365 2//365 332//365
f 334//366 2//366 333//366
f 335//367 2//367 334//367
f 336//368 2//368 335//368
f 337//369 2//369 336//369
f 338//370 2//370 337//370
f 339//371 2//371 338//371
f 340//372 2//372 339//372
f 341//373 2//373 340//373
f 342//374 2//374 341//374
f 343//375 2//375 342//375
f 344//376 2//376 343//376
f 345//377 2//377 344//377
f 346//378 2//378 345//378
f 347//379 2//379 346//379
f 348//380 2//380 347//380
f 327//381 2//381 281//381
f 349//382 2//382 348//382
f 350//383 2//383 349//383
f 351//384 2//384 350//384
f 352//385 2//385 351//385
f 353//386 2//386 352//386
f 354//387 2//387 353//387
f 355//388 2//388 354//388
f 356//389 2//389 355//389
f 357//390 2//390 356//390
f 3//391 2//391 358//391
f 3//392 358//392 325//392
f 358//393 2//393 359//393
f 359//394 2//394 357//394
f 360//395 232//395 361//395
f 362//396 361//396 232//396
f 363//397 232//397 360//397
f 364//398 362//398 232//398
f 365//399 232//399 363//399
f 366//400 364//400 232//400
f 367//401 232//401 365//401
f 368//402 366//402 232//402
f 369//403 232//403 367//403
f 370//404 368//404 232//404
f 371//405 232//405 369//405
f 372//406 370//406 232//406
f 373//407 232//407 371//407
f 374//408 372//408 232//408
f 375//409 232//409 373//409
f 376//410 374//410 232//410
f 377//411 232//411 375//411
f 378//412 376//412 232//412
f 379//413 232//413 377//413
f 380//414 378//414 232//414
f 381//415 232//415 379//415
f 382//416 380//416 232//416
f 383//417 232//417 381//417
f 384//418 382//418 232//418
f 385//419 232//419 383//419
f 386//420 232//420 385//420
f 387//421 232//421 386//421
f 388//422 68//422 232//422
f 388//423 232//423 387//423
f 389//424 68//424 388//424
f 390//425 68//425 389//425
f 391//426 68//426 390//426
f 392//427 68//427 391//427
f 393//428 68//428 392//428
f 394//429 68//429 393//429
f 395//430 68//430 394//430
f 396//431 68//431 395//431
f 397//432 68//432 396//432
f 398//433 68//433 397//433
f 399//434 68//434 398//434
f 400//435 68//435 399//435
f 401//436 68//436 400//436
f 402//437 68//437 401//437
f 403//438 68//438 402//438
f 404//439 68//439 403//439
f 405//440 406//440 407//440
f 405//441 407//441 408//441
f 405//442 408//442 409//442
f 405//443 409//443 410//443
f 405//444 410//444 411//444
f 405//445 411//445 412//445
f 405//446 412//446 413//446
f 405//447 413//447 414//447
f 405//448 414//448 415//448
f 405//449 415//449 416//449
f 405//450 416//450 417//450
f 405//451 417//451 418//451
f 405//452 418//452 419//452
f 405//453 419//453 420//453
f 405//454 420//454 421//454
f 405//455 421//455 422//455
f 405//456 422//456 423//456
f 405//457 423//457 424//457
f 405//458 424//458 425//458
f 405//459 425//459 426//459
f 405//460 426//460 427//460
f 405//461 427//461 428//461
f 405//462 428//462 429//462
f 405//463 429//463 430//463
f 405//464 430//464 431//464
f 405//465 431//465 432//465
f 405//466 432//466 433//466
f 405//467 433//467 434//467
f 405//468 434//468 435//468
f 405//469 435//469 436//469
f 405//470 436//470 437//470
f 405//471 437//471 438//471
f 405//472 438//472 439//472
f 405//473 439//473 440//473
f 405//474 440//474 384//474
f 405//475 384//475 232//475
f 153//476 441//476 442//476
f 153//477 442//477 443//477
f 153//478 443//478 444//478
f 153//479 444//479 445//479
f 153//480 445//480 446//480
f 153//481 446//481 447//481
f 153//482 447//482 448//482
f 153//483 448//483 449//483
f 153//484 449//484 450//484
f 153//485 450//485 451//485
f 153//486 451//486 452//486
f 153//487 452//487 453//487
f 153//488 453//488 454//488
f 153//489 454//489 455//489
f 153//490 455//490 456//490
f 153//491 456//491 457//491
f 153//492 457//492 458//492
f 153//493 458//493 459//493
f 153//494 459//494 460//494
f 153//495 460//495 461//495
f 153//496 461//496 462//496
f 153//497 462//497 463//497
f 153//498 463//498 464//498
f 153//499 464//499 465//499
f 153//500 465//500 466//500
f 153//501 466//501 467//501
f 153//502 467//502 468//502
f 153//503 468//503 469//503
f 153//504 469//504 470//504
f 153//505 470//505 406//505
f 153//506 471//506 472//506
f 153//507 472//507 473//507
f 153//508 473//508 474//508
f 153//509 406//509 405//509
f 153//510 474//510 441//510
f 153//511 68//511 471//511
f 471//512 68//512 475//512
f 475//513 68//513 476//513
f 476//514 68//514 477//514
f 477//515 68//515 478//515
f 478//516 68//516 479//516
f 479//517 68//517 480//517
f 480//518 68//518 481//518
f 481//519 68//519 482//519
f 482//520 68//520 483//520
f 483//521 68//521 484//521
f 484//522 68//522 485//522
f 485//523 68//523 486//523
f 486//524 68//524 404//524
f 2//525 4//525 281//525
f 281//526 4//526 487//526
f 488//527 153//527 405//527
f 488//528 405//528 489//528
f 191//529 488//529 490//529
f 191//530 153//530 488//530
f 491//531 4//531 5//531
f 491//532 487//532 4//532
f 492//533 5//533 7//533
f 492//534 491//534 5//534
f 493//535 7//535 9//535
f 493//536 492//536 7//536
f 494//537 9//537 11//537
f 494//538 11//538 13//538
f 494//539 493//539 9//539
f 495//540 494//540 13//540
f 496//541 13//541 16//541
f 496//542 495//542 13//542
f 497//543 16//543 17//543
f 497//544 496//544 16//544
f 498//545 17//545 19//545
f 498//546 19//546 21//546
f 498//547 497//547 17//547
f 499//548 498//548 21//548
f 500//549 21//549 23//549
f 500//550 499//550 21//550
f 501//551 23//551 25//551
f 501//552 500//552 23//552
f 502//553 25//553 27//553
f 502//554 27//554 29//554
f 502//555 501//555 25//555
f 503//556 502//556 29//556
f 504//557 503//557 29//557
f 504//558 29//558 31//558
f 505//559 31//559 34//559
f 505//560 504//560 31//560
f 506//561 34//561 35//561
f 506//562 505//562 34//562
f 507//563 35//563 37//563
f 507//564 506//564 35//564
f 508//565 37//565 39//565
f 508//566 507//566 37//566
f 509//567 39//567 41//567
f 509//568 508//568 39//568
f 510//569 41//569 43//569
f 510//570 509//570 41//570
f 511//571 43//571 45//571
f 511//572 510//572 43//572
f 512//573 45//573 47//573
f 512//574 511//574 45//574
f 513//575 47//575 50//575
f 513//576 512//576 47//576
f 514//577 50//577 52//577
f 514//578 52//578 54//578
f 514//579 513//579 50//579
f 515//580 514//580 54//580
f 516//581 54//581 56//581
f 516//582 56//582 57//582
f 516//583 515//583 54//583
f 517//584 516//584 57//584
f 518//585 57//585 60//585
f 518//586 517//586 57//586
f 519//587 60//587 62//587
f 519//588 518//588 60//588
f 520//589 62//589 64//589
f 520//590 519//590 62//590
f 521//591 64//591 66//591
f 521//592 520//592 64//592
f 522//593 66//593 67//593
f 522//594 521//594 66//594
f 523//595 191//595 490//595
f 192//596 191//596 523//596
f 67//597 102//597 522//597
f 522//598 102//598 524//598
f 525//599 192//599 523//599
f 524//600 525//600 526//600
f 102//601 525//601 524//601
f 102//602 192//602 525//602
f 155//603 154//603 527//603
f 155//604 527//604 528//604
f 156//605 528//605 529//605
f 156//606 155//606 528//606
f 157//607 529//607 530//607
f 157//608 156//608 529//608
f 158//609 530//609 531//609
f 158//610 157//610 530//610
f 159//611 531//611 532//611
f 159//612 532//612 533//612
f 159//613 158//613 531//613
f 160//614 533//614 534//614
f 160//615 159//615 533//615
f 161//616 534//616 535//616
f 161//617 160//617 534//617
f 162//618 161//618 535//618
f 163//619 535//619 536//619
f 163//620 162//620 535//620
f 164//621 536//621 537//621
f 164//622 163//622 536//622
f 165//623 164//623 537//623
f 165//624 537//624 538//624
f 166//625 165//625 538//625
f 166//626 538//626 539//626
f 167//627 166//627 539//627
f 167//628 539//628 540//628
f 168//629 167//629 540//629
f 168//630 540//630 541//630
f 168//631 541//631 542//631
f 169//632 168//632 542//632
f 170//633 169//633 542//633
f 170//634 542//634 543//634
f 171//635 543//635 544//635
f 171//636 170//636 543//636
f 172//637 544//637 545//637
f 172//638 171//638 544//638
f 173//639 545//639 546//639
f 173//640 172//640 545//640
f 174//641 546//641 547//641
f 174//642 173//642 546//642
f 175//643 547//643 548//643
f 175//644 174//644 547//644
f 176//645 548//645 549//645
f 176//646 175//646 548//646
f 177//647 549//647 550//647
f 177//648 550//648 551//648
f 177//649 176//649 549//649
f 179//650 177//650 551//650
f 180//651 551//651 552//651
f 180//652 179//652 551//652
f 181//653 552//653 553//653
f 181//654 180//654 552//654
f 182//655 553//655 554//655
f 182//656 181//656 553//656
f 183//657 554//657 555//657
f 183//658 182//658 554//658
f 184//659 555//659 556//659
f 184//660 183//660 555//660
f 185//661 556//661 557//661
f 185//662 184//662 556//662
f 186//663 557//663 558//663
f 186//664 185//664 557//664
f 187//665 558//665 559//665
f 187//666 186//666 558//666
f 188//667 559//667 560//667
f 188//668 187//668 559//668
f 189//669 560//669 561//669
f 189//670 188//670 560//670
f 190//671 561//671 562//671
f 190//672 189//672 561//672
f 149//673 562//673 563//673
f 149//674 563//674 564//674
f 149//675 190//675 562//675
f 147//676 149//676 564//676
f 145//677 147//677 564//677
f 145//678 564//678 565//678
f 145//679 565//679 566//679
f 143//680 145//680 566//680
f 141//681 143//681 566//681
f 141//682 566//682 567//682
f 139//683 141//683 567//683
f 139//684 567//684 568//684
f 139//685 568//685 569//685
f 137//686 139//686 569//686
f 137//687 569//687 570//687
f 135//688 137//688 570//688
f 133//689 135//689 570//689
f 133//690 570//690 571//690
f 133//691 571//691 572//691
f 131//692 133//692 572//692
f 131//693 572//693 573//693
f 129//694 131//694 573//694
f 129//695 573//695 574//695
f 127//696 129//696 574//696
f 125//697 574//697 575//697
f 125//698 127//698 574//698
f 125//699 575//699 576//699
f 101//700 125//700 576//700
f 100//701 101//701 576//701
f 100//702 576//702 577//702
f 99//703 577//703 578//703
f 99//704 100//704 577//704
f 98//705 578//705 579//705
f 98//706 579//706 580//706
f 98//707 99//707 578//707
f 97//708 98//708 580//708
f 96//709 580//709 581//709
f 96//710 97//710 580//710
f 95//711 581//711 582//711
f 95//712 582//712 583//712
f 95//713 96//713 581//713
f 94//714 583//714 584//714
f 94//715 95//715 583//715
f 93//716 94//716 584//716
f 92//717 584//717 585//717
f 92//718 93//718 584//718
f 91//719 585//719 586//719
f 91//720 92//720 585//720
f 90//721 586//721 587//721
f 90//722 91//722 586//722
f 89//723 587//723 588//723
f 89//724 90//724 587//724
f 88//725 89//725 588//725
f 88//726 588//726 589//726
f 87//727 88//727 589//727
f 87//728 589//728 590//728
f 86//729 87//729 590//729
f 86//730 590//730 591//730
f 85//731 86//731 591//731
f 85//732 591//732 592//732
f 84//733 85//733 592//733
f 84//734 592//734 593//734
f 83//735 84//735 593//735
f 83//736 593//736 594//736
f 82//737 83//737 594//737
f 82//738 594//738 595//738
f 82//739 595//739 596//739
f 81//740 82//740 596//740
f 80//741 81//741 596//741
f 80//742 596//742 597//742
f 79//743 80//743 597//743
f 79//744 597//744 598//744
f 78//745 79//745 598//745
f 78//746 598//746 599//746
f 77//747 78//747 599//747
f 77//748 599//748 600//748
f 76//749 77//749 600//749
f 76//750 600//750 601//750
f 76//751 601//751 602//751
f 75//752 76//752 602//752
f 74//753 75//753 602//753
f 74//754 602//754 603//754
f 72//755 74//755 603//755
f 72//756 603//756 604//756
f 72//757 604//757 605//757
f 69//758 72//758 605//758
f 70//759 69//759 605//759
f 70//760 605//760 606//760
f 70//761 606//761 607//761
f 71//762 70//762 607//762
f 73//763 71//763 607//763
f 73//764 607//764 608//764
f 198//765 73//765 608//765
f 198//766 608//766 609//766
f 198//767 609//767 610//767
f 197//768 198//768 610//768
f 196//769 610//769 611//769
f 196//770 611//770 612//770
f 196//771 197//771 610//771
f 195//772 196//772 612//772
f 194//773 612//773 613//773
f 194//774 613//774 614//774
f 194//775 195//775 612//775
f 193//776 194//776 614//776
f 113//777 193//777 614//777
f 113//778 614//778 615//778
f 114//779 113//779 615//779
f 114//780 615//780 616//780
f 114//781 616//781 617//781
f 115//782 114//782 617//782
f 116//783 115//783 617//783
f 116//784 617//784 618//784
f 117//785 116//785 618//785
f 117//786 618//786 619//786
f 117//787 619//787 620//787
f 118//788 117//788 620//788
f 119//789 118//789 620//789
f 119//790 620//790 621//790
f 119//791 621//791 622//791
f 120//792 119//792 622//792
f 121//793 120//793 622//793
f 121//794 622//794 623//794
f 121//795 623//795 624//795
f 122//796 121//796 624//796
f 122//797 624//797 625//797
f 123//798 122//798 625//798
f 123//799 625//799 626//799
f 124//800 123//800 626//800
f 103//801 626//801 627//801
f 103//802 627//802 628//802
f 103//803 124//803 626//803
f 104//804 103//804 628//804
f 105//805 628//805 629//805
f 105//806 104//806 628//806
f 106//807 629//807 630//807
f 106//808 630//808 631//808
f 106//809 105//809 629//809
f 107//810 106//810 631//810
f 108//811 631//811 632//811
f 108//812 107//812 631//812
f 109//813 632//813 633//813
f 109//814 633//814 634//814
f 109//815 108//815 632//815
f 110//816 109//816 634//816
f 111//817 634//817 635//817
f 111//818 110//818 634//818
f 112//819 635//819 636//819
f 112//820 636//820 637//820
f 112//821 111//821 635//821
f 126//822 637//822 638//822
f 126//823 112//823 637//823
f 128//824 638//824 639//824
f 128//825 126//825 638//825
f 130//826 128//826 639//826
f 130//827 639//827 640//827
f 132//828 130//828 640//828
f 132//829 640//829 641//829
f 134//830 132//830 641//830
f 136//831 134//831 641//831
f 136//832 641//832 642//832
f 138//833 136//833 642//833
f 138//834 642//834 643//834
f 140//835 643//835 644//835
f 140//836 138//836 643//836
f 142//837 644//837 645//837
f 142//838 140//838 644//838
f 144//839 645//839 646//839
f 144//840 142//840 645//840
f 146//841 646//841 647//841
f 146//842 647//842 648//842
f 146//843 144//843 646//843
f 148//844 146//844 648//844
f 150//845 648//845 649//845
f 150//846 649//846 650//846
f 150//847 148//847 648//847
f 151//848 150//848 650//848
f 152//849 650//849 651//849
f 152//850 151//850 650//850
f 178//851 651//851 652//851
f 178//852 152//852 651//852
f 154//853 652//853 527//853
f 154//854 178//854 652//854
f 281//855 200//855 199//855
f 200//856 487//856 201//856
f 281//857 487//857 200//857
f 487//858 491//858 201//858
f 201//859 492//859 202//859
f 491//860 492//860 201//860
f 202//861 493//861 203//861
f 203//862 493//862 204//862
f 492//863 493//863 202//863
f 493//864 494//864 204//864
f 204//865 495//865 205//865
f 205//866 495//866 206//866
f 494//867 495//867 204//867
f 495//868 496//868 206//868
f 206//869 497//869 207//869
f 496//870 497//870 206//870
f 207//871 498//871 208//871
f 497//872 498//872 207//872
f 498//873 499//873 208//873
f 208//874 499//874 209//874
f 499//875 500//875 209//875
f 209//876 500//876 210//876
f 210//877 501//877 211//877
f 211//878 501//878 212//878
f 500//879 501//879 210//879
f 501//880 502//880 212//880
f 212//881 503//881 213//881
f 502//882 503//882 212//882
f 503//883 504//883 213//883
f 213//884 504//884 214//884
f 504//885 215//885 214//885
f 504//886 505//886 215//886
f 215//887 506//887 216//887
f 505//888 506//888 215//888
f 506//889 507//889 216//889
f 507//890 217//890 216//890
f 508//891 218//891 507//891
f 509//892 218//892 508//892
f 507//893 218//893 217//893
f 509//894 219//894 218//894
f 510//895 220//895 509//895
f 509//896 220//896 219//896
f 511//897 221//897 510//897
f 512//898 221//898 511//898
f 510//899 221//899 220//899
f 512//900 222//900 221//900
f 513//901 223//901 512//901
f 512//902 223//902 222//902
f 514//903 224//903 513//903
f 513//904 224//904 223//904
f 515//905 225//905 514//905
f 516//906 225//906 515//906
f 514//907 225//907 224//907
f 517//908 226//908 516//908
f 516//909 226//909 225//909
f 517//910 227//910 226//910
f 518//911 228//911 517//911
f 519//912 228//912 518//912
f 517//913 228//913 227//913
f 520//914 229//914 519//914
f 519//915 229//915 228//915
f 520//916 230//916 229//916
f 521//917 231//917 520//917
f 522//918 231//918 521//918
f 520//919 231//919 230//919
f 522//920 232//920 231//920
f 606//921 605//921 522//921
f 522//922 607//922 606//922
f 605//923 604//923 522//923
f 522//924 608//924 607//924
f 604//925 603//925 522//925
f 603//926 602//926 522//926
f 602//927 601//927 522//927
f 601//928 600//928 522//928
f 600//929 599//929 522//929
f 599//930 598//930 522//930
f 598//931 597//931 522//931
f 597//932 596//932 522//932
f 596//933 595//933 522//933
f 595//934 594//934 522//934
f 594//935 593//935 522//935
f 593//936 592//936 522//936
f 592//937 591//937 522//937
f 591//938 590//938 522//938
f 522//939 590//939 232//939
f 590//940 589//940 232//940
f 589//941 588//941 232//941
f 588//942 587//942 232//942
f 587//943 586//943 232//943
f 586//944 585//944 232//944
f 585//945 584//945 232//945
f 584//946 583//946 232//946
f 583//947 582//947 232//947
f 582//948 581//948 232//948
f 581//949 580//949 232//949
f 580//950 579//950 232//950
f 579//951 578//951 232//951
f 578//952 577//952 232//952
f 577//953 576//953 232//953
f 615//954 524//954 616//954
f 616//955 524//955 617//955
f 617//956 524//956 618//956
f 618//957 524//957 619//957
f 619//958 524//958 620//958
f 620//959 524//959 621//959
f 621//960 524//960 622//960
f 622//961 524//961 623//961
f 623//962 524//962 624//962
f 624//963 524//963 625//963
f 625//964 524//964 626//964
f 626//965 524//965 627//965
f 627//966 524//966 628//966
f 628//967 524//967 629//967
f 629//968 524//968 630//968
f 630//969 524//969 631//969
f 631//970 524//970 632//970
f 632//971 524//971 633//971
f 633//972 524//972 634//972
f 634//973 524//973 635//973
f 635//974 524//974 636//974
f 576//975 575//975 232//975
f 653//976 654//976 655//976
f 524//977 637//977 636//977
f 575//978 574//978 232//978
f 654//979 656//979 655//979
f 657//980 656//980 654//980
f 655//981 656//981 658//981
f 658//982 656//982 526//982
f 524//983 638//983 637//983
f 574//984 573//984 232//984
f 656//985 659//985 526//985
f 660//986 659//986 656//986
f 524//987 639//987 638//987
f 573//988 572//988 232//988
f 524//989 640//989 639//989
f 659//990 661//990 526//990
f 662//991 661//991 659//991
f 572//992 571//992 232//992
f 524//993 641//993 640//993
f 571//994 570//994 232//994
f 524//995 642//995 641//995
f 570//996 569//996 232//996
f 524//997 643//997 642//997
f 661//998 663//998 526//998
f 664//999 663//999 665//999
f 665//1000 663//1000 661//1000
f 569//1001 568//1001 232//1001
f 524//1002 644//1002 643//1002
f 568//1003 567//1003 232//1003
f 524//1004 645//1004 644//1004
f 567//1005 566//1005 232//1005
f 663//1006 666//1006 526//1006
f 667//1007 666//1007 663//1007
f 524//1008 646//1008 645//1008
f 566//1009 565//1009 232//1009
f 524//1010 647//1010 646//1010
f 565//1011 564//1011 232//1011
f 524//1012 648//1012 647//1012
f 666//1013 668//1013 526//1013
f 669//1014 668//1014 666//1014
f 564//1015 563//1015 232//1015
f 524//1016 649//1016 648//1016
f 524//1017 650//1017 649//1017
f 524//1018 651//1018 650//1018
f 670//1019 671//1019 672//1019
f 672//1020 671//1020 668//1020
f 673//1021 674//1021 671//1021
f 671//1022 675//1022 668//1022
f 674//1023 675//1023 671//1023
f 675//1024 676//1024 668//1024
f 677//1025 676//1025 675//1025
f 678//1026 679//1026 680//1026
f 680//1027 679//1027 676//1027
f 676//1028 679//1028 668//1028
f 668//1029 681//1029 526//1029
f 679//1030 681//1030 668//1030
f 682//1031 683//1031 681//1031
f 683//1032 684//1032 681//1032
f 685//1033 684//1033 683//1033
f 684//1034 686//1034 681//1034
f 681//1035 687//1035 526//1035
f 688//1036 687//1036 686//1036
f 686//1037 687//1037 681//1037
f 689//1038 690//1038 691//1038
f 691//1039 690//1039 692//1039
f 692//1040 690//1040 687//1040
f 690//1041 693//1041 687//1041
f 694//1042 693//1042 695//1042
f 695//1043 693//1043 690//1043
f 696//1044 697//1044 698//1044
f 697//1045 699//1045 698//1045
f 698//1046 699//1046 700//1046
f 693//1047 701//1047 687//1047
f 699//1048 701//1048 700//1048
f 702//1049 701//1049 699//1049
f 700//1050 701//1050 693//1050
f 701//1051 703//1051 687//1051
f 704//1052 705//1052 706//1052
f 706//1053 707//1053 708//1053
f 708//1054 707//1054 703//1054
f 705//1055 707//1055 706//1055
f 707//1056 709//1056 703//1056
f 710//1057 711//1057 709//1057
f 709//1058 711//1058 703//1058
f 711//1059 712//1059 703//1059
f 524//1060 405//1060 651//1060
f 527//1061 405//1061 528//1061
f 528//1062 405//1062 529//1062
f 529//1063 405//1063 530//1063
f 530//1064 405//1064 531//1064
f 531//1065 405//1065 532//1065
f 532//1066 405//1066 533//1066
f 533//1067 405//1067 534//1067
f 534//1068 405//1068 535//1068
f 535//1069 405//1069 536//1069
f 536//1070 405//1070 537//1070
f 537//1071 405//1071 538//1071
f 538//1072 405//1072 539//1072
f 539//1073 405//1073 540//1073
f 540//1074 405//1074 541//1074
f 541//1075 405//1075 542//1075
f 542//1076 405//1076 543//1076
f 543//1077 405//1077 544//1077
f 544//1078 405//1078 545//1078
f 545//1079 405//1079 546//1079
f 546//1080 405//1080 547//1080
f 547//1081 405//1081 548//1081
f 548//1082 405//1082 549//1082
f 549//1083 405//1083 550//1083
f 651//1084 405//1084 652//1084
f 550//1085 405//1085 551//1085
f 652//1086 405//1086 527//1086
f 551//1087 405//1087 552//1087
f 552//1088 405//1088 553//1088
f 553//1089 405//1089 554//1089
f 554//1090 405//1090 555//1090
f 555//1091 405//1091 556//1091
f 556//1092 405//1092 557//1092
f 557//1093 405//1093 558//1093
f 558//1094 405//1094 559//1094
f 559//1095 405//1095 560//1095
f 560//1096 405//1096 561//1096
f 561//1097 405//1097 562//1097
f 687//1098 489//1098 526//1098
f 713//1099 489//1099 714//1099
f 714//1100 489//1100 712//1100
f 703//1101 489//1101 687//1101
f 712//1102 489//1102 703//1102
f 524//1103 489//1103 405//1103
f 526//1104 489//1104 524//1104
f 405//1105 232//1105 562//1105
f 562//1106 232//1106 563//1106
f 522//1107 524//1107 615//1107
f 522//1108 615//1108 614//1108
f 522//1109 614//1109 613//1109
f 522//1110 613//1110 612//1110
f 522//1111 612//1111 611//1111
f 522//1112 611//1112 610//1112
f 522//1113 610//1113 609//1113
f 522//1114 609//1114 608//1114
f 328//1115 327//1115 715//1115
f 328//1116 715//1116 716//1116
f 329//1117 716//1117 717//1117
f 329//1118 328//1118 716//1118
f 330//1119 717//1119 718//1119
f 330//1120 329//1120 717//1120
f 331//1121 718//1121 719//1121
f 331//1122 330//1122 718//1122
f 332//1123 719//1123 720//1123
f 332//1124 720//1124 721//1124
f 332//1125 331//1125 719//1125
f 333//1126 721//1126 722//1126
f 333//1127 332//1127 721//1127
f 334//1128 722//1128 723//1128
f 334//1129 333//1129 722//1129
f 335//1130 334//1130 723//1130
f 336//1131 723//1131 724//1131
f 336//1132 335//1132 723//1132
f 337//1133 724//1133 725//1133
f 337//1134 336//1134 724//1134
f 338//1135 337//1135 725//1135
f 338//1136 725//1136 726//1136
f 339//1137 338//1137 726//1137
f 339//1138 726//1138 727//1138
f 340//1139 339//1139 727//1139
f 340//1140 727//1140 728//1140
f 341//1141 340//1141 728//1141
f 341//1142 728//1142 729//1142
f 341//1143 729//1143 730//1143
f 342//1144 341//1144 730//1144
f 343//1145 342//1145 730//1145
f 343//1146 730//1146 731//1146
f 344//1147 731//1147 732//1147
f 344//1148 343//1148 731//1148
f 345//1149 732//1149 733//1149
f 345//1150 344//1150 732//1150
f 346//1151 733//1151 734//1151
f 346//1152 345//1152 733//1152
f 347//1153 734//1153 735//1153
f 347//1154 346//1154 734//1154
f 348//1155 735//1155 736//1155
f 348//1156 347//1156 735//1156
f 349//1157 736//1157 737//1157
f 349//1158 348//1158 736//1158
f 350//1159 737//1159 738//1159
f 350//1160 738//1160 739//1160
f 350//1161 349//1161 737//1161
f 351//1162 350//1162 739//1162
f 352//1163 739//1163 740//1163
f 352//1164 351//1164 739//1164
f 353//1165 740//1165 741//1165
f 353//1166 352//1166 740//1166
f 354//1167 741//1167 742//1167
f 354//1168 353//1168 741//1168
f 355//1169 742//1169 743//1169
f 355//1170 354//1170 742//1170
f 356//1171 743//1171 744//1171
f 356//1172 355//1172 743//1172
f 357//1173 744//1173 745//1173
f 357//1174 356//1174 744//1174
f 359//1175 745//1175 746//1175
f 359//1176 357//1176 745//1176
f 358//1177 746//1177 747//1177
f 358//1178 359//1178 746//1178
f 325//1179 747//1179 748//1179
f 325//1180 358//1180 747//1180
f 323//1181 748//1181 749//1181
f 323//1182 325//1182 748//1182
f 321//1183 749//1183 750//1183
f 321//1184 323//1184 749//1184
f 319//1185 750//1185 751//1185
f 319//1186 751//1186 752//1186
f 319//1187 321//1187 750//1187
f 317//1188 319//1188 752//1188
f 315//1189 317//1189 752//1189
f 315//1190 752//1190 753//1190
f 315//1191 753//1191 754//1191
f 313//1192 315//1192 754//1192
f 311//1193 313//1193 754//1193
f 311//1194 754//1194 755//1194
f 309//1195 311//1195 755//1195
f 309//1196 755//1196 756//1196
f 309//1197 756//1197 757//1197
f 307//1198 309//1198 757//1198
f 307//1199 757//1199 758//1199
f 305//1200 307//1200 758//1200
f 303//1201 305//1201 758//1201
f 303//1202 758//1202 759//1202
f 303//1203 759//1203 760//1203
f 301//1204 303//1204 760//1204
f 301//1205 760//1205 761//1205
f 299//1206 301//1206 761//1206
f 299//1207 761//1207 762//1207
f 297//1208 299//1208 762//1208
f 266//1209 762//1209 763//1209
f 266//1210 297//1210 762//1210
f 266//1211 763//1211 764//1211
f 265//1212 266//1212 764//1212
f 267//1213 265//1213 764//1213
f 267//1214 764//1214 765//1214
f 268//1215 765//1215 766//1215
f 268//1216 267//1216 765//1216
f 269//1217 766//1217 767//1217
f 269//1218 767//1218 768//1218
f 269//1219 268//1219 766//1219
f 270//1220 269//1220 768//1220
f 271//1221 768//1221 769//1221
f 271//1222 270//1222 768//1222
f 272//1223 769//1223 770//1223
f 272//1224 770//1224 771//1224
f 272//1225 271//1225 769//1225
f 273//1226 771//1226 772//1226
f 273//1227 272//1227 771//1227
f 274//1228 273//1228 772//1228
f 275//1229 772//1229 773//1229
f 275//1230 274//1230 772//1230
f 276//1231 773//1231 774//1231
f 276//1232 275//1232 773//1232
f 277//1233 774//1233 775//1233
f 277//1234 276//1234 774//1234
f 278//1235 775//1235 776//1235
f 278//1236 277//1236 775//1236
f 279//1237 278//1237 776//1237
f 279//1238 776//1238 777//1238
f 264//1239 279//1239 777//1239
f 264//1240 777//1240 778//1240
f 262//1241 264//1241 778//1241
f 262//1242 778//1242 779//1242
f 260//1243 262//1243 779//1243
f 260//1244 779//1244 780//1244
f 258//1245 260//1245 780//1245
f 258//1246 780//1246 781//1246
f 256//1247 258//1247 781//1247
f 256//1248 781//1248 782//1248
f 254//1249 256//1249 782//1249
f 254//1250 782//1250 783//1250
f 254//1251 783//1251 784//1251
f 252//1252 254//1252 784//1252
f 250//1253 252//1253 784//1253
f 250//1254 784//1254 785//1254
f 248//1255 250//1255 785//1255
f 248//1256 785//1256 786//1256
f 246//1257 248//1257 786//1257
f 246//1258 786//1258 787//1258
f 244//1259 246//1259 787//1259
f 244//1260 787//1260 788//1260
f 242//1261 244//1261 788//1261
f 242//1262 788//1262 789//1262
f 242//1263 789//1263 790//1263
f 240//1264 242//1264 790//1264
f 238//1265 240//1265 790//1265
f 238//1266 790//1266 791//1266
f 236//1267 238//1267 791//1267
f 236//1268 791//1268 792//1268
f 236//1269 792//1269 793//1269
f 233//1270 236//1270 793//1270
f 234//1271 233//1271 793//1271
f 234//1272 793//1272 794//1272
f 234//1273 794//1273 795//1273
f 235//1274 234//1274 795//1274
f 237//1275 235//1275 795//1275
f 237//1276 795//1276 796//1276
f 239//1277 237//1277 796//1277
f 239//1278 796//1278 797//1278
f 239//1279 797//1279 798//1279
f 241//1280 239//1280 798//1280
f 243//1281 798//1281 799//1281
f 243//1282 799//1282 800//1282
f 243//1283 241//1283 798//1283
f 245//1284 243//1284 800//1284
f 247//1285 800//1285 801//1285
f 247//1286 801//1286 802//1286
f 247//1287 245//1287 800//1287
f 249//1288 247//1288 802//1288
f 251//1289 249//1289 802//1289
f 251//1290 802//1290 803//1290
f 253//1291 251//1291 803//1291
f 253//1292 803//1292 804//1292
f 253//1293 804//1293 805//1293
f 255//1294 253//1294 805//1294
f 257//1295 255//1295 805//1295
f 257//1296 805//1296 806//1296
f 259//1297 257//1297 806//1297
f 259//1298 806//1298 807//1298
f 259//1299 807//1299 808//1299
f 261//1300 259//1300 808//1300
f 263//1301 261//1301 808//1301
f 263//1302 808//1302 809//1302
f 263//1303 809//1303 810//1303
f 296//1304 263//1304 810//1304
f 282//1305 296//1305 810//1305
f 282//1306 810//1306 811//1306
f 282//1307 811//1307 812//1307
f 280//1308 282//1308 812//1308
f 280//1309 812//1309 813//1309
f 283//1310 280//1310 813//1310
f 283//1311 813//1311 814//1311
f 284//1312 283//1312 814//1312
f 285//1313 814//1313 815//1313
f 285//1314 815//1314 816//1314
f 285//1315 284//1315 814//1315
f 286//1316 285//1316 816//1316
f 287//1317 816//1317 817//1317
f 287//1318 286//1318 816//1318
f 288//1319 817//1319 818//1319
f 288//1320 818//1320 819//1320
f 288//1321 287//1321 817//1321
f 289//1322 288//1322 819//1322
f 290//1323 819//1323 820//1323
f 290//1324 289//1324 819//1324
f 291//1325 820//1325 821//1325
f 291//1326 821//1326 822//1326
f 291//1327 290//1327 820//1327
f 292//1328 291//1328 822//1328
f 293//1329 822//1329 823//1329
f 293//1330 292//1330 822//1330
f 294//1331 823//1331 824//1331
f 294//1332 824//1332 825//1332
f 294//1333 293//1333 823//1333
f 295//1334 825//1334 826//1334
f 295//1335 294//1335 825//1335
f 298//1336 826//1336 827//1336
f 298//1337 295//1337 826//1337
f 300//1338 298//1338 827//1338
f 300//1339 827//1339 828//1339
f 302//1340 300//1340 828//1340
f 302//1341 828//1341 829//1341
f 304//1342 302//1342 829//1342
f 306//1343 304//1343 829//1343
f 306//1344 829//1344 830//1344
f 308//1345 306//1345 830//1345
f 308//1346 830//1346 831//1346
f 310//1347 831//1347 832//1347
f 310//1348 308//1348 831//1348
f 312//1349 832//1349 833//1349
f 312//1350 310//1350 832//1350
f 314//1351 833//1351 834//1351
f 314//1352 312//1352 833//1352
f 316//1353 834//1353 835//1353
f 316//1354 835//1354 836//1354
f 316//1355 314//1355 834//1355
f 318//1356 316//1356 836//1356
f 320//1357 836//1357 837//1357
f 320//1358 837//1358 838//1358
f 320//1359 318//1359 836//1359
f 322//1360 320//1360 838//1360
f 324//1361 838//1361 839//1361
f 324//1362 322//1362 838//1362
f 326//1363 839//1363 840//1363
f 326//1364 324//1364 839//1364
f 327//1365 840//1365 715//1365
f 327//1366 326//1366 840//1366
f 407//1367 406//1367 841//1367
f 407//1368 841//1368 842//1368
f 408//1369 842//1369 843//1369
f 408//1370 407//1370 842//1370
f 409//1371 843//1371 844//1371
f 409//1372 408//1372 843//1372
f 410//1373 844//1373 845//1373
f 410//1374 409//1374 844//1374
f 411//1375 845//1375 846//1375
f 411//1376 846//1376 847//1376
f 411//1377 410//1377 845//1377
f 412//1378 847//1378 848//1378
f 412//1379 411//1379 847//1379
f 413//1380 848//1380 849//1380
f 413//1381 412//1381 848//1381
f 414//1382 413//1382 849//1382
f 415//1383 849//1383 850//1383
f 415//1384 414//1384 849//1384
f 416//1385 850//1385 851//1385
f 416//1386 415//1386 850//1386
f 417//1387 416//1387 851//1387
f 417//1388 851//1388 852//1388
f 418//1389 417//1389 852//1389
f 418//1390 852//1390 853//1390
f 419//1391 418//1391 853//1391
f 419//1392 853//1392 854//1392
f 420//1393 419//1393 854//1393
f 420//1394 854//1394 855//1394
f 420//1395 855//1395 856//1395
f 421//1396 420//1396 856//1396
f 422//1397 421//1397 856//1397
f 422//1398 856//1398 857//1398
f 423//1399 857//1399 858//1399
f 423//1400 422//1400 857//1400
f 424//1401 858//1401 859//1401
f 424//1402 423//1402 858//1402
f 425//1403 859//1403 860//1403
f 425//1404 424//1404 859//1404
f 426//1405 860//1405 861//1405
f 426//1406 425//1406 860//1406
f 427//1407 861//1407 862//1407
f 427//1408 426//1408 861//1408
f 428//1409 862//1409 863//1409
f 428//1410 427//1410 862//1410
f 429//1411 863//1411 864//1411
f 429//1412 864//1412 865//1412
f 429//1413 428//1413 863//1413
f 430//1414 429//1414 865//1414
f 431//1415 865//1415 866//1415
f 431//1416 430//1416 865//1416
f 432//1417 866//1417 867//1417
f 432//1418 431//1418 866//1418
f 433//1419 867//1419 868//1419
f 433//1420 432//1420 867//1420
f 434//1421 868//1421 869//1421
f 434//1422 433//1422 868//1422
f 435//1423 869//1423 870//1423
f 435//1424 434//1424 869//1424
f 436//1425 870//1425 871//1425
f 436//1426 435//1426 870//1426
f 437//1427 871//1427 872//1427
f 437//1428 436//1428 871//1428
f 438//1429 872//1429 873//1429
f 438//1430 437//1430 872//1430
f 439//1431 873//1431 874//1431
f 439//1432 438//1432 873//1432
f 440//1433 874//1433 875//1433
f 440//1434 439//1434 874//1434
f 384//1435 875//1435 876//1435
f 384//1436 440//1436 875//1436
f 382//1437 876//1437 877//1437
f 382//1438 877//1438 878//1438
f 382//1439 384//1439 876//1439
f 380//1440 382//1440 878//1440
f 378//1441 380//1441 878//1441
f 378//1442 878//1442 879//1442
f 378//1443 879//1443 880//1443
f 376//1444 378//1444 880//1444
f 374//1445 376//1445 880//1445
f 374//1446 880//1446 881//1446
f 372//1447 374//1447 881//1447
f 372//1448 881//1448 882//1448
f 372//1449 882//1449 883//1449
f 370//1450 372//1450 883//1450
f 370//1451 883//1451 884//1451
f 368//1452 370//1452 884//1452
f 366//1453 368//1453 884//1453
f 366//1454 884//1454 885//1454
f 366//1455 885//1455 886//1455
f 364//1456 366//1456 886//1456
f 364//1457 886//1457 887//1457
f 362//1458 364//1458 887//1458
f 362//1459 887//1459 888//1459
f 361//1460 362//1460 888//1460
f 360//1461 888//1461 889//1461
f 360//1462 361//1462 888//1462
f 360//1463 889//1463 890//1463
f 363//1464 360//1464 890//1464
f 365//1465 363//1465 890//1465
f 365//1466 890//1466 891//1466
f 367//1467 891//1467 892//1467
f 367//1468 365//1468 891//1468
f 369//1469 892//1469 893//1469
f 369//1470 893//1470 894//1470
f 369//1471 367//1471 892//1471
f 371//1472 369//1472 894//1472
f 373//1473 894//1473 895//1473
f 373//1474 371//1474 894//1474
f 375//1475 895//1475 896//1475
f 375//1476 896//1476 897//1476
f 375//1477 373//1477 895//1477
f 377//1478 897//1478 898//1478
f 377//1479 375//1479 897//1479
f 379//1480 377//1480 898//1480
f 381//1481 898//1481 899//1481
f 381//1482 379//1482 898//1482
f 383//1483 899//1483 900//1483
f 383//1484 381//1484 899//1484
f 385//1485 900//1485 901//1485
f 385//1486 383//1486 900//1486
f 386//1487 901//1487 902//1487
f 386//1488 385//1488 901//1488
f 387//1489 386//1489 902//1489
f 387//1490 902//1490 903//1490
f 388//1491 387//1491 903//1491
f 388//1492 903//1492 904//1492
f 389//1493 388//1493 904//1493
f 389//1494 904//1494 905//1494
f 390//1495 389//1495 905//1495
f 390//1496 905//1496 906//1496
f 391//1497 390//1497 906//1497
f 391//1498 906//1498 907//1498
f 392//1499 391//1499 907//1499
f 392//1500 907//1500 908//1500
f 393//1501 392//1501 908//1501
f 393//1502 908//1502 909//1502
f 393//1503 909//1503 910//1503
f 394//1504 393//1504 910//1504
f 395//1505 394//1505 910//1505
f 395//1506 910//1506 911//1506
f 396//1507 395//1507 911//1507
f 396//1508 911//1508 912//1508
f 397//1509 396//1509 912//1509
f 397//1510 912//1510 913//1510
f 398//1511 397//1511 913//1511
f 398//1512 913//1512 914//1512
f 399//1513 398//1513 914//1513
f 399//1514 914//1514 915//1514
f 399//1515 915//1515 916//1515
f 400//1516 399//1516 916//1516
f 401//1517 400//1517 916//1517
f 401//1518 916//1518 917//1518
f 402//1519 401//1519 917//1519
f 402//1520 917//1520 918//1520
f 402//1521 918//1521 919//1521
f 403//1522 402//1522 919//1522
f 404//1523 403//1523 919//1523
f 404//1524 919//1524 920//1524
f 404//1525 920//1525 921//1525
f 486//1526 404//1526 921//1526
f 485//1527 486//1527 921//1527
f 485//1528 921//1528 922//1528
f 484//1529 485//1529 922//1529
f 484//1530 922//1530 923//1530
f 484//1531 923//1531 924//1531
f 483//1532 484//1532 924//1532
f 482//1533 924//1533 925//1533
f 482//1534 925//1534 926//1534
f 482//1535 483//1535 924//1535
f 481//1536 482//1536 926//1536
f 480//1537 926//1537 927//1537
f 480//1538 927//1538 928//1538
f 480//1539 481//1539 926//1539
f 479//1540 480//1540 928//1540
f 478//1541 479//1541 928//1541
f 478//1542 928//1542 929//1542
f 477//1543 478//1543 929//1543
f 477//1544 929//1544 930//1544
f 477//1545 930//1545 931//1545
f 476//1546 477//1546 931//1546
f 475//1547 476//1547 931//1547
f 475//1548 931//1548 932//1548
f 471//1549 475//1549 932//1549
f 471//1550 932//1550 933//1550
f 471//1551 933//1551 934//1551
f 472//1552 471//1552 934//1552
f 473//1553 472//1553 934//1553
f 473//1554 934//1554 935//1554
f 473//1555 935//1555 936//1555
f 474//1556 473//1556 936//1556
f 441//1557 474//1557 936//1557
f 441//1558 936//1558 937//1558
f 441//1559 937//1559 938//1559
f 442//1560 441//1560 938//1560
f 442//1561 938//1561 939//1561
f 443//1562 442//1562 939//1562
f 443//1563 939//1563 940//1563
f 444//1564 443//1564 940//1564
f 445//1565 940//1565 941//1565
f 445//1566 941//1566 942//1566
f 445//1567 444//1567 940//1567
f 446//1568 445//1568 942//1568
f 447//1569 942//1569 943//1569
f 447//1570 446//1570 942//1570
f 448//1571 943//1571 944//1571
f 448//1572 944//1572 945//1572
f 448//1573 447//1573 943//1573
f 449//1574 448//1574 945//1574
f 450//1575 945//1575 946//1575
f 450//1576 449//1576 945//1576
f 451//1577 946//1577 947//1577
f 451//1578 947//1578 948//1578
f 451//1579 450//1579 946//1579
f 452//1580 451//1580 948//1580
f 453//1581 948//1581 949//1581
f 453//1582 452//1582 948//1582
f 454//1583 949//1583 950//1583
f 454//1584 950//1584 951//1584
f 454//1585 453//1585 949//1585
f 455//1586 951//1586 952//1586
f 455//1587 454//1587 951//1587
f 456//1588 952//1588 953//1588
f 456//1589 455//1589 952//1589
f 457//1590 456//1590 953//1590
f 457//1591 953//1591 954//1591
f 458//1592 457//1592 954//1592
f 458//1593 954//1593 955//1593
f 459//1594 458//1594 955//1594
f 460//1595 459//1595 955//1595
f 460//1596 955//1596 956//1596
f 461//1597 460//1597 956//1597
f 461//1598 956//1598 957//1598
f 462//1599 957//1599 958//1599
f 462//1600 461//1600 957//1600
f 463//1601 958//1601 959//1601
f 463//1602 462//1602 958//1602
f 464//1603 959//1603 960//1603
f 464//1604 463//1604 959//1604
f 465//1605 960//1605 961//1605
f 465//1606 961//1606 962//1606
f 465//1607 464//1607 960//1607
f 466//1608 465//1608 962//1608
f 467//1609 962//1609 963//1609
f 467//1610 963//1610 964//1610
f 467//1611 466//1611 962//1611
f 468//1612 467//1612 964//1612
f 469//1613 964//1613 965//1613
f 469//1614 468//1614 964//1614
f 470//1615 965//1615 966//1615
f 470//1616 469//1616 965//1616
f 406//1617 966//1617 841//1617
f 406//1618 470//1618 966//1618
f 523//1619 967//1619 968//1619
f 523//1620 969//1620 967//1620
f 523//1621 970//1621 969//1621
f 971//1622 972//1622 523//1622
f 523//1623 973//1623 971//1623
f 972//1624 974//1624 523//1624
f 523//1625 975//1625 973//1625
f 974//1626 976//1626 523//1626
f 523//1627 977//1627 975//1627
f 523//1628 978//1628 970//1628
f 976//1629 978//1629 523//1629
f 523//1630 979//1630 977//1630
f 978//1631 980//1631 970//1631
f 970//1632 980//1632 981//1632
f 523//1633 982//1633 979//1633
f 981//1634 983//1634 984//1634
f 980//1635 983//1635 981//1635
f 523//1636 985//1636 982//1636
f 984//1637 986//1637 987//1637
f 983//1638 986//1638 984//1638
f 523//1639 988//1639 985//1639
f 986//1640 989//1640 987//1640
f 987//1641 989//1641 990//1641
f 523//1642 991//1642 988//1642
f 989//1643 992//1643 990//1643
f 990//1644 992//1644 993//1644
f 523//1645 994//1645 991//1645
f 993//1646 995//1646 996//1646
f 992//1647 995//1647 993//1647
f 523//1648 997//1648 994//1648
f 995//1649 998//1649 996//1649
f 996//1650 998//1650 999//1650
f 523//1651 1000//1651 997//1651
f 998//1652 1001//1652 999//1652
f 523//1653 1002//1653 1000//1653
f 999//1654 1003//1654 1004//1654
f 1001//1655 1003//1655 999//1655
f 523//1656 1005//1656 1002//1656
f 1004//1657 1006//1657 1007//1657
f 1003//1658 1006//1658 1004//1658
f 523//1659 1008//1659 1005//1659
f 1007//1660 1009//1660 1010//1660
f 1006//1661 1009//1661 1007//1661
f 523//1662 1011//1662 1008//1662
f 1010//1663 1012//1663 1013//1663
f 1009//1664 1012//1664 1010//1664
f 523//1665 1014//1665 1011//1665
f 1012//1666 1015//1666 1013//1666
f 523//1667 1016//1667 1014//1667
f 1015//1668 1017//1668 1013//1668
f 1013//1669 1017//1669 1018//1669
f 523//1670 1019//1670 1016//1670
f 1017//1671 1020//1671 1018//1671
f 1018//1672 1020//1672 1021//1672
f 523//1673 1022//1673 1019//1673
f 1020//1674 1023//1674 1021//1674
f 1021//1675 1023//1675 1024//1675
f 523//1676 1025//1676 1022//1676
f 1023//1677 1026//1677 1024//1677
f 1024//1678 1026//1678 1027//1678
f 523//1679 1028//1679 1025//1679
f 1026//1680 1029//1680 1027//1680
f 523//1681 1030//1681 1028//1681
f 1029//1682 1031//1682 1027//1682
f 1027//1683 1031//1683 1032//1683
f 523//1684 1033//1684 1030//1684
f 1031//1685 1034//1685 1032//1685
f 1032//1686 1034//1686 1035//1686
f 523//1687 1036//1687 1033//1687
f 1034//1688 1037//1688 1035//1688
f 1035//1689 1037//1689 1038//1689
f 523//1690 1039//1690 1036//1690
f 1037//1691 1040//1691 1038//1691
f 1038//1692 1040//1692 1041//1692
f 523//1693 1042//1693 1039//1693
f 1040//1694 1043//1694 1041//1694
f 523//1695 1044//1695 1042//1695
f 1043//1696 1045//1696 1041//1696
f 1041//1697 1045//1697 1046//1697
f 523//1698 1047//1698 1044//1698
f 1045//1699 1048//1699 1046//1699
f 1048//1700 1049//1700 1046//1700
f 523//1701 1050//1701 1047//1701
f 1048//1702 1051//1702 1049//1702
f 523//1703 1052//1703 1050//1703
f 1051//1704 1053//1704 1049//1704
f 1051//1705 1054//1705 1053//1705
f 523//1706 1055//1706 1052//1706
f 1054//1707 1056//1707 1053//1707
f 1056//1708 1057//1708 1053//1708
f 1056//1709 1058//1709 1057//1709
f 1058//1710 1059//1710 1057//1710
f 1060//1711 1059//1711 1058//1711
f 1061//1712 1062//1712 1060//1712
f 1063//1713 1062//1713 1061//1713
f 1060//1714 1062//1714 1059//1714
f 1063//1715 1064//1715 1062//1715
f 1065//1716 1064//1716 1063//1716
f 1065//1717 1066//1717 1064//1717
f 1067//1718 1066//1718 1065//1718
f 1067//1719 1068//1719 1066//1719
f 1069//1720 1068//1720 1067//1720
f 1070//1721 1068//1721 1069//1721
f 1070//1722 1071//1722 1068//1722
f 1072//1723 1071//1723 1070//1723
f 1072//1724 1073//1724 1071//1724
f 1074//1725 1073//1725 1072//1725
f 1074//1726 1075//1726 1073//1726
f 1076//1727 1075//1727 1074//1727
f 1076//1728 1077//1728 1075//1728
f 1078//1729 1077//1729 1076//1729
f 1079//1730 1077//1730 1078//1730
f 1079//1731 1080//1731 1077//1731
f 1081//1732 1080//1732 1079//1732
f 1081//1733 1082//1733 1080//1733
f 1083//1734 1082//1734 1081//1734
f 1083//1735 1084//1735 1082//1735
f 1085//1736 1084//1736 1083//1736
f 1085//1737 1086//1737 1084//1737
f 1087//1738 1086//1738 1085//1738
f 1088//1739 1086//1739 1087//1739
f 1088//1740 1089//1740 1086//1740
f 1090//1741 1089//1741 1088//1741
f 1091//1742 1092//1742 1090//1742
f 1090//1743 1092//1743 1089//1743
f 1093//1744 1094//1744 1091//1744
f 1091//1745 1094//1745 1092//1745
f 1095//1746 1096//1746 1093//1746
f 1093//1747 1096//1747 1094//1747
f 1097//1748 1098//1748 1095//1748
f 1099//1749 1098//1749 1097//1749
f 1095//1750 1098//1750 1096//1750
f 1100//1751 1101//1751 1099//1751
f 1099//1752 1101//1752 1098//1752
f 1102//1753 1103//1753 1100//1753
f 1100//1754 1103//1754 1101//1754
f 1104//1755 1105//1755 1102//1755
f 1102//1756 1105//1756 1103//1756
f 1104//1757 1106//1757 1105//1757
f 1107//1758 490//1758 1104//1758
f 1106//1759 490//1759 1108//1759
f 1109//1760 490//1760 1107//1760
f 1110//1761 490//1761 1109//1761
f 1111//1762 490//1762 1110//1762
f 1112//1763 490//1763 1111//1763
f 1113//1764 490//1764 1112//1764
f 1114//1765 490//1765 1113//1765
f 1115//1766 490//1766 1114//1766
f 1116//1767 490//1767 1115//1767
f 1117//1768 490//1768 1116//1768
f 1118//1769 490//1769 1117//1769
f 1119//1770 490//1770 1118//1770
f 1120//1771 490//1771 1119//1771
f 1121//1772 490//1772 1120//1772
f 1122//1773 490//1773 1121//1773
f 1123//1774 490//1774 1122//1774
f 1124//1775 490//1775 1123//1775
f 1125//1776 490//1776 1124//1776
f 1126//1777 490//1777 1125//1777
f 1127//1778 490//1778 1126//1778
f 1128//1779 490//1779 1127//1779
f 1129//1780 490//1780 1128//1780
f 1130//1781 490//1781 1129//1781
f 1131//1782 490//1782 1130//1782
f 1132//1783 490//1783 1131//1783
f 1133//1784 490//1784 1132//1784
f 1134//1785 490//1785 1133//1785
f 1135//1786 490//1786 1134//1786
f 1136//1787 490//1787 1135//1787
f 1137//1788 490//1788 1136//1788
f 1138//1789 490//1789 1137//1789
f 1139//1790 490//1790 1138//1790
f 1140//1791 490//1791 1139//1791
f 1141//1792 490//1792 1140//1792
f 1142//1793 490//1793 1141//1793
f 1055//1794 490//1794 1142//1794
f 1104//1795 490//1795 1106//1795
f 523//1796 490//1796 1055//1796
f 490//1797 488//1797 1143//1797
f 490//1798 1143//1798 1144//1798
f 490//1799 1144//1799 1145//1799
f 490//1800 1145//1800 1146//1800
f 490//1801 1146//1801 1147//1801
f 490//1802 1147//1802 1148//1802
f 490//1803 1148//1803 1149//1803
f 490//1804 1149//1804 1108//1804
f 525//1805 523//1805 1150//1805
f 1150//1806 523//1806 1151//1806
f 1151//1807 523//1807 1152//1807
f 1152//1808 523//1808 1153//1808
f 1153//1809 523//1809 1154//1809
f 1154//1810 523//1810 968//1810
f 489//1811 713//1811 488//1811
f 488//1812 713//1812 1143//1812
f 1143//1813 714//1813 1144//1813
f 713//1814 714//1814 1143//1814
f 1144//1815 712//1815 1145//1815
f 1145//1816 712//1816 1146//1816
f 714//1817 712//1817 1144//1817
f 712//1818 711//1818 1146//1818
f 1146//1819 710//1819 1147//1819
f 711//1820 710//1820 1146//1820
f 1147//1821 709//1821 1148//1821
f 710//1822 709//1822 1147//1822
f 1148//1823 707//1823 1149//1823
f 1149//1824 707//1824 1108//1824
f 709//1825 707//1825 1148//1825
f 707//1826 705//1826 1108//1826
f 1108//1827 704//1827 1106//1827
f 705//1828 704//1828 1108//1828
f 1106//1829 706//1829 1105//1829
f 704//1830 706//1830 1106//1830
f 1105//1831 708//1831 1103//1831
f 706//1832 708//1832 1105//1832
f 1103//1833 703//1833 1101//1833
f 1101//1834 703//1834 1098//1834
f 708//1835 703//1835 1103//1835
f 703//1836 701//1836 1098//1836
f 1098//1837 702//1837 1096//1837
f 701//1838 702//1838 1098//1838
f 1096//1839 699//1839 1094//1839
f 702//1840 699//1840 1096//1840
f 1094//1841 697//1841 1092//1841
f 699//1842 697//1842 1094//1842
f 1092//1843 696//1843 1089//1843
f 1089//1844 696//1844 1086//1844
f 697//1845 696//1845 1092//1845
f 696//1846 698//1846 1086//1846
f 1086//1847 698//1847 1084//1847
f 698//1848 700//1848 1084//1848
f 700//1849 693//1849 1084//1849
f 1084//1850 693//1850 1082//1850
f 693//1851 694//1851 1082//1851
f 1082//1852 694//1852 1080//1852
f 694//1853 695//1853 1080//1853
f 1080//1854 695//1854 1077//1854
f 1077//1855 690//1855 1075//1855
f 695//1856 690//1856 1077//1856
f 1075//1857 689//1857 1073//1857
f 690//1858 689//1858 1075//1858
f 1073//1859 691//1859 1071//1859
f 689//1860 691//1860 1073//1860
f 1071//1861 692//1861 1068//1861
f 691//1862 692//1862 1071//1862
f 1068//1863 687//1863 1066//1863
f 1066//1864 687//1864 1064//1864
f 692//1865 687//1865 1068//1865
f 687//1866 688//1866 1064//1866
f 1064//1867 686//1867 1062//1867
f 1062//1868 686//1868 1059//1868
f 688//1869 686//1869 1064//1869
f 1059//1870 684//1870 1057//1870
f 686//1871 684//1871 1059//1871
f 684//1872 685//1872 1057//1872
f 1057//1873 683//1873 1053//1873
f 1053//1874 683//1874 1049//1874
f 685//1875 683//1875 1057//1875
f 683//1876 682//1876 1049//1876
f 1049//1877 681//1877 1046//1877
f 1046//1878 681//1878 1041//1878
f 682//1879 681//1879 1049//1879
f 681//1880 679//1880 1041//1880
f 1041//1881 678//1881 1038//1881
f 1038//1882 678//1882 1035//1882
f 679//1883 678//1883 1041//1883
f 1035//1884 680//1884 1032//1884
f 678//1885 680//1885 1035//1885
f 680//1886 676//1886 1032//1886
f 1032//1887 677//1887 1027//1887
f 676//1888 677//1888 1032//1888
f 1027//1889 675//1889 1024//1889
f 1024//1890 675//1890 1021//1890
f 677//1891 675//1891 1027//1891
f 1021//1892 674//1892 1018//1892
f 675//1893 674//1893 1021//1893
f 1018//1894 673//1894 1013//1894
f 674//1895 673//1895 1018//1895
f 673//1896 671//1896 1013//1896
f 1013//1897 671//1897 1010//1897
f 671//1898 670//1898 1010//1898
f 670//1899 672//1899 1010//1899
f 1010//1900 672//1900 1007//1900
f 672//1901 668//1901 1007//1901
f 1007//1902 668//1902 1004//1902
f 668//1903 669//1903 1004//1903
f 1004//1904 669//1904 999//1904
f 999//1905 669//1905 996//1905
f 669//1906 666//1906 996//1906
f 666//1907 667//1907 996//1907
f 996//1908 667//1908 993//1908
f 667//1909 663//1909 993//1909
f 993//1910 663//1910 990//1910
f 663//1911 664//1911 990//1911
f 990//1912 664//1912 987//1912
f 987//1913 664//1913 984//1913
f 664//1914 665//1914 984//1914
f 984//1915 665//1915 981//1915
f 665//1916 661//1916 981//1916
f 661//1917 662//1917 981//1917
f 981//1918 662//1918 970//1918
f 970//1919 662//1919 969//1919
f 662//1920 659//1920 969//1920
f 659//1921 660//1921 969//1921
f 969//1922 660//1922 967//1922
f 967//1923 656//1923 968//1923
f 968//1924 656//1924 1154//1924
f 660//1925 656//1925 967//1925
f 656//1926 657//1926 1154//1926
f 1154//1927 654//1927 1153//1927
f 657//1928 654//1928 1154//1928
f 1153//1929 653//1929 1152//1929
f 654//1930 653//1930 1153//1930
f 1152//1931 655//1931 1151//1931
f 653//1932 655//1932 1152//1932
f 1151//1933 658//1933 1150//1933
f 655//1934 658//1934 1151//1934
f 1150//1935 526//1935 525//1935
f 658//1936 526//1936 1150//1936
f 764//1937 763//1937 762//1937
f 767//1938 765//1938 764//1938
f 767//1939 766//1939 765//1939
f 757//1940 759//1940 758//1940
f 757//1941 760//1941 759//1941
f 757//1942 761//1942 760//1942
f 757//1943 762//1943 761//1943
f 755//1944 757//1944 756//1944
f 771//1945 770//1945 769//1945
f 772//1946 767//1946 764//1946
f 772//1947 768//1947 767//1947
f 772//1948 769//1948 768//1948
f 772//1949 771//1949 769//1949
f 751//1950 753//1950 752//1950
f 751//1951 754//1951 753//1951
f 751//1952 755//1952 754//1952
f 750//1953 764//1953 762//1953
f 750//1954 762//1954 757//1954
f 750//1955 757//1955 755//1955
f 750//1956 755//1956 751//1956
f 775//1957 774//1957 773//1957
f 747//1958 749//1958 748//1958
f 747//1959 750//1959 749//1959
f 778//1960 773//1960 772//1960
f 778//1961 776//1961 775//1961
f 778//1962 777//1962 776//1962
f 778//1963 775//1963 773//1963
f 745//1964 747//1964 746//1964
f 782//1965 779//1965 778//1965
f 782//1966 780//1966 779//1966
f 782//1967 781//1967 780//1967
f 742//1968 744//1968 743//1968
f 742//1969 745//1969 744//1969
f 784//1970 783//1970 782//1970
f 740//1971 745//1971 742//1971
f 740//1972 742//1972 741//1972
f 740//1973 747//1973 745//1973
f 786//1974 784//1974 782//1974
f 786//1975 785//1975 784//1975
f 738//1976 740//1976 739//1976
f 787//1977 786//1977 782//1977
f 787//1978 772//1978 764//1978
f 787//1979 778//1979 772//1979
f 787//1980 782//1980 778//1980
f 737//1981 747//1981 740//1981
f 737//1982 740//1982 738//1982
f 737//1983 750//1983 747//1983
f 789//1984 788//1984 787//1984
f 735//1985 737//1985 736//1985
f 734//1986 737//1986 735//1986
f 791//1987 787//1987 764//1987
f 791//1988 789//1988 787//1988
f 791//1989 790//1989 789//1989
f 793//1990 750//1990 737//1990
f 793//1991 791//1991 764//1991
f 793//1992 764//1992 750//1992
f 793//1993 792//1993 791//1993
f 731//1994 733//1994 732//1994
f 794//1995 793//1995 737//1995
f 730//1996 734//1996 733//1996
f 730//1997 733//1997 731//1997
f 729//1998 737//1998 734//1998
f 729//1999 734//1999 730//1999
f 796//2000 795//2000 794//2000
f 727//2001 729//2001 728//2001
f 727//2002 737//2002 729//2002
f 801//2003 799//2003 798//2003
f 801//2004 800//2004 799//2004
f 802//2005 796//2005 794//2005
f 802//2006 797//2006 796//2006
f 802//2007 798//2007 797//2007
f 802//2008 801//2008 798//2008
f 722//2009 724//2009 723//2009
f 722//2010 725//2010 724//2010
f 722//2011 726//2011 725//2011
f 804//2012 802//2012 794//2012
f 804//2013 803//2013 802//2013
f 720//2014 722//2014 721//2014
f 805//2015 727//2015 726//2015
f 805//2016 794//2016 737//2016
f 805//2017 737//2017 727//2017
f 805//2018 804//2018 794//2018
f 718//2019 720//2019 719//2019
f 718//2020 722//2020 720//2020
f 807//2021 806//2021 805//2021
f 716//2022 718//2022 717//2022
f 809//2023 807//2023 805//2023
f 809//2024 808//2024 807//2024
f 840//2025 716//2025 715//2025
f 840//2026 718//2026 716//2026
f 840//2027 722//2027 718//2027
f 813//2028 810//2028 809//2028
f 813//2029 811//2029 810//2029
f 813//2030 812//2030 811//2030
f 837//2031 722//2031 840//2031
f 837//2032 839//2032 838//2032
f 837//2033 840//2033 839//2033
f 837//2034 726//2034 722//2034
f 814//2035 813//2035 809//2035
f 836//2036 726//2036 837//2036
f 815//2037 814//2037 809//2037
f 816//2038 815//2038 809//2038
f 834//2039 836//2039 835//2039
f 834//2040 726//2040 836//2040
f 831//2041 833//2041 832//2041
f 820//2042 817//2042 816//2042
f 820//2043 818//2043 817//2043
f 820//2044 819//2044 818//2044
f 830//2045 833//2045 831//2045
f 821//2046 820//2046 816//2046
f 828//2047 830//2047 829//2047
f 823//2048 822//2048 821//2048
f 823//2049 821//2049 816//2049
f 827//2050 809//2050 805//2050
f 827//2051 834//2051 833//2051
f 827//2052 726//2052 834//2052
f 827//2053 833//2053 830//2053
f 827//2054 830//2054 828//2054
f 827//2055 805//2055 726//2055
f 825//2056 824//2056 823//2056
f 825//2057 827//2057 826//2057
f 825//2058 816//2058 809//2058
f 825//2059 823//2059 816//2059
f 825//2060 809//2060 827//2060
f 919//2061 923//2061 920//2061
f 920//2062 923//2062 921//2062
f 921//2063 923//2063 922//2063
f 917//2064 916//2064 918//2064
f 918//2065 916//2065 919//2065
f 913//2066 912//2066 914//2066
f 914//2067 912//2067 915//2067
f 915//2068 912//2068 916//2068
f 926//2069 928//2069 927//2069
f 912//2070 911//2070 916//2070
f 911//2071 910//2071 916//2071
f 926//2072 931//2072 928//2072
f 924//2073 931//2073 925//2073
f 925//2074 931//2074 926//2074
f 928//2075 931//2075 929//2075
f 929//2076 931//2076 930//2076
f 909//2077 908//2077 910//2077
f 932//2078 934//2078 933//2078
f 932//2079 935//2079 934//2079
f 931//2080 935//2080 932//2080
f 905//2081 904//2081 906//2081
f 906//2082 904//2082 907//2082
f 907//2083 904//2083 908//2083
f 908//2084 904//2084 910//2084
f 931//2085 938//2085 935//2085
f 935//2086 938//2086 936//2086
f 936//2087 938//2087 937//2087
f 902//2088 901//2088 903//2088
f 903//2089 901//2089 904//2089
f 901//2090 900//2090 904//2090
f 938//2091 940//2091 939//2091
f 900//2092 898//2092 904//2092
f 919//2093 898//2093 923//2093
f 916//2094 898//2094 919//2094
f 899//2095 898//2095 900//2095
f 910//2096 898//2096 916//2096
f 904//2097 898//2097 910//2097
f 923//2098 898//2098 924//2098
f 941//2099 944//2099 942//2099
f 942//2100 944//2100 943//2100
f 895//2101 894//2101 896//2101
f 945//2102 947//2102 946//2102
f 944//2103 949//2103 945//2103
f 947//2104 949//2104 948//2104
f 945//2105 949//2105 947//2105
f 891//2106 890//2106 892//2106
f 944//2107 950//2107 949//2107
f 944//2108 951//2108 950//2108
f 894//2109 888//2109 896//2109
f 890//2110 888//2110 892//2110
f 889//2111 888//2111 890//2111
f 892//2112 888//2112 893//2112
f 893//2113 888//2113 894//2113
f 896//2114 888//2114 897//2114
f 897//2115 888//2115 898//2115
f 887//2116 886//2116 888//2116
f 886//2117 885//2117 888//2117
f 951//2118 955//2118 952//2118
f 952//2119 955//2119 953//2119
f 953//2120 955//2120 954//2120
f 951//2121 956//2121 955//2121
f 883//2122 882//2122 884//2122
f 884//2123 882//2123 885//2123
f 938//2124 881//2124 940//2124
f 898//2125 881//2125 924//2125
f 941//2126 881//2126 944//2126
f 888//2127 881//2127 898//2127
f 882//2128 881//2128 885//2128
f 885//2129 881//2129 888//2129
f 924//2130 881//2130 931//2130
f 931//2131 881//2131 938//2131
f 940//2132 881//2132 941//2132
f 956//2133 960//2133 957//2133
f 957//2134 960//2134 958//2134
f 958//2135 960//2135 959//2135
f 951//2136 960//2136 956//2136
f 951//2137 961//2137 960//2137
f 879//2138 878//2138 880//2138
f 880//2139 878//2139 881//2139
f 944//2140 878//2140 951//2140
f 881//2141 878//2141 944//2141
f 875//2142 874//2142 876//2142
f 876//2143 874//2143 877//2143
f 961//2144 966//2144 962//2144
f 962//2145 966//2145 963//2145
f 963//2146 966//2146 964//2146
f 964//2147 966//2147 965//2147
f 874//2148 873//2148 877//2148
f 841//2149 843//2149 842//2149
f 966//2150 843//2150 841//2150
f 871//2151 870//2151 872//2151
f 872//2152 870//2152 873//2152
f 869//2153 868//2153 870//2153
f 868//2154 867//2154 870//2154
f 870//2155 867//2155 873//2155
f 843//2156 847//2156 844//2156
f 844//2157 847//2157 845//2157
f 845//2158 847//2158 846//2158
f 873//2159 865//2159 877//2159
f 866//2160 865//2160 867//2160
f 867//2161 865//2161 873//2161
f 877//2162 865//2162 878//2162
f 865//2163 864//2163 878//2163
f 864//2164 863//2164 878//2164
f 878//2165 863//2165 951//2165
f 961//2166 851//2166 966//2166
f 847//2167 851//2167 848//2167
f 848//2168 851//2168 849//2168
f 849//2169 851//2169 850//2169
f 966//2170 851//2170 843//2170
f 843//2171 851//2171 847//2171
f 951//2172 851//2172 961//2172
f 951//2173 852//2173 851//2173
f 862//2174 861//2174 863//2174
f 861//2175 860//2175 863//2175
f 852//2176 854//2176 853//2176
f 852//2177 855//2177 854//2177
f 859//2178 858//2178 860//2178
f 860//2179 858//2179 863//2179
f 855//2180 857//2180 856//2180
f 863//2181 857//2181 951//2181
f 951//2182 857//2182 852//2182
f 858//2183 857//2183 863//2183
f 852//2184 857//2184 855//2184
f 1155//2185 1156//2185 1012//2185
f 1012//2186 1156//2186 1015//2186
f 1015//2187 1157//2187 1017//2187
f 1156//2188 1157//2188 1015//2188
f 1017//2189 1158//2189 1020//2189
f 1157//2190 1158//2190 1017//2190
f 1020//2191 1159//2191 1023//2191
f 1158//2192 1159//2192 1020//2192
f 1023//2193 1160//2193 1026//2193
f 1026//2194 1160//2194 1029//2194
f 1159//2195 1160//2195 1023//2195
f 1160//2196 1161//2196 1029//2196
f 1029//2197 1162//2197 1031//2197
f 1161//2198 1162//2198 1029//2198
f 1031//2199 1163//2199 1034//2199
f 1162//2200 1163//2200 1031//2200
f 1034//2201 1164//2201 1037//2201
f 1037//2202 1164//2202 1040//2202
f 1163//2203 1164//2203 1034//2203
f 1164//2204 1165//2204 1040//2204
f 1165//2205 1166//2205 1040//2205
f 1040//2206 1166//2206 1043//2206
f 1166//2207 1167//2207 1043//2207
f 1043//2208 1167//2208 1045//2208
f 1167//2209 1168//2209 1045//2209
f 1045//2210 1168//2210 1048//2210
f 1168//2211 1169//2211 1048//2211
f 1048//2212 1169//2212 1051//2212
f 1051//2213 1170//2213 1054//2213
f 1169//2214 1170//2214 1051//2214
f 1054//2215 1171//2215 1056//2215
f 1170//2216 1171//2216 1054//2216
f 1056//2217 1172//2217 1058//2217
f 1171//2218 1172//2218 1056//2218
f 1058//2219 1173//2219 1060//2219
f 1172//2220 1173//2220 1058//2220
f 1060//2221 1174//2221 1061//2221
f 1173//2222 1174//2222 1060//2222
f 1061//2223 1175//2223 1063//2223
f 1174//2224 1175//2224 1061//2224
f 1063//2225 1176//2225 1065//2225
f 1175//2226 1176//2226 1063//2226
f 1065//2227 1177//2227 1067//2227
f 1176//2228 1177//2228 1065//2228
f 1067//2229 1178//2229 1069//2229
f 1177//2230 1178//2230 1067//2230
f 1069//2231 1179//2231 1070//2231
f 1070//2232 1179//2232 1072//2232
f 1178//2233 1179//2233 1069//2233
f 1179//2234 1180//2234 1072//2234
f 1072//2235 1181//2235 1074//2235
f 1180//2236 1181//2236 1072//2236
f 1074//2237 1182//2237 1076//2237
f 1181//2238 1182//2238 1074//2238
f 1076//2239 1183//2239 1078//2239
f 1182//2240 1183//2240 1076//2240
f 1078//2241 1184//2241 1079//2241
f 1183//2242 1184//2242 1078//2242
f 1079//2243 1185//2243 1081//2243
f 1184//2244 1185//2244 1079//2244
f 1081//2245 1186//2245 1083//2245
f 1185//2246 1186//2246 1081//2246
f 1083//2247 1187//2247 1085//2247
f 1186//2248 1187//2248 1083//2248
f 1085//2249 1188//2249 1087//2249
f 1187//2250 1188//2250 1085//2250
f 1087//2251 1189//2251 1088//2251
f 1188//2252 1189//2252 1087//2252
f 1088//2253 1190//2253 1090//2253
f 1090//2254 1190//2254 1091//2254
f 1189//2255 1190//2255 1088//2255
f 1190//2256 1191//2256 1091//2256
f 1191//2257 1192//2257 1091//2257
f 1091//2258 1192//2258 1093//2258
f 1192//2259 1193//2259 1093//2259
f 1093//2260 1193//2260 1095//2260
f 1193//2261 1194//2261 1095//2261
f 1095//2262 1194//2262 1097//2262
f 1194//2263 1195//2263 1097//2263
f 1097//2264 1195//2264 1099//2264
f 1195//2265 1196//2265 1099//2265
f 1099//2266 1196//2266 1100//2266
f 1196//2267 1197//2267 1100//2267
f 1100//2268 1197//2268 1102//2268
f 1102//2269 1197//2269 1104//2269
f 1197//2270 1198//2270 1104//2270
f 1198//2271 1199//2271 1104//2271
f 1104//2272 1199//2272 1107//2272
f 1107//2273 1199//2273 1109//2273
f 1199//2274 1200//2274 1109//2274
f 1200//2275 1201//2275 1109//2275
f 1109//2276 1201//2276 1110//2276
f 1110//2277 1201//2277 1111//2277
f 1201//2278 1202//2278 1111//2278
f 1111//2279 1202//2279 1112//2279
f 1202//2280 1203//2280 1112//2280
f 1112//2281 1204//2281 1113//2281
f 1203//2282 1204//2282 1112//2282
f 1113//2283 1205//2283 1114//2283
f 1204//2284 1205//2284 1113//2284
f 1114//2285 1206//2285 1115//2285
f 1205//2286 1206//2286 1114//2286
f 1115//2287 1207//2287 1116//2287
f 1206//2288 1207//2288 1115//2288
f 1116//2289 1208//2289 1117//2289
f 1207//2290 1208//2290 1116//2290
f 1117//2291 1209//2291 1118//2291
f 1118//2292 1209//2292 1119//2292
f 1208//2293 1209//2293 1117//2293
f 1209//2294 1210//2294 1119//2294
f 1119//2295 1211//2295 1120//2295
f 1210//2296 1211//2296 1119//2296
f 1120//2297 1212//2297 1121//2297
f 1121//2298 1212//2298 1122//2298
f 1211//2299 1212//2299 1120//2299
f 1212//2300 1213//2300 1122//2300
f 1122//2301 1214//2301 1123//2301
f 1213//2302 1214//2302 1122//2302
f 1123//2303 1215//2303 1124//2303
f 1214//2304 1215//2304 1123//2304
f 1124//2305 1216//2305 1125//2305
f 1215//2306 1216//2306 1124//2306
f 1216//2307 1217//2307 1125//2307
f 1125//2308 1217//2308 1126//2308
f 1217//2309 1218//2309 1126//2309
f 1126//2310 1218//2310 1127//2310
f 1218//2311 1219//2311 1127//2311
f 1127//2312 1219//2312 1128//2312
f 1219//2313 1220//2313 1128//2313
f 1128//2314 1220//2314 1129//2314
f 1129//2315 1220//2315 1130//2315
f 1220//2316 1221//2316 1130//2316
f 1221//2317 1222//2317 1130//2317
f 1130//2318 1222//2318 1131//2318
f 1222//2319 1223//2319 1131//2319
f 1131//2320 1223//2320 1132//2320
f 1132//2321 1223//2321 1133//2321
f 1223//2322 1224//2322 1133//2322
f 1224//2323 1225//2323 1133//2323
f 1133//2324 1225//2324 1134//2324
f 1225//2325 1226//2325 1134//2325
f 1134//2326 1226//2326 1135//2326
f 1135//2327 1226//2327 1136//2327
f 1226//2328 1227//2328 1136//2328
f 1136//2329 1227//2329 1137//2329
f 1227//2330 1228//2330 1137//2330
f 1137//2331 1228//2331 1138//2331
f 1228//2332 1229//2332 1138//2332
f 1229//2333 1230//2333 1138//2333
f 1138//2334 1230//2334 1139//2334
f 1230//2335 1231//2335 1139//2335
f 1139//2336 1231//2336 1140//2336
f 1231//2337 1232//2337 1140//2337
f 1140//2338 1232//2338 1141//2338
f 1232//2339 1233//2339 1141//2339
f 1141//2340 1233//2340 1142//2340
f 1233//2341 1234//2341 1142//2341
f 1142//2342 1234//2342 1055//2342
f 1234//2343 1235//2343 1055//2343
f 1055//2344 1235//2344 1052//2344
f 1235//2345 1236//2345 1052//2345
f 1052//2346 1236//2346 1050//2346
f 1236//2347 1237//2347 1050//2347
f 1050//2348 1237//2348 1047//2348
f 1047//2349 1238//2349 1044//2349
f 1237//2350 1238//2350 1047//2350
f 1044//2351 1238//2351 1042//2351
f 1238//2352 1239//2352 1042//2352
f 1042//2353 1240//2353 1039//2353
f 1039//2354 1240//2354 1036//2354
f 1239//2355 1240//2355 1042//2355
f 1240//2356 1241//2356 1036//2356
f 1036//2357 1242//2357 1033//2357
f 1033//2358 1242//2358 1030//2358
f 1241//2359 1242//2359 1036//2359
f 1242//2360 1243//2360 1030//2360
f 1243//2361 1244//2361 1030//2361
f 1030//2362 1244//2362 1028//2362
f 1244//2363 1245//2363 1028//2363
f 1028//2364 1245//2364 1025//2364
f 1025//2365 1245//2365 1022//2365
f 1245//2366 1246//2366 1022//2366
f 1246//2367 1247//2367 1022//2367
f 1022//2368 1247//2368 1019//2368
f 1019//2369 1247//2369 1016//2369
f 1247//2370 1248//2370 1016//2370
f 1248//2371 1249//2371 1016//2371
f 1016//2372 1249//2372 1014//2372
f 1249//2373 1250//2373 1014//2373
f 1014//2374 1250//2374 1011//2374
f 1250//2375 1251//2375 1011//2375
f 1011//2376 1251//2376 1008//2376
f 1008//2377 1251//2377 1005//2377
f 1251//2378 1252//2378 1005//2378
f 1005//2379 1252//2379 1002//2379
f 1252//2380 1253//2380 1002//2380
f 1002//2381 1253//2381 1000//2381
f 1000//2382 1254//2382 997//2382
f 1253//2383 1254//2383 1000//2383
f 1254//2384 1255//2384 997//2384
f 997//2385 1256//2385 994//2385
f 994//2386 1256//2386 991//2386
f 1255//2387 1256//2387 997//2387
f 1256//2388 1257//2388 991//2388
f 991//2389 1258//2389 988//2389
f 988//2390 1258//2390 985//2390
f 1257//2391 1258//2391 991//2391
f 1258//2392 1259//2392 985//2392
f 985//2393 1260//2393 982//2393
f 1259//2394 1260//2394 985//2394
f 982//2395 1261//2395 979//2395
f 1260//2396 1261//2396 982//2396
f 979//2397 1262//2397 977//2397
f 977//2398 1262//2398 975//2398
f 1261//2399 1262//2399 979//2399
f 1262//2400 1263//2400 975//2400
f 975//2401 1264//2401 973//2401
f 1263//2402 1264//2402 975//2402
f 973//2403 1265//2403 971//2403
f 971//2404 1265//2404 972//2404
f 1264//2405 1265//2405 973//2405
f 1265//2406 1266//2406 972//2406
f 1266//2407 1267//2407 972//2407
f 972//2408 1267//2408 974//2408
f 974//2409 1267//2409 976//2409
f 1267//2410 1268//2410 976//2410
f 1268//2411 1269//2411 976//2411
f 976//2412 1269//2412 978//2412
f 978//2413 1269//2413 980//2413
f 1269//2414 1270//2414 980//2414
f 1270//2415 1271//2415 980//2415
f 980//2416 1271//2416 983//2416
f 983//2417 1271//2417 986//2417
f 1271//2418 1272//2418 986//2418
f 986//2419 1273//2419 989//2419
f 1272//2420 1273//2420 986//2420
f 989//2421 1274//2421 992//2421
f 1273//2422 1274//2422 989//2422
f 992//2423 1275//2423 995//2423
f 1274//2424 1275//2424 992//2424
f 995//2425 1276//2425 998//2425
f 998//2426 1276//2426 1001//2426
f 1275//2427 1276//2427 995//2427
f 1276//2428 1277//2428 1001//2428
f 1001//2429 1278//2429 1003//2429
f 1277//2430 1278//2430 1001//2430
f 1003//2431 1279//2431 1006//2431
f 1278//2432 1279//2432 1003//2432
f 1006//2433 1280//2433 1009//2433
f 1279//2434 1280//2434 1006//2434
f 1009//2435 1155//2435 1012//2435
f 1280//2436 1155//2436 1009//2436
f 1264//2437 1267//2437 1265//2437
f 1265//2438 1267//2438 1266//2438
f 1263//2439 1269//2439 1264//2439
f 1267//2440 1269//2440 1268//2440
f 1264//2441 1269//2441 1267//2441
f 1262//2442 1261//2442 1263//2442
f 1270//2443 1272//2443 1271//2443
f 1259//2444 1258//2444 1260//2444
f 1260//2445 1258//2445 1261//2445
f 1261//2446 1258//2446 1263//2446
f 1270//2447 1273//2447 1272//2447
f 1257//2448 1256//2448 1258//2448
f 1273//2449 1275//2449 1274//2449
f 1255//2450 1253//2450 1256//2450
f 1256//2451 1253//2451 1258//2451
f 1254//2452 1253//2452 1255//2452
f 1269//2453 1278//2453 1270//2453
f 1275//2454 1278//2454 1276//2454
f 1276//2455 1278//2455 1277//2455
f 1270//2456 1278//2456 1273//2456
f 1273//2457 1278//2457 1275//2457
f 1278//2458 1280//2458 1279//2458
f 1269//2459 1280//2459 1278//2459
f 1251//2460 1250//2460 1252//2460
f 1252//2461 1250//2461 1253//2461
f 1250//2462 1249//2462 1253//2462
f 1280//2463 1156//2463 1155//2463
f 1249//2464 1248//2464 1253//2464
f 1247//2465 1246//2465 1248//2465
f 1156//2466 1159//2466 1157//2466
f 1157//2467 1159//2467 1158//2467
f 1156//2468 1162//2468 1159//2468
f 1159//2469 1162//2469 1160//2469
f 1160//2470 1162//2470 1161//2470
f 1280//2471 1162//2471 1156//2471
f 1243//2472 1242//2472 1244//2472
f 1244//2473 1242//2473 1245//2473
f 1162//2474 1164//2474 1163//2474
f 1280//2475 1164//2475 1162//2475
f 1241//2476 1240//2476 1242//2476
f 1242//2477 1239//2477 1245//2477
f 1240//2478 1239//2478 1242//2478
f 1164//2479 1167//2479 1165//2479
f 1165//2480 1167//2480 1166//2480
f 1237//2481 1236//2481 1238//2481
f 1236//2482 1235//2482 1238//2482
f 1167//2483 1170//2483 1168//2483
f 1168//2484 1170//2484 1169//2484
f 1170//2485 1172//2485 1171//2485
f 1239//2486 1232//2486 1245//2486
f 1235//2487 1232//2487 1238//2487
f 1233//2488 1232//2488 1234//2488
f 1234//2489 1232//2489 1235//2489
f 1238//2490 1232//2490 1239//2490
f 1245//2491 1232//2491 1246//2491
f 1170//2492 1173//2492 1172//2492
f 1280//2493 1174//2493 1164//2493
f 1164//2494 1174//2494 1167//2494
f 1263//2495 1174//2495 1269//2495
f 1167//2496 1174//2496 1170//2496
f 1258//2497 1174//2497 1263//2497
f 1170//2498 1174//2498 1173//2498
f 1253//2499 1174//2499 1258//2499
f 1269//2500 1174//2500 1280//2500
f 1246//2501 1229//2501 1248//2501
f 1232//2502 1229//2502 1246//2502
f 1230//2503 1229//2503 1231//2503
f 1231//2504 1229//2504 1232//2504
f 1174//2505 1177//2505 1175//2505
f 1175//2506 1177//2506 1176//2506
f 1228//2507 1227//2507 1229//2507
f 1177//2508 1179//2508 1178//2508
f 1174//2509 1179//2509 1177//2509
f 1180//2510 1182//2510 1181//2510
f 1223//2511 1222//2511 1224//2511
f 1224//2512 1222//2512 1225//2512
f 1225//2513 1222//2513 1226//2513
f 1226//2514 1222//2514 1227//2514
f 1179//2515 1183//2515 1180//2515
f 1174//2516 1183//2516 1179//2516
f 1180//2517 1183//2517 1182//2517
f 1227//2518 1221//2518 1229//2518
f 1222//2519 1221//2519 1227//2519
f 1183//2520 1186//2520 1184//2520
f 1184//2521 1186//2521 1185//2521
f 1219//2522 1218//2522 1220//2522
f 1218//2523 1216//2523 1220//2523
f 1217//2524 1216//2524 1218//2524
f 1187//2525 1189//2525 1188//2525
f 1216//2526 1215//2526 1220//2526
f 1220//2527 1215//2527 1221//2527
f 1221//2528 1215//2528 1229//2528
f 1183//2529 1190//2529 1186//2529
f 1187//2530 1190//2530 1189//2530
f 1186//2531 1190//2531 1187//2531
f 1174//2532 1190//2532 1183//2532
f 1253//2533 1190//2533 1174//2533
f 1229//2534 1190//2534 1248//2534
f 1248//2535 1190//2535 1253//2535
f 1214//2536 1213//2536 1215//2536
f 1190//2537 1193//2537 1191//2537
f 1191//2538 1193//2538 1192//2538
f 1213//2539 1211//2539 1215//2539
f 1212//2540 1211//2540 1213//2540
f 1211//2541 1210//2541 1215//2541
f 1190//2542 1196//2542 1193//2542
f 1193//2543 1196//2543 1194//2543
f 1194//2544 1196//2544 1195//2544
f 1196//2545 1198//2545 1197//2545
f 1215//2546 1206//2546 1229//2546
f 1210//2547 1206//2547 1215//2547
f 1190//2548 1206//2548 1196//2548
f 1207//2549 1206//2549 1208//2549
f 1208//2550 1206//2550 1209//2550
f 1209//2551 1206//2551 1210//2551
f 1229//2552 1206//2552 1190//2552
f 1196//2553 1199//2553 1198//2553
f 1196//2554 1200//2554 1199//2554
f 1196//2555 1201//2555 1200//2555
f 1206//2556 1202//2556 1196//2556
f 1203//2557 1202//2557 1204//2557
f 1204//2558 1202//2558 1205//2558
f 1205//2559 1202//2559 1206//2559
f 1196//2560 1202//2560 1201//2560
