# Created by FreeCAD <https://www.freecad.org>
v -299.767944 -190.000000 -87.671196
v -274.522186 -190.000000 36.960148
v -299.922150 -190.000000 36.928707
v -274.367950 -190.000000 -87.639755
v -274.464996 -190.000000 39.413605
v -299.835907 -190.000000 40.628521
v -274.287476 -190.000000 41.861298
v -299.568237 -190.000000 44.319645
v -273.990112 -190.000000 44.297337
v -299.119751 -190.000000 47.993191
v -298.491577 -190.000000 51.640305
v -273.573517 -190.000000 46.715847
v -273.038788 -190.000000 49.111004
v -297.685181 -190.000000 55.252197
v -296.702545 -190.000000 58.820179
v -272.387177 -190.000000 51.477039
v -271.620239 -190.000000 53.808247
v -295.546051 -190.000000 62.335640
v -270.739838 -190.000000 56.099014
v -294.218414 -190.000000 65.790115
v -269.748108 -190.000000 58.343830
v -292.722870 -190.000000 69.175293
v -268.647430 -190.000000 60.537277
v -291.063019 -190.000000 72.483017
v -267.440430 -190.000000 62.674072
v -289.242889 -190.000000 75.705307
v -266.130066 -190.000000 64.749069
v -287.266846 -190.000000 78.834404
v -264.719421 -190.000000 66.757278
v -285.139618 -190.000000 81.862770
v -263.211975 -190.000000 68.693832
v -282.866364 -190.000000 84.783112
v -261.611298 -190.000000 70.554100
v -280.452576 -190.000000 87.588394
v -259.921295 -190.000000 72.333595
v -277.904022 -190.000000 90.271858
v -275.226868 -190.000000 92.827034
v -258.145996 -190.000000 74.028008
v -272.427582 -190.000000 95.247780
v -256.289703 -190.000000 75.633270
v -269.512878 -190.000000 97.528244
v -254.356873 -190.000000 77.145515
v -252.352173 -190.000000 78.561104
v -266.489777 -190.000000 99.662949
v -250.280411 -190.000000 79.876617
v -263.365570 -190.000000 101.646751
v -248.146606 -190.000000 81.088898
v -260.147797 -190.000000 103.474854
v -245.955902 -190.000000 82.195007
v -243.713562 -190.000000 83.192299
v -256.844208 -190.000000 105.142876
v -253.462753 -190.000000 106.646790
v -250.011566 -190.000000 107.982964
v -241.424973 -190.000000 84.078362
v -246.498962 -190.000000 109.148193
v -239.095657 -190.000000 84.851059
v -242.933441 -190.000000 110.139656
v -236.731247 -190.000000 85.508522
v -239.323563 -190.000000 110.954987
v -234.337433 -190.000000 86.049194
v -231.919952 -190.000000 86.471748
v -235.678009 -190.000000 111.592201
v -229.484665 -190.000000 86.775169
v -232.005585 -190.000000 112.049767
v -228.315125 -190.000000 112.326576
v -227.037415 -190.000000 86.958740
v -224.584106 -190.000000 87.022003
v -224.615555 -190.000000 112.421982
v -5.230126 -190.000000 94.624519
v -5.491570 -190.000000 94.891907
v -4.955679 -190.000000 94.370499
v -5.739361 -190.000000 95.171982
v -4.668912 -190.000000 94.130478
v -5.972884 -190.000000 95.464073
v -6.191556 -190.000000 95.767433
v -6.394836 -190.000000 96.081314
v -6.582217 -190.000000 96.404945
v -6.753233 -190.000000 96.737511
v -6.907461 -190.000000 97.078186
v -7.044514 -190.000000 97.426132
v -7.164054 -190.000000 97.780464
v -7.265783 -190.000000 98.140327
v -7.349449 -190.000000 98.504799
v -7.414842 -190.000000 98.873001
v -7.461801 -190.000000 99.244003
v -7.490209 -190.000000 99.616890
v -7.499994 -190.000000 99.990715
v -7.491134 -190.000000 100.364571
v -7.463649 -190.000000 100.737518
v -7.417609 -190.000000 101.108643
v -7.353127 -190.000000 101.476997
v -7.270365 -190.000000 101.841682
v -7.169527 -190.000000 102.201790
v -7.050864 -190.000000 102.556419
v -6.914672 -190.000000 102.904701
v -6.761289 -190.000000 103.245758
v -6.591096 -190.000000 103.578751
v -6.404517 -190.000000 103.902840
v -6.202015 -190.000000 104.217224
v -5.984095 -190.000000 104.521133
v -5.751296 -190.000000 104.813789
v 2.040238 -190.000000 92.782837
v 12.194686 -190.000000 87.315086
v 2.397448 -190.000000 92.893509
v 2.748697 -190.000000 93.021843
v 3.093113 -190.000000 93.167526
v 3.429838 -190.000000 93.330200
v 3.758037 -190.000000 93.509453
v 4.076892 -190.000000 93.704849
v 4.385612 -190.000000 93.915886
v 4.683428 -190.000000 94.142052
v 4.969600 -190.000000 94.382790
v -2.379848 -190.000000 92.887596
v -2.022365 -190.000000 92.777809
v -1.659855 -190.000000 92.685982
v -1.293218 -190.000000 92.612335
v -0.923366 -190.000000 92.557053
v -0.551218 -190.000000 92.520287
v -0.177699 -190.000000 92.502106
v 0.196261 -190.000000 92.502571
v 0.569733 -190.000000 92.521675
v 0.941788 -190.000000 92.559364
v 1.311503 -190.000000 92.615562
v 1.677956 -190.000000 92.690109
v -5.504199 -190.000000 105.094490
v 5.243418 -190.000000 94.637482
v -5.243418 -190.000000 105.362518
v 5.504199 -190.000000 94.905510
v -4.969600 -190.000000 105.617210
v 5.751296 -190.000000 95.186211
v -4.683428 -190.000000 105.857948
v 5.984095 -190.000000 95.478867
v -4.385612 -190.000000 106.084114
v 6.202015 -190.000000 95.782776
v -4.076892 -190.000000 106.295151
v 6.404517 -190.000000 96.097160
v -3.758037 -190.000000 106.490547
v 6.591096 -190.000000 96.421249
v -3.429838 -190.000000 106.669800
v 6.761289 -190.000000 96.754242
v -3.093113 -190.000000 106.832474
v 6.914672 -190.000000 97.095299
v -2.748697 -190.000000 106.978157
v 7.050864 -190.000000 97.443581
v -2.397448 -190.000000 107.106491
v 7.169527 -190.000000 97.798210
v -2.040238 -190.000000 107.217163
v 7.270365 -190.000000 98.158318
v -1.677956 -190.000000 107.309891
v 7.353127 -190.000000 98.523003
v 7.417609 -190.000000 98.891357
v 7.463649 -190.000000 99.262482
v 7.499994 -190.000000 100.009285
v 22.684263 -190.000000 112.728088
v 7.490209 -190.000000 100.383110
v 7.461801 -190.000000 100.755997
v 7.414842 -190.000000 101.126999
v 7.349449 -190.000000 101.495201
v 7.265783 -190.000000 101.859673
v 7.164054 -190.000000 102.219536
v 7.044514 -190.000000 102.573868
v 6.907461 -190.000000 102.921814
v 6.753233 -190.000000 103.262489
v 6.582217 -190.000000 103.595055
v 6.394836 -190.000000 103.918686
v 6.191556 -190.000000 104.232567
v 5.972884 -190.000000 104.535927
v 5.739361 -190.000000 104.828018
v 5.491570 -190.000000 105.108093
v 5.230126 -190.000000 105.375481
v 4.955679 -190.000000 105.629501
v 4.668912 -190.000000 105.869522
v 4.370536 -190.000000 106.094955
v 4.061296 -190.000000 106.305229
v 3.741957 -190.000000 106.499832
v 3.413316 -190.000000 106.678268
v 3.076189 -190.000000 106.840111
v 7.491134 -190.000000 99.635429
v 2.731414 -190.000000 106.984940
v 2.379848 -190.000000 107.112404
v 2.022365 -190.000000 107.222191
v 1.659855 -190.000000 107.314018
v 1.293218 -190.000000 107.387665
v 0.923366 -190.000000 107.442947
v 0.551218 -190.000000 107.479713
v 0.177699 -190.000000 107.497894
v -0.196261 -190.000000 107.497429
v -0.569733 -190.000000 107.478325
v -0.941788 -190.000000 107.440636
v -1.311503 -190.000000 107.384438
v 154.029724 -190.000000 -18.292608
v 136.091461 -190.000000 -36.275337
v -2.731414 -190.000000 93.015060
v -3.076189 -190.000000 93.159889
v -3.413316 -190.000000 93.321732
v -3.741957 -190.000000 93.500168
v -4.061296 -190.000000 93.694771
v -4.370536 -190.000000 93.905045
v -299.767944 -164.600006 -87.671196
v -299.922150 -164.600006 36.928707
v -299.835907 -164.600006 40.628521
v -299.568237 -164.600006 44.319645
v -299.119751 -164.600006 47.993191
v -298.491577 -164.600006 51.640305
v -297.685181 -164.600006 55.252197
v -296.702545 -164.600006 58.820179
v -295.546051 -164.600006 62.335640
v -294.218414 -164.600006 65.790115
v -292.722870 -164.600006 69.175293
v -291.063019 -164.600006 72.483017
v -289.242889 -164.600006 75.705307
v -287.266846 -164.600006 78.834404
v -285.139618 -164.600006 81.862770
v -282.866364 -164.600006 84.783112
v -280.452576 -164.600006 87.588394
v -277.904022 -164.600006 90.271858
v -275.226868 -164.600006 92.827034
v -272.427582 -164.600006 95.247780
v -269.512878 -164.600006 97.528244
v -266.489777 -164.600006 99.662949
v -263.365570 -164.600006 101.646751
v -260.147797 -164.600006 103.474854
v -256.844208 -164.600006 105.142876
v -253.462753 -164.600006 106.646790
v -250.011566 -164.600006 107.982964
v -246.498962 -164.600006 109.148193
v -242.933441 -164.600006 110.139656
v -239.323563 -164.600006 110.954987
v -235.678009 -164.600006 111.592201
v -232.005585 -164.600006 112.049767
v -228.315125 -164.600006 112.326576
v -224.615555 -164.600006 112.421982
v -292.565826 -172.198700 -87.662285
v -292.304718 -171.931000 -87.661957
v -292.030579 -171.676636 -87.661621
v -292.813263 -172.479095 -87.662590
v -291.744110 -171.436264 -87.661263
v -293.046448 -172.771469 -87.662880
v -291.446014 -171.210464 -87.660896
v -293.264740 -173.075104 -87.663147
v -291.137054 -170.999802 -87.660515
v -293.467621 -173.389236 -87.663399
v -290.817932 -170.804810 -87.660118
v -293.654602 -173.713089 -87.663628
v -290.489532 -170.625961 -87.659714
v -293.825226 -174.045868 -87.663841
v -290.152588 -170.463699 -87.659294
v -293.979004 -174.386734 -87.664032
v -289.808014 -170.318451 -87.658867
v -294.115631 -174.734848 -87.664200
v -289.456604 -170.190552 -87.658432
v -294.234741 -175.089340 -87.664352
v -289.099243 -170.080322 -87.657990
v -294.336029 -175.449326 -87.664474
v -288.736847 -169.988037 -87.657547
v -294.419250 -175.813904 -87.664581
v -288.370300 -169.913940 -87.657089
v -294.484161 -176.182190 -87.664658
v -288.000519 -169.858200 -87.656631
v -294.530670 -176.553238 -87.664719
v -287.628418 -169.820969 -87.656174
v -294.558624 -176.926163 -87.664749
v -287.254913 -169.802338 -87.655708
v -294.567932 -177.300003 -87.664764
v -292.813263 -182.120911 -87.662590
v -292.565826 -182.401291 -87.662285
v -293.046448 -181.828537 -87.662880
v -293.264740 -181.524902 -87.663147
v -293.467621 -181.210770 -87.663399
v -293.654602 -180.886902 -87.663628
v -293.825226 -180.554123 -87.663841
v -293.979004 -180.213257 -87.664032
v -294.115631 -179.865158 -87.664200
v -294.234741 -179.510666 -87.664352
v -294.336029 -179.150681 -87.664474
v -294.419250 -178.786102 -87.664581
v -294.484161 -178.417816 -87.664658
v -294.530670 -178.046753 -87.664719
v -294.558624 -177.673843 -87.664749
v -274.367950 -164.600006 -87.639755
v -286.135376 -169.858200 -87.654327
v -286.507477 -169.820969 -87.654785
v -285.765594 -169.913940 -87.653870
v -285.399048 -169.988037 -87.653412
v -285.036652 -170.080322 -87.652962
v -284.679291 -170.190552 -87.652519
v -284.327881 -170.318451 -87.652084
v -283.983276 -170.463699 -87.651657
v -283.646362 -170.625961 -87.651245
v -283.317932 -170.804810 -87.650833
v -282.998840 -170.999802 -87.650444
v -282.689880 -171.210464 -87.650063
v -282.391785 -171.436264 -87.649689
v -282.105286 -171.676636 -87.649338
v -281.831177 -171.931000 -87.648994
v -286.880951 -169.802338 -87.655243
v -292.304718 -182.669006 -87.661957
v -281.570068 -172.198700 -87.648674
v -292.030579 -182.923355 -87.661621
v -281.322601 -172.479095 -87.648369
v -291.744110 -183.163742 -87.661263
v -281.089447 -172.771469 -87.648079
v -291.446014 -183.389542 -87.660896
v -280.871155 -173.075104 -87.647804
v -291.137054 -183.600189 -87.660515
v -280.668274 -173.389236 -87.647560
v -290.817932 -183.795197 -87.660118
v -280.481293 -173.713089 -87.647324
v -290.489532 -183.974045 -87.659714
v -280.310669 -174.045868 -87.647118
v -290.152588 -184.136292 -87.659294
v -280.156860 -174.386734 -87.646927
v -289.808014 -184.281555 -87.658867
v -280.020264 -174.734848 -87.646751
v -289.456604 -184.409454 -87.658432
v -279.901154 -175.089340 -87.646606
v -289.099243 -184.519684 -87.657990
v -279.799866 -175.449326 -87.646484
v -288.736847 -184.611954 -87.657547
v -279.716644 -175.813904 -87.646378
v -288.370300 -184.686066 -87.657089
v -279.651703 -176.182190 -87.646301
v -288.000519 -184.741791 -87.656631
v -279.605225 -176.553238 -87.646240
v -287.628418 -184.779022 -87.656174
v -279.577271 -176.926163 -87.646210
v -279.567932 -177.300003 -87.646194
v -279.577271 -177.673843 -87.646210
v -279.605225 -178.046753 -87.646240
v -279.651703 -178.417816 -87.646301
v -279.716644 -178.786102 -87.646378
v -279.799866 -179.150681 -87.646484
v -279.901154 -179.510666 -87.646606
v -280.020264 -179.865158 -87.646751
v -280.156860 -180.213257 -87.646927
v -280.310669 -180.554123 -87.647118
v -280.481293 -180.886902 -87.647324
v -280.668274 -181.210770 -87.647560
v -280.871155 -181.524902 -87.647804
v -281.089447 -181.828537 -87.648079
v -281.322601 -182.120911 -87.648369
v -281.570068 -182.401291 -87.648674
v -281.831177 -182.669006 -87.648994
v -282.105286 -182.923355 -87.649338
v -282.391785 -183.163742 -87.649689
v -282.689880 -183.389542 -87.650063
v -282.998840 -183.600189 -87.650444
v -283.317932 -183.795197 -87.650833
v -283.646362 -183.974045 -87.651245
v -283.983276 -184.136292 -87.651657
v -284.327881 -184.281555 -87.652084
v -284.679291 -184.409454 -87.652519
v -285.036652 -184.519684 -87.652962
v -285.399048 -184.611954 -87.653412
v -285.765594 -184.686066 -87.653870
v -286.135376 -184.741791 -87.654327
v -286.507477 -184.779022 -87.654785
v -287.254913 -184.797668 -87.655708
v -286.880951 -184.797668 -87.655243
v -5.513605 -172.198700 112.693184
v -5.252492 -171.931000 112.693504
v -4.978360 -171.676636 112.693848
v -5.761049 -172.479095 112.692879
v -4.691890 -171.436264 112.694199
v -5.994209 -172.771469 112.692589
v -4.393794 -171.210464 112.694565
v -6.212506 -173.075104 112.692314
v -4.084814 -170.999802 112.694954
v -6.415397 -173.389236 112.692062
v -3.765717 -170.804810 112.695343
v -6.602377 -173.713089 112.691833
v -3.437297 -170.625961 112.695755
v -6.772981 -174.045868 112.691620
v -3.100371 -170.463699 112.696167
v -6.926786 -174.386734 112.691429
v -2.755776 -170.318451 112.696594
v -7.063409 -174.734848 112.691261
v -2.404368 -170.190552 112.697029
v -7.182511 -175.089340 112.691116
v -2.047022 -170.080322 112.697472
v -7.283794 -175.449326 112.690994
v -1.684626 -169.988037 112.697922
v -7.367008 -175.813904 112.690887
v -1.318080 -169.913940 112.698372
v -7.431945 -176.182190 112.690811
v -7.478445 -176.553238 112.690750
v -7.506391 -176.926163 112.690712
v -7.515714 -177.300003 112.690704
v -7.506391 -177.673843 112.690712
v -7.478445 -178.046753 112.690750
v -7.431945 -178.417816 112.690811
v -7.367008 -178.786102 112.690887
v -7.283794 -179.150681 112.690994
v -7.182511 -179.510666 112.691116
v -7.063409 -179.865158 112.691261
v -6.926786 -180.213257 112.691429
v -6.772981 -180.554123 112.691620
v -6.602377 -180.886902 112.691833
v -6.415397 -181.210770 112.692062
v -6.212506 -181.524902 112.692314
v -5.994209 -181.828537 112.692589
v -5.761049 -182.120911 112.692879
v -5.513605 -182.401291 112.693184
v -5.252492 -182.669006 112.693504
v 7.484274 -177.300003 112.709274
v 22.684263 -164.600006 112.728088
v 7.474951 -176.926163 112.709259
v 7.447005 -176.553238 112.709221
v 7.400506 -176.182190 112.709167
v 7.335568 -175.813904 112.709084
v 7.252354 -175.449326 112.708984
v 7.151071 -175.089340 112.708855
v 7.031969 -174.734848 112.708710
v 6.895347 -174.386734 112.708542
v 6.741541 -174.045868 112.708351
v 6.570937 -173.713089 112.708138
v 6.383957 -173.389236 112.707909
v 6.181066 -173.075104 112.707657
v 5.962769 -172.771469 112.707390
v 5.729609 -172.479095 112.707100
v 5.482165 -172.198700 112.706795
v 5.221052 -171.931000 112.706467
v 4.946920 -171.676636 112.706131
v 4.660450 -171.436264 112.705772
v 4.362354 -171.210464 112.705406
v 4.053374 -170.999802 112.705025
v 3.734277 -170.804810 112.704628
v 3.405857 -170.625961 112.704224
v 3.068931 -170.463699 112.703804
v 2.724336 -170.318451 112.703377
v 2.372928 -170.190552 112.702942
v 2.015582 -170.080322 112.702499
v 1.653186 -169.988037 112.702049
v 1.286640 -169.913940 112.701599
v 0.916857 -169.858200 112.701141
v 0.544755 -169.820969 112.700684
v 0.171260 -169.802338 112.700218
v -0.202700 -169.802338 112.699753
v -0.576195 -169.820969 112.699295
v -0.948297 -169.858200 112.698830
v 0.544755 -184.779022 112.700684
v 0.916857 -184.741791 112.701141
v 1.286640 -184.686066 112.701599
v 1.653186 -184.611954 112.702049
v 2.015582 -184.519684 112.702499
v 2.372928 -184.409454 112.702942
v 2.724336 -184.281555 112.703377
v 3.068931 -184.136292 112.703804
v 3.405857 -183.974045 112.704224
v 3.734277 -183.795197 112.704628
v 4.053374 -183.600189 112.705025
v 4.362354 -183.389542 112.705406
v 4.660450 -183.163742 112.705772
v 4.946920 -182.923355 112.706131
v 5.221052 -182.669006 112.706467
v 5.482165 -182.401291 112.706795
v 5.729609 -182.120911 112.707100
v 5.962769 -181.828537 112.707390
v 6.181066 -181.524902 112.707657
v 6.383957 -181.210770 112.707909
v 6.570937 -180.886902 112.708138
v 6.741541 -180.554123 112.708351
v 6.895347 -180.213257 112.708542
v 7.031969 -179.865158 112.708710
v 7.151071 -179.510666 112.708855
v 7.252354 -179.150681 112.708984
v 7.335568 -178.786102 112.709084
v 7.400506 -178.417816 112.709167
v 7.447005 -178.046753 112.709221
v 7.474951 -177.673843 112.709259
v -0.948297 -184.741791 112.698830
v -0.576195 -184.779022 112.699295
v -0.202700 -184.797668 112.699753
v 0.171260 -184.797668 112.700218
v -1.318080 -184.686066 112.698372
v -1.684626 -184.611954 112.697922
v -2.047022 -184.519684 112.697472
v -2.404368 -184.409454 112.697029
v -2.755776 -184.281555 112.696594
v -3.100371 -184.136292 112.696167
v -3.437297 -183.974045 112.695755
v -3.765717 -183.795197 112.695343
v -4.084814 -183.600189 112.694954
v -4.393794 -183.389542 112.694565
v -4.691890 -183.163742 112.694199
v -4.978360 -182.923355 112.693848
v -274.522186 -164.600006 36.960148
v 118.064255 -177.300003 17.583927
v 118.064255 -164.600006 17.583927
v 154.029724 -177.300003 -18.292608
v -274.464996 -164.600006 39.413605
v -274.287476 -164.600006 41.861298
v -273.990112 -164.600006 44.297337
v -273.573517 -164.600006 46.715847
v -273.038788 -164.600006 49.111004
v -272.387177 -164.600006 51.477039
v -271.620239 -164.600006 53.808247
v -270.739838 -164.600006 56.099014
v -269.748108 -164.600006 58.343830
v -268.647430 -164.600006 60.537277
v -267.440430 -164.600006 62.674072
v -266.130066 -164.600006 64.749069
v -264.719421 -164.600006 66.757278
v -263.211975 -164.600006 68.693832
v -261.611298 -164.600006 70.554100
v -259.921295 -164.600006 72.333595
v -258.145996 -164.600006 74.028008
v -256.289703 -164.600006 75.633270
v -254.356873 -164.600006 77.145515
v -252.352173 -164.600006 78.561104
v -250.280411 -164.600006 79.876617
v -248.146606 -164.600006 81.088898
v -245.955902 -164.600006 82.195007
v -243.713562 -164.600006 83.192299
v -241.424973 -164.600006 84.078362
v -239.095657 -164.600006 84.851059
v -236.731247 -164.600006 85.508522
v -234.337433 -164.600006 86.049194
v -231.919952 -164.600006 86.471748
v -229.484665 -164.600006 86.775169
v -227.037415 -164.600006 86.958740
v -224.584106 -164.600006 87.022003
v 136.091461 -177.300003 -36.275337
v 12.194686 -164.600006 87.315086
v 100.125992 -177.300003 -0.398804
v 100.125992 -164.600006 -0.398804
v 7.499994 -164.600006 100.009285
v 7.490209 -164.600006 100.383110
v 7.461801 -164.600006 100.755997
v 7.414842 -164.600006 101.126999
v 7.349449 -164.600006 101.495201
v 7.265783 -164.600006 101.859673
v 7.164054 -164.600006 102.219536
v 7.044514 -164.600006 102.573868
v 6.907461 -164.600006 102.921814
v 6.753233 -164.600006 103.262489
v 6.582217 -164.600006 103.595055
v 6.394836 -164.600006 103.918686
v 6.191556 -164.600006 104.232567
v 5.972884 -164.600006 104.535927
v 5.739361 -164.600006 104.828018
v 5.491570 -164.600006 105.108093
v 5.230126 -164.600006 105.375481
v 4.955679 -164.600006 105.629501
v 4.668912 -164.600006 105.869522
v 4.370536 -164.600006 106.094955
v 4.061296 -164.600006 106.305229
v 3.741957 -164.600006 106.499832
v 3.413316 -164.600006 106.678268
v 3.076189 -164.600006 106.840111
v 2.731414 -164.600006 106.984940
v 2.379848 -164.600006 107.112404
v 2.022365 -164.600006 107.222191
v 1.659855 -164.600006 107.314018
v 1.293218 -164.600006 107.387665
v 0.923366 -164.600006 107.442947
v 0.551218 -164.600006 107.479713
v 0.177699 -164.600006 107.497894
v -0.196261 -164.600006 107.497429
v -0.569733 -164.600006 107.478325
v -0.941788 -164.600006 107.440636
v -1.311503 -164.600006 107.384438
v -1.677956 -164.600006 107.309891
v -2.040238 -164.600006 107.217163
v -2.397448 -164.600006 107.106491
v -2.748697 -164.600006 106.978157
v -3.093113 -164.600006 106.832474
v -3.429838 -164.600006 106.669800
v -3.758037 -164.600006 106.490547
v -4.076892 -164.600006 106.295151
v -4.385612 -164.600006 106.084114
v -4.683428 -164.600006 105.857948
v -4.969600 -164.600006 105.617210
v -5.243418 -164.600006 105.362518
v -5.504199 -164.600006 105.094490
v -5.751296 -164.600006 104.813789
v -5.984095 -164.600006 104.521133
v -6.202015 -164.600006 104.217224
v -6.404517 -164.600006 103.902840
v -6.591096 -164.600006 103.578751
v -6.761289 -164.600006 103.245758
v -6.914672 -164.600006 102.904701
v -7.050864 -164.600006 102.556419
v -7.169527 -164.600006 102.201790
v -7.270365 -164.600006 101.841682
v -7.353127 -164.600006 101.476997
v -7.417609 -164.600006 101.108643
v -7.463649 -164.600006 100.737518
v -7.491134 -164.600006 100.364571
v -7.499994 -164.600006 99.990715
v -7.490209 -164.600006 99.616890
v -7.461801 -164.600006 99.244003
v -7.414842 -164.600006 98.873001
v -7.349449 -164.600006 98.504799
v -7.265783 -164.600006 98.140327
v -7.164054 -164.600006 97.780464
v -7.044514 -164.600006 97.426132
v -6.907461 -164.600006 97.078186
v -6.753233 -164.600006 96.737511
v -6.582217 -164.600006 96.404945
v -6.394836 -164.600006 96.081314
v -6.191556 -164.600006 95.767433
v -5.972884 -164.600006 95.464073
v -5.739361 -164.600006 95.171982
v -5.491570 -164.600006 94.891907
v -5.230126 -164.600006 94.624519
v -4.955679 -164.600006 94.370499
v -4.668912 -164.600006 94.130478
v -4.370536 -164.600006 93.905045
v -4.061296 -164.600006 93.694771
v -3.741957 -164.600006 93.500168
v -3.413316 -164.600006 93.321732
v -3.076189 -164.600006 93.159889
v -2.731414 -164.600006 93.015060
v -2.379848 -164.600006 92.887596
v -2.022365 -164.600006 92.777809
v -1.659855 -164.600006 92.685982
v -1.293218 -164.600006 92.612335
v -0.923366 -164.600006 92.557053
v -0.551218 -164.600006 92.520287
v -0.177699 -164.600006 92.502106
v 0.196261 -164.600006 92.502571
v 0.569733 -164.600006 92.521675
v 0.941788 -164.600006 92.559364
v 1.311503 -164.600006 92.615562
v 1.677956 -164.600006 92.690109
v 2.040238 -164.600006 92.782837
v 2.397448 -164.600006 92.893509
v 2.748697 -164.600006 93.021843
v 3.093113 -164.600006 93.167526
v 3.429838 -164.600006 93.330200
v 3.758037 -164.600006 93.509453
v 4.076892 -164.600006 93.704849
v 4.385612 -164.600006 93.915886
v 4.683428 -164.600006 94.142052
v 4.969600 -164.600006 94.382790
v 5.243418 -164.600006 94.637482
v 5.504199 -164.600006 94.905510
v 5.751296 -164.600006 95.186211
v 5.984095 -164.600006 95.478867
v 6.202015 -164.600006 95.782776
v 6.404517 -164.600006 96.097160
v 6.591096 -164.600006 96.421249
v 6.761289 -164.600006 96.754242
v 6.914672 -164.600006 97.095299
v 7.050864 -164.600006 97.443581
v 7.169527 -164.600006 97.798210
v 7.270365 -164.600006 98.158318
v 7.353127 -164.600006 98.523003
v 7.417609 -164.600006 98.891357
v 7.463649 -164.600006 99.262482
v 7.491134 -164.600006 99.635429
v 102.085426 -164.600006 -1.997726
v 101.566261 -164.600006 -1.635157
v 101.065811 -164.600006 -1.247161
v 100.585320 -164.600006 -0.834701
v 102.622025 -164.600006 -2.333966
v 103.174713 -164.600006 -2.643041
v 103.742119 -164.600006 -2.924182
v 104.322838 -164.600006 -3.176691
v 105.518394 -164.600006 -3.593373
v 104.915421 -164.600006 -3.399940
v 106.749496 -164.600006 -3.888946
v 106.130257 -164.600006 -3.756510
v 108.003906 -164.600006 -4.060472
v 107.374557 -164.600006 -3.990350
v 108.635963 -164.600006 -4.099136
v 109.901924 -164.600006 -4.081785
v 109.269157 -164.600006 -4.106246
v 110.532684 -164.600006 -4.025814
v 112.397308 -164.600006 -3.670619
v 111.781929 -164.600006 -3.819975
v 111.159874 -164.600006 -3.938471
v 114.188156 -164.600006 -3.041484
v 113.601913 -164.600006 -3.280889
v 113.004471 -164.600006 -3.490774
v 114.761726 -164.600006 -2.773155
v 115.865234 -164.600006 -2.152464
v 115.321220 -164.600006 -2.476570
v 116.392410 -164.600006 -1.801645
v 116.901451 -164.600006 -1.424984
v 118.307297 -164.600006 -0.149624
v 117.860085 -164.600006 -0.597945
v 117.391083 -164.600006 -1.023418
v 118.731606 -164.600006 0.320433
v 119.856873 -164.600006 1.849069
v 119.507362 -164.600006 1.321023
v 119.131958 -164.600006 0.811055
v 120.741745 -164.600006 3.528345
v 120.474831 -164.600006 2.954104
v 120.179634 -164.600006 2.393882
v 120.979698 -164.600006 4.115176
v 121.188103 -164.600006 4.713139
v 121.514267 -164.600006 5.936488
v 121.366440 -164.600006 5.320746
v 121.794319 -164.600006 8.449958
v 121.771423 -164.600006 7.817132
v 121.717010 -164.600006 7.186234
v 121.631226 -164.600006 6.558834
v 121.673737 -164.600006 10.344268
v 121.745415 -164.600006 9.715099
v 121.785645 -164.600006 9.083138
v 121.570786 -164.600006 10.969083
v 120.852524 -164.600006 13.393967
v 121.077240 -164.600006 12.801940
v 121.272163 -164.600006 12.199448
v 120.598579 -164.600006 13.974056
v 121.436813 -164.600006 11.587990
v 120.316032 -164.600006 14.540767
v 119.668022 -164.600006 15.628450
v 120.005585 -164.600006 15.092690
v 119.304169 -164.600006 16.146721
v 118.501282 -164.600006 17.125673
v 118.914932 -164.600006 16.646210
v -279.536499 -177.300003 -113.046165
v -279.545837 -177.673843 -113.046181
v -279.573792 -178.046753 -113.046219
v -279.620270 -178.417816 -113.046272
v -279.685211 -178.786102 -113.046356
v -279.768433 -179.150681 -113.046455
v -279.869720 -179.510666 -113.046585
v -279.988831 -179.865158 -113.046730
v -280.125427 -180.213257 -113.046898
v -280.279236 -180.554123 -113.047089
v -280.449860 -180.886902 -113.047302
v -280.636841 -181.210770 -113.047531
v -280.839722 -181.524902 -113.047783
v -281.058014 -181.828537 -113.048050
v -281.291168 -182.120911 -113.048340
v -281.538635 -182.401291 -113.048645
v -281.799744 -182.669006 -113.048973
v -282.073853 -182.923355 -113.049309
v -282.360352 -183.163742 -113.049667
v -282.658447 -183.389542 -113.050034
v -282.967407 -183.600189 -113.050415
v -283.286499 -183.795197 -113.050812
v -283.614929 -183.974045 -113.051216
v -283.951843 -184.136292 -113.051636
v -284.296448 -184.281555 -113.052063
v -284.647858 -184.409454 -113.052498
v -285.005219 -184.519684 -113.052940
v -285.367615 -184.611954 -113.053391
v -285.734161 -184.686066 -113.053841
v -286.103943 -184.741791 -113.054298
v -286.476044 -184.779022 -113.054756
v -286.849518 -184.797668 -113.055222
v -287.223480 -184.797668 -113.055687
v -287.596985 -184.779022 -113.056145
v -287.969086 -184.741791 -113.056610
v -288.338867 -184.686066 -113.057068
v -288.705414 -184.611954 -113.057518
v -289.067810 -184.519684 -113.057968
v -289.425171 -184.409454 -113.058411
v -289.776581 -184.281555 -113.058846
v -290.121155 -184.136292 -113.059273
v -290.458099 -183.974045 -113.059685
v -290.786499 -183.795197 -113.060097
v -291.105621 -183.600189 -113.060486
v -291.414581 -183.389542 -113.060875
v -291.712677 -183.163742 -113.061241
v -291.999146 -182.923355 -113.061592
v -292.273285 -182.669006 -113.061935
v -292.534393 -182.401291 -113.062256
v -292.781830 -182.120911 -113.062561
v -293.015015 -181.828537 -113.062851
v -293.233307 -181.524902 -113.063126
v -293.436188 -181.210770 -113.063377
v -293.623138 -180.886902 -113.063606
v -293.793762 -180.554123 -113.063820
v -293.947540 -180.213257 -113.064011
v -294.084167 -179.865158 -113.064178
v -294.203278 -179.510666 -113.064323
v -294.304565 -179.150681 -113.064445
v -294.387787 -178.786102 -113.064552
v -294.452698 -178.417816 -113.064629
v -294.499207 -178.046753 -113.064690
v -294.527161 -177.673843 -113.064728
v -294.536469 -177.300003 -113.064735
v -294.527161 -176.926163 -113.064728
v -294.499207 -176.553238 -113.064690
v -294.452698 -176.182190 -113.064629
v -294.387787 -175.813904 -113.064552
v -294.304565 -175.449326 -113.064445
v -294.203278 -175.089340 -113.064323
v -294.084167 -174.734848 -113.064178
v -293.947540 -174.386734 -113.064011
v -293.793762 -174.045868 -113.063820
v -293.623138 -173.713089 -113.063606
v -293.436188 -173.389236 -113.063377
v -293.233307 -173.075104 -113.063126
v -293.015015 -172.771469 -113.062851
v -292.781830 -172.479095 -113.062561
v -292.534393 -172.198700 -113.062256
v -292.273285 -171.931000 -113.061935
v -291.999146 -171.676636 -113.061592
v -291.712677 -171.436264 -113.061241
v -291.414581 -171.210464 -113.060875
v -291.105621 -170.999802 -113.060486
v -290.786499 -170.804810 -113.060097
v -290.458099 -170.625961 -113.059685
v -290.121155 -170.463699 -113.059273
v -289.776581 -170.318451 -113.058846
v -289.425171 -170.190552 -113.058411
v -289.067810 -170.080322 -113.057968
v -288.705414 -169.988037 -113.057518
v -288.338867 -169.913940 -113.057068
v -287.969086 -169.858200 -113.056610
v -287.596985 -169.820969 -113.056145
v -287.223480 -169.802338 -113.055687
v -286.849518 -169.802338 -113.055222
v -286.476044 -169.820969 -113.054756
v -286.103943 -169.858200 -113.054298
v -285.734161 -169.913940 -113.053841
v -285.367615 -169.988037 -113.053391
v -285.005219 -170.080322 -113.052940
v -284.647858 -170.190552 -113.052498
v -284.296448 -170.318451 -113.052063
v -283.951843 -170.463699 -113.051636
v -283.614929 -170.625961 -113.051216
v -283.286499 -170.804810 -113.050812
v -282.967407 -170.999802 -113.050415
v -282.658447 -171.210464 -113.050034
v -282.360352 -171.436264 -113.049667
v -282.073853 -171.676636 -113.049309
v -281.799744 -171.931000 -113.048973
v -281.538635 -172.198700 -113.048645
v -281.291168 -172.479095 -113.048340
v -281.058014 -172.771469 -113.048050
v -280.839722 -173.075104 -113.047783
v -280.636841 -173.389236 -113.047531
v -280.449860 -173.713089 -113.047302
v -280.279236 -174.045868 -113.047089
v -280.125427 -174.386734 -113.046898
v -279.988831 -174.734848 -113.046730
v -279.869720 -175.089340 -113.046585
v -279.768433 -175.449326 -113.046455
v -279.685211 -175.813904 -113.046356
v -279.620270 -176.182190 -113.046272
v -279.573792 -176.553238 -113.046219
v -279.545837 -176.926163 -113.046181
v 7.452834 -177.300003 138.109253
v 7.443511 -176.926163 138.109253
v 7.415565 -176.553238 138.109207
v 7.369065 -176.182190 138.109161
v 7.304128 -175.813904 138.109070
v 7.220914 -175.449326 138.108978
v 7.119631 -175.089340 138.108841
v 7.000529 -174.734848 138.108704
v 6.863906 -174.386734 138.108536
v 6.710101 -174.045868 138.108337
v 6.539497 -173.713089 138.108124
v 6.352517 -173.389236 138.107895
v 6.149626 -173.075104 138.107651
v 5.931329 -172.771469 138.107376
v 5.698169 -172.479095 138.107086
v 5.450725 -172.198700 138.106781
v 5.189612 -171.931000 138.106461
v 4.915480 -171.676636 138.106125
v 4.629010 -171.436264 138.105759
v 4.330914 -171.210464 138.105392
v 4.021934 -170.999802 138.105011
v 3.702837 -170.804810 138.104614
v 3.374417 -170.625961 138.104218
v 3.037491 -170.463699 138.103790
v 2.692896 -170.318451 138.103363
v 2.341488 -170.190552 138.102936
v 1.984142 -170.080322 138.102493
v 1.621746 -169.988037 138.102036
v 1.255200 -169.913940 138.101593
v 0.885417 -169.858200 138.101135
v 0.513315 -169.820969 138.100677
v 0.139820 -169.802338 138.100204
v -0.234140 -169.802338 138.099747
v -0.607635 -169.820969 138.099289
v -0.979737 -169.858200 138.098816
v -1.349520 -169.913940 138.098358
v -1.716066 -169.988037 138.097916
v -2.078462 -170.080322 138.097458
v -2.435808 -170.190552 138.097015
v -2.787216 -170.318451 138.096588
v -3.131811 -170.463699 138.096161
v -3.468737 -170.625961 138.095749
v -3.797157 -170.804810 138.095337
v -4.116254 -170.999802 138.094940
v -4.425234 -171.210464 138.094559
v -4.723330 -171.436264 138.094193
v -5.009800 -171.676636 138.093842
v -5.283932 -171.931000 138.093491
v -5.545045 -172.198700 138.093170
v -5.792489 -172.479095 138.092865
v -6.025649 -172.771469 138.092575
v -6.243946 -173.075104 138.092300
v -6.446836 -173.389236 138.092056
v -6.633817 -173.713089 138.091827
v -6.804421 -174.045868 138.091614
v -6.958227 -174.386734 138.091415
v -7.094849 -174.734848 138.091248
v -7.213951 -175.089340 138.091110
v -7.315234 -175.449326 138.090973
v -7.398448 -175.813904 138.090881
v -7.463386 -176.182190 138.090790
v -7.509885 -176.553238 138.090744
v -7.537831 -176.926163 138.090698
v -7.547154 -177.300003 138.090698
v -7.537831 -177.673843 138.090698
v -7.509885 -178.046753 138.090744
v -7.463386 -178.417816 138.090790
v -7.398448 -178.786102 138.090881
v -7.315234 -179.150681 138.090973
v -7.213951 -179.510666 138.091110
v -7.094849 -179.865158 138.091248
v -6.958227 -180.213257 138.091415
v -6.804421 -180.554123 138.091614
v -6.633817 -180.886902 138.091827
v -6.446836 -181.210770 138.092056
v -6.243946 -181.524902 138.092300
v -6.025649 -181.828537 138.092575
v -5.792489 -182.120911 138.092865
v -5.545045 -182.401291 138.093170
v -5.283932 -182.669006 138.093491
v -5.009800 -182.923355 138.093842
v -4.723330 -183.163742 138.094193
v -4.425234 -183.389542 138.094559
v -4.116254 -183.600189 138.094940
v -3.797157 -183.795197 138.095337
v -3.468737 -183.974045 138.095749
v -3.131811 -184.136292 138.096161
v -2.787216 -184.281555 138.096588
v -2.435808 -184.409454 138.097015
v -2.078462 -184.519684 138.097458
v -1.716066 -184.611954 138.097916
v -1.349520 -184.686066 138.098358
v -0.979737 -184.741791 138.098816
v -0.607635 -184.779022 138.099289
v -0.234140 -184.797668 138.099747
v 0.139820 -184.797668 138.100204
v 0.513315 -184.779022 138.100677
v 0.885417 -184.741791 138.101135
v 1.255200 -184.686066 138.101593
v 1.621746 -184.611954 138.102036
v 1.984142 -184.519684 138.102493
v 2.341488 -184.409454 138.102936
v 2.692896 -184.281555 138.103363
v 3.037491 -184.136292 138.103790
v 3.374417 -183.974045 138.104218
v 3.702837 -183.795197 138.104614
v 4.021934 -183.600189 138.105011
v 4.330914 -183.389542 138.105392
v 4.629010 -183.163742 138.105759
v 4.915480 -182.923355 138.106125
v 5.189612 -182.669006 138.106461
v 5.450725 -182.401291 138.106781
v 5.698169 -182.120911 138.107086
v 5.931329 -181.828537 138.107376
v 6.149626 -181.524902 138.107651
v 6.352517 -181.210770 138.107895
v 6.539497 -180.886902 138.108124
v 6.710101 -180.554123 138.108337
v 6.863906 -180.213257 138.108536
v 7.000529 -179.865158 138.108704
v 7.119631 -179.510666 138.108841
v 7.220914 -179.150681 138.108978
v 7.304128 -178.786102 138.109070
v 7.369065 -178.417816 138.109161
v 7.415565 -178.046753 138.109207
v 7.443511 -177.673843 138.109253
v 103.742119 -177.300003 -2.924182
v 103.174713 -177.300003 -2.643041
v 104.322838 -177.300003 -3.176691
v 104.915421 -177.300003 -3.399940
v 130.577652 -177.300003 -23.422937
v 130.839081 -177.300003 -23.690319
v 131.113541 -177.300003 -23.944336
v 130.329849 -177.300003 -23.142853
v 131.400299 -177.300003 -24.184359
v 130.096329 -177.300003 -22.850769
v 131.698685 -177.300003 -24.409790
v 129.877670 -177.300003 -22.547407
v 132.007919 -177.300003 -24.620066
v 129.674377 -177.300003 -22.233521
v 105.518394 -177.300003 -3.593373
v 132.327271 -177.300003 -24.814667
v 129.487000 -177.300003 -21.909895
v 106.130257 -177.300003 -3.756510
v 132.655899 -177.300003 -24.993109
v 129.315979 -177.300003 -21.577330
v 106.749496 -177.300003 -3.888946
v 132.993027 -177.300003 -25.154945
v 129.161758 -177.300003 -21.236652
v 107.374557 -177.300003 -3.990350
v 133.337799 -177.300003 -25.299778
v 129.024704 -177.300003 -20.888714
v 108.003906 -177.300003 -4.060472
v 133.689362 -177.300003 -25.427246
v 128.905151 -177.300003 -20.534372
v 108.635963 -177.300003 -4.099136
v 134.046844 -177.300003 -25.537029
v 128.803436 -177.300003 -20.174515
v 109.269157 -177.300003 -4.106246
v 134.409363 -177.300003 -25.628859
v 128.719757 -177.300003 -19.810034
v 134.776001 -177.300003 -25.702503
v 128.654373 -177.300003 -19.441835
v 109.901924 -177.300003 -4.081785
v 135.145844 -177.300003 -25.757782
v 128.607407 -177.300003 -19.070835
v 110.532684 -177.300003 -4.025814
v 135.517990 -177.300003 -25.794556
v 128.579010 -177.300003 -18.697956
v 111.159874 -177.300003 -3.938471
v 135.891525 -177.300003 -25.812733
v 128.569229 -177.300003 -18.324123
v 111.781929 -177.300003 -3.819975
v 136.265488 -177.300003 -25.812271
v 128.578094 -177.300003 -17.950268
v 136.638947 -177.300003 -25.793167
v 128.605560 -177.300003 -17.577318
v 112.397308 -177.300003 -3.670619
v 137.011002 -177.300003 -25.755474
v 128.651596 -177.300003 -17.206203
v 113.004471 -177.300003 -3.490774
v 137.380722 -177.300003 -25.699280
v 128.716080 -177.300003 -16.837843
v 113.601913 -177.300003 -3.280889
v 137.747177 -177.300003 -25.624727
v 128.798859 -177.300003 -16.473156
v 114.188156 -177.300003 -3.041484
v 138.109451 -177.300003 -25.532001
v 128.899689 -177.300003 -16.113049
v 138.466660 -177.300003 -25.421333
v 129.018356 -177.300003 -15.758413
v 114.761726 -177.300003 -2.773155
v 138.817917 -177.300003 -25.292995
v 129.154556 -177.300003 -15.410135
v 115.321220 -177.300003 -2.476570
v 139.162323 -177.300003 -25.147308
v 129.307922 -177.300003 -15.069078
v 115.865234 -177.300003 -2.152464
v 139.499054 -177.300003 -24.984638
v 129.478119 -177.300003 -14.736091
v 116.392410 -177.300003 -1.801645
v 139.827255 -177.300003 -24.805384
v 129.664703 -177.300003 -14.412000
v 140.146103 -177.300003 -24.609993
v 129.867203 -177.300003 -14.097612
v 116.901451 -177.300003 -1.424984
v 140.454819 -177.300003 -24.398951
v 130.085114 -177.300003 -13.793710
v 117.391083 -177.300003 -1.023418
v 140.752640 -177.300003 -24.172783
v 130.317917 -177.300003 -13.501048
v 141.038803 -177.300003 -23.932051
v 117.860085 -177.300003 -0.597945
v 130.565018 -177.300003 -13.220353
v 141.312637 -177.300003 -23.677355
v 130.825790 -177.300003 -12.952324
v 118.307297 -177.300003 -0.149624
v 131.099625 -177.300003 -12.697627
v 118.731606 -177.300003 0.320433
v 131.385788 -177.300003 -12.456896
v 119.131958 -177.300003 0.811055
v 131.683609 -177.300003 -12.230728
v 131.992325 -177.300003 -12.019686
v 119.507362 -177.300003 1.321023
v 132.311188 -177.300003 -11.824295
v 119.856873 -177.300003 1.849069
v 132.639374 -177.300003 -11.645041
v 120.179634 -177.300003 2.393882
v 132.976105 -177.300003 -11.482368
v 133.320511 -177.300003 -11.336683
v 120.474831 -177.300003 2.954104
v 133.671768 -177.300003 -11.208346
v 120.741745 -177.300003 3.528345
v 134.028976 -177.300003 -11.097677
v 120.979698 -177.300003 4.115176
v 134.391251 -177.300003 -11.004951
v 121.188103 -177.300003 4.713139
v 134.757706 -177.300003 -10.930399
v 135.127426 -177.300003 -10.874206
v 121.366440 -177.300003 5.320746
v 135.499481 -177.300003 -10.836510
v 121.514267 -177.300003 5.936488
v 135.872955 -177.300003 -10.817408
v 121.631226 -177.300003 6.558834
v 136.246918 -177.300003 -10.816945
v 121.717010 -177.300003 7.186234
v 136.620438 -177.300003 -10.835122
v 136.992584 -177.300003 -10.871897
v 121.771423 -177.300003 7.817132
v 137.362427 -177.300003 -10.927175
v 121.794319 -177.300003 8.449958
v 137.729065 -177.300003 -11.000820
v 121.785645 -177.300003 9.083138
v 138.091583 -177.300003 -11.092649
v 121.745415 -177.300003 9.715099
v 138.449066 -177.300003 -11.202433
v 121.673737 -177.300003 10.344268
v 138.800629 -177.300003 -11.329900
v 139.145401 -177.300003 -11.474732
v 121.570786 -177.300003 10.969083
v 139.482529 -177.300003 -11.636570
v 121.436813 -177.300003 11.587990
v 139.811172 -177.300003 -11.815012
v 121.272163 -177.300003 12.199448
v 140.130508 -177.300003 -12.009612
v 121.077240 -177.300003 12.801940
v 140.439743 -177.300003 -12.219890
v 120.852524 -177.300003 13.393967
v 140.738129 -177.300003 -12.445319
v 141.024887 -177.300003 -12.685342
v 141.299347 -177.300003 -12.939360
v 141.560776 -177.300003 -13.206742
v 141.808578 -177.300003 -13.486825
v 142.042099 -177.300003 -13.778910
v 142.260773 -177.300003 -14.082272
v 142.464050 -177.300003 -14.396157
v 142.651428 -177.300003 -14.719785
v 142.822449 -177.300003 -15.052350
v 142.976685 -177.300003 -15.393026
v 143.113724 -177.300003 -15.740966
v 143.233276 -177.300003 -16.095306
v 143.334991 -177.300003 -16.455164
v 143.418671 -177.300003 -16.819645
v 143.484055 -177.300003 -17.187843
v 143.531021 -177.300003 -17.558844
v 143.559433 -177.300003 -17.931725
v 143.569214 -177.300003 -18.305557
v 143.560349 -177.300003 -18.679413
v 143.532867 -177.300003 -19.052361
v 143.486832 -177.300003 -19.423477
v 143.422348 -177.300003 -19.791836
v 143.339569 -177.300003 -20.156521
v 143.238754 -177.300003 -20.516630
v 143.120071 -177.300003 -20.871265
v 142.983902 -177.300003 -21.219543
v 142.830505 -177.300003 -21.560600
v 142.660309 -177.300003 -21.893589
v 142.473724 -177.300003 -22.217678
v 142.271225 -177.300003 -22.532066
v 142.053314 -177.300003 -22.835968
v 141.820511 -177.300003 -23.128630
v 141.573410 -177.300003 -23.409327
v 118.501282 -177.300003 17.125673
v 118.914932 -177.300003 16.646210
v 119.304169 -177.300003 16.146721
v 119.668022 -177.300003 15.628450
v 120.005585 -177.300003 15.092690
v 120.316032 -177.300003 14.540767
v 120.598579 -177.300003 13.974056
v 100.585320 -177.300003 -0.834701
v 101.065811 -177.300003 -1.247161
v 101.566261 -177.300003 -1.635157
v 102.085426 -177.300003 -1.997726
v 102.622025 -177.300003 -2.333966
v 128.578094 -164.600006 -17.950268
v 128.569229 -164.600006 -18.324123
v 128.605560 -164.600006 -17.577318
v 128.651596 -164.600006 -17.206203
v 128.716080 -164.600006 -16.837843
v 128.798859 -164.600006 -16.473156
v 128.899689 -164.600006 -16.113049
v 129.018356 -164.600006 -15.758413
v 129.154556 -164.600006 -15.410135
v 129.307922 -164.600006 -15.069078
v 129.478119 -164.600006 -14.736091
v 129.664703 -164.600006 -14.412000
v 129.867203 -164.600006 -14.097612
v 130.085114 -164.600006 -13.793710
v 130.317917 -164.600006 -13.501048
v 130.565018 -164.600006 -13.220353
v 130.825790 -164.600006 -12.952324
v 131.099625 -164.600006 -12.697627
v 131.385788 -164.600006 -12.456896
v 131.683609 -164.600006 -12.230728
v 131.992325 -164.600006 -12.019686
v 132.311188 -164.600006 -11.824295
v 132.639374 -164.600006 -11.645041
v 132.976105 -164.600006 -11.482368
v 133.320511 -164.600006 -11.336683
v 133.671768 -164.600006 -11.208346
v 134.028976 -164.600006 -11.097677
v 134.391251 -164.600006 -11.004951
v 134.757706 -164.600006 -10.930399
v 135.127426 -164.600006 -10.874206
v 135.499481 -164.600006 -10.836510
v 135.872955 -164.600006 -10.817408
v 136.246918 -164.600006 -10.816945
v 136.620438 -164.600006 -10.835122
v 136.992584 -164.600006 -10.871897
v 137.362427 -164.600006 -10.927175
v 137.729065 -164.600006 -11.000820
v 138.091583 -164.600006 -11.092649
v 138.449066 -164.600006 -11.202433
v 138.800629 -164.600006 -11.329900
v 139.145401 -164.600006 -11.474732
v 139.482529 -164.600006 -11.636570
v 139.811172 -164.600006 -11.815012
v 140.130508 -164.600006 -12.009612
v 140.439743 -164.600006 -12.219890
v 140.738129 -164.600006 -12.445319
v 141.024887 -164.600006 -12.685342
v 141.299347 -164.600006 -12.939360
v 141.560776 -164.600006 -13.206742
v 141.808578 -164.600006 -13.486825
v 142.042099 -164.600006 -13.778910
v 142.260773 -164.600006 -14.082272
v 142.464050 -164.600006 -14.396157
v 142.651428 -164.600006 -14.719785
v 142.822449 -164.600006 -15.052350
v 142.976685 -164.600006 -15.393026
v 143.113724 -164.600006 -15.740966
v 143.233276 -164.600006 -16.095306
v 143.334991 -164.600006 -16.455164
v 143.418671 -164.600006 -16.819645
v 143.484055 -164.600006 -17.187843
v 143.531021 -164.600006 -17.558844
v 143.559433 -164.600006 -17.931725
v 143.569214 -164.600006 -18.305557
v 143.560349 -164.600006 -18.679413
v 143.532867 -164.600006 -19.052361
v 143.486832 -164.600006 -19.423477
v 143.422348 -164.600006 -19.791836
v 143.339569 -164.600006 -20.156521
v 143.238754 -164.600006 -20.516630
v 143.120071 -164.600006 -20.871265
v 142.983902 -164.600006 -21.219543
v 142.830505 -164.600006 -21.560600
v 142.660309 -164.600006 -21.893589
v 142.473724 -164.600006 -22.217678
v 142.271225 -164.600006 -22.532066
v 142.053314 -164.600006 -22.835968
v 141.820511 -164.600006 -23.128630
v 141.573410 -164.600006 -23.409327
v 141.312637 -164.600006 -23.677355
v 141.038803 -164.600006 -23.932051
v 140.752640 -164.600006 -24.172783
v 140.454819 -164.600006 -24.398951
v 140.146103 -164.600006 -24.609993
v 139.827255 -164.600006 -24.805384
v 139.499054 -164.600006 -24.984638
v 139.162323 -164.600006 -25.147308
v 138.817917 -164.600006 -25.292995
v 138.466660 -164.600006 -25.421333
v 138.109451 -164.600006 -25.532001
v 137.747177 -164.600006 -25.624727
v 137.380722 -164.600006 -25.699280
v 137.011002 -164.600006 -25.755474
v 136.638947 -164.600006 -25.793167
v 136.265488 -164.600006 -25.812271
v 135.891525 -164.600006 -25.812733
v 135.517990 -164.600006 -25.794556
v 135.145844 -164.600006 -25.757782
v 134.776001 -164.600006 -25.702503
v 134.409363 -164.600006 -25.628859
v 134.046844 -164.600006 -25.537029
v 133.689362 -164.600006 -25.427246
v 133.337799 -164.600006 -25.299778
v 132.993027 -164.600006 -25.154945
v 132.655899 -164.600006 -24.993109
v 132.327271 -164.600006 -24.814667
v 132.007919 -164.600006 -24.620066
v 131.698685 -164.600006 -24.409790
v 131.400299 -164.600006 -24.184359
v 131.113541 -164.600006 -23.944336
v 130.839081 -164.600006 -23.690319
v 130.577652 -164.600006 -23.422937
v 130.329849 -164.600006 -23.142853
v 130.096329 -164.600006 -22.850769
v 129.877670 -164.600006 -22.547407
v 129.674377 -164.600006 -22.233521
v 129.487000 -164.600006 -21.909895
v 129.315979 -164.600006 -21.577330
v 129.161758 -164.600006 -21.236652
v 129.024704 -164.600006 -20.888714
v 128.905151 -164.600006 -20.534372
v 128.803436 -164.600006 -20.174515
v 128.719757 -164.600006 -19.810034
v 128.654373 -164.600006 -19.441835
v 128.607407 -164.600006 -19.070835
v 128.579010 -164.600006 -18.697956
vn 0.000000 -1.000000 0.000000
vn -0.000000 -1.000000 0.000000
vn -0.000000 -1.000000 0.000000
vn 0.000000 -1.000000 0.000000
vn 0.000000 -1.000000 0.000000
vn 0.000000 -1.000000 0.000000
vn 0.000000 -1.000000 0.000000
vn 0.000000 -1.000000 0.000000
vn 0.000000 -1.000000 0.000000
vn 0.000000 -1.000000 0.000000
vn 0.000000 -1.000000 0.000000
vn 0.000000 -1.000000 0.000000
vn 0.000000 -1.000000 0.000000
vn 0.000000 -1.000000 0.000000
vn 0.000000 -1.000000 0.000000
vn 0.000000 -1.000000 0.000000
vn 0.000000 -1.000000 0.000000
vn 0.000000 -1.000000 0.000000
vn 0.000000 -1.000000 0.000000
vn 0.000000 -1.000000 0.000000
vn 0.000000 -1.000000 0.000000
vn 0.000000 -1.000000 0.000000
vn 0.000000 -1.000000 0.000000
vn 0.000000 -1.000000 0.000000
vn 0.000000 -1.000000 0.000000
vn 0.000000 -1.000000 0.000000
vn 0.000000 -1.000000 0.000000
vn 0.000000 -1.000000 0.000000
vn 0.000000 -1.000000 0.000000
vn 0.000000 -1.000000 0.000000
vn 0.000000 -1.000000 0.000000
vn 0.000000 -1.000000 0.000000
vn 0.000000 -1.000000 0.000000
vn 0.000000 -1.000000 0.000000
vn 0.000000 -1.000000 0.000000
vn -0.000000 -1.000000 0.000000
vn 0.000000 -1.000000 0.000000
vn -0.000000 -1.000000 0.000000
vn 0.000000 -1.000000 0.000000
vn -0.000000 -1.000000 0.000000
vn -0.000000 -1.000000 0.000000
vn 0.000000 -1.000000 0.000000
vn -0.000000 -1.000000 0.000000
vn 0.000000 -1.000000 0.000000
vn -0.000000 -1.000000 0.000000
vn -0.000000 -1.000000 0.000000
vn 0.000000 -1.000000 0.000000
vn -0.000000 -1.000000 0.000000
vn 0.000000 -1.000000 0.000000
vn 0.000000 -1.000000 0.000000
vn 0.000000 -1.000000 0.000000
vn -0.000000 -1.000000 0.000000
vn 0.000000 -1.000000 0.000000
vn -0.000000 -1.000000 0.000000
vn 0.000000 -1.000000 0.000000
vn -0.000000 -1.000000 0.000000
vn 0.000000 -1.000000 0.000000
vn -0.000000 -1.000000 0.000000
vn -0.000000 -1.000000 0.000000
vn 0.000000 -1.000000 0.000000
vn -0.000000 -1.000000 0.000000
vn 0.000000 -1.000000 0.000000
vn 0.000000 -1.000000 0.000000
vn -0.000000 -1.000000 0.000000
vn -0.000000 -1.000000 0.000000
vn 0.000000 -1.000000 0.000000
vn -0.000000 -1.000000 0.000000
vn 0.000000 -1.000000 0.000000
vn -0.000000 -1.000000 0.000000
vn 0.000000 -1.000000 0.000000
vn -0.000000 -1.000000 0.000000
vn -0.000000 -1.000000 0.000000
vn -0.000000 -1.000000 0.000000
vn -0.000000 -1.000000 0.000000
vn -0.000000 -1.000000 0.000000
vn -0.000000 -1.000000 0.000000
vn -0.000000 -1.000000 0.000000
vn -0.000000 -1.000000 0.000000
vn -0.000000 -1.000000 0.000000
vn -0.000000 -1.000000 0.000000
vn -0.000000 -1.000000 0.000000
vn -0.000000 -1.000000 0.000000
vn -0.000000 -1.000000 0.000000
vn 0.000000 -1.000000 0.000000
vn -0.000000 -1.000000 0.000000
vn 0.000000 -1.000000 0.000000
vn 0.000000 -1.000000 0.000000
vn 0.000000 -1.000000 0.000000
vn 0.000000 -1.000000 0.000000
vn 0.000000 -1.000000 0.000000
vn 0.000000 -1.000000 0.000000
vn 0.000000 -1.000000 0.000000
vn 0.000000 -1.000000 0.000000
vn 0.000000 -1.000000 0.000000
vn 0.000000 -1.000000 0.000000
vn 0.000000 -1.000000 0.000000
vn 0.000000 -1.000000 0.000000
vn 0.000000 -1.000000 0.000000
vn 0.000000 -1.000000 0.000000
vn 0.000000 -1.000000 0.000000
vn 0.000000 -1.000000 0.000000
vn 0.000000 -1.000000 0.000000
vn 0.000000 -1.000000 0.000000
vn 0.000000 -1.000000 0.000000
vn 0.000000 -1.000000 0.000000
vn 0.000000 -1.000000 0.000000
vn 0.000000 -1.000000 0.000000
vn 0.000000 -1.000000 0.000000
vn 0.000000 -1.000000 0.000000
vn 0.000000 -1.000000 0.000000
vn 0.000000 -1.000000 0.000000
vn 0.000000 -1.000000 0.000000
vn 0.000000 -1.000000 0.000000
vn 0.000000 -1.000000 0.000000
vn 0.000000 -1.000000 0.000000
vn 0.000000 -1.000000 0.000000
vn 0.000000 -1.000000 0.000000
vn 0.000000 -1.000000 0.000000
vn 0.000000 -1.000000 0.000000
vn 0.000000 -1.000000 0.000000
vn 0.000000 -1.000000 0.000000
vn 0.000000 -1.000000 0.000000
vn 0.000000 -1.000000 0.000000
vn 0.000000 -1.000000 0.000000
vn 0.000000 -1.000000 0.000000
vn 0.000000 -1.000000 0.000000
vn 0.000000 -1.000000 0.000000
vn 0.000000 -1.000000 0.000000
vn 0.000000 -1.000000 0.000000
vn 0.000000 -1.000000 0.000000
vn 0.000000 -1.000000 0.000000
vn 0.000000 -1.000000 0.000000
vn 0.000000 -1.000000 0.000000
vn 0.000000 -1.000000 0.000000
vn 0.000000 -1.000000 0.000000
vn 0.000000 -1.000000 0.000000
vn 0.000000 -1.000000 0.000000
vn 0.000000 -1.000000 0.000000
vn 0.000000 -1.000000 0.000000
vn 0.000000 -1.000000 0.000000
vn 0.000000 -1.000000 0.000000
vn 0.000000 -1.000000 0.000000
vn 0.000000 -1.000000 0.000000
vn 0.000000 -1.000000 0.000000
vn 0.000000 -1.000000 0.000000
vn 0.000000 -1.000000 0.000000
vn 0.000000 -1.000000 0.000000
vn 0.000000 -1.000000 0.000000
vn 0.000000 -1.000000 0.000000
vn 0.000000 -1.000000 0.000000
vn 0.000000 -1.000000 0.000000
vn 0.000000 -1.000000 0.000000
vn 0.000000 -1.000000 0.000000
vn 0.000000 -1.000000 0.000000
vn 0.000000 -1.000000 0.000000
vn 0.000000 -1.000000 0.000000
vn 0.000000 -1.000000 0.000000
vn 0.000000 -1.000000 0.000000
vn 0.000000 -1.000000 0.000000
vn 0.000000 -1.000000 0.000000
vn 0.000000 -1.000000 0.000000
vn 0.000000 -1.000000 0.000000
vn 0.000000 -1.000000 0.000000
vn 0.000000 -1.000000 0.000000
vn 0.000000 -1.000000 0.000000
vn 0.000000 -1.000000 0.000000
vn 0.000000 -1.000000 0.000000
vn 0.000000 -1.000000 0.000000
vn 0.000000 -1.000000 0.000000
vn 0.000000 -1.000000 0.000000
vn 0.000000 -1.000000 0.000000
vn 0.000000 -1.000000 0.000000
vn 0.000000 -1.000000 0.000000
vn 0.000000 -1.000000 0.000000
vn 0.000000 -1.000000 0.000000
vn 0.000000 -1.000000 0.000000
vn 0.000000 -1.000000 0.000000
vn 0.000000 -1.000000 0.000000
vn 0.000000 -1.000000 0.000000
vn 0.000000 -1.000000 0.000000
vn 0.000000 -1.000000 0.000000
vn 0.000000 -1.000000 0.000000
vn -0.000000 -1.000000 0.000000
vn -0.000000 -1.000000 0.000000
vn -0.000000 -1.000000 0.000000
vn -0.000000 -1.000000 0.000000
vn 0.000000 -1.000000 0.000000
vn 0.000000 -1.000000 0.000000
vn 0.000000 -1.000000 0.000000
vn -0.000000 -1.000000 0.000000
vn 0.000000 -1.000000 0.000000
vn 0.000000 -1.000000 0.000000
vn 0.000000 -1.000000 0.000000
vn 0.000000 -1.000000 0.000000
vn 0.000000 -1.000000 0.000000
vn 0.000000 -1.000000 0.000000
vn 0.000000 -1.000000 0.000000
vn 0.000000 -1.000000 0.000000
vn -0.999999 0.000000 -0.001238
vn -0.999999 0.000000 -0.001238
vn -0.999728 0.000000 0.023304
vn -0.999728 0.000000 0.023304
vn -0.997381 0.000000 0.072327
vn -0.997381 0.000000 0.072327
vn -0.992630 0.000000 0.121186
vn -0.992630 0.000000 0.121186
vn -0.985489 0.000000 0.169739
vn -0.975972 0.000000 0.217897
vn -0.985489 0.000000 0.169739
vn -0.975972 0.000000 0.217897
vn -0.964106 0.000000 0.265518
vn -0.964106 0.000000 0.265518
vn -0.949918 0.000000 0.312498
vn -0.949918 0.000000 0.312498
vn -0.933437 0.000000 0.358742
vn -0.914710 0.000000 0.404111
vn -0.933437 0.000000 0.358742
vn -0.914710 0.000000 0.404111
vn -0.893779 0.000000 0.448508
vn -0.893779 0.000000 0.448508
vn -0.870698 0.000000 0.491819
vn -0.870698 0.000000 0.491819
vn -0.845517 0.000000 0.533949
vn -0.818295 0.000000 0.574798
vn -0.845517 0.000000 0.533949
vn -0.818295 0.000000 0.574798
vn -0.789106 0.000000 0.614257
vn -0.789106 0.000000 0.614257
vn -0.758019 0.000000 0.652233
vn -0.758019 0.000000 0.652233
vn -0.725099 0.000000 0.688645
vn -0.725099 0.000000 0.688645
vn -0.690435 0.000000 0.723395
vn -0.690435 0.000000 0.723395
vn -0.654112 0.000000 0.756398
vn -0.654112 0.000000 0.756398
vn -0.616206 0.000000 0.787585
vn -0.616206 0.000000 0.787585
vn -0.576819 0.000000 0.816872
vn -0.576819 0.000000 0.816872
vn -0.536043 0.000000 0.844191
vn -0.536043 0.000000 0.844191
vn -0.493973 0.000000 0.869477
vn -0.493973 0.000000 0.869477
vn -0.450718 0.000000 0.892666
vn -0.450718 0.000000 0.892666
vn -0.406374 0.000000 0.913707
vn -0.361048 0.000000 0.932547
vn -0.406374 0.000000 0.913707
vn -0.361048 0.000000 0.932547
vn -0.314856 0.000000 0.949139
vn -0.267905 0.000000 0.963445
vn -0.314856 0.000000 0.949139
vn -0.267905 0.000000 0.963445
vn -0.220311 0.000000 0.975430
vn -0.220311 0.000000 0.975430
vn -0.172182 0.000000 0.985065
vn -0.172182 0.000000 0.985065
vn -0.123639 0.000000 0.992327
vn -0.123639 0.000000 0.992327
vn -0.074797 0.000000 0.997199
vn -0.074797 0.000000 0.997199
vn -0.025780 0.000000 0.999668
vn -0.025780 0.000000 0.999668
vn 0.001247 0.000009 -0.999999
vn 0.001231 -0.000007 -0.999999
vn 0.001235 -0.000002 -0.999999
vn 0.001245 0.000008 -0.999999
vn 0.001240 0.000002 -0.999999
vn 0.001233 -0.000006 -0.999999
vn 0.001231 -0.000005 -0.999999
vn 0.001236 -0.000002 -0.999999
vn 0.001239 0.000001 -0.999999
vn 0.001241 0.000004 -0.999999
vn 0.001232 -0.000004 -0.999999
vn 0.001234 -0.000005 -0.999999
vn 0.001244 0.000004 -0.999999
vn 0.001242 0.000007 -0.999999
vn 0.001239 0.000001 -0.999999
vn 0.001239 0.000002 -0.999999
vn 0.001234 -0.000002 -0.999999
vn 0.001238 -0.000000 -0.999999
vn 0.001254 0.000009 -0.999999
vn 0.001238 0.000000 -0.999999
vn 0.001226 -0.000006 -0.999999
vn 0.001227 -0.000022 -0.999999
vn 0.001252 0.000007 -0.999999
vn 0.001245 0.000017 -0.999999
vn 0.001220 -0.000008 -0.999999
vn 0.001238 0.000000 -0.999999
vn 0.001254 0.000007 -0.999999
vn 0.001232 -0.000014 -0.999999
vn 0.001216 -0.000009 -0.999999
vn 0.001245 0.000018 -0.999999
vn 0.001260 0.000009 -0.999999
vn 0.001235 0.000002 -0.999999
vn 0.001240 -0.000002 -0.999999
vn 0.001231 0.000005 -0.999999
vn 0.001239 -0.000001 -0.999999
vn 0.001232 0.000004 -0.999999
vn 0.001244 -0.000004 -0.999999
vn 0.001239 -0.000001 -0.999999
vn 0.001234 0.000002 -0.999999
vn 0.001254 -0.000009 -0.999999
vn 0.001226 0.000006 -0.999999
vn 0.001252 -0.000007 -0.999999
vn 0.001220 0.000008 -0.999999
vn 0.001254 -0.000007 -0.999999
vn 0.001216 0.000009 -0.999999
vn 0.001260 -0.000009 -0.999999
vn 0.001237 0.000000 -0.999999
vn 0.001232 0.000015 -0.999999
vn 0.001238 0.000001 -0.999999
vn 0.001246 -0.000016 -0.999999
vn 0.001241 -0.000006 -0.999999
vn 0.001238 -0.000000 -0.999999
vn 0.001238 0.000000 -0.999999
vn 0.001239 -0.000002 -0.999999
vn 0.001229 0.000014 -0.999999
vn 0.001247 -0.000013 -0.999999
vn 0.001228 0.000014 -0.999999
vn 0.001236 0.000003 -0.999999
vn 0.001247 -0.000010 -0.999999
vn 0.001231 0.000008 -0.999999
vn 0.001245 -0.000008 -0.999999
vn 0.001238 0.000000 -0.999999
vn 0.001244 -0.000016 -0.999999
vn 0.001227 0.000026 -0.999999
vn 0.001247 -0.000009 -0.999999
vn 0.001233 0.000005 -0.999999
vn 0.001231 0.000007 -0.999999
vn 0.001236 0.000002 -0.999999
vn 0.001245 -0.000008 -0.999999
vn 0.001241 -0.000002 -0.999999
vn 0.001233 0.000006 -0.999999
vn 0.001248 -0.000008 -0.999999
vn 0.001236 0.000002 -0.999999
vn 0.001222 0.000012 -0.999999
vn 0.001241 -0.000004 -0.999999
vn 0.001250 -0.000008 -0.999999
vn 0.001234 0.000005 -0.999999
vn 0.001225 0.000009 -0.999999
vn 0.001242 -0.000007 -0.999999
vn 0.001239 -0.000000 -0.999999
vn 0.001239 -0.000002 -0.999999
vn 0.001257 -0.000011 -0.999999
vn 0.001238 0.000000 -0.999999
vn 0.001230 0.000004 -0.999999
vn 0.001238 -0.000000 -0.999999
vn 0.001227 0.000006 -0.999999
vn 0.001227 0.000022 -0.999999
vn 0.001253 -0.000007 -0.999999
vn 0.001245 -0.000017 -0.999999
vn 0.001221 0.000008 -0.999999
vn 0.001238 -0.000000 -0.999999
vn 0.001255 -0.000007 -0.999999
vn 0.001232 0.000014 -0.999999
vn 0.001217 0.000009 -0.999999
vn 0.001261 -0.000009 -0.999999
vn 0.001261 0.000009 -0.999999
vn 0.001217 -0.000009 -0.999999
vn 0.001255 0.000007 -0.999999
vn 0.001221 -0.000008 -0.999999
vn 0.001253 0.000007 -0.999999
vn 0.001227 -0.000006 -0.999999
vn 0.001230 -0.000004 -0.999999
vn 0.001257 0.000011 -0.999999
vn 0.001239 0.000000 -0.999999
vn 0.001225 -0.000009 -0.999999
vn 0.001250 0.000008 -0.999999
vn 0.001222 -0.000012 -0.999999
vn 0.001248 0.000008 -0.999999
vn 0.001241 0.000002 -0.999999
vn 0.001236 -0.000002 -0.999999
vn 0.001233 -0.000005 -0.999999
vn 0.001245 0.000008 -0.999999
vn 0.001231 -0.000008 -0.999999
vn 0.001247 0.000010 -0.999999
vn 0.001238 0.000000 -0.999999
vn 0.001236 -0.000003 -0.999999
vn 0.001228 -0.000014 -0.999999
vn 0.001247 0.000013 -0.999999
vn 0.001229 -0.000014 -0.999999
vn 0.001239 0.000002 -0.999999
vn 0.001238 -0.000000 -0.999999
vn 0.001238 0.000000 -0.999999
vn 0.001241 0.000006 -0.999999
vn 0.001246 0.000016 -0.999999
vn 0.001238 -0.000001 -0.999999
vn 0.001232 -0.000015 -0.999999
vn 0.001238 -0.000000 -0.999999
vn 0.001245 -0.000018 -0.999999
vn 0.001244 0.000016 -0.999999
vn 0.001227 -0.000026 -0.999999
vn -0.001237 0.000010 0.999999
vn -0.001238 -0.000015 0.999999
vn -0.001238 0.000004 0.999999
vn -0.001237 0.000015 0.999999
vn -0.001238 -0.000004 0.999999
vn -0.001237 0.000012 0.999999
vn -0.001238 -0.000014 0.999999
vn -0.001239 -0.000030 0.999999
vn -0.001238 -0.000002 0.999999
vn -0.001237 0.000029 0.999999
vn -0.001237 0.000008 0.999999
vn -0.001239 -0.000029 0.999999
vn -0.001238 -0.000007 0.999999
vn -0.001237 0.000030 0.999999
vn -0.001238 -0.000001 0.999999
vn -0.001238 -0.000005 0.999999
vn -0.001238 0.000004 0.999999
vn -0.001238 0.000001 0.999999
vn -0.001237 0.000007 0.999999
vn -0.001238 -0.000002 0.999999
vn -0.001237 0.000009 0.999999
vn -0.001238 -0.000016 0.999999
vn -0.001238 -0.000010 0.999999
vn -0.001237 0.000043 0.999999
vn -0.001237 0.000011 0.999999
vn -0.001238 -0.000009 0.999999
vn -0.001238 -0.000009 0.999999
vn -0.001238 0.000000 0.999999
vn -0.001237 0.000010 0.999999
vn -0.001237 -0.000010 0.999999
vn -0.001238 0.000009 0.999999
vn -0.001238 0.000009 0.999999
vn -0.001237 -0.000011 0.999999
vn -0.001238 0.000010 0.999999
vn -0.001237 -0.000009 0.999999
vn -0.001237 -0.000007 0.999999
vn -0.001238 -0.000004 0.999999
vn -0.001238 0.000001 0.999999
vn -0.001238 0.000007 0.999999
vn -0.001237 -0.000008 0.999999
vn -0.001238 0.000002 0.999999
vn -0.001238 0.000014 0.999999
vn -0.001238 0.000004 0.999999
vn -0.001238 -0.000004 0.999999
vn -0.001237 -0.000010 0.999999
vn -0.001246 0.000010 0.999999
vn -0.001245 0.000009 0.999999
vn -0.001230 -0.000010 0.999999
vn -0.001244 0.000008 0.999999
vn -0.001232 -0.000009 0.999999
vn -0.001245 0.000010 0.999999
vn -0.001234 -0.000006 0.999999
vn -0.001236 -0.000003 0.999999
vn -0.001238 0.000001 0.999999
vn -0.001241 0.000006 0.999999
vn -0.001235 -0.000006 0.999999
vn -0.001239 0.000001 0.999999
vn -0.001234 -0.000008 0.999999
vn -0.001239 0.000003 0.999999
vn -0.001237 -0.000003 0.999999
vn -0.001243 0.000013 0.999999
vn -0.001234 -0.000010 0.999999
vn -0.001242 0.000011 0.999999
vn -0.001235 -0.000008 0.999999
vn -0.001237 -0.000003 0.999999
vn -0.001240 0.000006 0.999999
vn -0.001235 -0.000008 0.999999
vn -0.001241 0.000009 0.999999
vn -0.001239 0.000003 0.999999
vn -0.001238 -0.000001 0.999999
vn -0.001238 0.000000 0.999999
vn -0.001240 0.000008 0.999999
vn -0.001232 -0.000022 0.999999
vn -0.001238 -0.000000 0.999999
vn -0.001232 -0.000023 0.999999
vn -0.001245 0.000029 0.999999
vn -0.001244 0.000028 0.999999
vn -0.001222 -0.000070 0.999999
vn -0.001261 0.000103 0.999999
vn -0.001238 -0.000002 0.999999
vn -0.001238 -0.000001 0.999999
vn -0.001232 0.000023 0.999999
vn -0.001238 0.000000 0.999999
vn -0.001232 0.000022 0.999999
vn -0.001240 -0.000008 0.999999
vn -0.001238 -0.000000 0.999999
vn -0.001238 0.000001 0.999999
vn -0.001239 -0.000003 0.999999
vn -0.001241 -0.000009 0.999999
vn -0.001235 0.000008 0.999999
vn -0.001240 -0.000006 0.999999
vn -0.001237 0.000003 0.999999
vn -0.001235 0.000008 0.999999
vn -0.001242 -0.000011 0.999999
vn -0.001234 0.000010 0.999999
vn -0.001243 -0.000013 0.999999
vn -0.001237 0.000003 0.999999
vn -0.001239 -0.000003 0.999999
vn -0.001234 0.000008 0.999999
vn -0.001239 -0.000001 0.999999
vn -0.001235 0.000006 0.999999
vn -0.001241 -0.000006 0.999999
vn -0.001238 -0.000001 0.999999
vn -0.001236 0.000003 0.999999
vn -0.001234 0.000006 0.999999
vn -0.001245 -0.000010 0.999999
vn -0.001232 0.000009 0.999999
vn -0.001244 -0.000008 0.999999
vn -0.001230 0.000010 0.999999
vn -0.001245 -0.000009 0.999999
vn -0.001246 -0.000010 0.999999
vn -0.001261 -0.000103 0.999999
vn -0.001238 0.000000 0.999999
vn -0.001222 0.000070 0.999999
vn -0.001244 -0.000028 0.999999
vn -0.001245 -0.000029 0.999999
vn -0.001238 0.000001 0.999999
vn -0.001238 0.000001 0.999999
vn -0.001237 -0.000043 0.999999
vn -0.001238 0.000016 0.999999
vn -0.001238 0.000002 0.999999
vn -0.001238 -0.000001 0.999999
vn -0.001238 0.000005 0.999999
vn -0.001237 -0.000030 0.999999
vn -0.001239 0.000029 0.999999
vn -0.001237 -0.000029 0.999999
vn -0.001239 0.000030 0.999999
vn -0.001237 -0.000012 0.999999
vn -0.001237 -0.000015 0.999999
vn -0.001238 0.000015 0.999999
vn 0.999999 0.000000 0.001238
vn 0.999999 -0.000000 0.001238
vn 0.706231 -0.000000 0.707981
vn 0.706231 0.000000 0.707981
vn 0.706231 0.000000 0.707982
vn 0.706231 0.000001 0.707982
vn 0.999728 0.000000 -0.023304
vn 0.999728 0.000000 -0.023304
vn 0.997380 0.000000 -0.072336
vn 0.997380 0.000000 -0.072336
vn 0.992632 0.000000 -0.121169
vn 0.992632 0.000000 -0.121169
vn 0.985487 0.000000 -0.169753
vn 0.975973 0.000000 -0.217890
vn 0.985487 0.000000 -0.169753
vn 0.975973 0.000000 -0.217890
vn 0.964106 0.000000 -0.265517
vn 0.964106 0.000000 -0.265517
vn 0.949915 0.000000 -0.312510
vn 0.949915 0.000000 -0.312510
vn 0.933436 0.000000 -0.358744
vn 0.914711 0.000000 -0.404107
vn 0.933436 0.000000 -0.358744
vn 0.914711 0.000000 -0.404107
vn 0.893782 0.000000 -0.448502
vn 0.893782 0.000000 -0.448502
vn 0.870694 0.000000 -0.491825
vn 0.870694 0.000000 -0.491825
vn 0.845518 0.000000 -0.533946
vn 0.818293 0.000000 -0.574801
vn 0.845518 0.000000 -0.533946
vn 0.818293 0.000000 -0.574801
vn 0.789108 0.000000 -0.614255
vn 0.789108 0.000000 -0.614255
vn 0.758015 0.000000 -0.652238
vn 0.758015 0.000000 -0.652238
vn 0.725105 0.000000 -0.688639
vn 0.725105 0.000000 -0.688639
vn 0.690435 0.000000 -0.723395
vn 0.690435 0.000000 -0.723395
vn 0.654110 0.000000 -0.756399
vn 0.654110 0.000000 -0.756399
vn 0.616206 0.000000 -0.787585
vn 0.616206 0.000000 -0.787585
vn 0.576821 0.000000 -0.816871
vn 0.576821 0.000000 -0.816871
vn 0.536040 0.000000 -0.844193
vn 0.536040 0.000000 -0.844193
vn 0.493976 0.000000 -0.869476
vn 0.493976 0.000000 -0.869476
vn 0.450717 0.000000 -0.892667
vn 0.450717 0.000000 -0.892667
vn 0.406375 0.000000 -0.913706
vn 0.361050 0.000000 -0.932547
vn 0.406375 0.000000 -0.913706
vn 0.361050 0.000000 -0.932547
vn 0.314856 0.000000 -0.949140
vn 0.267902 0.000000 -0.963446
vn 0.314856 0.000000 -0.949140
vn 0.267902 0.000000 -0.963446
vn 0.220313 0.000000 -0.975429
vn 0.220313 0.000000 -0.975429
vn 0.172181 0.000000 -0.985065
vn 0.172181 0.000000 -0.985065
vn 0.123638 0.000000 -0.992327
vn 0.123638 0.000000 -0.992327
vn 0.074801 0.000000 -0.997199
vn 0.074801 0.000000 -0.997199
vn 0.025778 0.000000 -0.999668
vn 0.025778 0.000000 -0.999668
vn 0.707982 0.000000 -0.706231
vn 0.707982 0.000000 -0.706231
vn 0.001238 0.000000 -0.999999
vn 0.001238 0.000000 -0.999999
vn -0.706231 0.000000 -0.707982
vn -0.706231 0.000000 -0.707981
vn -0.706231 0.000000 -0.707981
vn -0.706231 -0.000000 -0.707982
vn -0.999658 0.000000 -0.026168
vn -0.999658 0.000000 -0.026168
vn -0.997111 0.000000 -0.075963
vn -0.997111 0.000000 -0.075963
vn -0.992084 0.000000 -0.125573
vn -0.992084 0.000000 -0.125573
vn -0.984592 0.000000 -0.174864
vn -0.984592 0.000000 -0.174864
vn -0.974650 0.000000 -0.223734
vn -0.962289 -0.000000 -0.272027
vn -0.974650 0.000000 -0.223734
vn -0.947530 -0.000000 -0.319666
vn -0.962289 0.000000 -0.272027
vn -0.930423 -0.000000 -0.366487
vn -0.947530 0.000000 -0.319666
vn -0.930423 0.000000 -0.366487
vn -0.910995 0.000000 -0.412417
vn -0.910995 0.000000 -0.412417
vn -0.889306 0.000000 -0.457312
vn -0.889306 0.000000 -0.457312
vn -0.865409 0.000000 -0.501067
vn -0.865409 0.000000 -0.501067
vn -0.839350 0.000000 -0.543591
vn -0.839350 0.000000 -0.543591
vn -0.811213 0.000000 -0.584751
vn -0.811213 0.000000 -0.584751
vn -0.781065 0.000000 -0.624449
vn -0.781065 0.000000 -0.624449
vn -0.748954 -0.000000 -0.662622
vn -0.748954 0.000000 -0.662622
vn -0.715008 0.000000 -0.699116
vn -0.715008 0.000000 -0.699116
vn -0.679269 0.000000 -0.733890
vn -0.679269 0.000000 -0.733890
vn -0.641837 0.000000 -0.766841
vn -0.641837 0.000000 -0.766841
vn -0.602823 0.000000 -0.797875
vn -0.602823 0.000000 -0.797875
vn -0.562292 0.000000 -0.826939
vn -0.562292 0.000000 -0.826939
vn -0.520382 0.000000 -0.853933
vn -0.520382 0.000000 -0.853933
vn -0.477156 0.000000 -0.878819
vn -0.477156 0.000000 -0.878819
vn -0.432778 0.000000 -0.901501
vn -0.387285 -0.000000 -0.921960
vn -0.432778 0.000000 -0.901501
vn -0.387285 0.000000 -0.921960
vn -0.340851 0.000000 -0.940117
vn -0.340851 0.000000 -0.940117
vn -0.293578 0.000000 -0.955935
vn -0.293578 0.000000 -0.955935
vn -0.245554 0.000000 -0.969383
vn -0.245554 0.000000 -0.969383
vn -0.196937 0.000000 -0.980416
vn -0.196937 0.000000 -0.980416
vn -0.147830 0.000000 -0.989013
vn -0.147830 0.000000 -0.989013
vn -0.098316 0.000000 -0.995155
vn -0.098316 0.000000 -0.995155
vn -0.048617 0.000000 -0.998817
vn -0.048617 0.000000 -0.998817
vn 0.001244 0.000000 -0.999999
vn 0.001244 0.000000 -0.999999
vn 0.051086 0.000000 -0.998694
vn 0.051086 0.000000 -0.998694
vn 0.100784 0.000000 -0.994908
vn 0.100784 0.000000 -0.994908
vn 0.150278 0.000000 -0.988644
vn 0.150278 0.000000 -0.988644
vn 0.199345 0.000000 -0.979929
vn 0.247961 0.000000 -0.968770
vn 0.199345 0.000000 -0.979929
vn 0.247961 0.000000 -0.968770
vn 0.295945 0.000000 -0.955205
vn 0.295945 0.000000 -0.955205
vn 0.343176 0.000000 -0.939271
vn 0.343176 0.000000 -0.939271
vn 0.389570 0.000000 -0.920997
vn 0.389570 0.000000 -0.920997
vn 0.435002 0.000000 -0.900429
vn 0.435002 0.000000 -0.900429
vn 0.479337 0.000000 -0.877631
vn 0.479337 0.000000 -0.877631
vn 0.522501 0.000000 -0.852638
vn 0.522501 0.000000 -0.852638
vn 0.564334 0.000000 -0.825547
vn 0.564334 0.000000 -0.825547
vn 0.604787 0.000000 -0.796387
vn 0.604787 0.000000 -0.796387
vn 0.643746 0.000000 -0.765239
vn 0.643746 0.000000 -0.765239
vn 0.681072 0.000000 -0.732217
vn 0.681072 0.000000 -0.732217
vn 0.716731 0.000000 -0.697350
vn 0.716731 0.000000 -0.697350
vn 0.750607 0.000000 -0.660749
vn 0.750607 0.000000 -0.660749
vn 0.782596 0.000000 -0.622530
vn 0.782596 0.000000 -0.622530
vn 0.812666 0.000000 -0.582729
vn 0.812666 0.000000 -0.582729
vn 0.840695 0.000000 -0.541509
vn 0.866643 0.000000 -0.498929
vn 0.840695 0.000000 -0.541509
vn 0.866643 0.000000 -0.498929
vn 0.890438 0.000000 -0.455104
vn 0.890438 0.000000 -0.455104
vn 0.912014 0.000000 -0.410159
vn 0.931327 0.000000 -0.364185
vn 0.912014 0.000000 -0.410159
vn 0.948319 0.000000 -0.317318
vn 0.931327 0.000000 -0.364185
vn 0.948319 0.000000 -0.317318
vn 0.962959 0.000000 -0.269649
vn 0.962959 0.000000 -0.269649
vn 0.975202 0.000000 -0.221315
vn 0.975202 0.000000 -0.221315
vn 0.985022 0.000000 -0.172431
vn 0.985022 0.000000 -0.172431
vn 0.992393 0.000000 -0.123112
vn 0.992393 0.000000 -0.123112
vn 0.997296 0.000000 -0.073496
vn 0.997296 0.000000 -0.073496
vn 0.999719 0.000000 -0.023694
vn 0.999719 0.000000 -0.023694
vn 0.999658 -0.000000 0.026168
vn 0.999658 0.000000 0.026168
vn 0.997111 -0.000000 0.075963
vn 0.997111 0.000000 0.075963
vn 0.992084 -0.000000 0.125573
vn 0.992084 0.000000 0.125573
vn 0.984592 -0.000000 0.174864
vn 0.984592 0.000000 0.174864
vn 0.974650 -0.000000 0.223734
vn 0.974650 0.000000 0.223734
vn 0.962289 0.000000 0.272027
vn 0.962289 0.000000 0.272027
vn 0.947530 -0.000000 0.319666
vn 0.947530 0.000000 0.319666
vn 0.930423 -0.000000 0.366487
vn 0.930423 0.000000 0.366487
vn 0.910995 -0.000000 0.412417
vn 0.910995 0.000000 0.412417
vn 0.889306 -0.000000 0.457312
vn 0.889306 0.000000 0.457312
vn 0.865409 -0.000000 0.501067
vn 0.865409 0.000000 0.501067
vn 0.839350 0.000000 0.543591
vn 0.839350 0.000000 0.543591
vn 0.811213 -0.000000 0.584751
vn 0.811213 0.000000 0.584751
vn 0.781065 -0.000000 0.624449
vn 0.781065 0.000000 0.624449
vn 0.748954 0.000000 0.662622
vn 0.748954 0.000000 0.662622
vn 0.715008 -0.000000 0.699116
vn 0.715008 0.000000 0.699116
vn 0.679269 0.000000 0.733890
vn 0.679269 0.000000 0.733890
vn 0.641837 -0.000000 0.766841
vn 0.641837 0.000000 0.766841
vn 0.602823 -0.000000 0.797875
vn 0.602823 0.000000 0.797875
vn 0.562292 0.000000 0.826939
vn 0.562292 0.000000 0.826939
vn 0.520382 0.000000 0.853933
vn 0.477156 0.000000 0.878819
vn 0.520382 -0.000000 0.853933
vn 0.477156 0.000000 0.878819
vn 0.432778 0.000000 0.901501
vn 0.387285 0.000000 0.921960
vn 0.432778 -0.000000 0.901501
vn 0.387285 0.000000 0.921960
vn 0.340851 -0.000000 0.940117
vn 0.340851 0.000000 0.940117
vn 0.293578 -0.000000 0.955935
vn 0.293578 0.000000 0.955935
vn 0.245554 0.000000 0.969383
vn 0.245554 0.000000 0.969383
vn 0.196937 -0.000000 0.980416
vn 0.196937 0.000000 0.980416
vn 0.147830 -0.000000 0.989013
vn 0.147830 0.000000 0.989013
vn 0.098316 0.000000 0.995155
vn 0.098316 0.000000 0.995155
vn 0.048617 -0.000000 0.998817
vn 0.048617 0.000000 0.998817
vn -0.001244 0.000000 0.999999
vn -0.001244 0.000000 0.999999
vn -0.051086 0.000000 0.998694
vn -0.051086 0.000000 0.998694
vn -0.100784 0.000000 0.994908
vn -0.100784 0.000000 0.994908
vn -0.150278 0.000000 0.988644
vn -0.150278 0.000000 0.988644
vn -0.199345 0.000000 0.979929
vn -0.199345 0.000000 0.979929
vn -0.247961 0.000000 0.968770
vn -0.295945 0.000000 0.955205
vn -0.247961 0.000000 0.968770
vn -0.295945 0.000000 0.955205
vn -0.343176 0.000000 0.939271
vn -0.343176 0.000000 0.939271
vn -0.389570 0.000000 0.920997
vn -0.435002 0.000000 0.900429
vn -0.389570 0.000000 0.920997
vn -0.435002 0.000000 0.900429
vn -0.479337 0.000000 0.877631
vn -0.479337 0.000000 0.877631
vn -0.522501 0.000000 0.852638
vn -0.564334 0.000000 0.825547
vn -0.522501 0.000000 0.852638
vn -0.564334 0.000000 0.825547
vn -0.604787 0.000000 0.796387
vn -0.604787 0.000000 0.796387
vn -0.643746 0.000000 0.765239
vn -0.681072 0.000000 0.732217
vn -0.643746 0.000000 0.765239
vn -0.716731 0.000000 0.697350
vn -0.681072 0.000000 0.732217
vn -0.750607 0.000000 0.660749
vn -0.716731 0.000000 0.697350
vn -0.750607 0.000000 0.660749
vn -0.782596 0.000000 0.622530
vn -0.782596 0.000000 0.622530
vn -0.812666 0.000000 0.582729
vn -0.812666 0.000000 0.582729
vn -0.840695 0.000000 0.541509
vn -0.840695 0.000000 0.541509
vn -0.866643 0.000000 0.498929
vn -0.866643 0.000000 0.498929
vn -0.890438 0.000000 0.455104
vn -0.890438 0.000000 0.455104
vn -0.912014 0.000000 0.410159
vn -0.912014 0.000000 0.410159
vn -0.931327 0.000000 0.364185
vn -0.931327 0.000000 0.364185
vn -0.948319 0.000000 0.317318
vn -0.962959 0.000000 0.269649
vn -0.948319 0.000000 0.317318
vn -0.962959 0.000000 0.269649
vn -0.975202 0.000000 0.221315
vn -0.985022 0.000000 0.172431
vn -0.975202 0.000000 0.221315
vn -0.985022 0.000000 0.172431
vn -0.992393 0.000000 0.123112
vn -0.992393 0.000000 0.123112
vn -0.997296 0.000000 0.073496
vn -0.997296 0.000000 0.073496
vn -0.999719 0.000000 0.023694
vn -0.999719 0.000000 0.023694
vn 0.000000 1.000000 0.000000
vn 0.000000 1.000000 0.000000
vn 0.000000 1.000000 0.000000
vn 0.000000 1.000000 0.000000
vn 0.000000 1.000000 0.000000
vn 0.000000 1.000000 0.000000
vn 0.000000 1.000000 0.000000
vn 0.000000 1.000000 0.000000
vn 0.000000 1.000000 0.000000
vn 0.000000 1.000000 0.000000
vn 0.000000 1.000000 0.000000
vn 0.000000 1.000000 0.000000
vn 0.000000 1.000000 0.000000
vn 0.000000 1.000000 0.000000
vn 0.000000 1.000000 0.000000
vn 0.000000 1.000000 0.000000
vn 0.000000 1.000000 0.000000
vn 0.000000 1.000000 0.000000
vn 0.000000 1.000000 0.000000
vn 0.000000 1.000000 0.000000
vn 0.000000 1.000000 0.000000
vn 0.000000 1.000000 0.000000
vn 0.000000 1.000000 0.000000
vn 0.000000 1.000000 0.000000
vn 0.000000 1.000000 0.000000
vn 0.000000 1.000000 0.000000
vn 0.000000 1.000000 0.000000
vn 0.000000 1.000000 0.000000
vn 0.000000 1.000000 0.000000
vn 0.000000 1.000000 0.000000
vn 0.000000 1.000000 0.000000
vn 0.000000 1.000000 0.000000
vn 0.000000 1.000000 0.000000
vn 0.000000 1.000000 0.000000
vn 0.000000 1.000000 0.000000
vn 0.000000 1.000000 0.000000
vn 0.000000 1.000000 0.000000
vn 0.000000 1.000000 0.000000
vn 0.000000 1.000000 0.000000
vn 0.000000 1.000000 0.000000
vn 0.000000 1.000000 0.000000
vn 0.000000 1.000000 0.000000
vn 0.000000 1.000000 0.000000
vn 0.000000 1.000000 0.000000
vn 0.000000 1.000000 0.000000
vn 0.000000 1.000000 0.000000
vn 0.000000 1.000000 0.000000
vn 0.000000 1.000000 0.000000
vn 0.000000 1.000000 0.000000
vn 0.000000 1.000000 0.000000
vn 0.000000 1.000000 0.000000
vn 0.000000 1.000000 0.000000
vn 0.000000 1.000000 0.000000
vn 0.000000 1.000000 0.000000
vn 0.000000 1.000000 0.000000
vn 0.000000 1.000000 0.000000
vn 0.000000 1.000000 0.000000
vn 0.000000 1.000000 0.000000
vn 0.000000 1.000000 0.000000
vn 0.000000 1.000000 0.000000
vn 0.000000 1.000000 0.000000
vn 0.000000 1.000000 0.000000
vn 0.000000 1.000000 0.000000
vn 0.000000 1.000000 0.000000
vn 0.000000 1.000000 0.000000
vn 0.000000 1.000000 0.000000
vn 0.000000 1.000000 0.000000
vn 0.000000 1.000000 0.000000
vn 0.000000 1.000000 0.000000
vn 0.000000 1.000000 0.000000
vn 0.000000 1.000000 0.000000
vn 0.000000 1.000000 0.000000
vn 0.000000 1.000000 0.000000
vn 0.000000 1.000000 0.000000
vn 0.000000 1.000000 0.000000
vn 0.000000 1.000000 0.000000
vn 0.000000 1.000000 0.000000
vn 0.000000 1.000000 0.000000
vn 0.000000 1.000000 0.000000
vn 0.000000 1.000000 0.000000
vn 0.000000 1.000000 0.000000
vn 0.000000 1.000000 0.000000
vn 0.000000 1.000000 0.000000
vn 0.000000 1.000000 0.000000
vn 0.000000 1.000000 0.000000
vn 0.000000 1.000000 0.000000
vn 0.000000 1.000000 0.000000
vn 0.000000 1.000000 0.000000
vn 0.000000 1.000000 0.000000
vn 0.000000 1.000000 0.000000
vn 0.000000 1.000000 0.000000
vn 0.000000 1.000000 0.000000
vn 0.000000 1.000000 0.000000
vn 0.000000 1.000000 0.000000
vn 0.000000 1.000000 0.000000
vn 0.000000 1.000000 0.000000
vn 0.000000 1.000000 0.000000
vn 0.000000 1.000000 0.000000
vn 0.000000 1.000000 0.000000
vn 0.000000 1.000000 0.000000
vn 0.000000 1.000000 0.000000
vn 0.000000 1.000000 0.000000
vn 0.000000 1.000000 0.000000
vn 0.000000 1.000000 0.000000
vn 0.000000 1.000000 0.000000
vn 0.000000 1.000000 0.000000
vn 0.000000 1.000000 0.000000
vn 0.000000 1.000000 0.000000
vn 0.000000 1.000000 0.000000
vn 0.000000 1.000000 0.000000
vn 0.000000 1.000000 0.000000
vn 0.000000 1.000000 0.000000
vn 0.000000 1.000000 0.000000
vn 0.000000 1.000000 0.000000
vn 0.000000 1.000000 0.000000
vn 0.000000 1.000000 0.000000
vn 0.000000 1.000000 0.000000
vn 0.000000 1.000000 0.000000
vn 0.000000 1.000000 0.000000
vn 0.000000 1.000000 0.000000
vn 0.000000 1.000000 0.000000
vn 0.000000 1.000000 0.000000
vn 0.000000 1.000000 0.000000
vn 0.000000 1.000000 0.000000
vn 0.000000 1.000000 0.000000
vn 0.000000 1.000000 0.000000
vn 0.000000 1.000000 0.000000
vn 0.000000 1.000000 0.000000
vn 0.000000 1.000000 0.000000
vn 0.000000 1.000000 0.000000
vn 0.000000 1.000000 0.000000
vn 0.000000 1.000000 0.000000
vn 0.000000 1.000000 0.000000
vn 0.000000 1.000000 0.000000
vn 0.000000 1.000000 0.000000
vn 0.000000 1.000000 0.000000
vn 0.000000 1.000000 0.000000
vn 0.000000 1.000000 0.000000
vn 0.000000 1.000000 0.000000
vn 0.000000 1.000000 0.000000
vn 0.000000 1.000000 0.000000
vn 0.000000 1.000000 0.000000
vn 0.000000 1.000000 0.000000
vn 0.000000 1.000000 0.000000
vn 0.000000 1.000000 0.000000
vn 0.000000 1.000000 0.000000
vn 0.000000 1.000000 0.000000
vn 0.000000 1.000000 0.000000
vn 0.000000 1.000000 0.000000
vn 0.000000 1.000000 0.000000
vn 0.000000 1.000000 0.000000
vn 0.000000 1.000000 0.000000
vn 0.000000 1.000000 0.000000
vn 0.000000 1.000000 0.000000
vn 0.000000 1.000000 0.000000
vn 0.000000 1.000000 0.000000
vn 0.000000 1.000000 0.000000
vn 0.000000 1.000000 0.000000
vn 0.000000 1.000000 0.000000
vn 0.000000 1.000000 0.000000
vn 0.000000 1.000000 0.000000
vn 0.000000 1.000000 0.000000
vn 0.000000 1.000000 0.000000
vn 0.000000 1.000000 0.000000
vn 0.000000 1.000000 0.000000
vn 0.000000 1.000000 0.000000
vn 0.000000 1.000000 0.000000
vn 0.000000 1.000000 0.000000
vn 0.000000 1.000000 0.000000
vn 0.000000 1.000000 0.000000
vn 0.000000 1.000000 0.000000
vn 0.000000 1.000000 0.000000
vn 0.000000 1.000000 0.000000
vn 0.000000 1.000000 0.000000
vn 0.000000 1.000000 0.000000
vn 0.000000 1.000000 0.000000
vn 0.000000 1.000000 0.000000
vn 0.000000 1.000000 0.000000
vn 0.000000 1.000000 0.000000
vn 0.000000 1.000000 0.000000
vn 0.000000 1.000000 0.000000
vn 0.000000 1.000000 0.000000
vn 0.000000 1.000000 0.000000
vn 0.000000 1.000000 0.000000
vn 0.000000 1.000000 0.000000
vn 0.000000 1.000000 0.000000
vn 0.000000 1.000000 0.000000
vn 0.000000 1.000000 0.000000
vn 0.000000 1.000000 0.000000
vn 0.000000 1.000000 0.000000
vn 0.000000 1.000000 0.000000
vn 0.000000 1.000000 0.000000
vn 0.000000 1.000000 0.000000
vn 0.000000 1.000000 0.000000
vn 0.000000 1.000000 0.000000
vn 0.000000 1.000000 0.000000
vn 0.000000 1.000000 0.000000
vn 0.000000 1.000000 0.000000
vn 0.000000 1.000000 0.000000
vn 0.000000 1.000000 0.000000
vn 0.000000 1.000000 0.000000
vn 0.000000 1.000000 0.000000
vn 0.000000 1.000000 0.000000
vn 0.000000 1.000000 0.000000
vn 0.000000 1.000000 0.000000
vn 0.000000 1.000000 0.000000
vn 0.000000 1.000000 0.000000
vn 0.000000 1.000000 0.000000
vn 0.000000 1.000000 0.000000
vn 0.000000 1.000000 0.000000
vn 0.000000 1.000000 0.000000
vn 0.000000 1.000000 0.000000
vn 0.000000 1.000000 0.000000
vn 0.000000 1.000000 0.000000
vn 0.000000 1.000000 0.000000
vn 0.000000 1.000000 0.000000
vn 0.000000 1.000000 0.000000
vn 0.000000 1.000000 0.000000
vn 0.000000 1.000000 0.000000
vn 0.000000 1.000000 0.000000
vn 0.000000 1.000000 0.000000
vn 0.000000 1.000000 0.000000
vn 0.000000 1.000000 0.000000
vn 0.000000 1.000000 0.000000
vn 0.000000 1.000000 0.000000
vn 0.000000 1.000000 0.000000
vn 0.000000 1.000000 0.000000
vn 0.000000 1.000000 0.000000
vn 0.000000 1.000000 0.000000
vn 0.000000 1.000000 0.000000
vn 0.000000 1.000000 0.000000
vn 0.000000 1.000000 0.000000
vn 0.000000 1.000000 0.000000
vn 0.000000 1.000000 0.000000
vn 0.000000 1.000000 0.000000
vn 0.000000 1.000000 0.000000
vn 0.000000 1.000000 0.000000
vn 0.000000 1.000000 0.000000
vn 0.000000 1.000000 0.000000
vn 0.000000 1.000000 0.000000
vn 0.000000 1.000000 0.000000
vn 0.000000 1.000000 0.000000
vn 0.000000 1.000000 0.000000
vn 0.000000 1.000000 0.000000
vn 0.000000 1.000000 0.000000
vn 0.000000 1.000000 0.000000
vn 0.000000 1.000000 0.000000
vn 0.000000 1.000000 0.000000
vn 0.000000 1.000000 0.000000
vn 0.000000 1.000000 0.000000
vn -0.000000 1.000000 0.000000
vn 0.000000 1.000000 0.000000
vn 0.000000 1.000000 0.000000
vn 0.000000 1.000000 0.000000
vn 0.000000 1.000000 0.000000
vn 0.000000 1.000000 0.000000
vn 0.000000 1.000000 0.000000
vn 0.000000 1.000000 0.000000
vn 0.000000 1.000000 0.000000
vn 0.000000 1.000000 0.000000
vn 0.999687 -0.024972 0.001237
vn 0.999687 -0.024972 0.001237
vn 0.997201 -0.074752 0.001234
vn 0.997201 -0.074752 0.001234
vn 0.992246 -0.124286 0.001228
vn 0.992246 -0.124286 0.001228
vn 0.984806 -0.173655 0.001219
vn 0.984806 -0.173655 0.001219
vn 0.974922 -0.222544 0.001206
vn 0.962621 -0.270850 0.001191
vn 0.974922 -0.222544 0.001206
vn 0.947921 -0.318504 0.001173
vn 0.962621 -0.270850 0.001191
vn 0.930893 -0.365290 0.001152
vn 0.947921 -0.318504 0.001173
vn 0.930893 -0.365290 0.001152
vn 0.911501 -0.411296 0.001128
vn 0.911501 -0.411296 0.001128
vn 0.889852 -0.456249 0.001101
vn 0.889851 -0.456249 0.001101
vn 0.866029 -0.499992 0.001072
vn 0.866029 -0.499992 0.001072
vn 0.840034 -0.542532 0.001040
vn 0.840034 -0.542532 0.001040
vn 0.811945 -0.583733 0.001005
vn 0.811945 -0.583733 0.001005
vn 0.781838 -0.623480 0.000968
vn 0.781838 -0.623480 0.000968
vn 0.749741 -0.661731 0.000928
vn 0.749741 -0.661731 0.000928
vn 0.715885 -0.698218 0.000886
vn 0.715885 -0.698218 0.000886
vn 0.680190 -0.733035 0.000842
vn 0.680190 -0.733035 0.000842
vn 0.642764 -0.766063 0.000795
vn 0.642765 -0.766063 0.000795
vn 0.603805 -0.797132 0.000747
vn 0.603805 -0.797132 0.000747
vn 0.563323 -0.826236 0.000697
vn 0.563323 -0.826236 0.000697
vn 0.521463 -0.853274 0.000645
vn 0.521463 -0.853274 0.000645
vn 0.478242 -0.878228 0.000592
vn 0.478242 -0.878228 0.000592
vn 0.433878 -0.900972 0.000537
vn 0.388436 -0.921476 0.000481
vn 0.433878 -0.900972 0.000537
vn 0.388436 -0.921476 0.000481
vn 0.342011 -0.939696 0.000423
vn 0.342011 -0.939696 0.000423
vn 0.294751 -0.955574 0.000365
vn 0.294751 -0.955574 0.000365
vn 0.246738 -0.969082 0.000305
vn 0.246738 -0.969082 0.000305
vn 0.198179 -0.980166 0.000245
vn 0.198179 -0.980166 0.000245
vn 0.149015 -0.988835 0.000184
vn 0.149015 -0.988835 0.000184
vn 0.099560 -0.995032 0.000123
vn 0.099560 -0.995032 0.000123
vn 0.049864 -0.998756 0.000062
vn 0.049864 -0.998756 0.000062
vn -0.000000 -1.000000 0.000000
vn 0.000000 -1.000000 -0.000000
vn -0.049860 -0.998756 -0.000062
vn -0.049860 -0.998756 -0.000062
vn -0.099560 -0.995032 -0.000123
vn -0.099560 -0.995032 -0.000123
vn -0.149015 -0.988835 -0.000184
vn -0.149015 -0.988835 -0.000184
vn -0.198179 -0.980166 -0.000245
vn -0.246738 -0.969082 -0.000305
vn -0.198179 -0.980166 -0.000245
vn -0.246738 -0.969082 -0.000305
vn -0.294751 -0.955574 -0.000365
vn -0.294751 -0.955574 -0.000365
vn -0.342011 -0.939696 -0.000423
vn -0.342011 -0.939696 -0.000423
vn -0.388465 -0.921463 -0.000481
vn -0.388465 -0.921463 -0.000481
vn -0.433846 -0.900987 -0.000537
vn -0.433846 -0.900987 -0.000537
vn -0.478277 -0.878209 -0.000592
vn -0.478277 -0.878209 -0.000592
vn -0.521426 -0.853296 -0.000645
vn -0.521426 -0.853296 -0.000645
vn -0.563323 -0.826236 -0.000697
vn -0.563323 -0.826236 -0.000697
vn -0.603805 -0.797132 -0.000747
vn -0.603805 -0.797132 -0.000747
vn -0.642805 -0.766030 -0.000795
vn -0.642805 -0.766030 -0.000795
vn -0.680150 -0.733073 -0.000842
vn -0.680150 -0.733073 -0.000842
vn -0.715885 -0.698218 -0.000886
vn -0.715885 -0.698218 -0.000886
vn -0.749781 -0.661685 -0.000928
vn -0.749781 -0.661685 -0.000928
vn -0.781799 -0.623530 -0.000967
vn -0.781799 -0.623530 -0.000967
vn -0.811945 -0.583733 -0.001005
vn -0.811945 -0.583733 -0.001005
vn -0.840034 -0.542532 -0.001040
vn -0.866065 -0.499931 -0.001072
vn -0.840034 -0.542532 -0.001040
vn -0.866029 -0.499992 -0.001073
vn -0.889852 -0.456249 -0.001102
vn -0.889852 -0.456249 -0.001102
vn -0.911532 -0.411228 -0.001129
vn -0.930865 -0.365361 -0.001153
vn -0.911532 -0.411228 -0.001129
vn -0.947921 -0.318504 -0.001174
vn -0.930865 -0.365361 -0.001153
vn -0.947921 -0.318504 -0.001174
vn -0.962621 -0.270850 -0.001192
vn -0.962621 -0.270850 -0.001192
vn -0.974922 -0.222544 -0.001208
vn -0.974922 -0.222544 -0.001208
vn -0.984820 -0.173576 -0.001220
vn -0.984820 -0.173576 -0.001220
vn -0.992236 -0.124366 -0.001229
vn -0.992236 -0.124366 -0.001229
vn -0.997201 -0.074752 -0.001235
vn -0.997201 -0.074752 -0.001235
vn -0.999689 -0.024890 -0.001238
vn -0.999689 -0.024890 -0.001238
vn -0.999689 0.024890 -0.001238
vn -0.999689 0.024890 -0.001238
vn -0.997202 0.074749 -0.001235
vn -0.997202 0.074749 -0.001235
vn -0.992235 0.124371 -0.001229
vn -0.992235 0.124371 -0.001229
vn -0.984820 0.173576 -0.001220
vn -0.984820 0.173576 -0.001220
vn -0.974922 0.222544 -0.001208
vn -0.974922 0.222544 -0.001208
vn -0.962621 0.270850 -0.001192
vn -0.962621 0.270850 -0.001192
vn -0.947921 0.318504 -0.001174
vn -0.947921 0.318504 -0.001174
vn -0.930871 0.365347 -0.001153
vn -0.930871 0.365347 -0.001153
vn -0.911532 0.411228 -0.001129
vn -0.911532 0.411228 -0.001129
vn -0.889852 0.456249 -0.001102
vn -0.889852 0.456249 -0.001102
vn -0.866019 0.500010 -0.001073
vn -0.866054 0.499949 -0.001072
vn -0.840034 0.542532 -0.001040
vn -0.840034 0.542532 -0.001040
vn -0.811945 0.583733 -0.001005
vn -0.811945 0.583733 -0.001005
vn -0.781799 0.623530 -0.000967
vn -0.781799 0.623530 -0.000967
vn -0.749799 0.661665 -0.000928
vn -0.749799 0.661665 -0.000928
vn -0.715865 0.698238 -0.000886
vn -0.715865 0.698238 -0.000886
vn -0.680172 0.733052 -0.000842
vn -0.680172 0.733052 -0.000842
vn -0.642781 0.766050 -0.000795
vn -0.642781 0.766050 -0.000795
vn -0.603805 0.797132 -0.000747
vn -0.603805 0.797132 -0.000747
vn -0.563351 0.826217 -0.000697
vn -0.563351 0.826217 -0.000697
vn -0.521397 0.853314 -0.000645
vn -0.478277 0.878209 -0.000592
vn -0.521396 0.853314 -0.000645
vn -0.478277 0.878209 -0.000592
vn -0.433879 0.900971 -0.000537
vn -0.388430 0.921478 -0.000481
vn -0.433879 0.900971 -0.000537
vn -0.388430 0.921478 -0.000481
vn -0.342011 0.939696 -0.000423
vn -0.342011 0.939696 -0.000423
vn -0.294751 0.955574 -0.000365
vn -0.294750 0.955574 -0.000365
vn -0.246776 0.969072 -0.000305
vn -0.246776 0.969072 -0.000305
vn -0.198140 0.980174 -0.000245
vn -0.198140 0.980174 -0.000245
vn -0.149055 0.988829 -0.000184
vn -0.149054 0.988829 -0.000184
vn -0.099560 0.995032 -0.000123
vn -0.099560 0.995032 -0.000123
vn -0.049820 0.998758 -0.000062
vn -0.049820 0.998758 -0.000062
vn 0.000000 1.000000 -0.000000
vn -0.000000 1.000000 0.000000
vn 0.049824 0.998758 0.000062
vn 0.049824 0.998758 0.000062
vn 0.099560 0.995032 0.000123
vn 0.099560 0.995032 0.000123
vn 0.149054 0.988829 0.000184
vn 0.149054 0.988829 0.000184
vn 0.198140 0.980174 0.000245
vn 0.198140 0.980174 0.000245
vn 0.246776 0.969072 0.000305
vn 0.294751 0.955574 0.000365
vn 0.246776 0.969072 0.000305
vn 0.294751 0.955574 0.000365
vn 0.342011 0.939696 0.000423
vn 0.342011 0.939696 0.000423
vn 0.388401 0.921490 0.000481
vn 0.433911 0.900956 0.000537
vn 0.388401 0.921490 0.000481
vn 0.433911 0.900956 0.000537
vn 0.478242 0.878228 0.000592
vn 0.478242 0.878228 0.000592
vn 0.521433 0.853292 0.000645
vn 0.563351 0.826217 0.000697
vn 0.521433 0.853292 0.000645
vn 0.563351 0.826217 0.000697
vn 0.603805 0.797132 0.000747
vn 0.603805 0.797132 0.000747
vn 0.642741 0.766084 0.000795
vn 0.680212 0.733015 0.000842
vn 0.642741 0.766084 0.000795
vn 0.715865 0.698238 0.000886
vn 0.680212 0.733015 0.000842
vn 0.749758 0.661711 0.000928
vn 0.715865 0.698238 0.000886
vn 0.749758 0.661711 0.000928
vn 0.781838 0.623480 0.000968
vn 0.781838 0.623480 0.000968
vn 0.811945 0.583733 0.001005
vn 0.811945 0.583733 0.001005
vn 0.840034 0.542532 0.001040
vn 0.840034 0.542532 0.001040
vn 0.866019 0.500010 0.001072
vn 0.866019 0.500010 0.001072
vn 0.889851 0.456249 0.001101
vn 0.889852 0.456249 0.001101
vn 0.911501 0.411296 0.001128
vn 0.911501 0.411296 0.001128
vn 0.930898 0.365276 0.001152
vn 0.930898 0.365276 0.001152
vn 0.947921 0.318504 0.001173
vn 0.962621 0.270850 0.001191
vn 0.947921 0.318504 0.001173
vn 0.962621 0.270850 0.001191
vn 0.974922 0.222544 0.001206
vn 0.984806 0.173655 0.001219
vn 0.974922 0.222544 0.001206
vn 0.984806 0.173655 0.001219
vn 0.992245 0.124291 0.001228
vn 0.992245 0.124291 0.001228
vn 0.997202 0.074749 0.001234
vn 0.997202 0.074749 0.001234
vn 0.999687 0.024972 0.001237
vn 0.999687 0.024972 0.001237
vn 0.999688 0.024931 0.001237
vn 0.999688 0.024931 0.001237
vn 0.997203 0.074728 0.001234
vn 0.997203 0.074728 0.001234
vn 0.992238 0.124347 0.001228
vn 0.992238 0.124347 0.001228
vn 0.984807 0.173645 0.001219
vn 0.984807 0.173645 0.001219
vn 0.974927 0.222523 0.001207
vn 0.962624 0.270839 0.001192
vn 0.974926 0.222524 0.001207
vn 0.947928 0.318483 0.001173
vn 0.962624 0.270839 0.001192
vn 0.930875 0.365337 0.001152
vn 0.947928 0.318483 0.001173
vn 0.930875 0.365336 0.001152
vn 0.911504 0.411289 0.001128
vn 0.911504 0.411289 0.001128
vn 0.889873 0.456208 0.001101
vn 0.889872 0.456209 0.001101
vn 0.866021 0.500007 0.001072
vn 0.866020 0.500008 0.001072
vn 0.840022 0.542551 0.001040
vn 0.840022 0.542551 0.001040
vn 0.811939 0.583741 0.001005
vn 0.811940 0.583741 0.001005
vn 0.781831 0.623490 0.000968
vn 0.781830 0.623491 0.000968
vn 0.749789 0.661677 0.000928
vn 0.749789 0.661677 0.000928
vn 0.715859 0.698244 0.000886
vn 0.715860 0.698244 0.000886
vn 0.680181 0.733044 0.000842
vn 0.680181 0.733044 0.000842
vn 0.642779 0.766051 0.000796
vn 0.642779 0.766051 0.000796
vn 0.603804 0.797132 0.000747
vn 0.603805 0.797132 0.000747
vn 0.563326 0.826234 0.000697
vn 0.563326 0.826235 0.000697
vn 0.521427 0.853296 0.000645
vn 0.521427 0.853296 0.000645
vn 0.478254 0.878221 0.000592
vn 0.478254 0.878221 0.000592
vn 0.433898 0.900962 0.000537
vn 0.388410 0.921487 0.000481
vn 0.433898 0.900962 0.000537
vn 0.388410 0.921487 0.000481
vn 0.342013 0.939695 0.000423
vn 0.342013 0.939695 0.000423
vn 0.294761 0.955571 0.000365
vn 0.294761 0.955571 0.000365
vn 0.246777 0.969072 0.000305
vn 0.246776 0.969072 0.000305
vn 0.198140 0.980174 0.000245
vn 0.198141 0.980174 0.000245
vn 0.149054 0.988829 0.000184
vn 0.149054 0.988829 0.000184
vn 0.099560 0.995032 0.000123
vn 0.099560 0.995032 0.000123
vn 0.049821 0.998758 0.000062
vn 0.049821 0.998758 0.000062
vn 0.000000 1.000000 0.000000
vn 0.000000 1.000000 0.000000
vn -0.049821 0.998758 -0.000062
vn -0.049821 0.998758 -0.000062
vn -0.099560 0.995032 -0.000123
vn -0.099560 0.995032 -0.000123
vn -0.149054 0.988829 -0.000184
vn -0.149054 0.988829 -0.000184
vn -0.198140 0.980174 -0.000245
vn -0.246776 0.969072 -0.000305
vn -0.198141 0.980174 -0.000245
vn -0.246777 0.969072 -0.000305
vn -0.294761 0.955571 -0.000365
vn -0.294761 0.955571 -0.000365
vn -0.342013 0.939695 -0.000423
vn -0.342013 0.939695 -0.000423
vn -0.388410 0.921487 -0.000481
vn -0.388410 0.921486 -0.000481
vn -0.433898 0.900962 -0.000537
vn -0.433898 0.900962 -0.000537
vn -0.478254 0.878221 -0.000592
vn -0.478254 0.878221 -0.000592
vn -0.521427 0.853296 -0.000645
vn -0.521427 0.853296 -0.000645
vn -0.563326 0.826234 -0.000697
vn -0.563326 0.826235 -0.000697
vn -0.603805 0.797132 -0.000747
vn -0.603804 0.797132 -0.000747
vn -0.642779 0.766051 -0.000796
vn -0.642779 0.766051 -0.000796
vn -0.680181 0.733044 -0.000842
vn -0.680181 0.733044 -0.000842
vn -0.715859 0.698244 -0.000886
vn -0.715860 0.698244 -0.000886
vn -0.749789 0.661676 -0.000928
vn -0.749789 0.661677 -0.000928
vn -0.781830 0.623491 -0.000968
vn -0.781830 0.623491 -0.000968
vn -0.811939 0.583741 -0.001005
vn -0.811940 0.583741 -0.001005
vn -0.840023 0.542550 -0.001040
vn -0.866020 0.500008 -0.001072
vn -0.840022 0.542551 -0.001040
vn -0.866020 0.500008 -0.001072
vn -0.889872 0.456209 -0.001101
vn -0.889873 0.456208 -0.001101
vn -0.911504 0.411289 -0.001128
vn -0.930875 0.365336 -0.001152
vn -0.911504 0.411289 -0.001128
vn -0.947928 0.318483 -0.001173
vn -0.930874 0.365337 -0.001152
vn -0.947928 0.318483 -0.001173
vn -0.962624 0.270839 -0.001192
vn -0.962624 0.270839 -0.001192
vn -0.974926 0.222524 -0.001207
vn -0.974927 0.222523 -0.001207
vn -0.984807 0.173645 -0.001219
vn -0.984807 0.173645 -0.001219
vn -0.992238 0.124347 -0.001228
vn -0.992238 0.124347 -0.001228
vn -0.997203 0.074728 -0.001234
vn -0.997203 0.074728 -0.001234
vn -0.999688 0.024931 -0.001237
vn -0.999688 0.024931 -0.001237
vn -0.999688 -0.024931 -0.001237
vn -0.999688 -0.024931 -0.001237
vn -0.997203 -0.074731 -0.001234
vn -0.997203 -0.074731 -0.001234
vn -0.992239 -0.124342 -0.001228
vn -0.992239 -0.124342 -0.001228
vn -0.984807 -0.173645 -0.001219
vn -0.984807 -0.173645 -0.001219
vn -0.974927 -0.222523 -0.001207
vn -0.974926 -0.222524 -0.001207
vn -0.962624 -0.270839 -0.001192
vn -0.962624 -0.270839 -0.001192
vn -0.947928 -0.318483 -0.001173
vn -0.947928 -0.318483 -0.001173
vn -0.930869 -0.365351 -0.001152
vn -0.930870 -0.365350 -0.001152
vn -0.911504 -0.411289 -0.001128
vn -0.911504 -0.411289 -0.001128
vn -0.889873 -0.456208 -0.001101
vn -0.889872 -0.456209 -0.001101
vn -0.866030 -0.499990 -0.001072
vn -0.866030 -0.499990 -0.001072
vn -0.840023 -0.542550 -0.001040
vn -0.840022 -0.542551 -0.001040
vn -0.811940 -0.583741 -0.001005
vn -0.811939 -0.583741 -0.001005
vn -0.781830 -0.623491 -0.000968
vn -0.781830 -0.623491 -0.000968
vn -0.749772 -0.661696 -0.000928
vn -0.749771 -0.661697 -0.000928
vn -0.715880 -0.698223 -0.000886
vn -0.715879 -0.698224 -0.000886
vn -0.680159 -0.733064 -0.000842
vn -0.680159 -0.733065 -0.000842
vn -0.642803 -0.766031 -0.000796
vn -0.642803 -0.766031 -0.000796
vn -0.603804 -0.797132 -0.000747
vn -0.603805 -0.797132 -0.000747
vn -0.563298 -0.826254 -0.000697
vn -0.563299 -0.826253 -0.000697
vn -0.521457 -0.853278 -0.000645
vn -0.478254 -0.878221 -0.000592
vn -0.521456 -0.853278 -0.000645
vn -0.478254 -0.878221 -0.000592
vn -0.433865 -0.900978 -0.000537
vn -0.388445 -0.921472 -0.000481
vn -0.433865 -0.900978 -0.000537
vn -0.388445 -0.921472 -0.000481
vn -0.342013 -0.939695 -0.000423
vn -0.342013 -0.939695 -0.000423
vn -0.294761 -0.955571 -0.000365
vn -0.294761 -0.955571 -0.000365
vn -0.246738 -0.969082 -0.000305
vn -0.246738 -0.969082 -0.000305
vn -0.198180 -0.980166 -0.000245
vn -0.198180 -0.980166 -0.000245
vn -0.149014 -0.988835 -0.000184
vn -0.149014 -0.988835 -0.000184
vn -0.099560 -0.995032 -0.000123
vn -0.099560 -0.995032 -0.000123
vn -0.049861 -0.998756 -0.000062
vn -0.049861 -0.998756 -0.000062
vn 0.000000 -1.000000 0.000000
vn 0.000000 -1.000000 0.000000
vn 0.049861 -0.998756 0.000062
vn 0.049861 -0.998756 0.000062
vn 0.099560 -0.995032 0.000123
vn 0.099560 -0.995032 0.000123
vn 0.149014 -0.988835 0.000184
vn 0.149014 -0.988835 0.000184
vn 0.198180 -0.980166 0.000245
vn 0.198180 -0.980166 0.000245
vn 0.246738 -0.969082 0.000305
vn 0.294761 -0.955571 0.000365
vn 0.246738 -0.969082 0.000305
vn 0.294761 -0.955571 0.000365
vn 0.342013 -0.939695 0.000423
vn 0.342013 -0.939695 0.000423
vn 0.388445 -0.921472 0.000481
vn 0.433865 -0.900978 0.000537
vn 0.388445 -0.921472 0.000481
vn 0.433865 -0.900978 0.000537
vn 0.478254 -0.878221 0.000592
vn 0.478254 -0.878221 0.000592
vn 0.521457 -0.853278 0.000645
vn 0.563299 -0.826253 0.000697
vn 0.521457 -0.853277 0.000645
vn 0.563298 -0.826254 0.000697
vn 0.603804 -0.797132 0.000747
vn 0.603805 -0.797132 0.000747
vn 0.642803 -0.766031 0.000796
vn 0.680159 -0.733065 0.000842
vn 0.642803 -0.766031 0.000796
vn 0.715880 -0.698223 0.000886
vn 0.680159 -0.733064 0.000842
vn 0.749771 -0.661697 0.000928
vn 0.715879 -0.698224 0.000886
vn 0.749771 -0.661697 0.000928
vn 0.781830 -0.623491 0.000968
vn 0.781831 -0.623490 0.000968
vn 0.811940 -0.583741 0.001005
vn 0.811939 -0.583741 0.001005
vn 0.840022 -0.542551 0.001040
vn 0.840022 -0.542551 0.001040
vn 0.866031 -0.499990 0.001072
vn 0.866030 -0.499990 0.001072
vn 0.889873 -0.456208 0.001101
vn 0.889872 -0.456209 0.001101
vn 0.911504 -0.411289 0.001128
vn 0.911504 -0.411289 0.001128
vn 0.930869 -0.365351 0.001152
vn 0.930869 -0.365350 0.001152
vn 0.947928 -0.318483 0.001173
vn 0.962624 -0.270839 0.001192
vn 0.947928 -0.318483 0.001173
vn 0.962624 -0.270839 0.001192
vn 0.974927 -0.222523 0.001207
vn 0.984807 -0.173645 0.001219
vn 0.974926 -0.222524 0.001207
vn 0.984807 -0.173645 0.001219
vn 0.992239 -0.124342 0.001228
vn 0.992239 -0.124342 0.001228
vn 0.997203 -0.074731 0.001234
vn 0.997203 -0.074731 0.001234
vn 0.999688 -0.024931 0.001237
vn 0.999688 -0.024931 0.001237
vn 0.000000 1.000000 0.000000
vn 0.000000 1.000000 0.000000
vn 0.000000 1.000000 0.000000
vn 0.000000 1.000000 0.000000
vn 0.000000 1.000000 0.000000
vn 0.000000 1.000000 0.000000
vn 0.000000 1.000000 0.000000
vn 0.000000 1.000000 0.000000
vn 0.000000 1.000000 0.000000
vn 0.000000 1.000000 0.000000
vn 0.000000 1.000000 0.000000
vn 0.000000 1.000000 0.000000
vn 0.000000 1.000000 0.000000
vn 0.000000 1.000000 0.000000
vn 0.000000 1.000000 0.000000
vn 0.000000 1.000000 0.000000
vn 0.000000 1.000000 0.000000
vn 0.000000 1.000000 0.000000
vn 0.000000 1.000000 0.000000
vn 0.000000 1.000000 0.000000
vn 0.000000 1.000000 0.000000
vn 0.000000 1.000000 0.000000
vn 0.000000 1.000000 0.000000
vn 0.000000 1.000000 0.000000
vn 0.000000 1.000000 0.000000
vn 0.000000 1.000000 0.000000
vn 0.000000 1.000000 0.000000
vn 0.000000 1.000000 0.000000
vn 0.000000 1.000000 0.000000
vn 0.000000 1.000000 0.000000
vn 0.000000 1.000000 0.000000
vn 0.000000 1.000000 0.000000
vn 0.000000 1.000000 0.000000
vn 0.000000 1.000000 0.000000
vn 0.000000 1.000000 0.000000
vn 0.000000 1.000000 0.000000
vn 0.000000 1.000000 0.000000
vn 0.000000 1.000000 0.000000
vn 0.000000 1.000000 0.000000
vn 0.000000 1.000000 0.000000
vn 0.000000 1.000000 0.000000
vn 0.000000 1.000000 0.000000
vn 0.000000 1.000000 0.000000
vn 0.000000 1.000000 0.000000
vn 0.000000 1.000000 0.000000
vn 0.000000 1.000000 0.000000
vn 0.000000 1.000000 0.000000
vn 0.000000 1.000000 0.000000
vn 0.000000 1.000000 0.000000
vn 0.000000 1.000000 0.000000
vn 0.000000 1.000000 0.000000
vn 0.000000 1.000000 0.000000
vn 0.000000 1.000000 0.000000
vn 0.000000 1.000000 0.000000
vn 0.000000 1.000000 0.000000
vn 0.000000 1.000000 0.000000
vn 0.000000 1.000000 0.000000
vn 0.000000 1.000000 0.000000
vn 0.000000 1.000000 0.000000
vn 0.000000 1.000000 0.000000
vn 0.000000 1.000000 0.000000
vn 0.000000 1.000000 0.000000
vn 0.000000 1.000000 0.000000
vn 0.000000 1.000000 0.000000
vn 0.000000 1.000000 0.000000
vn 0.000000 1.000000 0.000000
vn 0.000000 1.000000 0.000000
vn 0.000000 1.000000 0.000000
vn 0.000000 1.000000 0.000000
vn 0.000000 1.000000 0.000000
vn 0.000000 1.000000 0.000000
vn 0.000000 1.000000 0.000000
vn 0.000000 1.000000 0.000000
vn 0.000000 1.000000 0.000000
vn 0.000000 1.000000 0.000000
vn 0.000000 1.000000 0.000000
vn 0.000000 1.000000 0.000000
vn 0.000000 1.000000 0.000000
vn 0.000000 1.000000 0.000000
vn 0.000000 1.000000 0.000000
vn 0.000000 1.000000 0.000000
vn 0.000000 1.000000 0.000000
vn 0.000000 1.000000 0.000000
vn 0.000000 1.000000 0.000000
vn 0.000000 1.000000 0.000000
vn 0.000000 1.000000 0.000000
vn 0.000000 1.000000 0.000000
vn 0.000000 1.000000 0.000000
vn 0.000000 1.000000 0.000000
vn 0.000000 1.000000 0.000000
vn 0.000000 1.000000 0.000000
vn 0.000000 1.000000 0.000000
vn 0.000000 1.000000 0.000000
vn 0.000000 1.000000 0.000000
vn 0.000000 1.000000 0.000000
vn 0.000000 1.000000 0.000000
vn 0.000000 1.000000 0.000000
vn 0.000000 1.000000 0.000000
vn 0.000000 1.000000 0.000000
vn 0.000000 1.000000 0.000000
vn 0.000000 1.000000 0.000000
vn 0.000000 1.000000 0.000000
vn 0.000000 1.000000 0.000000
vn 0.000000 1.000000 0.000000
vn 0.000000 1.000000 0.000000
vn 0.000000 1.000000 0.000000
vn 0.000000 1.000000 0.000000
vn 0.000000 1.000000 0.000000
vn 0.000000 1.000000 0.000000
vn 0.000000 1.000000 0.000000
vn 0.000000 1.000000 0.000000
vn 0.000000 1.000000 0.000000
vn 0.000000 1.000000 0.000000
vn 0.000000 1.000000 0.000000
vn 0.000000 1.000000 0.000000
vn 0.000000 1.000000 0.000000
vn 0.000000 1.000000 0.000000
vn 0.000000 1.000000 0.000000
vn 0.000000 1.000000 0.000000
vn 0.000000 1.000000 0.000000
vn 0.000000 1.000000 0.000000
vn 0.000000 1.000000 0.000000
vn 0.000000 1.000000 0.000000
vn 0.000000 1.000000 0.000000
vn 0.000000 1.000000 0.000000
vn 0.000000 1.000000 0.000000
vn 0.000000 1.000000 0.000000
vn 0.000000 1.000000 0.000000
vn 0.000000 1.000000 0.000000
vn 0.000000 1.000000 0.000000
vn 0.000000 1.000000 0.000000
vn 0.000000 1.000000 0.000000
vn 0.000000 1.000000 0.000000
vn 0.000000 1.000000 0.000000
vn 0.000000 1.000000 0.000000
vn 0.000000 1.000000 0.000000
vn 0.000000 1.000000 0.000000
vn 0.000000 1.000000 0.000000
vn 0.000000 1.000000 0.000000
vn 0.000000 1.000000 0.000000
vn 0.000000 1.000000 0.000000
vn 0.000000 1.000000 0.000000
vn 0.000000 1.000000 0.000000
vn 0.000000 1.000000 0.000000
vn 0.000000 1.000000 0.000000
vn 0.000000 1.000000 0.000000
vn 0.000000 1.000000 0.000000
vn 0.000000 1.000000 0.000000
vn 0.000000 1.000000 0.000000
vn 0.000000 1.000000 0.000000
vn 0.000000 1.000000 0.000000
vn 0.000000 1.000000 0.000000
vn 0.000000 1.000000 0.000000
vn 0.000000 1.000000 0.000000
vn 0.000000 1.000000 0.000000
vn 0.000000 1.000000 0.000000
vn 0.000000 1.000000 0.000000
vn 0.000000 1.000000 0.000000
vn 0.000000 1.000000 0.000000
vn 0.000000 1.000000 0.000000
vn 0.000000 1.000000 0.000000
vn 0.000000 1.000000 0.000000
vn 0.000000 1.000000 0.000000
vn 0.000000 1.000000 0.000000
vn 0.000000 1.000000 0.000000
vn 0.000000 1.000000 0.000000
vn 0.000000 1.000000 0.000000
vn 0.000000 1.000000 0.000000
vn 0.000000 1.000000 0.000000
vn 0.000000 1.000000 0.000000
vn 0.000000 1.000000 0.000000
vn 0.000000 1.000000 0.000000
vn 0.000000 1.000000 0.000000
vn 0.000000 1.000000 0.000000
vn 0.000000 1.000000 0.000000
vn 0.000000 1.000000 0.000000
vn 0.000000 1.000000 0.000000
vn 0.000000 1.000000 0.000000
vn 0.000000 1.000000 0.000000
vn 0.000000 1.000000 0.000000
vn 0.000000 1.000000 0.000000
vn 0.000000 1.000000 0.000000
vn 0.000000 1.000000 0.000000
vn 0.000000 1.000000 0.000000
vn 0.000000 1.000000 0.000000
vn 0.000000 1.000000 0.000000
vn 0.000000 1.000000 0.000000
vn 0.000000 1.000000 0.000000
vn 0.000000 1.000000 0.000000
vn 0.000000 1.000000 0.000000
vn 0.000000 1.000000 0.000000
vn 0.000000 1.000000 0.000000
vn 0.723669 0.000000 0.690147
vn 0.723669 0.000000 0.690147
vn 0.757160 0.000000 0.653229
vn 0.757160 0.000000 0.653229
vn 0.788782 0.000000 0.614673
vn 0.818442 0.000000 0.574590
vn 0.788782 0.000000 0.614673
vn 0.818442 0.000000 0.574590
vn 0.846068 0.000000 0.533075
vn 0.846068 0.000000 0.533075
vn 0.871581 0.000000 0.490251
vn 0.871581 0.000000 0.490251
vn 0.894937 0.000000 0.446192
vn 0.916067 0.000000 0.401025
vn 0.894937 0.000000 0.446192
vn 0.916067 0.000000 0.401025
vn 0.934917 0.000000 0.354867
vn 0.934917 0.000000 0.354867
vn 0.951445 0.000000 0.307819
vn 0.951445 0.000000 0.307819
vn 0.965605 0.000000 0.260013
vn 0.965605 0.000000 0.260013
vn 0.977364 0.000000 0.211566
vn 0.986696 0.000000 0.162578
vn 0.977364 0.000000 0.211566
vn 0.986696 0.000000 0.162578
vn 0.993573 0.000000 0.113193
vn 0.993573 0.000000 0.113193
vn 0.997980 0.000000 0.063530
vn 0.997980 0.000000 0.063530
vn 0.999906 0.000000 0.013699
vn 0.999906 0.000000 0.013699
vn 0.999346 0.000000 -0.036157
vn 0.996301 0.000000 -0.085928
vn 0.999346 0.000000 -0.036157
vn 0.996301 0.000000 -0.085928
vn 0.990781 0.000000 -0.135470
vn 0.990781 0.000000 -0.135470
vn 0.982795 0.000000 -0.184699
vn 0.982795 0.000000 -0.184699
vn 0.972370 0.000000 -0.233446
vn 0.972370 0.000000 -0.233446
vn 0.959524 0.000000 -0.281627
vn 0.959524 0.000000 -0.281627
vn 0.944292 0.000000 -0.329109
vn 0.944292 0.000000 -0.329109
vn 0.926712 0.000000 -0.375771
vn 0.926712 0.000000 -0.375771
vn 0.906826 0.000000 -0.421504
vn 0.906826 0.000000 -0.421504
vn 0.884695 0.000000 -0.466170
vn 0.884695 0.000000 -0.466170
vn 0.860354 0.000000 -0.509697
vn 0.833883 0.000000 -0.551941
vn 0.860354 0.000000 -0.509697
vn 0.833883 0.000000 -0.551941
vn 0.805329 0.000000 -0.592829
vn 0.774781 0.000000 -0.632229
vn 0.805329 0.000000 -0.592829
vn 0.742306 0.000000 -0.670062
vn 0.774781 0.000000 -0.632229
vn 0.742306 0.000000 -0.670062
vn 0.707982 0.000000 -0.706230
vn 0.671901 0.000000 -0.740641
vn 0.707982 0.000000 -0.706230
vn 0.671901 0.000000 -0.740641
vn 0.634144 0.000000 -0.773215
vn 0.594813 0.000000 -0.803864
vn 0.634144 0.000000 -0.773215
vn 0.594813 0.000000 -0.803864
vn 0.554010 0.000000 -0.832510
vn 0.511819 0.000000 -0.859093
vn 0.554010 0.000000 -0.832510
vn 0.468360 0.000000 -0.883538
vn 0.511819 0.000000 -0.859093
vn 0.468360 0.000000 -0.883538
vn 0.423744 0.000000 -0.905782
vn 0.423744 0.000000 -0.905782
vn 0.378062 0.000000 -0.925780
vn 0.331448 0.000000 -0.943473
vn 0.378062 0.000000 -0.925780
vn 0.284008 0.000000 -0.958822
vn 0.331448 0.000000 -0.943473
vn 0.235859 0.000000 -0.971787
vn 0.284008 0.000000 -0.958822
vn 0.235859 0.000000 -0.971787
vn 0.187127 0.000000 -0.982336
vn 0.187127 0.000000 -0.982336
vn 0.137929 0.000000 -0.990442
vn 0.137929 0.000000 -0.990442
vn 0.088389 0.000000 -0.996086
vn 0.088389 0.000000 -0.996086
vn 0.038629 0.000000 -0.999254
vn 0.038629 0.000000 -0.999254
vn -0.011229 -0.000000 -0.999937
vn -0.011229 -0.000000 -0.999937
vn -0.061057 0.000000 -0.998134
vn -0.061057 -0.000000 -0.998134
vn -0.110734 0.000000 -0.993850
vn -0.110734 -0.000000 -0.993850
vn -0.160138 0.000000 -0.987095
vn -0.160138 -0.000000 -0.987095
vn -0.209138 -0.000000 -0.977886
vn -0.209138 -0.000000 -0.977886
vn -0.257625 -0.000000 -0.966245
vn -0.257625 -0.000000 -0.966245
vn -0.305466 0.000000 -0.952203
vn -0.305466 -0.000000 -0.952203
vn -0.352549 -0.000000 -0.935793
vn -0.352549 -0.000000 -0.935793
vn -0.398756 0.000000 -0.917057
vn -0.398756 -0.000000 -0.917057
vn -0.443975 -0.000000 -0.896039
vn -0.488085 -0.000000 -0.872796
vn -0.443975 0.000000 -0.896039
vn -0.488085 -0.000000 -0.872796
vn -0.530982 -0.000000 -0.847383
vn -0.530982 0.000000 -0.847383
vn -0.572565 -0.000000 -0.819860
vn -0.572565 0.000000 -0.819860
vn -0.612717 -0.000000 -0.790302
vn -0.612717 0.000000 -0.790302
vn -0.651346 -0.000000 -0.758781
vn -0.651346 0.000000 -0.758781
vn -0.688364 -0.000000 -0.725365
vn -0.688364 0.000000 -0.725365
vn 0.001169 -0.000057 -0.999999
vn 0.001204 -0.000031 -0.999999
vn 0.001411 0.000110 -0.999999
vn 0.000873 -0.000567 -0.999999
vn 0.001300 0.000094 -0.999999
vn 0.001281 0.000067 -0.999999
vn 0.001167 -0.000092 -0.999999
vn 0.000980 -0.000504 -0.999999
vn 0.001319 0.000036 -0.999999
vn 0.001272 0.000017 -0.999999
vn 0.001192 -0.000019 -0.999999
vn 0.001325 0.000037 -0.999999
vn 0.001305 0.000029 -0.999999
vn 0.001260 0.000071 -0.999999
vn 0.001249 0.000032 -0.999999
vn 0.001238 -0.000005 -0.999999
vn 0.001244 0.000012 -0.999999
vn 0.001238 0.000002 -0.999999
vn 0.001235 -0.000006 -0.999999
vn 0.001211 -0.000085 -0.999999
vn 0.001650 0.000084 -0.999999
vn 0.001201 -0.000501 -0.999999
vn 0.001238 0.000003 -0.999999
vn 0.001169 -0.000010 -0.999999
vn 0.001368 0.000007 -0.999999
vn 0.001636 0.000020 -0.999999
vn 0.001213 -0.000005 -0.999999
vn 0.001244 0.000033 -0.999999
vn 0.001368 -0.000014 -0.999999
vn 0.001102 0.000020 -0.999999
vn 0.000838 0.000059 -1.000000
vn 0.001267 -0.000192 -0.999999
vn 0.001227 0.000037 -0.999999
vn 0.000869 0.000095 -1.000000
vn 0.001223 0.000062 -0.999999
vn 0.001260 -0.000071 -0.999999
vn 0.001247 -0.000057 -0.999999
vn 0.001183 0.000015 -0.999999
vn 0.001297 -0.000027 -0.999999
vn 0.001223 0.000040 -0.999999
vn 0.001262 -0.000010 -0.999999
vn 0.001239 -0.000001 -0.999999
vn 0.001234 -0.000000 -0.999999
vn 0.001234 -0.000000 -0.999999
vn 0.001237 0.000010 -0.999999
vn 0.001209 0.000077 -0.999999
vn 0.001238 0.000003 -0.999999
vn 0.001004 0.000127 -0.999999
vn 0.001132 0.000182 -0.999999
vn 0.001251 -0.000024 -0.999999
vn 0.001244 0.000000 -0.999999
vn 0.001299 -0.000034 -0.999999
vn 0.001411 -0.000110 -0.999999
vn 0.001239 0.000001 -0.999999
vn 0.001238 -0.000000 -0.999999
vn 0.001236 -0.000000 -0.999999
vn 0.001140 0.000082 -0.999999
vn 0.001506 -0.000303 -0.999999
vn 0.001232 -0.000004 -0.999999
vn 0.001159 0.000092 -0.999999
vn 0.001127 0.000126 -0.999999
vn 0.001232 0.000008 -0.999999
vn 0.001264 -0.000027 -0.999999
vn 0.000967 0.000307 -0.999999
vn 0.001428 -0.000147 -0.999999
vn 0.001244 -0.000008 -0.999999
vn 0.001338 -0.000195 -0.999999
vn 0.000980 0.000505 -0.999999
vn 0.001235 0.000004 -0.999999
vn 0.001266 -0.000049 -0.999999
vn 0.001158 0.000149 -0.999999
vn 0.001266 -0.000063 -0.999999
vn 0.001315 -0.000034 -0.999999
vn 0.001332 -0.000041 -0.999999
vn 0.001163 0.000035 -0.999999
vn 0.001238 -0.000001 -0.999999
vn 0.001242 -0.000013 -0.999999
vn 0.000890 0.000110 -1.000000
vn 0.001239 0.000001 -0.999999
vn 0.001238 0.000000 -0.999999
vn 0.001237 -0.000000 -0.999999
vn 0.001246 -0.000014 -0.999999
vn 0.000851 0.000078 -1.000000
vn 0.001266 -0.000006 -0.999999
vn 0.001267 -0.000192 -0.999999
vn 0.000828 0.000040 -1.000000
vn 0.001242 -0.000051 -0.999999
vn 0.001201 0.000501 -0.999999
vn 0.001634 0.000000 -0.999999
vn 0.001230 0.000000 -0.999999
vn 0.001245 -0.000001 -0.999999
vn 0.001244 0.000064 -0.999999
vn 0.001254 0.000160 -0.999999
vn 0.001215 -0.000152 -0.999999
vn 0.001249 -0.000001 -0.999999
vn 0.001644 0.000062 -0.999999
vn 0.001102 -0.000020 -0.999999
vn 0.001237 -0.000000 -0.999999
vn 0.001247 0.000092 -0.999999
vn 0.001210 0.000004 -0.999999
vn 0.001234 -0.000030 -0.999999
vn 0.001238 -0.000000 -0.999999
vn 0.000890 -0.000110 -1.000000
vn 0.001244 -0.000001 -0.999999
vn 0.001340 0.000045 -0.999999
vn 0.001233 -0.000012 -0.999999
vn 0.001246 0.000015 -0.999999
vn 0.001355 0.000227 -0.999999
vn 0.001112 -0.000065 -0.999999
vn 0.001225 -0.000030 -0.999999
vn 0.001067 -0.000113 -0.999999
vn 0.001290 0.000082 -0.999999
vn 0.001255 0.000033 -0.999999
vn 0.001236 -0.000005 -0.999999
vn 0.001252 0.000009 -0.999999
vn 0.001236 0.000000 -0.999999
vn 0.001230 -0.000004 -0.999999
vn 0.001312 0.000055 -0.999999
vn 0.001238 0.000000 -0.999999
vn 0.001506 0.000303 -0.999999
vn 0.001477 0.000215 -0.999999
vn 0.001238 0.000001 -0.999999
vn 0.001236 -0.000003 -0.999999
vn 0.001234 -0.000011 -0.999999
vn -0.001319 -0.000090 0.999999
vn -0.000900 0.000410 0.999999
vn -0.001260 -0.000042 0.999999
vn -0.001108 0.000108 0.999999
vn -0.001129 0.000092 0.999999
vn -0.000976 0.000141 1.000000
vn -0.000993 0.000133 0.999999
vn -0.001011 0.000124 0.999999
vn -0.001360 -0.000284 0.999999
vn -0.001266 -0.000015 0.999999
vn -0.001398 -0.000082 0.999999
vn -0.001256 -0.000056 0.999999
vn -0.001232 0.000019 0.999999
vn -0.001200 0.000101 0.999999
vn -0.001370 -0.000424 0.999999
vn -0.001381 -0.000461 0.999999
vn -0.002455 -0.000309 0.999997
vn -0.001337 -0.000657 0.999999
vn -0.001206 0.000385 0.999999
vn -0.001282 -0.000369 0.999999
vn -0.002455 -0.000061 0.999997
vn -0.000823 0.000020 1.000000
vn -0.001644 -0.000041 0.999999
vn -0.001247 -0.000002 0.999999
vn -0.001239 -0.000027 0.999999
vn -0.001224 -0.000324 0.999999
vn -0.001303 0.000723 0.999999
vn -0.000012 -0.000122 1.000000
vn -0.001638 0.000041 0.999999
vn -0.001644 0.000041 0.999999
vn -0.001328 0.000596 0.999999
vn -0.001247 0.000002 0.999999
vn -0.001241 -0.000002 0.999999
vn -0.001249 -0.000003 0.999999
vn -0.002455 0.000309 0.999997
vn -0.001227 0.000000 0.999999
vn -0.001236 0.000000 0.999999
vn -0.001234 0.000001 0.999999
vn -0.001277 0.000126 0.999999
vn -0.001064 -0.000417 0.999999
vn -0.000976 -0.000141 1.000000
vn -0.000919 -0.000530 0.999999
vn -0.001384 0.000241 0.999999
vn -0.001290 0.000081 0.999999
vn -0.001200 -0.000044 0.999999
vn -0.001108 -0.000108 0.999999
vn -0.001125 -0.000182 0.999999
vn -0.001286 0.000066 0.999999
vn -0.001166 -0.000050 0.999999
vn -0.001140 -0.000084 0.999999
vn -0.001169 -0.000057 0.999999
vn -0.001362 0.000102 0.999999
vn -0.001258 0.000019 0.999999
vn -0.001254 0.000010 0.999999
vn -0.001331 0.000060 0.999999
vn -0.000704 -0.000621 1.000000
vn -0.001086 -0.000188 0.999999
vn -0.001150 -0.000075 0.999999
vn -0.001129 -0.000092 0.999999
vn -0.001108 -0.000108 0.999999
vn -0.001362 0.000102 0.999999
vn -0.001346 0.000168 0.999999
vn -0.001328 0.000137 0.999999
vn -0.001223 0.000004 0.999999
vn -0.001237 -0.000000 0.999999
vn -0.001232 0.000002 0.999999
vn -0.001246 0.000008 0.999999
vn -0.001143 -0.000166 0.999999
vn -0.001227 -0.000020 0.999999
vn -0.001240 -0.000000 0.999999
vn -0.001238 0.000000 0.999999
vn -0.001261 -0.000008 0.999999
vn -0.001104 -0.000069 0.999999
vn -0.001212 -0.000021 0.999999
vn -0.001698 0.000184 0.999999
vn -0.001211 -0.000018 0.999999
vn -0.001331 0.000060 0.999999
vn -0.001363 0.000405 0.999999
vn -0.001177 -0.000148 0.999999
vn -0.001240 -0.000001 0.999999
vn -0.001232 0.000002 0.999999
vn -0.001337 0.000657 0.999999
vn -0.001332 0.000617 0.999999
vn -0.001497 0.000040 0.999999
vn -0.000840 -0.000059 1.000000
vn -0.001646 0.000042 0.999999
vn -0.000012 -0.000122 1.000000
vn -0.001219 -0.000132 0.999999
vn -0.002455 -0.000061 0.999997
vn -0.000819 0.000020 1.000000
vn -0.001303 -0.000723 0.999999
vn -0.001224 0.000324 0.999999
vn -0.001328 -0.000597 0.999999
vn -0.001131 0.000517 0.999999
vn -0.001242 -0.000028 0.999999
vn -0.001650 -0.000083 0.999999
vn -0.000859 0.000097 1.000000
vn -0.002455 -0.000309 0.999997
vn -0.001236 -0.000000 0.999999
vn -0.001363 -0.000405 0.999999
vn -0.001245 -0.000052 0.999999
vn -0.001242 -0.000084 0.999999
vn -0.001237 0.000006 0.999999
vn -0.001232 0.000074 0.999999
vn -0.001240 -0.000001 0.999999
vn -0.001259 -0.000002 0.999999
vn -0.001563 -0.000138 0.999999
vn -0.001452 -0.000088 0.999999
vn -0.000976 0.000141 1.000000
vn -0.001201 0.000011 0.999999
vn -0.001235 0.000000 0.999999
vn -0.001234 0.000000 0.999999
vn -0.001226 -0.000001 0.999999
vn -0.000919 0.000531 0.999999
vn -0.001174 0.000088 0.999999
vn -0.001743 -0.000349 0.999998
vn -0.001312 -0.000055 0.999999
vn -0.000766 0.000611 1.000000
vn -0.001148 0.000132 0.999999
vn -0.001169 0.000057 0.999999
vn -0.001236 0.000000 0.999999
vn -0.001233 0.000000 0.999999
vn -0.001274 -0.000053 0.999999
vn -0.001210 0.000018 0.999999
vn -0.999719 0.000000 0.023707
vn -0.999719 0.000000 0.023707
vn -0.997299 0.000000 0.073446
vn -0.997299 0.000000 0.073446
vn -0.992394 0.000000 0.123104
vn -0.992394 0.000000 0.123104
vn -0.985021 0.000000 0.172434
vn -0.985021 0.000000 0.172434
vn -0.975193 0.000000 0.221355
vn -0.962964 0.000000 0.269630
vn -0.975193 0.000000 0.221355
vn -0.962964 0.000000 0.269630
vn -0.948317 0.000000 0.317325
vn -0.948317 0.000000 0.317325
vn -0.931318 0.000000 0.364207
vn -0.931318 0.000000 0.364207
vn -0.912031 0.000000 0.410121
vn -0.890432 0.000000 0.455117
vn -0.912031 0.000000 0.410121
vn -0.890432 0.000000 0.455117
vn -0.866638 0.000000 0.498938
vn -0.866638 0.000000 0.498938
vn -0.840700 0.000000 0.541501
vn -0.840700 0.000000 0.541501
vn -0.812673 0.000000 0.582720
vn -0.812673 0.000000 0.582720
vn -0.782595 0.000000 0.622531
vn -0.782595 0.000000 0.622531
vn -0.750595 0.000000 0.660762
vn -0.750595 0.000000 0.660762
vn -0.716743 0.000000 0.697338
vn -0.716743 0.000000 0.697338
vn -0.681057 0.000000 0.732230
vn -0.681057 0.000000 0.732230
vn -0.643747 0.000000 0.765238
vn -0.643747 0.000000 0.765238
vn -0.604784 0.000000 0.796389
vn -0.604784 0.000000 0.796389
vn -0.564348 0.000000 0.825537
vn -0.564348 0.000000 0.825537
vn -0.522482 0.000000 0.852651
vn -0.522482 0.000000 0.852651
vn -0.479355 0.000000 0.877621
vn -0.479355 0.000000 0.877621
vn -0.434993 0.000000 0.900434
vn -0.434993 0.000000 0.900434
vn -0.389583 0.000000 0.920991
vn -0.343176 0.000000 0.939271
vn -0.389583 0.000000 0.920991
vn -0.343176 0.000000 0.939271
vn -0.295939 0.000000 0.955207
vn -0.295939 0.000000 0.955207
vn -0.247961 0.000000 0.968770
vn -0.247961 0.000000 0.968770
vn -0.199359 0.000000 0.979927
vn -0.199359 0.000000 0.979927
vn -0.150263 0.000000 0.988646
vn -0.150263 0.000000 0.988646
vn -0.100802 0.000000 0.994907
vn -0.100802 0.000000 0.994907
vn -0.051080 0.000000 0.998695
vn -0.051080 0.000000 0.998695
vn -0.001237 0.000000 0.999999
vn -0.001237 0.000000 0.999999
vn 0.048607 0.000000 0.998818
vn 0.048607 0.000000 0.998818
vn 0.098339 0.000000 0.995153
vn 0.098339 0.000000 0.995153
vn 0.147821 0.000000 0.989014
vn 0.196934 0.000000 0.980417
vn 0.147821 0.000000 0.989014
vn 0.196934 0.000000 0.980417
vn 0.245551 0.000000 0.969384
vn 0.245551 0.000000 0.969384
vn 0.293571 0.000000 0.955937
vn 0.293571 0.000000 0.955937
vn 0.340860 0.000000 0.940114
vn 0.340860 0.000000 0.940114
vn 0.387297 0.000000 0.921955
vn 0.387297 0.000000 0.921955
vn 0.432766 0.000000 0.901506
vn 0.432766 0.000000 0.901506
vn 0.477165 0.000000 0.878814
vn 0.477165 0.000000 0.878814
vn 0.520379 0.000000 0.853935
vn 0.520379 0.000000 0.853935
vn 0.562306 0.000000 0.826929
vn 0.562306 0.000000 0.826929
vn 0.602804 0.000000 0.797890
vn 0.602804 0.000000 0.797890
vn 0.641851 0.000000 0.766829
vn 0.641851 0.000000 0.766829
vn 0.679247 0.000000 0.733910
vn 0.679247 0.000000 0.733910
vn 0.715023 0.000000 0.699101
vn 0.715023 0.000000 0.699101
vn 0.748947 0.000000 0.662630
vn 0.748947 0.000000 0.662630
vn 0.781061 0.000000 0.624455
vn 0.781061 0.000000 0.624455
vn 0.811213 0.000000 0.584750
vn 0.811213 0.000000 0.584750
vn 0.839357 0.000000 0.543581
vn 0.839357 0.000000 0.543581
vn 0.865409 0.000000 0.501066
vn 0.865409 0.000000 0.501066
vn 0.889302 0.000000 0.457320
vn 0.910987 0.000000 0.412435
vn 0.889302 0.000000 0.457320
vn 0.910987 0.000000 0.412435
vn 0.930434 0.000000 0.366460
vn 0.930434 0.000000 0.366460
vn 0.947523 0.000000 0.319689
vn 0.962298 0.000000 0.271997
vn 0.947523 0.000000 0.319689
vn 0.962298 0.000000 0.271997
vn 0.974644 0.000000 0.223763
vn 0.974644 0.000000 0.223763
vn 0.984596 0.000000 0.174843
vn 0.984596 0.000000 0.174843
vn 0.992082 0.000000 0.125592
vn 0.992082 0.000000 0.125592
vn 0.997110 0.000000 0.075975
vn 0.997110 0.000000 0.075975
vn 0.999658 0.000000 0.026155
vn 0.999658 0.000000 0.026155
vn 0.999719 0.000000 -0.023707
vn 0.999719 0.000000 -0.023707
vn 0.997296 0.000000 -0.073487
vn 0.997296 0.000000 -0.073487
vn 0.992394 0.000000 -0.123103
vn 0.992394 0.000000 -0.123103
vn 0.985021 0.000000 -0.172435
vn 0.985021 0.000000 -0.172435
vn 0.975193 0.000000 -0.221357
vn 0.975193 0.000000 -0.221357
vn 0.962975 0.000000 -0.269591
vn 0.962975 0.000000 -0.269591
vn 0.948305 0.000000 -0.317361
vn 0.948305 0.000000 -0.317361
vn 0.931346 0.000000 -0.364137
vn 0.931346 0.000000 -0.364137
vn 0.912000 0.000000 -0.410189
vn 0.912000 0.000000 -0.410189
vn 0.890432 0.000000 -0.455116
vn 0.890432 0.000000 -0.455116
vn 0.866637 0.000000 -0.498940
vn 0.866637 0.000000 -0.498940
vn 0.840701 0.000000 -0.541500
vn 0.840701 0.000000 -0.541500
vn 0.812672 0.000000 -0.582721
vn 0.812672 0.000000 -0.582721
vn 0.782595 0.000000 -0.622531
vn 0.782595 0.000000 -0.622531
vn 0.750597 0.000000 -0.660760
vn 0.750597 0.000000 -0.660760
vn 0.716741 0.000000 -0.697339
vn 0.716741 0.000000 -0.697339
vn 0.681056 0.000000 -0.732232
vn 0.681056 0.000000 -0.732232
vn 0.643748 0.000000 -0.765237
vn 0.643748 0.000000 -0.765237
vn 0.604784 0.000000 -0.796389
vn 0.604784 0.000000 -0.796389
vn 0.564348 0.000000 -0.825537
vn 0.564348 0.000000 -0.825537
vn 0.522500 0.000000 -0.852639
vn 0.522500 0.000000 -0.852639
vn 0.479338 0.000000 -0.877630
vn 0.434988 0.000000 -0.900436
vn 0.479338 0.000000 -0.877630
vn 0.434988 0.000000 -0.900436
vn 0.389587 0.000000 -0.920990
vn 0.343178 0.000000 -0.939270
vn 0.389587 0.000000 -0.920990
vn 0.343178 0.000000 -0.939270
vn 0.295937 0.000000 -0.955208
vn 0.295937 0.000000 -0.955208
vn 0.247961 0.000000 -0.968770
vn 0.247961 0.000000 -0.968770
vn 0.199359 0.000000 -0.979927
vn 0.199359 0.000000 -0.979927
vn 0.150266 0.000000 -0.988646
vn 0.150266 0.000000 -0.988646
vn 0.100794 0.000000 -0.994907
vn 0.100794 0.000000 -0.994907
vn 0.051087 0.000000 -0.998694
vn 0.051087 0.000000 -0.998694
vn 0.001234 0.000000 -0.999999
vn 0.001234 0.000000 -0.999999
vn -0.048605 0.000000 -0.998818
vn -0.048605 -0.000000 -0.998818
vn -0.098336 -0.000000 -0.995153
vn -0.098336 -0.000000 -0.995153
vn -0.147824 -0.000000 -0.989014
vn -0.147824 -0.000000 -0.989014
vn -0.196931 -0.000000 -0.980417
vn -0.245554 -0.000000 -0.969383
vn -0.196931 -0.000000 -0.980417
vn -0.245554 -0.000000 -0.969383
vn -0.293569 -0.000000 -0.955938
vn -0.340862 -0.000000 -0.940113
vn -0.293569 0.000000 -0.955938
vn -0.340862 -0.000000 -0.940113
vn -0.387297 -0.000000 -0.921955
vn -0.432764 -0.000000 -0.901507
vn -0.387297 0.000000 -0.921955
vn -0.432764 -0.000000 -0.901507
vn -0.477182 -0.000000 -0.878804
vn -0.477182 0.000000 -0.878804
vn -0.520363 -0.000000 -0.853945
vn -0.520363 0.000000 -0.853945
vn -0.562303 -0.000000 -0.826931
vn -0.602807 -0.000000 -0.797887
vn -0.562303 0.000000 -0.826931
vn -0.602807 -0.000000 -0.797887
vn -0.641851 -0.000000 -0.766829
vn -0.641851 0.000000 -0.766829
vn -0.679246 -0.000000 -0.733911
vn -0.715021 -0.000000 -0.699103
vn -0.679246 0.000000 -0.733911
vn -0.715021 -0.000000 -0.699103
vn -0.748949 0.000000 -0.662627
vn -0.748949 -0.000000 -0.662627
vn -0.781060 -0.000000 -0.624456
vn -0.781060 -0.000000 -0.624456
vn -0.811233 0.000000 -0.584724
vn -0.811233 -0.000000 -0.584724
vn -0.839339 -0.000000 -0.543609
vn -0.839339 -0.000000 -0.543609
vn -0.865408 0.000000 -0.501068
vn -0.865408 -0.000000 -0.501068
vn -0.889302 -0.000000 -0.457320
vn -0.889302 -0.000000 -0.457320
vn -0.911003 -0.000000 -0.412400
vn -0.911003 0.000000 -0.412400
vn -0.930420 -0.000000 -0.366496
vn -0.930420 0.000000 -0.366496
vn -0.947523 -0.000000 -0.319688
vn -0.947523 0.000000 -0.319688
vn -0.962298 -0.000000 -0.271997
vn -0.974644 -0.000000 -0.223763
vn -0.962298 0.000000 -0.271997
vn -0.974644 -0.000000 -0.223763
vn -0.984596 -0.000000 -0.174843
vn -0.984596 0.000000 -0.174843
vn -0.992082 -0.000000 -0.125592
vn -0.992082 0.000000 -0.125592
vn -0.997113 -0.000000 -0.075935
vn -0.997113 0.000000 -0.075935
vn -0.999658 -0.000000 -0.026155
vn -0.999658 0.000000 -0.026155
vn 0.000000 1.000000 0.000000
vn 0.000000 1.000000 0.000000
vn 0.000000 1.000000 0.000000
vn 0.000000 1.000000 0.000000
vn 0.000000 1.000000 0.000000
vn 0.000000 1.000000 0.000000
vn 0.000000 1.000000 0.000000
vn 0.000000 1.000000 0.000000
vn 0.000000 1.000000 0.000000
vn 0.000000 1.000000 0.000000
vn 0.000000 1.000000 0.000000
vn 0.000000 1.000000 0.000000
vn 0.000000 1.000000 0.000000
vn 0.000000 1.000000 0.000000
vn 0.000000 1.000000 0.000000
vn 0.000000 1.000000 0.000000
vn 0.000000 1.000000 0.000000
vn 0.000000 1.000000 0.000000
vn 0.000000 1.000000 0.000000
vn 0.000000 1.000000 0.000000
vn 0.000000 1.000000 0.000000
vn 0.000000 1.000000 0.000000
vn 0.000000 1.000000 0.000000
vn 0.000000 1.000000 0.000000
vn 0.000000 1.000000 0.000000
vn 0.000000 1.000000 0.000000
vn 0.000000 1.000000 0.000000
vn 0.000000 1.000000 0.000000
vn 0.000000 1.000000 0.000000
vn 0.000000 1.000000 0.000000
vn 0.000000 1.000000 0.000000
vn 0.000000 1.000000 0.000000
vn 0.000000 1.000000 0.000000
vn 0.000000 1.000000 0.000000
vn 0.000000 1.000000 0.000000
vn 0.000000 1.000000 0.000000
vn 0.000000 1.000000 0.000000
vn 0.000000 1.000000 0.000000
vn 0.000000 1.000000 0.000000
vn 0.000000 1.000000 0.000000
vn 0.000000 1.000000 0.000000
vn 0.000000 1.000000 0.000000
vn 0.000000 1.000000 0.000000
vn 0.000000 1.000000 0.000000
vn 0.000000 1.000000 0.000000
vn 0.000000 1.000000 0.000000
vn 0.000000 1.000000 0.000000
vn 0.000000 1.000000 0.000000
vn 0.000000 1.000000 0.000000
vn 0.000000 1.000000 0.000000
vn 0.000000 1.000000 0.000000
vn 0.000000 1.000000 0.000000
vn 0.000000 1.000000 0.000000
vn 0.000000 1.000000 0.000000
vn 0.000000 1.000000 0.000000
vn 0.000000 1.000000 0.000000
vn 0.000000 1.000000 0.000000
vn 0.000000 1.000000 0.000000
vn 0.000000 1.000000 0.000000
vn 0.000000 1.000000 0.000000
vn 0.000000 1.000000 0.000000
vn 0.000000 1.000000 0.000000
vn 0.000000 1.000000 0.000000
vn 0.000000 1.000000 0.000000
vn 0.000000 1.000000 0.000000
vn 0.000000 1.000000 0.000000
vn 0.000000 1.000000 0.000000
vn 0.000000 1.000000 0.000000
vn 0.000000 1.000000 0.000000
vn 0.000000 1.000000 0.000000
vn 0.000000 1.000000 0.000000
vn 0.000000 1.000000 0.000000
vn 0.000000 1.000000 0.000000
vn 0.000000 1.000000 0.000000
vn 0.000000 1.000000 0.000000
vn 0.000000 1.000000 0.000000
vn 0.000000 1.000000 0.000000
vn 0.000000 1.000000 0.000000
vn 0.000000 1.000000 0.000000
vn 0.000000 1.000000 0.000000
vn 0.000000 1.000000 0.000000
vn 0.000000 1.000000 0.000000
vn 0.000000 1.000000 0.000000
vn 0.000000 1.000000 0.000000
vn 0.000000 1.000000 0.000000
vn 0.000000 1.000000 0.000000
vn 0.000000 1.000000 0.000000
vn 0.000000 1.000000 0.000000
vn 0.000000 1.000000 0.000000
vn 0.000000 1.000000 0.000000
vn 0.000000 1.000000 0.000000
vn 0.000000 1.000000 0.000000
vn 0.000000 1.000000 0.000000
vn 0.000000 1.000000 0.000000
vn 0.000000 1.000000 0.000000
vn 0.000000 1.000000 0.000000
vn 0.000000 1.000000 0.000000
vn 0.000000 1.000000 0.000000
vn 0.000000 1.000000 0.000000
vn 0.000000 1.000000 0.000000
vn 0.000000 1.000000 0.000000
vn 0.000000 1.000000 0.000000
vn 0.000000 1.000000 0.000000
vn 0.000000 1.000000 0.000000
vn 0.000000 1.000000 0.000000
vn 0.000000 1.000000 0.000000
vn 0.000000 1.000000 0.000000
vn 0.000000 1.000000 0.000000
vn 0.000000 1.000000 0.000000
vn 0.000000 1.000000 0.000000
vn 0.000000 1.000000 0.000000
vn 0.000000 1.000000 0.000000
vn 0.000000 1.000000 0.000000
vn 0.000000 1.000000 0.000000
vn 0.000000 1.000000 0.000000
vn 0.000000 1.000000 0.000000
vn 0.000000 1.000000 0.000000
vn 0.000000 1.000000 0.000000
vn 0.000000 1.000000 0.000000
vn 0.000000 1.000000 0.000000
vn 0.000000 1.000000 0.000000
vn 0.000000 1.000000 0.000000
vn 0.000000 1.000000 0.000000
vn 0.000000 1.000000 0.000000
f 1//1 2//1 3//1
f 4//2 2//2 1//2
f 2//3 5//3 3//3
f 3//4 5//4 6//4
f 5//5 7//5 6//5
f 6//6 7//6 8//6
f 7//7 9//7 8//7
f 8//8 9//8 10//8
f 10//9 9//9 11//9
f 9//10 12//10 11//10
f 12//11 13//11 11//11
f 11//12 13//12 14//12
f 14//13 13//13 15//13
f 13//14 16//14 15//14
f 15//15 17//15 18//15
f 16//16 17//16 15//16
f 17//17 19//17 18//17
f 18//18 19//18 20//18
f 19//19 21//19 20//19
f 20//20 21//20 22//20
f 22//21 23//21 24//21
f 21//22 23//22 22//22
f 24//23 25//23 26//23
f 23//24 25//24 24//24
f 26//25 27//25 28//25
f 25//26 27//26 26//26
f 28//27 29//27 30//27
f 27//28 29//28 28//28
f 30//29 31//29 32//29
f 29//30 31//30 30//30
f 32//31 33//31 34//31
f 31//32 33//32 32//32
f 34//33 35//33 36//33
f 33//34 35//34 34//34
f 35//35 37//35 36//35
f 38//36 37//36 35//36
f 38//37 39//37 37//37
f 40//38 39//38 38//38
f 40//39 41//39 39//39
f 42//40 41//40 40//40
f 43//41 41//41 42//41
f 43//42 44//42 41//42
f 45//43 46//43 43//43
f 43//44 46//44 44//44
f 47//45 48//45 45//45
f 49//46 48//46 47//46
f 45//47 48//47 46//47
f 50//48 51//48 49//48
f 49//49 51//49 48//49
f 50//50 52//50 51//50
f 50//51 53//51 52//51
f 54//52 53//52 50//52
f 54//53 55//53 53//53
f 56//54 55//54 54//54
f 56//55 57//55 55//55
f 58//56 57//56 56//56
f 58//57 59//57 57//57
f 60//58 59//58 58//58
f 61//59 59//59 60//59
f 61//60 62//60 59//60
f 63//61 62//61 61//61
f 63//62 64//62 62//62
f 63//63 65//63 64//63
f 66//64 65//64 63//64
f 67//65 65//65 66//65
f 67//66 68//66 65//66
f 69//67 70//67 67//67
f 67//68 71//68 69//68
f 70//69 72//69 67//69
f 67//70 73//70 71//70
f 72//71 74//71 67//71
f 74//72 75//72 67//72
f 75//73 76//73 67//73
f 76//74 77//74 67//74
f 77//75 78//75 67//75
f 78//76 79//76 67//76
f 79//77 80//77 67//77
f 80//78 81//78 67//78
f 81//79 82//79 67//79
f 82//80 83//80 67//80
f 83//81 84//81 67//81
f 84//82 85//82 67//82
f 85//83 86//83 67//83
f 67//84 87//84 68//84
f 86//85 87//85 67//85
f 87//86 88//86 68//86
f 88//87 89//87 68//87
f 89//88 90//88 68//88
f 90//89 91//89 68//89
f 91//90 92//90 68//90
f 92//91 93//91 68//91
f 93//92 94//92 68//92
f 94//93 95//93 68//93
f 95//94 96//94 68//94
f 96//95 97//95 68//95
f 97//96 98//96 68//96
f 98//97 99//97 68//97
f 99//98 100//98 68//98
f 100//99 101//99 68//99
f 102//100 103//100 104//100
f 104//101 103//101 105//101
f 105//102 103//102 106//102
f 106//103 103//103 107//103
f 107//104 103//104 108//104
f 108//105 103//105 109//105
f 109//106 103//106 110//106
f 110//107 103//107 111//107
f 111//108 103//108 112//108
f 113//109 103//109 114//109
f 114//110 103//110 115//110
f 115//111 103//111 116//111
f 116//112 103//112 117//112
f 117//113 103//113 118//113
f 118//114 103//114 119//114
f 119//115 103//115 120//115
f 120//116 103//116 121//116
f 121//117 103//117 122//117
f 122//118 103//118 123//118
f 123//119 103//119 124//119
f 124//120 103//120 102//120
f 101//121 125//121 68//121
f 103//122 126//122 112//122
f 125//123 127//123 68//123
f 103//124 128//124 126//124
f 127//125 129//125 68//125
f 103//126 130//126 128//126
f 129//127 131//127 68//127
f 103//128 132//128 130//128
f 131//129 133//129 68//129
f 103//130 134//130 132//130
f 133//131 135//131 68//131
f 103//132 136//132 134//132
f 135//133 137//133 68//133
f 103//134 138//134 136//134
f 137//135 139//135 68//135
f 103//136 140//136 138//136
f 139//137 141//137 68//137
f 103//138 142//138 140//138
f 141//139 143//139 68//139
f 103//140 144//140 142//140
f 143//141 145//141 68//141
f 103//142 146//142 144//142
f 145//143 147//143 68//143
f 103//144 148//144 146//144
f 147//145 149//145 68//145
f 103//146 150//146 148//146
f 103//147 151//147 150//147
f 103//148 152//148 151//148
f 153//149 154//149 155//149
f 155//150 154//150 156//150
f 156//151 154//151 157//151
f 157//152 154//152 158//152
f 158//153 154//153 159//153
f 159//154 154//154 160//154
f 160//155 154//155 161//155
f 161//156 154//156 162//156
f 162//157 154//157 163//157
f 163//158 154//158 164//158
f 164//159 154//159 165//159
f 165//160 154//160 166//160
f 166//161 154//161 167//161
f 167//162 154//162 168//162
f 168//163 154//163 169//163
f 169//164 154//164 170//164
f 170//165 154//165 171//165
f 171//166 154//166 172//166
f 172//167 154//167 173//167
f 103//168 154//168 152//168
f 173//169 154//169 174//169
f 174//170 154//170 175//170
f 175//171 154//171 176//171
f 176//172 154//172 177//172
f 152//173 154//173 178//173
f 177//174 154//174 179//174
f 178//175 154//175 153//175
f 179//176 154//176 180//176
f 180//177 154//177 181//177
f 181//178 154//178 182//178
f 182//179 154//179 183//179
f 183//180 154//180 184//180
f 184//181 154//181 185//181
f 185//182 154//182 186//182
f 186//183 154//183 187//183
f 187//184 154//184 188//184
f 188//185 154//185 189//185
f 189//186 154//186 190//186
f 103//187 191//187 154//187
f 192//188 191//188 103//188
f 154//189 68//189 190//189
f 190//190 68//190 149//190
f 67//191 103//191 113//191
f 67//192 113//192 193//192
f 67//193 193//193 194//193
f 67//194 194//194 195//194
f 67//195 195//195 196//195
f 67//196 196//196 197//196
f 67//197 197//197 198//197
f 67//198 198//198 73//198
f 1//199 3//199 199//199
f 199//200 3//200 200//200
f 201//201 3//201 6//201
f 201//202 200//202 3//202
f 202//203 6//203 8//203
f 202//204 201//204 6//204
f 203//205 8//205 10//205
f 203//206 202//206 8//206
f 204//207 10//207 11//207
f 204//208 11//208 14//208
f 204//209 203//209 10//209
f 205//210 204//210 14//210
f 206//211 14//211 15//211
f 206//212 205//212 14//212
f 207//213 15//213 18//213
f 207//214 206//214 15//214
f 208//215 18//215 20//215
f 208//216 20//216 22//216
f 208//217 207//217 18//217
f 209//218 208//218 22//218
f 210//219 22//219 24//219
f 210//220 209//220 22//220
f 211//221 24//221 26//221
f 211//222 210//222 24//222
f 212//223 26//223 28//223
f 212//224 28//224 30//224
f 212//225 211//225 26//225
f 213//226 212//226 30//226
f 214//227 213//227 30//227
f 214//228 30//228 32//228
f 215//229 32//229 34//229
f 215//230 214//230 32//230
f 216//231 34//231 36//231
f 216//232 215//232 34//232
f 217//233 36//233 37//233
f 217//234 216//234 36//234
f 218//235 37//235 39//235
f 218//236 217//236 37//236
f 219//237 39//237 41//237
f 219//238 218//238 39//238
f 220//239 41//239 44//239
f 220//240 219//240 41//240
f 221//241 44//241 46//241
f 221//242 220//242 44//242
f 222//243 46//243 48//243
f 222//244 221//244 46//244
f 223//245 48//245 51//245
f 223//246 222//246 48//246
f 224//247 51//247 52//247
f 224//248 52//248 53//248
f 224//249 223//249 51//249
f 225//250 224//250 53//250
f 226//251 53//251 55//251
f 226//252 55//252 57//252
f 226//253 225//253 53//253
f 227//254 226//254 57//254
f 228//255 57//255 59//255
f 228//256 227//256 57//256
f 229//257 59//257 62//257
f 229//258 228//258 59//258
f 230//259 62//259 64//259
f 230//260 229//260 62//260
f 231//261 64//261 65//261
f 231//262 230//262 64//262
f 232//263 65//263 68//263
f 232//264 231//264 65//264
f 233//265 199//265 234//265
f 235//266 234//266 199//266
f 236//267 199//267 233//267
f 237//268 235//268 199//268
f 238//269 199//269 236//269
f 239//270 237//270 199//270
f 240//271 199//271 238//271
f 241//272 239//272 199//272
f 242//273 199//273 240//273
f 243//274 241//274 199//274
f 244//275 199//275 242//275
f 245//276 243//276 199//276
f 246//277 199//277 244//277
f 247//278 245//278 199//278
f 248//279 199//279 246//279
f 249//280 247//280 199//280
f 250//281 199//281 248//281
f 251//282 249//282 199//282
f 252//283 199//283 250//283
f 253//284 251//284 199//284
f 254//285 199//285 252//285
f 255//286 253//286 199//286
f 256//287 199//287 254//287
f 257//288 255//288 199//288
f 258//289 199//289 256//289
f 259//290 257//290 199//290
f 260//291 199//291 258//291
f 261//292 259//292 199//292
f 262//293 199//293 260//293
f 263//294 261//294 199//294
f 264//295 199//295 262//295
f 1//296 265//296 266//296
f 1//297 267//297 265//297
f 1//298 268//298 267//298
f 1//299 269//299 268//299
f 1//300 270//300 269//300
f 1//301 271//301 270//301
f 1//302 272//302 271//302
f 1//303 273//303 272//303
f 1//304 274//304 273//304
f 1//305 275//305 274//305
f 1//306 276//306 275//306
f 1//307 277//307 276//307
f 1//308 278//308 277//308
f 1//309 279//309 278//309
f 1//310 264//310 279//310
f 1//311 199//311 264//311
f 280//312 281//312 282//312
f 280//313 283//313 281//313
f 280//314 284//314 283//314
f 280//315 285//315 284//315
f 280//316 286//316 285//316
f 280//317 287//317 286//317
f 280//318 288//318 287//318
f 280//319 289//319 288//319
f 280//320 290//320 289//320
f 280//321 291//321 290//321
f 280//322 292//322 291//322
f 280//323 293//323 292//323
f 280//324 294//324 293//324
f 280//325 295//325 294//325
f 280//326 263//326 199//326
f 280//327 296//327 263//327
f 280//328 282//328 296//328
f 297//329 1//329 266//329
f 298//330 295//330 280//330
f 299//331 1//331 297//331
f 300//332 298//332 280//332
f 301//333 1//333 299//333
f 302//334 300//334 280//334
f 303//335 1//335 301//335
f 304//336 302//336 280//336
f 305//337 1//337 303//337
f 306//338 304//338 280//338
f 307//339 1//339 305//339
f 308//340 306//340 280//340
f 309//341 1//341 307//341
f 310//342 308//342 280//342
f 311//343 1//343 309//343
f 312//344 310//344 280//344
f 313//345 1//345 311//345
f 314//346 312//346 280//346
f 315//347 1//347 313//347
f 316//348 314//348 280//348
f 317//349 1//349 315//349
f 318//350 316//350 280//350
f 319//351 1//351 317//351
f 320//352 318//352 280//352
f 321//353 1//353 319//353
f 322//354 320//354 280//354
f 323//355 1//355 321//355
f 324//356 322//356 280//356
f 325//357 1//357 323//357
f 326//358 324//358 280//358
f 327//359 326//359 280//359
f 4//360 328//360 327//360
f 4//361 329//361 328//361
f 4//362 330//362 329//362
f 4//363 331//363 330//363
f 4//364 332//364 331//364
f 4//365 333//365 332//365
f 4//366 334//366 333//366
f 4//367 335//367 334//367
f 4//368 336//368 335//368
f 4//369 337//369 336//369
f 4//370 338//370 337//370
f 4//371 339//371 338//371
f 4//372 340//372 339//372
f 4//373 341//373 340//373
f 4//374 342//374 341//374
f 4//375 343//375 342//375
f 4//376 344//376 343//376
f 4//377 345//377 344//377
f 4//378 346//378 345//378
f 4//379 327//379 280//379
f 4//380 347//380 346//380
f 4//381 348//381 347//381
f 4//382 349//382 348//382
f 4//383 350//383 349//383
f 4//384 351//384 350//384
f 4//385 352//385 351//385
f 4//386 353//386 352//386
f 4//387 354//387 353//387
f 4//388 355//388 354//388
f 4//389 356//389 355//389
f 4//390 357//390 356//390
f 4//391 1//391 358//391
f 358//392 1//392 325//392
f 4//393 358//393 359//393
f 4//394 359//394 357//394
f 232//395 360//395 361//395
f 361//396 362//396 232//396
f 232//397 363//397 360//397
f 362//398 364//398 232//398
f 232//399 365//399 363//399
f 364//400 366//400 232//400
f 232//401 367//401 365//401
f 366//402 368//402 232//402
f 232//403 369//403 367//403
f 368//404 370//404 232//404
f 232//405 371//405 369//405
f 370//406 372//406 232//406
f 232//407 373//407 371//407
f 372//408 374//408 232//408
f 232//409 375//409 373//409
f 374//410 376//410 232//410
f 232//411 377//411 375//411
f 376//412 378//412 232//412
f 232//413 379//413 377//413
f 378//414 380//414 232//414
f 232//415 381//415 379//415
f 380//416 382//416 232//416
f 232//417 383//417 381//417
f 382//418 384//418 232//418
f 232//419 385//419 383//419
f 232//420 386//420 385//420
f 232//421 387//421 386//421
f 68//422 388//422 232//422
f 232//423 388//423 387//423
f 68//424 389//424 388//424
f 68//425 390//425 389//425
f 68//426 391//426 390//426
f 68//427 392//427 391//427
f 68//428 393//428 392//428
f 68//429 394//429 393//429
f 68//430 395//430 394//430
f 68//431 396//431 395//431
f 68//432 397//432 396//432
f 68//433 398//433 397//433
f 68//434 399//434 398//434
f 68//435 400//435 399//435
f 68//436 401//436 400//436
f 68//437 402//437 401//437
f 68//438 403//438 402//438
f 68//439 404//439 403//439
f 405//440 406//440 407//440
f 407//441 406//441 408//441
f 408//442 406//442 409//442
f 409//443 406//443 410//443
f 410//444 406//444 411//444
f 411//445 406//445 412//445
f 412//446 406//446 413//446
f 413//447 406//447 414//447
f 414//448 406//448 415//448
f 415//449 406//449 416//449
f 416//450 406//450 417//450
f 417//451 406//451 418//451
f 418//452 406//452 419//452
f 419//453 406//453 420//453
f 420//454 406//454 421//454
f 421//455 406//455 422//455
f 422//456 406//456 423//456
f 423//457 406//457 424//457
f 424//458 406//458 425//458
f 425//459 406//459 426//459
f 426//460 406//460 427//460
f 427//461 406//461 428//461
f 428//462 406//462 429//462
f 429//463 406//463 430//463
f 430//464 406//464 431//464
f 431//465 406//465 432//465
f 432//466 406//466 433//466
f 433//467 406//467 434//467
f 434//468 406//468 435//468
f 435//469 406//469 436//469
f 436//470 406//470 437//470
f 437//471 406//471 438//471
f 438//472 406//472 439//472
f 439//473 406//473 440//473
f 440//474 406//474 384//474
f 384//475 406//475 232//475
f 441//476 154//476 442//476
f 442//477 154//477 443//477
f 443//478 154//478 444//478
f 444//479 154//479 445//479
f 445//480 154//480 446//480
f 446//481 154//481 447//481
f 447//482 154//482 448//482
f 448//483 154//483 449//483
f 449//484 154//484 450//484
f 450//485 154//485 451//485
f 451//486 154//486 452//486
f 452//487 154//487 453//487
f 453//488 154//488 454//488
f 454//489 154//489 455//489
f 455//490 154//490 456//490
f 456//491 154//491 457//491
f 457//492 154//492 458//492
f 458//493 154//493 459//493
f 459//494 154//494 460//494
f 460//495 154//495 461//495
f 461//496 154//496 462//496
f 462//497 154//497 463//497
f 463//498 154//498 464//498
f 464//499 154//499 465//499
f 465//500 154//500 466//500
f 466//501 154//501 467//501
f 467//502 154//502 468//502
f 468//503 154//503 469//503
f 469//504 154//504 470//504
f 470//505 154//505 405//505
f 471//506 154//506 472//506
f 405//507 154//507 406//507
f 472//508 154//508 473//508
f 473//509 154//509 474//509
f 474//510 154//510 441//510
f 68//511 154//511 471//511
f 68//512 471//512 475//512
f 68//513 475//513 476//513
f 68//514 476//514 477//514
f 68//515 477//515 478//515
f 68//516 478//516 479//516
f 68//517 479//517 480//517
f 68//518 480//518 481//518
f 68//519 481//519 482//519
f 68//520 482//520 483//520
f 68//521 483//521 484//521
f 68//522 484//522 485//522
f 68//523 485//523 486//523
f 68//524 486//524 404//524
f 2//525 4//525 280//525
f 2//526 280//526 487//526
f 154//527 488//527 406//527
f 406//528 488//528 489//528
f 488//529 191//529 490//529
f 154//530 191//530 488//530
f 2//531 491//531 5//531
f 487//532 491//532 2//532
f 5//533 492//533 7//533
f 491//534 492//534 5//534
f 7//535 493//535 9//535
f 492//536 493//536 7//536
f 9//537 494//537 12//537
f 12//538 494//538 13//538
f 493//539 494//539 9//539
f 494//540 495//540 13//540
f 13//541 496//541 16//541
f 495//542 496//542 13//542
f 16//543 497//543 17//543
f 496//544 497//544 16//544
f 17//545 498//545 19//545
f 19//546 498//546 21//546
f 497//547 498//547 17//547
f 498//548 499//548 21//548
f 21//549 500//549 23//549
f 499//550 500//550 21//550
f 23//551 501//551 25//551
f 500//552 501//552 23//552
f 25//553 502//553 27//553
f 27//554 502//554 29//554
f 501//555 502//555 25//555
f 502//556 503//556 29//556
f 503//557 504//557 29//557
f 29//558 504//558 31//558
f 31//559 505//559 33//559
f 504//560 505//560 31//560
f 33//561 506//561 35//561
f 505//562 506//562 33//562
f 35//563 507//563 38//563
f 506//564 507//564 35//564
f 38//565 508//565 40//565
f 507//566 508//566 38//566
f 40//567 509//567 42//567
f 508//568 509//568 40//568
f 42//569 510//569 43//569
f 509//570 510//570 42//570
f 43//571 511//571 45//571
f 510//572 511//572 43//572
f 45//573 512//573 47//573
f 511//574 512//574 45//574
f 47//575 513//575 49//575
f 512//576 513//576 47//576
f 49//577 514//577 50//577
f 50//578 514//578 54//578
f 513//579 514//579 49//579
f 514//580 515//580 54//580
f 54//581 516//581 56//581
f 56//582 516//582 58//582
f 515//583 516//583 54//583
f 516//584 517//584 58//584
f 58//585 518//585 60//585
f 517//586 518//586 58//586
f 60//587 519//587 61//587
f 518//588 519//588 60//588
f 61//589 520//589 63//589
f 519//590 520//590 61//590
f 63//591 521//591 66//591
f 520//592 521//592 63//592
f 66//593 522//593 67//593
f 521//594 522//594 66//594
f 191//595 523//595 490//595
f 191//596 192//596 523//596
f 103//597 67//597 522//597
f 103//598 522//598 524//598
f 192//599 525//599 523//599
f 525//600 524//600 526//600
f 525//601 103//601 524//601
f 192//602 103//602 525//602
f 153//603 155//603 527//603
f 527//604 155//604 528//604
f 528//605 156//605 529//605
f 155//606 156//606 528//606
f 529//607 157//607 530//607
f 156//608 157//608 529//608
f 530//609 158//609 531//609
f 157//610 158//610 530//610
f 531//611 159//611 532//611
f 532//612 159//612 533//612
f 158//613 159//613 531//613
f 533//614 160//614 534//614
f 159//615 160//615 533//615
f 534//616 161//616 535//616
f 160//617 161//617 534//617
f 161//618 162//618 535//618
f 535//619 163//619 536//619
f 162//620 163//620 535//620
f 536//621 164//621 537//621
f 163//622 164//622 536//622
f 164//623 165//623 537//623
f 537//624 165//624 538//624
f 165//625 166//625 538//625
f 538//626 166//626 539//626
f 166//627 167//627 539//627
f 539//628 167//628 540//628
f 167//629 168//629 540//629
f 540//630 168//630 541//630
f 541//631 168//631 542//631
f 168//632 169//632 542//632
f 169//633 170//633 542//633
f 542//634 170//634 543//634
f 543//635 171//635 544//635
f 170//636 171//636 543//636
f 544//637 172//637 545//637
f 171//638 172//638 544//638
f 545//639 173//639 546//639
f 172//640 173//640 545//640
f 546//641 174//641 547//641
f 173//642 174//642 546//642
f 547//643 175//643 548//643
f 174//644 175//644 547//644
f 548//645 176//645 549//645
f 175//646 176//646 548//646
f 549//647 177//647 550//647
f 550//648 177//648 551//648
f 176//649 177//649 549//649
f 177//650 179//650 551//650
f 551//651 180//651 552//651
f 179//652 180//652 551//652
f 552//653 181//653 553//653
f 180//654 181//654 552//654
f 553//655 182//655 554//655
f 181//656 182//656 553//656
f 554//657 183//657 555//657
f 182//658 183//658 554//658
f 555//659 184//659 556//659
f 183//660 184//660 555//660
f 556//661 185//661 557//661
f 184//662 185//662 556//662
f 557//663 186//663 558//663
f 185//664 186//664 557//664
f 558//665 187//665 559//665
f 186//666 187//666 558//666
f 559//667 188//667 560//667
f 187//668 188//668 559//668
f 560//669 189//669 561//669
f 188//670 189//670 560//670
f 561//671 190//671 562//671
f 189//672 190//672 561//672
f 562//673 149//673 563//673
f 563//674 149//674 564//674
f 190//675 149//675 562//675
f 149//676 147//676 564//676
f 147//677 145//677 564//677
f 564//678 145//678 565//678
f 565//679 145//679 566//679
f 145//680 143//680 566//680
f 143//681 141//681 566//681
f 566//682 141//682 567//682
f 141//683 139//683 567//683
f 567//684 139//684 568//684
f 568//685 139//685 569//685
f 139//686 137//686 569//686
f 569//687 137//687 570//687
f 137//688 135//688 570//688
f 135//689 133//689 570//689
f 570//690 133//690 571//690
f 571//691 133//691 572//691
f 133//692 131//692 572//692
f 572//693 131//693 573//693
f 131//694 129//694 573//694
f 573//695 129//695 574//695
f 129//696 127//696 574//696
f 574//697 125//697 575//697
f 127//698 125//698 574//698
f 575//699 125//699 576//699
f 125//700 101//700 576//700
f 101//701 100//701 576//701
f 576//702 100//702 577//702
f 577//703 99//703 578//703
f 100//704 99//704 577//704
f 578//705 98//705 579//705
f 579//706 98//706 580//706
f 99//707 98//707 578//707
f 98//708 97//708 580//708
f 580//709 96//709 581//709
f 97//710 96//710 580//710
f 581//711 95//711 582//711
f 582//712 95//712 583//712
f 96//713 95//713 581//713
f 583//714 94//714 584//714
f 95//715 94//715 583//715
f 94//716 93//716 584//716
f 584//717 92//717 585//717
f 93//718 92//718 584//718
f 585//719 91//719 586//719
f 92//720 91//720 585//720
f 586//721 90//721 587//721
f 91//722 90//722 586//722
f 587//723 89//723 588//723
f 90//724 89//724 587//724
f 89//725 88//725 588//725
f 588//726 88//726 589//726
f 88//727 87//727 589//727
f 589//728 87//728 590//728
f 87//729 86//729 590//729
f 590//730 86//730 591//730
f 86//731 85//731 591//731
f 591//732 85//732 592//732
f 85//733 84//733 592//733
f 592//734 84//734 593//734
f 84//735 83//735 593//735
f 593//736 83//736 594//736
f 83//737 82//737 594//737
f 594//738 82//738 595//738
f 595//739 82//739 596//739
f 82//740 81//740 596//740
f 81//741 80//741 596//741
f 596//742 80//742 597//742
f 80//743 79//743 597//743
f 597//744 79//744 598//744
f 79//745 78//745 598//745
f 598//746 78//746 599//746
f 78//747 77//747 599//747
f 599//748 77//748 600//748
f 77//749 76//749 600//749
f 600//750 76//750 601//750
f 601//751 76//751 602//751
f 76//752 75//752 602//752
f 75//753 74//753 602//753
f 602//754 74//754 603//754
f 74//755 72//755 603//755
f 603//756 72//756 604//756
f 604//757 72//757 605//757
f 72//758 70//758 605//758
f 70//759 69//759 605//759
f 605//760 69//760 606//760
f 606//761 69//761 607//761
f 69//762 71//762 607//762
f 71//763 73//763 607//763
f 607//764 73//764 608//764
f 73//765 198//765 608//765
f 608//766 198//766 609//766
f 609//767 198//767 610//767
f 198//768 197//768 610//768
f 610//769 196//769 611//769
f 611//770 196//770 612//770
f 197//771 196//771 610//771
f 196//772 195//772 612//772
f 612//773 194//773 613//773
f 613//774 194//774 614//774
f 195//775 194//775 612//775
f 194//776 193//776 614//776
f 193//777 113//777 614//777
f 614//778 113//778 615//778
f 113//779 114//779 615//779
f 615//780 114//780 616//780
f 616//781 114//781 617//781
f 114//782 115//782 617//782
f 115//783 116//783 617//783
f 617//784 116//784 618//784
f 116//785 117//785 618//785
f 618//786 117//786 619//786
f 619//787 117//787 620//787
f 117//788 118//788 620//788
f 118//789 119//789 620//789
f 620//790 119//790 621//790
f 621//791 119//791 622//791
f 119//792 120//792 622//792
f 120//793 121//793 622//793
f 622//794 121//794 623//794
f 623//795 121//795 624//795
f 121//796 122//796 624//796
f 624//797 122//797 625//797
f 122//798 123//798 625//798
f 625//799 123//799 626//799
f 123//800 124//800 626//800
f 626//801 102//801 627//801
f 627//802 102//802 628//802
f 124//803 102//803 626//803
f 102//804 104//804 628//804
f 628//805 105//805 629//805
f 104//806 105//806 628//806
f 629//807 106//807 630//807
f 630//808 106//808 631//808
f 105//809 106//809 629//809
f 106//810 107//810 631//810
f 631//811 108//811 632//811
f 107//812 108//812 631//812
f 632//813 109//813 633//813
f 633//814 109//814 634//814
f 108//815 109//815 632//815
f 109//816 110//816 634//816
f 634//817 111//817 635//817
f 110//818 111//818 634//818
f 635//819 112//819 636//819
f 636//820 112//820 637//820
f 111//821 112//821 635//821
f 637//822 126//822 638//822
f 112//823 126//823 637//823
f 638//824 128//824 639//824
f 126//825 128//825 638//825
f 128//826 130//826 639//826
f 639//827 130//827 640//827
f 130//828 132//828 640//828
f 640//829 132//829 641//829
f 132//830 134//830 641//830
f 134//831 136//831 641//831
f 641//832 136//832 642//832
f 136//833 138//833 642//833
f 642//834 138//834 643//834
f 643//835 140//835 644//835
f 138//836 140//836 643//836
f 644//837 142//837 645//837
f 140//838 142//838 644//838
f 645//839 144//839 646//839
f 142//840 144//840 645//840
f 646//841 146//841 647//841
f 647//842 146//842 648//842
f 144//843 146//843 646//843
f 146//844 148//844 648//844
f 648//845 150//845 649//845
f 649//846 150//846 650//846
f 148//847 150//847 648//847
f 150//848 151//848 650//848
f 650//849 152//849 651//849
f 151//850 152//850 650//850
f 651//851 178//851 652//851
f 152//852 178//852 651//852
f 652//853 153//853 527//853
f 178//854 153//854 652//854
f 487//855 199//855 200//855
f 487//856 280//856 199//856
f 491//857 200//857 201//857
f 491//858 487//858 200//858
f 492//859 201//859 202//859
f 492//860 491//860 201//860
f 493//861 202//861 203//861
f 493//862 203//862 204//862
f 493//863 492//863 202//863
f 494//864 493//864 204//864
f 495//865 204//865 205//865
f 495//866 205//866 206//866
f 495//867 494//867 204//867
f 496//868 495//868 206//868
f 497//869 206//869 207//869
f 497//870 496//870 206//870
f 498//871 207//871 208//871
f 498//872 497//872 207//872
f 499//873 498//873 208//873
f 499//874 208//874 209//874
f 500//875 209//875 210//875
f 500//876 499//876 209//876
f 501//877 210//877 211//877
f 501//878 500//878 210//878
f 502//879 211//879 212//879
f 502//880 501//880 211//880
f 503//881 212//881 213//881
f 503//882 502//882 212//882
f 504//883 213//883 214//883
f 504//884 503//884 213//884
f 505//885 214//885 215//885
f 505//886 504//886 214//886
f 506//887 215//887 216//887
f 506//888 505//888 215//888
f 217//889 507//889 506//889
f 217//890 506//890 216//890
f 218//891 508//891 507//891
f 218//892 507//892 217//892
f 219//893 509//893 508//893
f 219//894 510//894 509//894
f 219//895 508//895 218//895
f 220//896 510//896 219//896
f 221//897 511//897 510//897
f 221//898 510//898 220//898
f 222//899 512//899 511//899
f 222//900 513//900 512//900
f 222//901 511//901 221//901
f 223//902 514//902 513//902
f 223//903 513//903 222//903
f 224//904 514//904 223//904
f 225//905 515//905 514//905
f 225//906 514//906 224//906
f 226//907 516//907 515//907
f 226//908 515//908 225//908
f 227//909 517//909 516//909
f 227//910 516//910 226//910
f 228//911 518//911 517//911
f 228//912 519//912 518//912
f 228//913 517//913 227//913
f 229//914 520//914 519//914
f 229//915 519//915 228//915
f 230//916 520//916 229//916
f 231//917 521//917 520//917
f 231//918 522//918 521//918
f 231//919 520//919 230//919
f 232//920 522//920 231//920
f 605//921 606//921 522//921
f 607//922 522//922 606//922
f 604//923 605//923 522//923
f 608//924 522//924 607//924
f 603//925 604//925 522//925
f 602//926 603//926 522//926
f 601//927 602//927 522//927
f 600//928 601//928 522//928
f 599//929 600//929 522//929
f 598//930 599//930 522//930
f 597//931 598//931 522//931
f 596//932 597//932 522//932
f 595//933 596//933 522//933
f 594//934 595//934 522//934
f 593//935 594//935 522//935
f 592//936 593//936 522//936
f 591//937 592//937 522//937
f 590//938 591//938 522//938
f 590//939 522//939 232//939
f 589//940 590//940 232//940
f 588//941 589//941 232//941
f 587//942 588//942 232//942
f 586//943 587//943 232//943
f 585//944 586//944 232//944
f 584//945 585//945 232//945
f 583//946 584//946 232//946
f 582//947 583//947 232//947
f 581//948 582//948 232//948
f 580//949 581//949 232//949
f 579//950 580//950 232//950
f 578//951 579//951 232//951
f 577//952 578//952 232//952
f 576//953 577//953 232//953
f 524//954 615//954 616//954
f 524//955 616//955 617//955
f 524//956 617//956 618//956
f 524//957 618//957 619//957
f 524//958 619//958 620//958
f 524//959 620//959 621//959
f 524//960 621//960 622//960
f 524//961 622//961 623//961
f 524//962 623//962 624//962
f 524//963 624//963 625//963
f 524//964 625//964 626//964
f 524//965 626//965 627//965
f 524//966 627//966 628//966
f 524//967 628//967 629//967
f 524//968 629//968 630//968
f 524//969 630//969 631//969
f 524//970 631//970 632//970
f 524//971 632//971 633//971
f 524//972 633//972 634//972
f 524//973 634//973 635//973
f 524//974 635//974 636//974
f 575//975 576//975 232//975
f 653//976 654//976 655//976
f 653//977 655//977 656//977
f 637//978 524//978 636//978
f 657//979 653//979 656//979
f 574//980 575//980 232//980
f 658//981 657//981 656//981
f 638//982 524//982 637//982
f 659//983 658//983 656//983
f 659//984 656//984 526//984
f 573//985 574//985 232//985
f 660//986 659//986 526//986
f 639//987 524//987 638//987
f 572//988 573//988 232//988
f 640//989 524//989 639//989
f 661//990 660//990 526//990
f 661//991 662//991 660//991
f 571//992 572//992 232//992
f 641//993 524//993 640//993
f 570//994 571//994 232//994
f 642//995 524//995 641//995
f 663//996 661//996 526//996
f 663//997 664//997 661//997
f 569//998 570//998 232//998
f 643//999 524//999 642//999
f 568//1000 569//1000 232//1000
f 644//1001 524//1001 643//1001
f 665//1002 666//1002 663//1002
f 567//1003 568//1003 232//1003
f 645//1004 524//1004 644//1004
f 566//1005 567//1005 232//1005
f 667//1006 663//1006 526//1006
f 667//1007 665//1007 663//1007
f 646//1008 524//1008 645//1008
f 565//1009 566//1009 232//1009
f 647//1010 524//1010 646//1010
f 564//1011 565//1011 232//1011
f 648//1012 524//1012 647//1012
f 668//1013 669//1013 667//1013
f 563//1014 564//1014 232//1014
f 649//1015 524//1015 648//1015
f 670//1016 667//1016 526//1016
f 670//1017 668//1017 667//1017
f 650//1018 524//1018 649//1018
f 651//1019 524//1019 650//1019
f 671//1020 670//1020 526//1020
f 671//1021 672//1021 673//1021
f 671//1022 673//1022 670//1022
f 674//1023 675//1023 676//1023
f 674//1024 676//1024 671//1024
f 677//1025 674//1025 671//1025
f 678//1026 677//1026 671//1026
f 678//1027 679//1027 677//1027
f 680//1028 678//1028 671//1028
f 681//1029 671//1029 526//1029
f 681//1030 680//1030 671//1030
f 682//1031 683//1031 684//1031
f 682//1032 684//1032 681//1032
f 685//1033 682//1033 681//1033
f 686//1034 687//1034 688//1034
f 686//1035 688//1035 685//1035
f 686//1036 681//1036 526//1036
f 686//1037 685//1037 681//1037
f 689//1038 690//1038 691//1038
f 692//1039 689//1039 691//1039
f 692//1040 691//1040 686//1040
f 693//1041 692//1041 686//1041
f 694//1042 693//1042 686//1042
f 694//1043 695//1043 693//1043
f 696//1044 694//1044 686//1044
f 696//1045 697//1045 698//1045
f 696//1046 698//1046 699//1046
f 696//1047 699//1047 694//1047
f 700//1048 701//1048 702//1048
f 700//1049 702//1049 696//1049
f 703//1050 700//1050 696//1050
f 704//1051 705//1051 706//1051
f 707//1052 704//1052 706//1052
f 707//1053 706//1053 708//1053
f 707//1054 708//1054 703//1054
f 709//1055 707//1055 703//1055
f 710//1056 711//1056 709//1056
f 710//1057 709//1057 703//1057
f 712//1058 710//1058 703//1058
f 713//1059 714//1059 712//1059
f 713//1060 712//1060 703//1060
f 406//1061 527//1061 528//1061
f 406//1062 528//1062 529//1062
f 406//1063 529//1063 530//1063
f 406//1064 530//1064 531//1064
f 406//1065 531//1065 532//1065
f 406//1066 532//1066 533//1066
f 406//1067 533//1067 534//1067
f 406//1068 534//1068 535//1068
f 406//1069 535//1069 536//1069
f 406//1070 536//1070 537//1070
f 406//1071 537//1071 538//1071
f 406//1072 538//1072 539//1072
f 406//1073 539//1073 540//1073
f 406//1074 540//1074 541//1074
f 406//1075 541//1075 542//1075
f 406//1076 542//1076 543//1076
f 406//1077 543//1077 544//1077
f 406//1078 544//1078 545//1078
f 406//1079 545//1079 546//1079
f 406//1080 546//1080 547//1080
f 406//1081 547//1081 548//1081
f 406//1082 548//1082 549//1082
f 406//1083 549//1083 550//1083
f 406//1084 651//1084 652//1084
f 406//1085 550//1085 551//1085
f 406//1086 652//1086 527//1086
f 406//1087 551//1087 552//1087
f 406//1088 552//1088 553//1088
f 406//1089 553//1089 554//1089
f 406//1090 554//1090 555//1090
f 406//1091 555//1091 556//1091
f 406//1092 556//1092 557//1092
f 406//1093 557//1093 558//1093
f 406//1094 558//1094 559//1094
f 406//1095 559//1095 560//1095
f 406//1096 560//1096 561//1096
f 406//1097 561//1097 562//1097
f 406//1098 524//1098 651//1098
f 489//1099 686//1099 526//1099
f 489//1100 696//1100 686//1100
f 489//1101 713//1101 703//1101
f 489//1102 524//1102 406//1102
f 489//1103 703//1103 696//1103
f 489//1104 526//1104 524//1104
f 232//1105 406//1105 562//1105
f 232//1106 562//1106 563//1106
f 524//1107 522//1107 615//1107
f 615//1108 522//1108 614//1108
f 614//1109 522//1109 613//1109
f 613//1110 522//1110 612//1110
f 612//1111 522//1111 611//1111
f 611//1112 522//1112 610//1112
f 610//1113 522//1113 609//1113
f 609//1114 522//1114 608//1114
f 327//1115 328//1115 715//1115
f 715//1116 328//1116 716//1116
f 716//1117 329//1117 717//1117
f 328//1118 329//1118 716//1118
f 717//1119 330//1119 718//1119
f 329//1120 330//1120 717//1120
f 718//1121 331//1121 719//1121
f 330//1122 331//1122 718//1122
f 719//1123 332//1123 720//1123
f 720//1124 332//1124 721//1124
f 331//1125 332//1125 719//1125
f 721//1126 333//1126 722//1126
f 332//1127 333//1127 721//1127
f 722//1128 334//1128 723//1128
f 333//1129 334//1129 722//1129
f 334//1130 335//1130 723//1130
f 723//1131 336//1131 724//1131
f 335//1132 336//1132 723//1132
f 724//1133 337//1133 725//1133
f 336//1134 337//1134 724//1134
f 337//1135 338//1135 725//1135
f 725//1136 338//1136 726//1136
f 338//1137 339//1137 726//1137
f 726//1138 339//1138 727//1138
f 339//1139 340//1139 727//1139
f 727//1140 340//1140 728//1140
f 340//1141 341//1141 728//1141
f 728//1142 341//1142 729//1142
f 729//1143 341//1143 730//1143
f 341//1144 342//1144 730//1144
f 342//1145 343//1145 730//1145
f 730//1146 343//1146 731//1146
f 731//1147 344//1147 732//1147
f 343//1148 344//1148 731//1148
f 732//1149 345//1149 733//1149
f 344//1150 345//1150 732//1150
f 733//1151 346//1151 734//1151
f 345//1152 346//1152 733//1152
f 734//1153 347//1153 735//1153
f 346//1154 347//1154 734//1154
f 735//1155 348//1155 736//1155
f 347//1156 348//1156 735//1156
f 736//1157 349//1157 737//1157
f 348//1158 349//1158 736//1158
f 737//1159 350//1159 738//1159
f 738//1160 350//1160 739//1160
f 349//1161 350//1161 737//1161
f 350//1162 351//1162 739//1162
f 739//1163 352//1163 740//1163
f 351//1164 352//1164 739//1164
f 740//1165 353//1165 741//1165
f 352//1166 353//1166 740//1166
f 741//1167 354//1167 742//1167
f 353//1168 354//1168 741//1168
f 742//1169 355//1169 743//1169
f 354//1170 355//1170 742//1170
f 743//1171 356//1171 744//1171
f 355//1172 356//1172 743//1172
f 744//1173 357//1173 745//1173
f 356//1174 357//1174 744//1174
f 745//1175 359//1175 746//1175
f 357//1176 359//1176 745//1176
f 746//1177 358//1177 747//1177
f 359//1178 358//1178 746//1178
f 747//1179 325//1179 748//1179
f 358//1180 325//1180 747//1180
f 748//1181 323//1181 749//1181
f 325//1182 323//1182 748//1182
f 749//1183 321//1183 750//1183
f 323//1184 321//1184 749//1184
f 750//1185 319//1185 751//1185
f 751//1186 319//1186 752//1186
f 321//1187 319//1187 750//1187
f 319//1188 317//1188 752//1188
f 317//1189 315//1189 752//1189
f 752//1190 315//1190 753//1190
f 753//1191 315//1191 754//1191
f 315//1192 313//1192 754//1192
f 313//1193 311//1193 754//1193
f 754//1194 311//1194 755//1194
f 311//1195 309//1195 755//1195
f 755//1196 309//1196 756//1196
f 756//1197 309//1197 757//1197
f 309//1198 307//1198 757//1198
f 757//1199 307//1199 758//1199
f 307//1200 305//1200 758//1200
f 305//1201 303//1201 758//1201
f 758//1202 303//1202 759//1202
f 759//1203 303//1203 760//1203
f 303//1204 301//1204 760//1204
f 760//1205 301//1205 761//1205
f 301//1206 299//1206 761//1206
f 761//1207 299//1207 762//1207
f 299//1208 297//1208 762//1208
f 762//1209 266//1209 763//1209
f 297//1210 266//1210 762//1210
f 763//1211 266//1211 764//1211
f 266//1212 265//1212 764//1212
f 265//1213 267//1213 764//1213
f 764//1214 267//1214 765//1214
f 765//1215 268//1215 766//1215
f 267//1216 268//1216 765//1216
f 766//1217 269//1217 767//1217
f 767//1218 269//1218 768//1218
f 268//1219 269//1219 766//1219
f 269//1220 270//1220 768//1220
f 768//1221 271//1221 769//1221
f 270//1222 271//1222 768//1222
f 769//1223 272//1223 770//1223
f 770//1224 272//1224 771//1224
f 271//1225 272//1225 769//1225
f 771//1226 273//1226 772//1226
f 272//1227 273//1227 771//1227
f 273//1228 274//1228 772//1228
f 772//1229 275//1229 773//1229
f 274//1230 275//1230 772//1230
f 773//1231 276//1231 774//1231
f 275//1232 276//1232 773//1232
f 774//1233 277//1233 775//1233
f 276//1234 277//1234 774//1234
f 775//1235 278//1235 776//1235
f 277//1236 278//1236 775//1236
f 278//1237 279//1237 776//1237
f 776//1238 279//1238 777//1238
f 279//1239 264//1239 777//1239
f 777//1240 264//1240 778//1240
f 264//1241 262//1241 778//1241
f 778//1242 262//1242 779//1242
f 262//1243 260//1243 779//1243
f 779//1244 260//1244 780//1244
f 260//1245 258//1245 780//1245
f 780//1246 258//1246 781//1246
f 258//1247 256//1247 781//1247
f 781//1248 256//1248 782//1248
f 256//1249 254//1249 782//1249
f 782//1250 254//1250 783//1250
f 783//1251 254//1251 784//1251
f 254//1252 252//1252 784//1252
f 252//1253 250//1253 784//1253
f 784//1254 250//1254 785//1254
f 250//1255 248//1255 785//1255
f 785//1256 248//1256 786//1256
f 248//1257 246//1257 786//1257
f 786//1258 246//1258 787//1258
f 246//1259 244//1259 787//1259
f 787//1260 244//1260 788//1260
f 244//1261 242//1261 788//1261
f 788//1262 242//1262 789//1262
f 789//1263 242//1263 790//1263
f 242//1264 240//1264 790//1264
f 240//1265 238//1265 790//1265
f 790//1266 238//1266 791//1266
f 238//1267 236//1267 791//1267
f 791//1268 236//1268 792//1268
f 792//1269 236//1269 793//1269
f 236//1270 233//1270 793//1270
f 233//1271 234//1271 793//1271
f 793//1272 234//1272 794//1272
f 794//1273 234//1273 795//1273
f 234//1274 235//1274 795//1274
f 235//1275 237//1275 795//1275
f 795//1276 237//1276 796//1276
f 237//1277 239//1277 796//1277
f 796//1278 239//1278 797//1278
f 797//1279 239//1279 798//1279
f 239//1280 241//1280 798//1280
f 798//1281 243//1281 799//1281
f 799//1282 243//1282 800//1282
f 241//1283 243//1283 798//1283
f 243//1284 245//1284 800//1284
f 800//1285 247//1285 801//1285
f 801//1286 247//1286 802//1286
f 245//1287 247//1287 800//1287
f 247//1288 249//1288 802//1288
f 249//1289 251//1289 802//1289
f 802//1290 251//1290 803//1290
f 251//1291 253//1291 803//1291
f 803//1292 253//1292 804//1292
f 804//1293 253//1293 805//1293
f 253//1294 255//1294 805//1294
f 255//1295 257//1295 805//1295
f 805//1296 257//1296 806//1296
f 257//1297 259//1297 806//1297
f 806//1298 259//1298 807//1298
f 807//1299 259//1299 808//1299
f 259//1300 261//1300 808//1300
f 261//1301 263//1301 808//1301
f 808//1302 263//1302 809//1302
f 809//1303 263//1303 810//1303
f 263//1304 296//1304 810//1304
f 296//1305 282//1305 810//1305
f 810//1306 282//1306 811//1306
f 811//1307 282//1307 812//1307
f 282//1308 281//1308 812//1308
f 812//1309 281//1309 813//1309
f 281//1310 283//1310 813//1310
f 813//1311 283//1311 814//1311
f 283//1312 284//1312 814//1312
f 814//1313 285//1313 815//1313
f 815//1314 285//1314 816//1314
f 284//1315 285//1315 814//1315
f 285//1316 286//1316 816//1316
f 816//1317 287//1317 817//1317
f 286//1318 287//1318 816//1318
f 817//1319 288//1319 818//1319
f 818//1320 288//1320 819//1320
f 287//1321 288//1321 817//1321
f 288//1322 289//1322 819//1322
f 819//1323 290//1323 820//1323
f 289//1324 290//1324 819//1324
f 820//1325 291//1325 821//1325
f 821//1326 291//1326 822//1326
f 290//1327 291//1327 820//1327
f 291//1328 292//1328 822//1328
f 822//1329 293//1329 823//1329
f 292//1330 293//1330 822//1330
f 823//1331 294//1331 824//1331
f 824//1332 294//1332 825//1332
f 293//1333 294//1333 823//1333
f 825//1334 295//1334 826//1334
f 294//1335 295//1335 825//1335
f 826//1336 298//1336 827//1336
f 295//1337 298//1337 826//1337
f 298//1338 300//1338 827//1338
f 827//1339 300//1339 828//1339
f 300//1340 302//1340 828//1340
f 828//1341 302//1341 829//1341
f 302//1342 304//1342 829//1342
f 304//1343 306//1343 829//1343
f 829//1344 306//1344 830//1344
f 306//1345 308//1345 830//1345
f 830//1346 308//1346 831//1346
f 831//1347 310//1347 832//1347
f 308//1348 310//1348 831//1348
f 832//1349 312//1349 833//1349
f 310//1350 312//1350 832//1350
f 833//1351 314//1351 834//1351
f 312//1352 314//1352 833//1352
f 834//1353 316//1353 835//1353
f 835//1354 316//1354 836//1354
f 314//1355 316//1355 834//1355
f 316//1356 318//1356 836//1356
f 836//1357 320//1357 837//1357
f 837//1358 320//1358 838//1358
f 318//1359 320//1359 836//1359
f 320//1360 322//1360 838//1360
f 838//1361 324//1361 839//1361
f 322//1362 324//1362 838//1362
f 839//1363 326//1363 840//1363
f 324//1364 326//1364 839//1364
f 840//1365 327//1365 715//1365
f 326//1366 327//1366 840//1366
f 405//1367 407//1367 841//1367
f 841//1368 407//1368 842//1368
f 842//1369 408//1369 843//1369
f 407//1370 408//1370 842//1370
f 843//1371 409//1371 844//1371
f 408//1372 409//1372 843//1372
f 844//1373 410//1373 845//1373
f 409//1374 410//1374 844//1374
f 845//1375 411//1375 846//1375
f 846//1376 411//1376 847//1376
f 410//1377 411//1377 845//1377
f 847//1378 412//1378 848//1378
f 411//1379 412//1379 847//1379
f 848//1380 413//1380 849//1380
f 412//1381 413//1381 848//1381
f 413//1382 414//1382 849//1382
f 849//1383 415//1383 850//1383
f 414//1384 415//1384 849//1384
f 850//1385 416//1385 851//1385
f 415//1386 416//1386 850//1386
f 416//1387 417//1387 851//1387
f 851//1388 417//1388 852//1388
f 417//1389 418//1389 852//1389
f 852//1390 418//1390 853//1390
f 418//1391 419//1391 853//1391
f 853//1392 419//1392 854//1392
f 419//1393 420//1393 854//1393
f 854//1394 420//1394 855//1394
f 855//1395 420//1395 856//1395
f 420//1396 421//1396 856//1396
f 421//1397 422//1397 856//1397
f 856//1398 422//1398 857//1398
f 857//1399 423//1399 858//1399
f 422//1400 423//1400 857//1400
f 858//1401 424//1401 859//1401
f 423//1402 424//1402 858//1402
f 859//1403 425//1403 860//1403
f 424//1404 425//1404 859//1404
f 860//1405 426//1405 861//1405
f 425//1406 426//1406 860//1406
f 861//1407 427//1407 862//1407
f 426//1408 427//1408 861//1408
f 862//1409 428//1409 863//1409
f 427//1410 428//1410 862//1410
f 863//1411 429//1411 864//1411
f 864//1412 429//1412 865//1412
f 428//1413 429//1413 863//1413
f 429//1414 430//1414 865//1414
f 865//1415 431//1415 866//1415
f 430//1416 431//1416 865//1416
f 866//1417 432//1417 867//1417
f 431//1418 432//1418 866//1418
f 867//1419 433//1419 868//1419
f 432//1420 433//1420 867//1420
f 868//1421 434//1421 869//1421
f 433//1422 434//1422 868//1422
f 869//1423 435//1423 870//1423
f 434//1424 435//1424 869//1424
f 870//1425 436//1425 871//1425
f 435//1426 436//1426 870//1426
f 871//1427 437//1427 872//1427
f 436//1428 437//1428 871//1428
f 872//1429 438//1429 873//1429
f 437//1430 438//1430 872//1430
f 873//1431 439//1431 874//1431
f 438//1432 439//1432 873//1432
f 874//1433 440//1433 875//1433
f 439//1434 440//1434 874//1434
f 875//1435 384//1435 876//1435
f 440//1436 384//1436 875//1436
f 876//1437 382//1437 877//1437
f 877//1438 382//1438 878//1438
f 384//1439 382//1439 876//1439
f 382//1440 380//1440 878//1440
f 380//1441 378//1441 878//1441
f 878//1442 378//1442 879//1442
f 879//1443 378//1443 880//1443
f 378//1444 376//1444 880//1444
f 376//1445 374//1445 880//1445
f 880//1446 374//1446 881//1446
f 374//1447 372//1447 881//1447
f 881//1448 372//1448 882//1448
f 882//1449 372//1449 883//1449
f 372//1450 370//1450 883//1450
f 883//1451 370//1451 884//1451
f 370//1452 368//1452 884//1452
f 368//1453 366//1453 884//1453
f 884//1454 366//1454 885//1454
f 885//1455 366//1455 886//1455
f 366//1456 364//1456 886//1456
f 886//1457 364//1457 887//1457
f 364//1458 362//1458 887//1458
f 887//1459 362//1459 888//1459
f 362//1460 361//1460 888//1460
f 888//1461 360//1461 889//1461
f 361//1462 360//1462 888//1462
f 889//1463 360//1463 890//1463
f 360//1464 363//1464 890//1464
f 363//1465 365//1465 890//1465
f 890//1466 365//1466 891//1466
f 891//1467 367//1467 892//1467
f 365//1468 367//1468 891//1468
f 892//1469 369//1469 893//1469
f 893//1470 369//1470 894//1470
f 367//1471 369//1471 892//1471
f 369//1472 371//1472 894//1472
f 894//1473 373//1473 895//1473
f 371//1474 373//1474 894//1474
f 895//1475 375//1475 896//1475
f 896//1476 375//1476 897//1476
f 373//1477 375//1477 895//1477
f 897//1478 377//1478 898//1478
f 375//1479 377//1479 897//1479
f 377//1480 379//1480 898//1480
f 898//1481 381//1481 899//1481
f 379//1482 381//1482 898//1482
f 899//1483 383//1483 900//1483
f 381//1484 383//1484 899//1484
f 900//1485 385//1485 901//1485
f 383//1486 385//1486 900//1486
f 901//1487 386//1487 902//1487
f 385//1488 386//1488 901//1488
f 386//1489 387//1489 902//1489
f 902//1490 387//1490 903//1490
f 387//1491 388//1491 903//1491
f 903//1492 388//1492 904//1492
f 388//1493 389//1493 904//1493
f 904//1494 389//1494 905//1494
f 389//1495 390//1495 905//1495
f 905//1496 390//1496 906//1496
f 390//1497 391//1497 906//1497
f 906//1498 391//1498 907//1498
f 391//1499 392//1499 907//1499
f 907//1500 392//1500 908//1500
f 392//1501 393//1501 908//1501
f 908//1502 393//1502 909//1502
f 909//1503 393//1503 910//1503
f 393//1504 394//1504 910//1504
f 394//1505 395//1505 910//1505
f 910//1506 395//1506 911//1506
f 395//1507 396//1507 911//1507
f 911//1508 396//1508 912//1508
f 396//1509 397//1509 912//1509
f 912//1510 397//1510 913//1510
f 397//1511 398//1511 913//1511
f 913//1512 398//1512 914//1512
f 398//1513 399//1513 914//1513
f 914//1514 399//1514 915//1514
f 915//1515 399//1515 916//1515
f 399//1516 400//1516 916//1516
f 400//1517 401//1517 916//1517
f 916//1518 401//1518 917//1518
f 401//1519 402//1519 917//1519
f 917//1520 402//1520 918//1520
f 918//1521 402//1521 919//1521
f 402//1522 403//1522 919//1522
f 403//1523 404//1523 919//1523
f 919//1524 404//1524 920//1524
f 920//1525 404//1525 921//1525
f 404//1526 486//1526 921//1526
f 486//1527 485//1527 921//1527
f 921//1528 485//1528 922//1528
f 485//1529 484//1529 922//1529
f 922//1530 484//1530 923//1530
f 923//1531 484//1531 924//1531
f 484//1532 483//1532 924//1532
f 924//1533 482//1533 925//1533
f 925//1534 482//1534 926//1534
f 483//1535 482//1535 924//1535
f 482//1536 481//1536 926//1536
f 926//1537 480//1537 927//1537
f 927//1538 480//1538 928//1538
f 481//1539 480//1539 926//1539
f 480//1540 479//1540 928//1540
f 479//1541 478//1541 928//1541
f 928//1542 478//1542 929//1542
f 478//1543 477//1543 929//1543
f 929//1544 477//1544 930//1544
f 930//1545 477//1545 931//1545
f 477//1546 476//1546 931//1546
f 476//1547 475//1547 931//1547
f 931//1548 475//1548 932//1548
f 475//1549 471//1549 932//1549
f 932//1550 471//1550 933//1550
f 933//1551 471//1551 934//1551
f 471//1552 472//1552 934//1552
f 472//1553 473//1553 934//1553
f 934//1554 473//1554 935//1554
f 935//1555 473//1555 936//1555
f 473//1556 474//1556 936//1556
f 474//1557 441//1557 936//1557
f 936//1558 441//1558 937//1558
f 937//1559 441//1559 938//1559
f 441//1560 442//1560 938//1560
f 938//1561 442//1561 939//1561
f 442//1562 443//1562 939//1562
f 939//1563 443//1563 940//1563
f 443//1564 444//1564 940//1564
f 940//1565 445//1565 941//1565
f 941//1566 445//1566 942//1566
f 444//1567 445//1567 940//1567
f 445//1568 446//1568 942//1568
f 942//1569 447//1569 943//1569
f 446//1570 447//1570 942//1570
f 943//1571 448//1571 944//1571
f 944//1572 448//1572 945//1572
f 447//1573 448//1573 943//1573
f 448//1574 449//1574 945//1574
f 945//1575 450//1575 946//1575
f 449//1576 450//1576 945//1576
f 946//1577 451//1577 947//1577
f 947//1578 451//1578 948//1578
f 450//1579 451//1579 946//1579
f 451//1580 452//1580 948//1580
f 948//1581 453//1581 949//1581
f 452//1582 453//1582 948//1582
f 949//1583 454//1583 950//1583
f 950//1584 454//1584 951//1584
f 453//1585 454//1585 949//1585
f 951//1586 455//1586 952//1586
f 454//1587 455//1587 951//1587
f 952//1588 456//1588 953//1588
f 455//1589 456//1589 952//1589
f 456//1590 457//1590 953//1590
f 953//1591 457//1591 954//1591
f 457//1592 458//1592 954//1592
f 954//1593 458//1593 955//1593
f 458//1594 459//1594 955//1594
f 459//1595 460//1595 955//1595
f 955//1596 460//1596 956//1596
f 460//1597 461//1597 956//1597
f 956//1598 461//1598 957//1598
f 957//1599 462//1599 958//1599
f 461//1600 462//1600 957//1600
f 958//1601 463//1601 959//1601
f 462//1602 463//1602 958//1602
f 959//1603 464//1603 960//1603
f 463//1604 464//1604 959//1604
f 960//1605 465//1605 961//1605
f 961//1606 465//1606 962//1606
f 464//1607 465//1607 960//1607
f 465//1608 466//1608 962//1608
f 962//1609 467//1609 963//1609
f 963//1610 467//1610 964//1610
f 466//1611 467//1611 962//1611
f 467//1612 468//1612 964//1612
f 964//1613 469//1613 965//1613
f 468//1614 469//1614 964//1614
f 965//1615 470//1615 966//1615
f 469//1616 470//1616 965//1616
f 966//1617 405//1617 841//1617
f 470//1618 405//1618 966//1618
f 967//1619 523//1619 968//1619
f 969//1620 523//1620 967//1620
f 970//1621 523//1621 969//1621
f 971//1622 972//1622 523//1622
f 973//1623 523//1623 972//1623
f 974//1624 971//1624 523//1624
f 975//1625 523//1625 973//1625
f 976//1626 974//1626 523//1626
f 977//1627 523//1627 975//1627
f 978//1628 523//1628 970//1628
f 978//1629 976//1629 523//1629
f 979//1630 523//1630 977//1630
f 980//1631 978//1631 970//1631
f 980//1632 970//1632 981//1632
f 982//1633 523//1633 979//1633
f 983//1634 981//1634 984//1634
f 983//1635 980//1635 981//1635
f 985//1636 523//1636 982//1636
f 986//1637 984//1637 987//1637
f 986//1638 983//1638 984//1638
f 988//1639 523//1639 985//1639
f 989//1640 986//1640 987//1640
f 989//1641 987//1641 990//1641
f 991//1642 523//1642 988//1642
f 992//1643 989//1643 990//1643
f 992//1644 990//1644 993//1644
f 994//1645 523//1645 991//1645
f 995//1646 993//1646 996//1646
f 995//1647 992//1647 993//1647
f 997//1648 523//1648 994//1648
f 998//1649 995//1649 996//1649
f 998//1650 996//1650 999//1650
f 1000//1651 523//1651 997//1651
f 1001//1652 998//1652 999//1652
f 1002//1653 523//1653 1000//1653
f 1003//1654 999//1654 1004//1654
f 1003//1655 1001//1655 999//1655
f 1005//1656 523//1656 1002//1656
f 1006//1657 1004//1657 1007//1657
f 1006//1658 1003//1658 1004//1658
f 1008//1659 523//1659 1005//1659
f 1009//1660 1007//1660 1010//1660
f 1009//1661 1006//1661 1007//1661
f 1011//1662 523//1662 1008//1662
f 1012//1663 1010//1663 1013//1663
f 1012//1664 1009//1664 1010//1664
f 1014//1665 523//1665 1011//1665
f 1015//1666 1012//1666 1013//1666
f 1016//1667 523//1667 1014//1667
f 1017//1668 1015//1668 1013//1668
f 1017//1669 1013//1669 1018//1669
f 1019//1670 523//1670 1016//1670
f 1020//1671 1017//1671 1018//1671
f 1020//1672 1018//1672 1021//1672
f 1022//1673 523//1673 1019//1673
f 1023//1674 1020//1674 1021//1674
f 1023//1675 1021//1675 1024//1675
f 1025//1676 523//1676 1022//1676
f 1026//1677 1023//1677 1024//1677
f 1026//1678 1024//1678 1027//1678
f 1028//1679 523//1679 1025//1679
f 1029//1680 1026//1680 1027//1680
f 1030//1681 523//1681 1028//1681
f 1031//1682 1029//1682 1027//1682
f 1031//1683 1027//1683 1032//1683
f 1033//1684 523//1684 1030//1684
f 1034//1685 1031//1685 1032//1685
f 1034//1686 1032//1686 1035//1686
f 1036//1687 523//1687 1033//1687
f 1037//1688 1034//1688 1035//1688
f 1037//1689 1035//1689 1038//1689
f 1039//1690 523//1690 1036//1690
f 1040//1691 1037//1691 1038//1691
f 1040//1692 1038//1692 1041//1692
f 1042//1693 523//1693 1039//1693
f 1043//1694 1040//1694 1041//1694
f 1044//1695 523//1695 1042//1695
f 1045//1696 1043//1696 1041//1696
f 1045//1697 1041//1697 1046//1697
f 1047//1698 523//1698 1044//1698
f 1048//1699 1045//1699 1046//1699
f 1049//1700 1048//1700 1046//1700
f 1050//1701 523//1701 1047//1701
f 1051//1702 1048//1702 1049//1702
f 1052//1703 523//1703 1050//1703
f 1053//1704 1051//1704 1049//1704
f 1054//1705 1051//1705 1053//1705
f 1055//1706 523//1706 1052//1706
f 1056//1707 1054//1707 1053//1707
f 1057//1708 1056//1708 1053//1708
f 1058//1709 1056//1709 1057//1709
f 1059//1710 1058//1710 1057//1710
f 1059//1711 1060//1711 1058//1711
f 1061//1712 1062//1712 1060//1712
f 1061//1713 1063//1713 1062//1713
f 1061//1714 1060//1714 1059//1714
f 1064//1715 1063//1715 1061//1715
f 1064//1716 1065//1716 1063//1716
f 1066//1717 1065//1717 1064//1717
f 1066//1718 1067//1718 1065//1718
f 1068//1719 1067//1719 1066//1719
f 1068//1720 1069//1720 1067//1720
f 1068//1721 1070//1721 1069//1721
f 1071//1722 1070//1722 1068//1722
f 1071//1723 1072//1723 1070//1723
f 1073//1724 1072//1724 1071//1724
f 1073//1725 1074//1725 1072//1725
f 1075//1726 1074//1726 1073//1726
f 1075//1727 1076//1727 1074//1727
f 1077//1728 1076//1728 1075//1728
f 1077//1729 1078//1729 1076//1729
f 1077//1730 1079//1730 1078//1730
f 1080//1731 1079//1731 1077//1731
f 1080//1732 1081//1732 1079//1732
f 1082//1733 1081//1733 1080//1733
f 1082//1734 1083//1734 1081//1734
f 1084//1735 1083//1735 1082//1735
f 1084//1736 1085//1736 1083//1736
f 1086//1737 1085//1737 1084//1737
f 1086//1738 1087//1738 1085//1738
f 1086//1739 1088//1739 1087//1739
f 1089//1740 1088//1740 1086//1740
f 1089//1741 1090//1741 1088//1741
f 1091//1742 1092//1742 1090//1742
f 1091//1743 1090//1743 1089//1743
f 1093//1744 1094//1744 1092//1744
f 1093//1745 1092//1745 1091//1745
f 1095//1746 1096//1746 1094//1746
f 1095//1747 1094//1747 1093//1747
f 1097//1748 1098//1748 1096//1748
f 1097//1749 1099//1749 1098//1749
f 1097//1750 1096//1750 1095//1750
f 1100//1751 1101//1751 1099//1751
f 1100//1752 1099//1752 1097//1752
f 1102//1753 1103//1753 1101//1753
f 1102//1754 1101//1754 1100//1754
f 1104//1755 1105//1755 1103//1755
f 1104//1756 1103//1756 1102//1756
f 1106//1757 1105//1757 1104//1757
f 490//1758 1107//1758 1105//1758
f 490//1759 1106//1759 1108//1759
f 490//1760 1109//1760 1107//1760
f 490//1761 1110//1761 1109//1761
f 490//1762 1111//1762 1110//1762
f 490//1763 1112//1763 1111//1763
f 490//1764 1113//1764 1112//1764
f 490//1765 1114//1765 1113//1765
f 490//1766 1115//1766 1114//1766
f 490//1767 1116//1767 1115//1767
f 490//1768 1117//1768 1116//1768
f 490//1769 1118//1769 1117//1769
f 490//1770 1119//1770 1118//1770
f 490//1771 1120//1771 1119//1771
f 490//1772 1121//1772 1120//1772
f 490//1773 1122//1773 1121//1773
f 490//1774 1123//1774 1122//1774
f 490//1775 1124//1775 1123//1775
f 490//1776 1125//1776 1124//1776
f 490//1777 1126//1777 1125//1777
f 490//1778 1127//1778 1126//1778
f 490//1779 1128//1779 1127//1779
f 490//1780 1129//1780 1128//1780
f 490//1781 1130//1781 1129//1781
f 490//1782 1131//1782 1130//1782
f 490//1783 1132//1783 1131//1783
f 490//1784 1133//1784 1132//1784
f 490//1785 1134//1785 1133//1785
f 490//1786 1135//1786 1134//1786
f 490//1787 1136//1787 1135//1787
f 490//1788 1137//1788 1136//1788
f 490//1789 1138//1789 1137//1789
f 490//1790 1139//1790 1138//1790
f 490//1791 1140//1791 1139//1791
f 490//1792 1141//1792 1140//1792
f 490//1793 1142//1793 1141//1793
f 490//1794 1055//1794 1142//1794
f 490//1795 1105//1795 1106//1795
f 490//1796 523//1796 1055//1796
f 488//1797 490//1797 1143//1797
f 1143//1798 490//1798 1144//1798
f 1144//1799 490//1799 1145//1799
f 1145//1800 490//1800 1146//1800
f 1146//1801 490//1801 1147//1801
f 1147//1802 490//1802 1148//1802
f 1148//1803 490//1803 1149//1803
f 1149//1804 490//1804 1108//1804
f 523//1805 525//1805 1150//1805
f 523//1806 1150//1806 1151//1806
f 523//1807 1151//1807 1152//1807
f 523//1808 1152//1808 1153//1808
f 523//1809 1153//1809 1154//1809
f 523//1810 1154//1810 968//1810
f 713//1811 489//1811 488//1811
f 713//1812 488//1812 1143//1812
f 714//1813 1143//1813 1144//1813
f 714//1814 713//1814 1143//1814
f 712//1815 1144//1815 1145//1815
f 712//1816 1145//1816 1146//1816
f 712//1817 714//1817 1144//1817
f 710//1818 712//1818 1146//1818
f 711//1819 1146//1819 1147//1819
f 711//1820 710//1820 1146//1820
f 709//1821 1147//1821 1148//1821
f 709//1822 711//1822 1147//1822
f 707//1823 1148//1823 1149//1823
f 707//1824 1149//1824 1108//1824
f 707//1825 709//1825 1148//1825
f 704//1826 707//1826 1108//1826
f 705//1827 1108//1827 1106//1827
f 705//1828 704//1828 1108//1828
f 706//1829 1106//1829 1104//1829
f 706//1830 705//1830 1106//1830
f 708//1831 1104//1831 1102//1831
f 708//1832 706//1832 1104//1832
f 703//1833 1102//1833 1100//1833
f 703//1834 1100//1834 1097//1834
f 703//1835 708//1835 1102//1835
f 700//1836 703//1836 1097//1836
f 701//1837 1097//1837 1095//1837
f 701//1838 700//1838 1097//1838
f 702//1839 1095//1839 1093//1839
f 702//1840 701//1840 1095//1840
f 696//1841 1093//1841 1091//1841
f 696//1842 702//1842 1093//1842
f 697//1843 1091//1843 1089//1843
f 697//1844 1089//1844 1086//1844
f 697//1845 696//1845 1091//1845
f 698//1846 697//1846 1086//1846
f 698//1847 1086//1847 1084//1847
f 699//1848 698//1848 1084//1848
f 694//1849 699//1849 1084//1849
f 694//1850 1084//1850 1082//1850
f 695//1851 694//1851 1082//1851
f 695//1852 1082//1852 1080//1852
f 693//1853 695//1853 1080//1853
f 693//1854 1080//1854 1077//1854
f 692//1855 1077//1855 1075//1855
f 692//1856 693//1856 1077//1856
f 689//1857 1075//1857 1073//1857
f 689//1858 692//1858 1075//1858
f 690//1859 1073//1859 1071//1859
f 690//1860 689//1860 1073//1860
f 691//1861 1071//1861 1068//1861
f 691//1862 690//1862 1071//1862
f 686//1863 1068//1863 1066//1863
f 686//1864 1066//1864 1064//1864
f 686//1865 691//1865 1068//1865
f 687//1866 686//1866 1064//1866
f 688//1867 1064//1867 1061//1867
f 688//1868 1061//1868 1059//1868
f 688//1869 687//1869 1064//1869
f 685//1870 1059//1870 1057//1870
f 685//1871 688//1871 1059//1871
f 682//1872 685//1872 1057//1872
f 683//1873 1057//1873 1053//1873
f 683//1874 1053//1874 1049//1874
f 683//1875 682//1875 1057//1875
f 684//1876 683//1876 1049//1876
f 681//1877 1049//1877 1046//1877
f 681//1878 1046//1878 1041//1878
f 681//1879 684//1879 1049//1879
f 680//1880 681//1880 1041//1880
f 678//1881 1041//1881 1038//1881
f 678//1882 1038//1882 1035//1882
f 678//1883 680//1883 1041//1883
f 679//1884 1035//1884 1032//1884
f 679//1885 678//1885 1035//1885
f 677//1886 679//1886 1032//1886
f 674//1887 1032//1887 1027//1887
f 674//1888 677//1888 1032//1888
f 675//1889 1027//1889 1024//1889
f 675//1890 1024//1890 1021//1890
f 675//1891 674//1891 1027//1891
f 676//1892 1021//1892 1018//1892
f 676//1893 675//1893 1021//1893
f 671//1894 1018//1894 1013//1894
f 671//1895 676//1895 1018//1895
f 672//1896 671//1896 1013//1896
f 672//1897 1013//1897 1010//1897
f 673//1898 672//1898 1010//1898
f 670//1899 673//1899 1010//1899
f 670//1900 1010//1900 1007//1900
f 668//1901 670//1901 1007//1901
f 668//1902 1007//1902 1004//1902
f 669//1903 668//1903 1004//1903
f 669//1904 1004//1904 999//1904
f 669//1905 999//1905 996//1905
f 667//1906 669//1906 996//1906
f 665//1907 667//1907 996//1907
f 665//1908 996//1908 993//1908
f 666//1909 665//1909 993//1909
f 666//1910 993//1910 990//1910
f 663//1911 666//1911 990//1911
f 663//1912 990//1912 987//1912
f 663//1913 987//1913 984//1913
f 664//1914 663//1914 984//1914
f 664//1915 984//1915 981//1915
f 661//1916 664//1916 981//1916
f 662//1917 661//1917 981//1917
f 662//1918 981//1918 970//1918
f 662//1919 970//1919 969//1919
f 660//1920 662//1920 969//1920
f 659//1921 660//1921 969//1921
f 659//1922 969//1922 967//1922
f 658//1923 967//1923 968//1923
f 658//1924 968//1924 1154//1924
f 658//1925 659//1925 967//1925
f 657//1926 658//1926 1154//1926
f 653//1927 1154//1927 1153//1927
f 653//1928 657//1928 1154//1928
f 654//1929 1153//1929 1152//1929
f 654//1930 653//1930 1153//1930
f 655//1931 1152//1931 1151//1931
f 655//1932 654//1932 1152//1932
f 656//1933 1151//1933 1150//1933
f 656//1934 655//1934 1151//1934
f 526//1935 1150//1935 525//1935
f 526//1936 656//1936 1150//1936
f 763//1937 764//1937 762//1937
f 765//1938 767//1938 764//1938
f 766//1939 767//1939 765//1939
f 759//1940 757//1940 758//1940
f 760//1941 757//1941 759//1941
f 761//1942 757//1942 760//1942
f 762//1943 757//1943 761//1943
f 757//1944 755//1944 756//1944
f 770//1945 771//1945 769//1945
f 767//1946 772//1946 764//1946
f 768//1947 772//1947 767//1947
f 769//1948 772//1948 768//1948
f 771//1949 772//1949 769//1949
f 753//1950 751//1950 752//1950
f 754//1951 751//1951 753//1951
f 755//1952 751//1952 754//1952
f 764//1953 750//1953 762//1953
f 762//1954 750//1954 757//1954
f 757//1955 750//1955 755//1955
f 755//1956 750//1956 751//1956
f 774//1957 775//1957 773//1957
f 749//1958 747//1958 748//1958
f 750//1959 747//1959 749//1959
f 773//1960 778//1960 772//1960
f 776//1961 778//1961 775//1961
f 777//1962 778//1962 776//1962
f 775//1963 778//1963 773//1963
f 747//1964 745//1964 746//1964
f 779//1965 782//1965 778//1965
f 780//1966 782//1966 779//1966
f 781//1967 782//1967 780//1967
f 744//1968 742//1968 743//1968
f 745//1969 742//1969 744//1969
f 783//1970 784//1970 782//1970
f 745//1971 740//1971 742//1971
f 742//1972 740//1972 741//1972
f 747//1973 740//1973 745//1973
f 784//1974 786//1974 782//1974
f 785//1975 786//1975 784//1975
f 740//1976 738//1976 739//1976
f 786//1977 787//1977 782//1977
f 772//1978 787//1978 764//1978
f 778//1979 787//1979 772//1979
f 782//1980 787//1980 778//1980
f 747//1981 737//1981 740//1981
f 740//1982 737//1982 738//1982
f 750//1983 737//1983 747//1983
f 788//1984 789//1984 787//1984
f 737//1985 735//1985 736//1985
f 737//1986 734//1986 735//1986
f 787//1987 791//1987 764//1987
f 789//1988 791//1988 787//1988
f 790//1989 791//1989 789//1989
f 750//1990 793//1990 737//1990
f 791//1991 793//1991 764//1991
f 764//1992 793//1992 750//1992
f 792//1993 793//1993 791//1993
f 733//1994 731//1994 732//1994
f 793//1995 794//1995 737//1995
f 734//1996 730//1996 733//1996
f 733//1997 730//1997 731//1997
f 737//1998 729//1998 734//1998
f 734//1999 729//1999 730//1999
f 795//2000 796//2000 794//2000
f 729//2001 727//2001 728//2001
f 737//2002 727//2002 729//2002
f 799//2003 801//2003 798//2003
f 800//2004 801//2004 799//2004
f 796//2005 802//2005 794//2005
f 797//2006 802//2006 796//2006
f 798//2007 802//2007 797//2007
f 801//2008 802//2008 798//2008
f 724//2009 722//2009 723//2009
f 725//2010 722//2010 724//2010
f 726//2011 722//2011 725//2011
f 802//2012 804//2012 794//2012
f 803//2013 804//2013 802//2013
f 722//2014 720//2014 721//2014
f 727//2015 805//2015 726//2015
f 794//2016 805//2016 737//2016
f 737//2017 805//2017 727//2017
f 804//2018 805//2018 794//2018
f 720//2019 718//2019 719//2019
f 722//2020 718//2020 720//2020
f 806//2021 807//2021 805//2021
f 718//2022 716//2022 717//2022
f 807//2023 809//2023 805//2023
f 808//2024 809//2024 807//2024
f 716//2025 840//2025 715//2025
f 718//2026 840//2026 716//2026
f 722//2027 840//2027 718//2027
f 810//2028 813//2028 809//2028
f 811//2029 813//2029 810//2029
f 812//2030 813//2030 811//2030
f 722//2031 837//2031 840//2031
f 839//2032 837//2032 838//2032
f 840//2033 837//2033 839//2033
f 726//2034 837//2034 722//2034
f 813//2035 814//2035 809//2035
f 726//2036 836//2036 837//2036
f 814//2037 815//2037 809//2037
f 815//2038 816//2038 809//2038
f 836//2039 834//2039 835//2039
f 726//2040 834//2040 836//2040
f 833//2041 831//2041 832//2041
f 817//2042 820//2042 816//2042
f 818//2043 820//2043 817//2043
f 819//2044 820//2044 818//2044
f 833//2045 830//2045 831//2045
f 820//2046 821//2046 816//2046
f 830//2047 828//2047 829//2047
f 822//2048 823//2048 821//2048
f 821//2049 823//2049 816//2049
f 809//2050 827//2050 805//2050
f 834//2051 827//2051 833//2051
f 726//2052 827//2052 834//2052
f 833//2053 827//2053 830//2053
f 830//2054 827//2054 828//2054
f 805//2055 827//2055 726//2055
f 824//2056 825//2056 823//2056
f 827//2057 825//2057 826//2057
f 816//2058 825//2058 809//2058
f 823//2059 825//2059 816//2059
f 809//2060 825//2060 827//2060
f 923//2061 919//2061 920//2061
f 923//2062 920//2062 921//2062
f 923//2063 921//2063 922//2063
f 916//2064 917//2064 918//2064
f 916//2065 918//2065 919//2065
f 912//2066 913//2066 914//2066
f 912//2067 914//2067 915//2067
f 912//2068 915//2068 916//2068
f 928//2069 926//2069 927//2069
f 911//2070 912//2070 916//2070
f 910//2071 911//2071 916//2071
f 931//2072 926//2072 928//2072
f 931//2073 924//2073 925//2073
f 931//2074 925//2074 926//2074
f 931//2075 928//2075 929//2075
f 931//2076 929//2076 930//2076
f 908//2077 909//2077 910//2077
f 934//2078 932//2078 933//2078
f 935//2079 932//2079 934//2079
f 935//2080 931//2080 932//2080
f 904//2081 905//2081 906//2081
f 904//2082 906//2082 907//2082
f 904//2083 907//2083 908//2083
f 904//2084 908//2084 910//2084
f 938//2085 931//2085 935//2085
f 938//2086 935//2086 936//2086
f 938//2087 936//2087 937//2087
f 901//2088 902//2088 903//2088
f 901//2089 903//2089 904//2089
f 900//2090 901//2090 904//2090
f 940//2091 938//2091 939//2091
f 898//2092 900//2092 904//2092
f 898//2093 919//2093 923//2093
f 898//2094 916//2094 919//2094
f 898//2095 899//2095 900//2095
f 898//2096 910//2096 916//2096
f 898//2097 904//2097 910//2097
f 898//2098 923//2098 924//2098
f 944//2099 941//2099 942//2099
f 944//2100 942//2100 943//2100
f 894//2101 895//2101 896//2101
f 947//2102 945//2102 946//2102
f 949//2103 944//2103 945//2103
f 949//2104 947//2104 948//2104
f 949//2105 945//2105 947//2105
f 890//2106 891//2106 892//2106
f 950//2107 944//2107 949//2107
f 951//2108 944//2108 950//2108
f 888//2109 894//2109 896//2109
f 888//2110 890//2110 892//2110
f 888//2111 889//2111 890//2111
f 888//2112 892//2112 893//2112
f 888//2113 893//2113 894//2113
f 888//2114 896//2114 897//2114
f 888//2115 897//2115 898//2115
f 886//2116 887//2116 888//2116
f 885//2117 886//2117 888//2117
f 955//2118 951//2118 952//2118
f 955//2119 952//2119 953//2119
f 955//2120 953//2120 954//2120
f 956//2121 951//2121 955//2121
f 882//2122 883//2122 884//2122
f 882//2123 884//2123 885//2123
f 881//2124 938//2124 940//2124
f 881//2125 898//2125 924//2125
f 881//2126 941//2126 944//2126
f 881//2127 888//2127 898//2127
f 881//2128 882//2128 885//2128
f 881//2129 885//2129 888//2129
f 881//2130 924//2130 931//2130
f 881//2131 931//2131 938//2131
f 881//2132 940//2132 941//2132
f 960//2133 956//2133 957//2133
f 960//2134 957//2134 958//2134
f 960//2135 958//2135 959//2135
f 960//2136 951//2136 956//2136
f 961//2137 951//2137 960//2137
f 878//2138 879//2138 880//2138
f 878//2139 880//2139 881//2139
f 878//2140 944//2140 951//2140
f 878//2141 881//2141 944//2141
f 874//2142 875//2142 876//2142
f 874//2143 876//2143 877//2143
f 966//2144 961//2144 962//2144
f 966//2145 962//2145 963//2145
f 966//2146 963//2146 964//2146
f 966//2147 964//2147 965//2147
f 873//2148 874//2148 877//2148
f 843//2149 841//2149 842//2149
f 843//2150 966//2150 841//2150
f 870//2151 871//2151 872//2151
f 870//2152 872//2152 873//2152
f 868//2153 869//2153 870//2153
f 867//2154 868//2154 870//2154
f 867//2155 870//2155 873//2155
f 847//2156 843//2156 844//2156
f 847//2157 844//2157 845//2157
f 847//2158 845//2158 846//2158
f 865//2159 873//2159 877//2159
f 865//2160 866//2160 867//2160
f 865//2161 867//2161 873//2161
f 865//2162 877//2162 878//2162
f 864//2163 865//2163 878//2163
f 863//2164 864//2164 878//2164
f 863//2165 878//2165 951//2165
f 851//2166 961//2166 966//2166
f 851//2167 847//2167 848//2167
f 851//2168 848//2168 849//2168
f 851//2169 849//2169 850//2169
f 851//2170 966//2170 843//2170
f 851//2171 843//2171 847//2171
f 851//2172 951//2172 961//2172
f 852//2173 951//2173 851//2173
f 861//2174 862//2174 863//2174
f 860//2175 861//2175 863//2175
f 854//2176 852//2176 853//2176
f 855//2177 852//2177 854//2177
f 858//2178 859//2178 860//2178
f 858//2179 860//2179 863//2179
f 857//2180 855//2180 856//2180
f 857//2181 863//2181 951//2181
f 857//2182 951//2182 852//2182
f 857//2183 858//2183 863//2183
f 857//2184 852//2184 855//2184
f 1155//2185 1156//2185 1012//2185
f 1155//2186 1012//2186 1015//2186
f 1157//2187 1015//2187 1017//2187
f 1157//2188 1155//2188 1015//2188
f 1158//2189 1017//2189 1020//2189
f 1158//2190 1157//2190 1017//2190
f 1159//2191 1020//2191 1023//2191
f 1159//2192 1158//2192 1020//2192
f 1160//2193 1023//2193 1026//2193
f 1160//2194 1026//2194 1029//2194
f 1160//2195 1159//2195 1023//2195
f 1161//2196 1160//2196 1029//2196
f 1162//2197 1029//2197 1031//2197
f 1162//2198 1161//2198 1029//2198
f 1163//2199 1031//2199 1034//2199
f 1163//2200 1162//2200 1031//2200
f 1164//2201 1034//2201 1037//2201
f 1164//2202 1037//2202 1040//2202
f 1164//2203 1163//2203 1034//2203
f 1165//2204 1164//2204 1040//2204
f 1166//2205 1165//2205 1040//2205
f 1166//2206 1040//2206 1043//2206
f 1167//2207 1166//2207 1043//2207
f 1167//2208 1043//2208 1045//2208
f 1168//2209 1167//2209 1045//2209
f 1168//2210 1045//2210 1048//2210
f 1169//2211 1168//2211 1048//2211
f 1169//2212 1048//2212 1051//2212
f 1170//2213 1051//2213 1054//2213
f 1170//2214 1169//2214 1051//2214
f 1171//2215 1054//2215 1056//2215
f 1171//2216 1170//2216 1054//2216
f 1172//2217 1056//2217 1058//2217
f 1172//2218 1171//2218 1056//2218
f 1173//2219 1058//2219 1060//2219
f 1173//2220 1172//2220 1058//2220
f 1174//2221 1060//2221 1062//2221
f 1174//2222 1173//2222 1060//2222
f 1175//2223 1062//2223 1063//2223
f 1175//2224 1174//2224 1062//2224
f 1176//2225 1063//2225 1065//2225
f 1176//2226 1175//2226 1063//2226
f 1177//2227 1065//2227 1067//2227
f 1177//2228 1176//2228 1065//2228
f 1178//2229 1067//2229 1069//2229
f 1178//2230 1177//2230 1067//2230
f 1179//2231 1069//2231 1070//2231
f 1179//2232 1070//2232 1072//2232
f 1179//2233 1178//2233 1069//2233
f 1180//2234 1179//2234 1072//2234
f 1181//2235 1072//2235 1074//2235
f 1181//2236 1180//2236 1072//2236
f 1182//2237 1074//2237 1076//2237
f 1182//2238 1181//2238 1074//2238
f 1183//2239 1076//2239 1078//2239
f 1183//2240 1182//2240 1076//2240
f 1184//2241 1078//2241 1079//2241
f 1184//2242 1183//2242 1078//2242
f 1185//2243 1079//2243 1081//2243
f 1185//2244 1184//2244 1079//2244
f 1186//2245 1081//2245 1083//2245
f 1186//2246 1185//2246 1081//2246
f 1187//2247 1083//2247 1085//2247
f 1187//2248 1186//2248 1083//2248
f 1188//2249 1085//2249 1087//2249
f 1188//2250 1187//2250 1085//2250
f 1189//2251 1087//2251 1088//2251
f 1189//2252 1188//2252 1087//2252
f 1190//2253 1088//2253 1090//2253
f 1190//2254 1090//2254 1092//2254
f 1190//2255 1189//2255 1088//2255
f 1191//2256 1190//2256 1092//2256
f 1192//2257 1191//2257 1092//2257
f 1192//2258 1092//2258 1094//2258
f 1193//2259 1192//2259 1094//2259
f 1193//2260 1094//2260 1096//2260
f 1194//2261 1193//2261 1096//2261
f 1194//2262 1096//2262 1098//2262
f 1195//2263 1194//2263 1098//2263
f 1195//2264 1098//2264 1099//2264
f 1196//2265 1195//2265 1099//2265
f 1196//2266 1099//2266 1101//2266
f 1197//2267 1196//2267 1101//2267
f 1197//2268 1101//2268 1103//2268
f 1197//2269 1103//2269 1105//2269
f 1198//2270 1197//2270 1105//2270
f 1199//2271 1198//2271 1105//2271
f 1199//2272 1105//2272 1107//2272
f 1199//2273 1107//2273 1109//2273
f 1200//2274 1199//2274 1109//2274
f 1201//2275 1200//2275 1109//2275
f 1201//2276 1109//2276 1110//2276
f 1201//2277 1110//2277 1111//2277
f 1202//2278 1201//2278 1111//2278
f 1202//2279 1111//2279 1112//2279
f 1203//2280 1202//2280 1112//2280
f 1204//2281 1112//2281 1113//2281
f 1204//2282 1203//2282 1112//2282
f 1205//2283 1113//2283 1114//2283
f 1205//2284 1204//2284 1113//2284
f 1206//2285 1114//2285 1115//2285
f 1206//2286 1205//2286 1114//2286
f 1207//2287 1115//2287 1116//2287
f 1207//2288 1206//2288 1115//2288
f 1208//2289 1116//2289 1117//2289
f 1208//2290 1207//2290 1116//2290
f 1209//2291 1117//2291 1118//2291
f 1209//2292 1118//2292 1119//2292
f 1209//2293 1208//2293 1117//2293
f 1210//2294 1209//2294 1119//2294
f 1211//2295 1119//2295 1120//2295
f 1211//2296 1210//2296 1119//2296
f 1212//2297 1120//2297 1121//2297
f 1212//2298 1121//2298 1122//2298
f 1212//2299 1211//2299 1120//2299
f 1213//2300 1212//2300 1122//2300
f 1214//2301 1122//2301 1123//2301
f 1214//2302 1213//2302 1122//2302
f 1215//2303 1123//2303 1124//2303
f 1215//2304 1214//2304 1123//2304
f 1216//2305 1124//2305 1125//2305
f 1216//2306 1215//2306 1124//2306
f 1217//2307 1216//2307 1125//2307
f 1217//2308 1125//2308 1126//2308
f 1218//2309 1217//2309 1126//2309
f 1218//2310 1126//2310 1127//2310
f 1219//2311 1218//2311 1127//2311
f 1219//2312 1127//2312 1128//2312
f 1220//2313 1219//2313 1128//2313
f 1220//2314 1128//2314 1129//2314
f 1220//2315 1129//2315 1130//2315
f 1221//2316 1220//2316 1130//2316
f 1222//2317 1221//2317 1130//2317
f 1222//2318 1130//2318 1131//2318
f 1223//2319 1222//2319 1131//2319
f 1223//2320 1131//2320 1132//2320
f 1223//2321 1132//2321 1133//2321
f 1224//2322 1223//2322 1133//2322
f 1225//2323 1224//2323 1133//2323
f 1225//2324 1133//2324 1134//2324
f 1226//2325 1225//2325 1134//2325
f 1226//2326 1134//2326 1135//2326
f 1226//2327 1135//2327 1136//2327
f 1227//2328 1226//2328 1136//2328
f 1227//2329 1136//2329 1137//2329
f 1228//2330 1227//2330 1137//2330
f 1228//2331 1137//2331 1138//2331
f 1229//2332 1228//2332 1138//2332
f 1230//2333 1229//2333 1138//2333
f 1230//2334 1138//2334 1139//2334
f 1231//2335 1230//2335 1139//2335
f 1231//2336 1139//2336 1140//2336
f 1232//2337 1231//2337 1140//2337
f 1232//2338 1140//2338 1141//2338
f 1233//2339 1232//2339 1141//2339
f 1233//2340 1141//2340 1142//2340
f 1234//2341 1233//2341 1142//2341
f 1234//2342 1142//2342 1055//2342
f 1235//2343 1234//2343 1055//2343
f 1235//2344 1055//2344 1052//2344
f 1236//2345 1235//2345 1052//2345
f 1236//2346 1052//2346 1050//2346
f 1237//2347 1236//2347 1050//2347
f 1237//2348 1050//2348 1047//2348
f 1238//2349 1047//2349 1044//2349
f 1238//2350 1237//2350 1047//2350
f 1238//2351 1044//2351 1042//2351
f 1239//2352 1238//2352 1042//2352
f 1240//2353 1042//2353 1039//2353
f 1240//2354 1039//2354 1036//2354
f 1240//2355 1239//2355 1042//2355
f 1241//2356 1240//2356 1036//2356
f 1242//2357 1036//2357 1033//2357
f 1242//2358 1033//2358 1030//2358
f 1242//2359 1241//2359 1036//2359
f 1243//2360 1242//2360 1030//2360
f 1244//2361 1243//2361 1030//2361
f 1244//2362 1030//2362 1028//2362
f 1245//2363 1244//2363 1028//2363
f 1245//2364 1028//2364 1025//2364
f 1245//2365 1025//2365 1022//2365
f 1246//2366 1245//2366 1022//2366
f 1247//2367 1246//2367 1022//2367
f 1247//2368 1022//2368 1019//2368
f 1247//2369 1019//2369 1016//2369
f 1248//2370 1247//2370 1016//2370
f 1249//2371 1248//2371 1016//2371
f 1249//2372 1016//2372 1014//2372
f 1250//2373 1249//2373 1014//2373
f 1250//2374 1014//2374 1011//2374
f 1251//2375 1250//2375 1011//2375
f 1251//2376 1011//2376 1008//2376
f 1251//2377 1008//2377 1005//2377
f 1252//2378 1251//2378 1005//2378
f 1252//2379 1005//2379 1002//2379
f 1253//2380 1252//2380 1002//2380
f 1253//2381 1002//2381 1000//2381
f 1254//2382 1000//2382 997//2382
f 1254//2383 1253//2383 1000//2383
f 1255//2384 1254//2384 997//2384
f 1256//2385 997//2385 994//2385
f 1256//2386 994//2386 991//2386
f 1256//2387 1255//2387 997//2387
f 1257//2388 1256//2388 991//2388
f 1258//2389 991//2389 988//2389
f 1258//2390 988//2390 985//2390
f 1258//2391 1257//2391 991//2391
f 1259//2392 1258//2392 985//2392
f 1260//2393 985//2393 982//2393
f 1260//2394 1259//2394 985//2394
f 1261//2395 982//2395 979//2395
f 1261//2396 1260//2396 982//2396
f 1262//2397 979//2397 977//2397
f 1262//2398 977//2398 975//2398
f 1262//2399 1261//2399 979//2399
f 1263//2400 1262//2400 975//2400
f 1264//2401 975//2401 973//2401
f 1264//2402 1263//2402 975//2402
f 1265//2403 973//2403 972//2403
f 1265//2404 972//2404 971//2404
f 1265//2405 1264//2405 973//2405
f 1266//2406 1265//2406 971//2406
f 1267//2407 1266//2407 971//2407
f 1267//2408 971//2408 974//2408
f 1267//2409 974//2409 976//2409
f 1268//2410 1267//2410 976//2410
f 1269//2411 1268//2411 976//2411
f 1269//2412 976//2412 978//2412
f 1269//2413 978//2413 980//2413
f 1270//2414 1269//2414 980//2414
f 1271//2415 1270//2415 980//2415
f 1271//2416 980//2416 983//2416
f 1271//2417 983//2417 986//2417
f 1272//2418 1271//2418 986//2418
f 1273//2419 986//2419 989//2419
f 1273//2420 1272//2420 986//2420
f 1274//2421 989//2421 992//2421
f 1274//2422 1273//2422 989//2422
f 1275//2423 992//2423 995//2423
f 1275//2424 1274//2424 992//2424
f 1276//2425 995//2425 998//2425
f 1276//2426 998//2426 1001//2426
f 1276//2427 1275//2427 995//2427
f 1277//2428 1276//2428 1001//2428
f 1278//2429 1001//2429 1003//2429
f 1278//2430 1277//2430 1001//2430
f 1279//2431 1003//2431 1006//2431
f 1279//2432 1278//2432 1003//2432
f 1280//2433 1006//2433 1009//2433
f 1280//2434 1279//2434 1006//2434
f 1156//2435 1009//2435 1012//2435
f 1156//2436 1280//2436 1009//2436
f 1267//2437 1264//2437 1265//2437
f 1267//2438 1265//2438 1266//2438
f 1269//2439 1263//2439 1264//2439
f 1269//2440 1267//2440 1268//2440
f 1269//2441 1264//2441 1267//2441
f 1261//2442 1262//2442 1263//2442
f 1272//2443 1270//2443 1271//2443
f 1258//2444 1259//2444 1260//2444
f 1258//2445 1260//2445 1261//2445
f 1258//2446 1261//2446 1263//2446
f 1273//2447 1270//2447 1272//2447
f 1256//2448 1257//2448 1258//2448
f 1275//2449 1273//2449 1274//2449
f 1253//2450 1255//2450 1256//2450
f 1253//2451 1256//2451 1258//2451
f 1253//2452 1254//2452 1255//2452
f 1278//2453 1269//2453 1270//2453
f 1278//2454 1275//2454 1276//2454
f 1278//2455 1276//2455 1277//2455
f 1278//2456 1270//2456 1273//2456
f 1278//2457 1273//2457 1275//2457
f 1280//2458 1278//2458 1279//2458
f 1280//2459 1269//2459 1278//2459
f 1250//2460 1251//2460 1252//2460
f 1250//2461 1252//2461 1253//2461
f 1249//2462 1250//2462 1253//2462
f 1155//2463 1280//2463 1156//2463
f 1248//2464 1249//2464 1253//2464
f 1246//2465 1247//2465 1248//2465
f 1159//2466 1155//2466 1157//2466
f 1159//2467 1157//2467 1158//2467
f 1162//2468 1155//2468 1159//2468
f 1162//2469 1159//2469 1160//2469
f 1162//2470 1160//2470 1161//2470
f 1162//2471 1280//2471 1155//2471
f 1242//2472 1243//2472 1244//2472
f 1242//2473 1244//2473 1245//2473
f 1164//2474 1162//2474 1163//2474
f 1164//2475 1280//2475 1162//2475
f 1240//2476 1241//2476 1242//2476
f 1239//2477 1242//2477 1245//2477
f 1239//2478 1240//2478 1242//2478
f 1167//2479 1164//2479 1165//2479
f 1167//2480 1165//2480 1166//2480
f 1236//2481 1237//2481 1238//2481
f 1235//2482 1236//2482 1238//2482
f 1170//2483 1167//2483 1168//2483
f 1170//2484 1168//2484 1169//2484
f 1172//2485 1170//2485 1171//2485
f 1232//2486 1239//2486 1245//2486
f 1232//2487 1235//2487 1238//2487
f 1232//2488 1233//2488 1234//2488
f 1232//2489 1234//2489 1235//2489
f 1232//2490 1238//2490 1239//2490
f 1232//2491 1245//2491 1246//2491
f 1173//2492 1170//2492 1172//2492
f 1174//2493 1280//2493 1164//2493
f 1174//2494 1164//2494 1167//2494
f 1174//2495 1263//2495 1269//2495
f 1174//2496 1167//2496 1170//2496
f 1174//2497 1258//2497 1263//2497
f 1174//2498 1170//2498 1173//2498
f 1174//2499 1253//2499 1258//2499
f 1174//2500 1269//2500 1280//2500
f 1229//2501 1246//2501 1248//2501
f 1229//2502 1232//2502 1246//2502
f 1229//2503 1230//2503 1231//2503
f 1229//2504 1231//2504 1232//2504
f 1177//2505 1174//2505 1175//2505
f 1177//2506 1175//2506 1176//2506
f 1227//2507 1228//2507 1229//2507
f 1179//2508 1177//2508 1178//2508
f 1179//2509 1174//2509 1177//2509
f 1182//2510 1180//2510 1181//2510
f 1222//2511 1223//2511 1224//2511
f 1222//2512 1224//2512 1225//2512
f 1222//2513 1225//2513 1226//2513
f 1222//2514 1226//2514 1227//2514
f 1183//2515 1179//2515 1180//2515
f 1183//2516 1174//2516 1179//2516
f 1183//2517 1180//2517 1182//2517
f 1221//2518 1227//2518 1229//2518
f 1221//2519 1222//2519 1227//2519
f 1186//2520 1183//2520 1184//2520
f 1186//2521 1184//2521 1185//2521
f 1218//2522 1219//2522 1220//2522
f 1216//2523 1218//2523 1220//2523
f 1216//2524 1217//2524 1218//2524
f 1189//2525 1187//2525 1188//2525
f 1215//2526 1216//2526 1220//2526
f 1215//2527 1220//2527 1221//2527
f 1215//2528 1221//2528 1229//2528
f 1190//2529 1183//2529 1186//2529
f 1190//2530 1187//2530 1189//2530
f 1190//2531 1186//2531 1187//2531
f 1190//2532 1174//2532 1183//2532
f 1190//2533 1253//2533 1174//2533
f 1190//2534 1229//2534 1248//2534
f 1190//2535 1248//2535 1253//2535
f 1213//2536 1214//2536 1215//2536
f 1193//2537 1190//2537 1191//2537
f 1193//2538 1191//2538 1192//2538
f 1211//2539 1213//2539 1215//2539
f 1211//2540 1212//2540 1213//2540
f 1210//2541 1211//2541 1215//2541
f 1196//2542 1190//2542 1193//2542
f 1196//2543 1193//2543 1194//2543
f 1196//2544 1194//2544 1195//2544
f 1198//2545 1196//2545 1197//2545
f 1206//2546 1215//2546 1229//2546
f 1206//2547 1210//2547 1215//2547
f 1206//2548 1190//2548 1196//2548
f 1206//2549 1207//2549 1208//2549
f 1206//2550 1208//2550 1209//2550
f 1206//2551 1209//2551 1210//2551
f 1206//2552 1229//2552 1190//2552
f 1199//2553 1196//2553 1198//2553
f 1200//2554 1196//2554 1199//2554
f 1201//2555 1196//2555 1200//2555
f 1202//2556 1206//2556 1196//2556
f 1202//2557 1203//2557 1204//2557
f 1202//2558 1204//2558 1205//2558
f 1202//2559 1205//2559 1206//2559
f 1202//2560 1196//2560 1201//2560
