# Created by FreeCAD <https://www.freecad.org>
v 131.499313 270.000000 -76.035576
v 131.499313 198.000000 -76.035576
v 130.149826 270.000000 -72.332535
v 130.149826 198.000000 -72.332535
v 128.619598 198.000000 -68.700447
v 128.619598 270.000000 -68.700447
v 126.912331 198.000000 -65.148125
v 126.912331 270.000000 -65.148125
v 125.032204 198.000000 -61.684212
v 125.032204 270.000000 -61.684212
v 122.983734 198.000000 -58.317093
v 122.983734 270.000000 -58.317093
v 120.771935 198.000000 -55.054951
v 120.771935 270.000000 -55.054951
v 118.402138 270.000000 -51.905701
v 118.402138 198.000000 -51.905701
v 115.880127 198.000000 -48.876991
v 115.880127 270.000000 -48.876991
v 113.211998 270.000000 -45.976162
v 113.211998 198.000000 -45.976162
v 110.404243 198.000000 -43.210266
v 110.404243 270.000000 -43.210266
v 107.463676 270.000000 -40.586010
v 107.463676 198.000000 -40.586010
v 104.397430 198.000000 -38.109764
v 104.397430 270.000000 -38.109764
v 101.212944 198.000000 -35.787540
v 101.212944 270.000000 -35.787540
v 97.917961 270.000000 -33.624973
v 97.917961 198.000000 -33.624973
v 94.520454 270.000000 -31.627312
v 94.520454 198.000000 -31.627312
v 91.028687 198.000000 -29.799406
v 91.028687 270.000000 -29.799406
v 87.451134 270.000000 -28.145691
v 87.451134 198.000000 -28.145691
v 83.796486 198.000000 -26.670179
v 83.796486 270.000000 -26.670179
v 80.073586 198.000000 -25.376457
v 80.073586 270.000000 -25.376457
v 76.291496 270.000000 -24.267658
v 76.291496 198.000000 -24.267658
v 72.459373 198.000000 -23.346478
v 72.459373 270.000000 -23.346478
v 68.586548 270.000000 -22.615152
v 68.586548 198.000000 -22.615152
v 64.682404 198.000000 -22.075453
v 64.682404 270.000000 -22.075453
v 60.756390 270.000000 -21.728693
v 60.756390 198.000000 -21.728693
v 56.818089 198.000000 -21.575714
v 56.818089 270.000000 -21.575714
v 52.877045 198.000000 -21.616884
v 52.877045 270.000000 -21.616884
v 48.942780 270.000000 -21.852108
v 48.942780 198.000000 -21.852108
v 45.024895 198.000000 -22.280811
v 45.024895 270.000000 -22.280811
v 41.132877 270.000000 -22.901953
v 41.132877 198.000000 -22.901953
v 37.276146 270.000000 -23.714029
v 37.276146 198.000000 -23.714029
v 33.464123 270.000000 -24.715067
v 33.464123 198.000000 -24.715065
v 29.706009 198.000000 -25.902634
v 29.706009 270.000000 -25.902634
v 26.010956 198.000000 -27.273853
v 26.010956 270.000000 -27.273853
v 22.387915 270.000000 -28.825390
v 22.387915 198.000000 -28.825390
v 18.845699 270.000000 -30.553486
v 18.845699 198.000000 -30.553486
v 15.392900 270.000000 -32.453938
v 15.392900 198.000000 -32.453938
v 12.037869 198.000000 -34.522144
v 12.037869 270.000000 -34.522144
v 8.788772 198.000000 -36.753075
v 8.788772 270.000000 -36.753075
v 5.653508 198.000000 -39.141323
v 5.653508 270.000000 -39.141323
v 2.639660 198.000000 -41.681080
v 2.639660 270.000000 -41.681080
v -0.245444 198.000000 -44.366199
v -0.245444 270.000000 -44.366199
v -2.994827 270.000000 -47.190151
v -2.994827 198.000000 -47.190151
v -5.601737 198.000000 -50.146080
v -5.601737 270.000000 -50.146080
v -8.059952 198.000000 -53.226826
v -8.059952 270.000000 -53.226826
v -10.363413 270.000000 -56.424892
v -10.363413 198.000000 -56.424892
v -12.506591 198.000000 -59.732529
v -12.506591 270.000000 -59.732529
v -14.484271 270.000000 -63.141708
v -14.484271 198.000000 -63.141708
v -16.291643 198.000000 -66.644150
v -16.291643 270.000000 -66.644150
v -17.924305 198.000000 -70.231354
v -17.924305 270.000000 -70.231354
v -19.378317 198.000000 -73.894623
v -19.378317 270.000000 -73.894623
v -20.650141 270.000000 -77.625046
v -20.650141 198.000000 -77.625046
v -21.736708 270.000000 -81.413589
v -21.736708 198.000000 -81.413589
v 0.961748 198.000000 -159.925064
v -11.647687 198.000000 -168.586914
v -8.223351 198.000000 -171.859756
v 3.902343 198.000000 -162.549316
v -4.640131 198.000000 -174.957855
v -1.845978 198.000000 -157.159149
v -14.904606 198.000000 -165.147446
v 6.968591 198.000000 -165.025558
v -0.906938 198.000000 -177.873474
v -4.514123 198.000000 -154.258331
v -17.986053 198.000000 -161.549911
v 10.153076 198.000000 -167.347778
v 2.966936 198.000000 -180.599396
v -7.036121 198.000000 -151.229614
v -20.884356 198.000000 -157.803253
v 13.448057 198.000000 -169.510361
v 6.971876 198.000000 -183.128830
v -9.405911 198.000000 -148.080368
v -23.592285 198.000000 -153.916779
v 16.845562 198.000000 -171.508011
v 11.097923 198.000000 -185.455505
v -11.617730 198.000000 -144.818222
v -26.103121 198.000000 -149.900146
v 20.337332 198.000000 -173.335922
v 15.334795 198.000000 -187.573608
v -13.666199 198.000000 -141.451111
v -28.410618 198.000000 -145.763367
v 23.914869 198.000000 -174.989639
v 19.671986 198.000000 -189.477890
v -15.546329 198.000000 -137.987183
v -30.509069 198.000000 -141.516708
v 27.569519 198.000000 -176.465149
v 24.098734 198.000000 -191.163589
v -17.253578 198.000000 -134.434891
v -32.393223 198.000000 -137.170731
v 31.292418 198.000000 -177.758865
v 28.603962 198.000000 -192.626572
v -18.783800 198.000000 -130.802795
v -34.058392 198.000000 -132.736221
v 35.074512 198.000000 -178.867661
v 33.176544 198.000000 -193.863174
v -20.133295 198.000000 -127.099739
v -20.278143 198.000000 -126.632095
v -20.399921 198.000000 -126.157913
v -35.500465 198.000000 -128.224243
v -20.498346 198.000000 -125.678337
v -20.573193 198.000000 -125.194527
v -20.624268 198.000000 -124.707634
v 38.906635 198.000000 -179.788849
v 37.805080 198.000000 -194.870285
v -20.651440 198.000000 -124.218811
v -20.654667 198.000000 -123.729256
v -36.715839 198.000000 -123.645988
v -20.633907 198.000000 -123.240128
v -20.589273 198.000000 -122.752594
v -20.520815 198.000000 -122.267838
v -20.428705 198.000000 -121.787010
v -37.701492 198.000000 -119.012840
v 42.779457 198.000000 -180.520172
v 42.478058 198.000000 -195.645432
v -20.313179 198.000000 -121.311272
v -20.174503 198.000000 -120.841751
v -20.013002 198.000000 -120.379578
v -19.829096 198.000000 -119.925873
v -19.623203 198.000000 -119.481705
v -38.454971 198.000000 -114.336319
v 46.683632 198.000000 -181.059860
v 47.183868 198.000000 -196.186707
v -19.395809 198.000000 -119.048149
v -19.147453 198.000000 -118.626244
v -18.878775 198.000000 -118.216995
v -18.590380 198.000000 -117.821388
v -38.974438 198.000000 -109.628059
v -18.282967 198.000000 -117.440369
v 50.609615 198.000000 -181.406631
v 51.910797 198.000000 -196.492737
v -17.957270 198.000000 -117.074844
v -17.614080 198.000000 -116.725708
v -17.254223 198.000000 -116.393784
v -39.258530 198.000000 -104.899757
v -16.878529 198.000000 -116.079872
v -16.487944 198.000000 -115.784721
v 54.547916 198.000000 -181.559601
v 56.647095 198.000000 -196.562775
v 58.488991 198.000000 -181.518433
v 61.381027 198.000000 -196.396622
v 62.423225 198.000000 -181.283203
v 66.100761 198.000000 -195.994720
v 66.341110 198.000000 -180.854507
v 70.794640 198.000000 -195.358063
v 70.233154 198.000000 -180.233368
v 75.450890 198.000000 -194.488220
v 74.089859 198.000000 -179.421295
v 80.058029 198.000000 -193.387360
v -19.213751 198.000000 -90.919479
v -39.306618 198.000000 -100.163170
v -18.863230 198.000000 -91.261269
v -18.496408 198.000000 -91.585487
v -19.547119 198.000000 -90.560951
v -39.118511 198.000000 -95.430069
v -18.114166 198.000000 -91.891365
v -19.862539 198.000000 -90.186539
v -17.717388 198.000000 -92.178169
v -20.159248 198.000000 -89.797127
v -17.307074 198.000000 -92.445213
v -20.436569 198.000000 -89.393677
v -16.884161 198.000000 -92.691849
v -16.083363 198.000000 -115.509041
v -15.665800 198.000000 -115.253494
v -20.693800 198.000000 -88.977127
v -38.694736 198.000000 -90.712234
v -16.449711 198.000000 -92.917496
v -20.930325 198.000000 -88.548485
v -16.004717 198.000000 -93.121613
v -15.236211 198.000000 -115.018684
v -21.145586 198.000000 -88.108788
v -15.550265 198.000000 -93.303696
v -14.795644 198.000000 -114.805183
v -21.339090 198.000000 -87.659073
v -15.087442 198.000000 -93.463318
v -14.345150 198.000000 -114.613510
v -21.510344 198.000000 -87.200432
v -14.617390 198.000000 -93.600105
v -13.885843 198.000000 -114.444099
v -21.658937 198.000000 -86.733963
v -38.036324 198.000000 -86.021385
v -14.141188 198.000000 -93.713722
v -13.418778 198.000000 -114.297379
v -21.784529 198.000000 -86.260773
v -13.659976 198.000000 -93.803894
v -12.945072 198.000000 -114.173698
v -21.886803 198.000000 -85.782013
v -13.174953 198.000000 -93.870415
v -12.465906 198.000000 -114.073341
v 77.901878 198.000000 -178.420258
v 84.604568 198.000000 -192.058243
v -21.965506 198.000000 -85.298805
v -12.687255 198.000000 -93.913109
v -11.982401 198.000000 -113.996559
v -11.495710 198.000000 -113.943535
v -22.020504 198.000000 -84.812340
v -37.144901 198.000000 -81.369186
v -12.198045 198.000000 -93.931885
v -11.007021 198.000000 -113.914391
v -22.051607 198.000000 -84.323761
v -11.708515 198.000000 -93.926697
v -22.058771 198.000000 -83.834236
v -22.041956 198.000000 -83.344955
v -22.001213 198.000000 -82.857094
v -21.936651 198.000000 -82.371796
v -36.022697 198.000000 -76.767212
v -21.848415 198.000000 -81.890244
v 81.659996 198.000000 -177.232681
v 89.079208 198.000000 -190.504120
v -34.672508 198.000000 -72.226883
v 85.355049 198.000000 -175.861465
v 93.470802 198.000000 -188.728897
v -33.097672 198.000000 -67.759506
v 88.978088 198.000000 -174.309937
v 97.768463 198.000000 -186.737000
v -31.302099 198.000000 -63.376179
v 92.520302 198.000000 -172.581848
v 101.961487 198.000000 -184.533340
v -29.290295 198.000000 -59.087807
v 95.973122 198.000000 -170.681381
v 106.039452 198.000000 -182.123413
v -27.067228 198.000000 -54.905045
v 99.328148 198.000000 -168.613190
v 109.992233 198.000000 -179.513199
v -24.638428 198.000000 -50.838291
v 102.577248 198.000000 -166.382248
v 113.809990 198.000000 -176.709213
v -22.009920 198.000000 -46.897655
v 105.712509 198.000000 -163.994003
v 117.483231 198.000000 -173.718414
v -19.188263 198.000000 -43.092945
v 108.726357 198.000000 -161.454239
v 49.638210 198.000000 -106.007309
v 49.867016 198.000000 -106.303101
v 49.424435 198.000000 -105.700485
v 49.226212 198.000000 -105.383385
v 49.044018 198.000000 -105.056793
v 48.878380 198.000000 -104.721535
v 48.729626 198.000000 -104.378426
v 48.598156 198.000000 -104.028336
v 48.484306 198.000000 -103.672127
v 48.388348 198.000000 -103.310692
v 48.310558 198.000000 -102.944916
v 121.002815 198.000000 -170.548248
v 48.251064 198.000000 -102.575714
v 48.210049 198.000000 -102.204002
v 48.187634 198.000000 -101.830719
v 48.183823 198.000000 -101.456787
v 48.198681 198.000000 -101.083115
v 48.232143 198.000000 -100.710648
v 48.284100 198.000000 -100.340324
v 48.354481 198.000000 -99.973045
v 111.611465 198.000000 -158.769135
v -16.180485 198.000000 -39.433609
v 48.443081 198.000000 -99.609734
v 48.549683 198.000000 -99.251289
v 48.674015 198.000000 -98.898598
v 48.815742 198.000000 -98.552544
v 48.974590 198.000000 -98.213989
v 49.150097 198.000000 -97.883766
v 49.341835 198.000000 -97.562714
v 124.360031 198.000000 -167.206573
v 49.549343 198.000000 -97.251610
v 114.360817 198.000000 -155.945175
v -12.994022 198.000000 -35.928745
v 127.546494 198.000000 -163.701706
v 116.967758 198.000000 -152.989227
v -9.636814 198.000000 -32.587074
v 130.554291 198.000000 -160.042374
v 119.425957 198.000000 -149.908508
v -6.117209 198.000000 -29.416899
v 133.375931 198.000000 -156.237671
v 121.729431 198.000000 -146.710434
v -2.443972 198.000000 -26.426100
v 136.004425 198.000000 -152.297043
v 123.872612 198.000000 -143.402786
v 1.373786 198.000000 -23.622116
v 138.433228 198.000000 -148.230286
v 125.850273 198.000000 -139.993607
v 5.326567 198.000000 -21.011917
v 140.656296 198.000000 -144.047516
v 127.657646 198.000000 -136.491180
v 9.404522 198.000000 -18.601992
v 142.668121 198.000000 -139.759140
v 129.290314 198.000000 -132.903961
v 13.597540 198.000000 -16.398335
v 144.463684 198.000000 -135.375809
v 130.744339 198.000000 -129.240707
v 17.895218 198.000000 -14.406418
v 146.038513 198.000000 -130.908432
v 132.016159 198.000000 -125.510269
v 123.074516 198.000000 -109.208626
v 62.024170 198.000000 -105.572609
v 61.816662 198.000000 -105.883713
v 62.215908 198.000000 -105.251556
v 62.391415 198.000000 -104.921333
v 62.550262 198.000000 -104.582779
v 62.692020 198.000000 -104.236725
v 62.816322 198.000000 -103.884033
v 62.922924 198.000000 -103.525589
v 63.011524 198.000000 -103.162277
v 63.081905 198.000000 -102.794998
v 63.133892 198.000000 -102.424675
v 63.167324 198.000000 -102.052208
v 63.182182 198.000000 -101.678535
v 63.178402 198.000000 -101.304604
v 22.286795 198.000000 -12.631201
v 147.388718 198.000000 -126.368111
v 133.102722 198.000000 -121.721733
v 133.214432 198.000000 -121.245079
v 133.302673 198.000000 -120.763527
v 26.761436 198.000000 -11.077092
v 148.510925 198.000000 -121.766136
v 133.367233 198.000000 -120.278229
v 133.407959 198.000000 -119.790367
v 133.424774 198.000000 -119.301086
v 133.417618 198.000000 -118.811562
v 133.386505 198.000000 -118.322983
v 31.307978 198.000000 -9.747958
v 149.402344 198.000000 -117.113937
v 133.331528 198.000000 -117.836510
v 133.252808 198.000000 -117.353310
v 133.150528 198.000000 -116.874550
v 133.024948 198.000000 -116.401360
v 35.915115 198.000000 -8.647102
v 122.373024 198.000000 -89.220932
v 123.564064 198.000000 -109.203438
v 63.155956 198.000000 -100.931320
v 63.114941 198.000000 -100.559608
v 63.055477 198.000000 -100.190407
v 62.977657 198.000000 -99.824631
v 62.881699 198.000000 -99.463196
v 62.767849 198.000000 -99.106987
v 62.636379 198.000000 -98.756897
v 62.487656 198.000000 -98.413788
v 62.321987 198.000000 -98.078529
v 62.139793 198.000000 -97.751938
v 61.941570 198.000000 -97.434837
v 61.727795 198.000000 -97.128014
v 61.498989 198.000000 -96.832222
v 122.861732 198.000000 -89.191788
v 123.348404 198.000000 -89.138763
v 124.053261 198.000000 -109.222214
v 123.831924 198.000000 -89.061981
v 124.540970 198.000000 -109.264908
v 124.311089 198.000000 -88.961624
v 125.025993 198.000000 -109.331429
v 125.507195 198.000000 -109.421600
v 150.060760 198.000000 -112.423080
v 132.876343 198.000000 -115.934891
v 132.705093 198.000000 -115.476250
v 132.511612 198.000000 -115.026535
v 132.296326 198.000000 -114.586838
v 132.059799 198.000000 -114.158195
v 124.784782 198.000000 -88.837944
v 125.251846 198.000000 -88.691223
v 125.983391 198.000000 -109.535217
v 125.711166 198.000000 -88.521812
v 126.453461 198.000000 -109.671997
v 126.161667 198.000000 -88.330139
v 126.916283 198.000000 -109.831627
v 126.602219 198.000000 -88.116638
v 127.370720 198.000000 -110.013710
v 127.815712 198.000000 -110.217827
v 40.571400 198.000000 -7.777261
v 127.031807 198.000000 -87.881828
v 128.250183 198.000000 -110.443474
v 127.449387 198.000000 -87.626282
v 128.673096 198.000000 -110.690109
v 127.853966 198.000000 -87.350601
v 150.484528 198.000000 -107.705254
v 131.802582 198.000000 -113.741646
v 131.525269 198.000000 -113.338196
v 131.228561 198.000000 -112.948784
v 130.913132 198.000000 -112.574371
v 45.265244 198.000000 -7.140598
v 150.672623 198.000000 -102.972153
v 130.579773 198.000000 -112.215843
v 130.229248 198.000000 -111.874054
v 129.862427 198.000000 -111.549835
v 129.480179 198.000000 -111.243958
v 49.984978 198.000000 -6.738696
v 150.624542 198.000000 -98.235565
v 128.620224 198.000000 -86.741539
v 128.244553 198.000000 -87.055450
v 129.083405 198.000000 -110.957146
v 54.718910 198.000000 -6.572553
v 150.340439 198.000000 -93.507263
v 128.980103 198.000000 -86.409615
v 129.956406 198.000000 -85.313934
v 129.648987 198.000000 -85.694954
v 129.323288 198.000000 -86.060478
v 59.455208 198.000000 -6.642583
v 149.820999 198.000000 -88.798996
v 130.989212 198.000000 -83.653618
v 130.761810 198.000000 -84.087173
v 130.513474 198.000000 -84.509079
v 130.244797 198.000000 -84.918327
v 64.182167 198.000000 -6.948612
v 149.067520 198.000000 -84.122482
v 131.794708 198.000000 -81.348312
v 131.679184 198.000000 -81.824051
v 131.540512 198.000000 -82.293571
v 131.379028 198.000000 -82.755737
v 131.195099 198.000000 -83.209450
v 68.887947 198.000000 -7.489879
v 148.081863 198.000000 -79.489334
v 132.020676 198.000000 -79.406067
v 131.999924 198.000000 -79.895195
v 131.955276 198.000000 -80.382729
v 131.886826 198.000000 -80.867485
v 73.560921 198.000000 -8.265038
v 146.866486 198.000000 -74.911072
v 131.765945 198.000000 -76.977409
v 131.864365 198.000000 -77.456985
v 131.939194 198.000000 -77.940796
v 131.990280 198.000000 -78.427689
v 132.017441 198.000000 -78.916512
v 78.189461 198.000000 -9.272161
v 145.424408 198.000000 -70.399094
v 131.644165 198.000000 -76.503227
v 82.762047 198.000000 -10.508746
v 143.759232 198.000000 -65.964600
v 87.267288 198.000000 -11.971718
v 141.875076 198.000000 -61.618614
v 91.694016 198.000000 -13.657439
v 139.776642 198.000000 -57.371956
v 96.031212 198.000000 -15.561719
v 137.469131 198.000000 -53.235172
v 100.268097 198.000000 -17.679823
v 134.958298 198.000000 -49.218552
v 104.394142 198.000000 -20.006485
v 132.250366 198.000000 -45.332081
v 108.399086 198.000000 -22.535921
v 129.352066 198.000000 -41.585415
v 112.272957 198.000000 -25.261845
v 126.270630 198.000000 -37.987881
v 116.006134 198.000000 -28.177475
v 123.013695 198.000000 -34.548412
v 119.589355 198.000000 -31.275564
v 55.233173 198.000000 -94.081169
v 54.860554 198.000000 -94.112892
v 54.489986 198.000000 -94.163155
v 54.122387 198.000000 -94.231827
v 53.758667 198.000000 -94.318741
v 53.399727 198.000000 -94.423668
v 53.046455 198.000000 -94.546364
v 52.699745 198.000000 -94.686508
v 52.360477 198.000000 -94.843765
v 52.029434 198.000000 -95.017738
v 51.707508 198.000000 -95.207993
v 51.395420 198.000000 -95.414070
v 51.094040 198.000000 -95.635429
v 50.804047 198.000000 -95.871544
v 50.526188 198.000000 -96.121826
v 50.261139 198.000000 -96.385643
v 50.009579 198.000000 -96.662338
v 49.772129 198.000000 -96.951233
v 55.606907 198.000000 -94.068047
v 55.980804 198.000000 -94.073578
v 56.353981 198.000000 -94.097733
v 56.725491 198.000000 -94.140472
v 57.094410 198.000000 -94.201668
v 57.459820 198.000000 -94.281174
v 57.820827 198.000000 -94.378799
v 58.176506 198.000000 -94.494301
v 58.525993 198.000000 -94.627380
v 58.868393 198.000000 -94.777718
v 59.202892 198.000000 -94.944931
v 59.528629 198.000000 -95.128624
v 59.844788 198.000000 -95.328308
v 60.150620 198.000000 -95.543518
v 60.445374 198.000000 -95.773697
v 60.728233 198.000000 -96.018280
v 60.998573 198.000000 -96.276665
v 61.255722 198.000000 -96.548203
v 56.132862 198.000000 -109.054153
v 56.505451 198.000000 -109.022430
v 56.876019 198.000000 -108.972168
v 57.243618 198.000000 -108.903488
v 57.607338 198.000000 -108.816582
v 57.966278 198.000000 -108.711655
v 58.319550 198.000000 -108.588959
v 58.666260 198.000000 -108.448807
v 59.005558 198.000000 -108.291557
v 59.336571 198.000000 -108.117584
v 59.658527 198.000000 -107.927330
v 59.970585 198.000000 -107.721252
v 60.271965 198.000000 -107.499893
v 60.561958 198.000000 -107.263779
v 60.839848 198.000000 -107.013496
v 61.104866 198.000000 -106.749680
v 61.356426 198.000000 -106.472984
v 61.593906 198.000000 -106.184090
v 55.759129 198.000000 -109.067268
v 55.385201 198.000000 -109.061745
v 55.012024 198.000000 -109.037590
v 54.640514 198.000000 -108.994850
v 54.271595 198.000000 -108.933655
v 53.906185 198.000000 -108.854149
v 53.545177 198.000000 -108.756516
v 53.189499 198.000000 -108.641022
v 52.840042 198.000000 -108.507942
v 52.497612 198.000000 -108.357605
v 52.163143 198.000000 -108.190384
v 51.837376 198.000000 -108.006699
v 51.521217 198.000000 -107.807014
v 51.215385 198.000000 -107.591805
v 50.920662 198.000000 -107.361626
v 50.637772 198.000000 -107.117043
v 50.367432 198.000000 -106.858650
v 50.110313 198.000000 -106.587120
v 131.644165 270.000000 -76.503227
v 131.765945 270.000000 -76.977409
v 131.864365 270.000000 -77.456985
v 131.939194 270.000000 -77.940796
v 131.990280 270.000000 -78.427689
v 132.017441 270.000000 -78.916512
v 132.020676 270.000000 -79.406067
v 131.999924 270.000000 -79.895195
v 131.955276 270.000000 -80.382729
v 131.886826 270.000000 -80.867485
v 131.794708 270.000000 -81.348312
v 131.679184 270.000000 -81.824051
v 131.540512 270.000000 -82.293571
v 131.379028 270.000000 -82.755737
v 131.195099 270.000000 -83.209450
v 130.989212 270.000000 -83.653618
v 130.761810 270.000000 -84.087173
v 130.513474 270.000000 -84.509079
v 130.244797 270.000000 -84.918327
v 129.956406 270.000000 -85.313934
v 129.648987 270.000000 -85.694954
v 129.323288 270.000000 -86.060478
v 128.980103 270.000000 -86.409615
v 128.620224 270.000000 -86.741539
v 128.244553 270.000000 -87.055450
v 127.853966 270.000000 -87.350601
v 127.449387 270.000000 -87.626282
v 127.031807 270.000000 -87.881828
v 126.602219 270.000000 -88.116638
v 126.161667 270.000000 -88.330139
v 125.711166 270.000000 -88.521812
v 125.251846 270.000000 -88.691223
v 124.784782 270.000000 -88.837944
v 124.311089 270.000000 -88.961624
v 123.831924 270.000000 -89.061981
v 123.348404 270.000000 -89.138763
v 122.861732 270.000000 -89.191788
v 122.373024 270.000000 -89.220932
v -21.848415 270.000000 -81.890244
v -21.936651 270.000000 -82.371796
v -22.001213 270.000000 -82.857094
v -22.041956 270.000000 -83.344955
v -22.058771 270.000000 -83.834236
v -22.051607 270.000000 -84.323761
v -22.020504 270.000000 -84.812340
v -21.965506 270.000000 -85.298805
v -21.886803 270.000000 -85.782013
v -21.784529 270.000000 -86.260773
v -21.658937 270.000000 -86.733963
v -21.510344 270.000000 -87.200432
v -21.339090 270.000000 -87.659073
v -21.145586 270.000000 -88.108788
v -20.930325 270.000000 -88.548485
v -20.693800 270.000000 -88.977127
v -20.436569 270.000000 -89.393677
v -20.159248 270.000000 -89.797127
v -19.862539 270.000000 -90.186539
v -19.547119 270.000000 -90.560951
v -19.213751 270.000000 -90.919479
v -18.863230 270.000000 -91.261269
v -18.496408 270.000000 -91.585487
v -18.114166 270.000000 -91.891365
v -17.717388 270.000000 -92.178169
v -17.307074 270.000000 -92.445213
v -16.884161 270.000000 -92.691849
v -16.449711 270.000000 -92.917496
v -16.004717 270.000000 -93.121613
v -15.550265 270.000000 -93.303696
v -15.087442 270.000000 -93.463318
v -14.617390 270.000000 -93.600105
v -14.141188 270.000000 -93.713722
v -13.659976 270.000000 -93.803894
v -13.174953 270.000000 -93.870415
v -12.687255 270.000000 -93.913109
v -12.198045 270.000000 -93.931885
v -11.708515 270.000000 -93.926697
v -11.647687 270.000000 -168.586914
v 0.961748 270.000000 -159.925064
v -8.223351 270.000000 -171.859756
v 3.902343 270.000000 -162.549316
v -4.640131 270.000000 -174.957855
v -1.845978 270.000000 -157.159149
v -14.904606 270.000000 -165.147446
v 6.968591 270.000000 -165.025558
v -0.906938 270.000000 -177.873474
v -4.514123 270.000000 -154.258331
v -17.986053 270.000000 -161.549911
v 10.153076 270.000000 -167.347778
v 2.966936 270.000000 -180.599396
v -7.036121 270.000000 -151.229614
v -20.884356 270.000000 -157.803253
v 13.448057 270.000000 -169.510361
v 6.971876 270.000000 -183.128830
v -9.405911 270.000000 -148.080368
v -23.592285 270.000000 -153.916779
v 16.845562 270.000000 -171.508011
v 11.097923 270.000000 -185.455505
v -26.103121 270.000000 -149.900146
v -11.617730 270.000000 -144.818222
v 20.337332 270.000000 -173.335922
v 15.334795 270.000000 -187.573608
v -28.410618 270.000000 -145.763367
v -13.666199 270.000000 -141.451111
v 23.914869 270.000000 -174.989639
v 19.671986 270.000000 -189.477890
v -15.546329 270.000000 -137.987183
v -30.509069 270.000000 -141.516708
v 27.569519 270.000000 -176.465149
v 24.098734 270.000000 -191.163589
v -17.253578 270.000000 -134.434891
v -32.393223 270.000000 -137.170731
v 31.292418 270.000000 -177.758865
v 28.603962 270.000000 -192.626572
v -18.783800 270.000000 -130.802795
v -34.058392 270.000000 -132.736221
v 35.074512 270.000000 -178.867661
v 33.176544 270.000000 -193.863174
v -20.133295 270.000000 -127.099739
v -20.278143 270.000000 -126.632095
v -20.399921 270.000000 -126.157913
v -35.500465 270.000000 -128.224243
v -20.498346 270.000000 -125.678337
v -20.573193 270.000000 -125.194527
v -20.624268 270.000000 -124.707634
v 38.906635 270.000000 -179.788849
v 37.805080 270.000000 -194.870285
v -20.651440 270.000000 -124.218811
v -20.654667 270.000000 -123.729256
v -36.715839 270.000000 -123.645988
v -20.633907 270.000000 -123.240128
v -20.589273 270.000000 -122.752594
v -20.520815 270.000000 -122.267838
v -20.428705 270.000000 -121.787010
v -37.701492 270.000000 -119.012840
v 42.779457 270.000000 -180.520172
v 42.478058 270.000000 -195.645432
v -20.313179 270.000000 -121.311272
v -20.174503 270.000000 -120.841751
v -20.013002 270.000000 -120.379578
v -19.829096 270.000000 -119.925873
v -19.623203 270.000000 -119.481705
v -38.454971 270.000000 -114.336319
v 46.683632 270.000000 -181.059860
v 47.183868 270.000000 -196.186707
v -19.395809 270.000000 -119.048149
v -19.147453 270.000000 -118.626244
v -18.878775 270.000000 -118.216995
v -18.590380 270.000000 -117.821388
v -38.974438 270.000000 -109.628059
v -18.282967 270.000000 -117.440369
v 50.609615 270.000000 -181.406631
v 51.910797 270.000000 -196.492737
v -17.957270 270.000000 -117.074844
v -17.614080 270.000000 -116.725708
v -17.254223 270.000000 -116.393784
v -39.258530 270.000000 -104.899757
v -16.878529 270.000000 -116.079872
v -16.487944 270.000000 -115.784721
v 54.547916 270.000000 -181.559601
v 56.647095 270.000000 -196.562775
v 58.488991 270.000000 -181.518433
v 61.381027 270.000000 -196.396622
v 62.423225 270.000000 -181.283203
v 66.100761 270.000000 -195.994720
v 66.341110 270.000000 -180.854507
v 70.794640 270.000000 -195.358063
v 70.233154 270.000000 -180.233368
v 75.450890 270.000000 -194.488220
v 74.089859 270.000000 -179.421295
v 80.058029 270.000000 -193.387360
v -39.306618 270.000000 -100.163170
v -39.118511 270.000000 -95.430069
v -16.083363 270.000000 -115.509041
v -38.694736 270.000000 -90.712234
v -15.665800 270.000000 -115.253494
v -15.236211 270.000000 -115.018684
v -14.795644 270.000000 -114.805183
v -14.345150 270.000000 -114.613510
v -13.885843 270.000000 -114.444099
v -38.036324 270.000000 -86.021385
v -13.418778 270.000000 -114.297379
v -12.945072 270.000000 -114.173698
v -12.465906 270.000000 -114.073341
v 77.901878 270.000000 -178.420258
v 84.604568 270.000000 -192.058243
v -11.982401 270.000000 -113.996559
v -37.144901 270.000000 -81.369186
v -11.495710 270.000000 -113.943535
v -11.007021 270.000000 -113.914391
v -36.022697 270.000000 -76.767212
v 81.659996 270.000000 -177.232681
v 89.079208 270.000000 -190.504120
v -34.672508 270.000000 -72.226883
v 85.355049 270.000000 -175.861465
v 93.470802 270.000000 -188.728897
v -33.097672 270.000000 -67.759506
v 88.978088 270.000000 -174.309937
v 97.768463 270.000000 -186.737000
v -31.302099 270.000000 -63.376179
v 92.520302 270.000000 -172.581848
v 101.961487 270.000000 -184.533340
v -29.290295 270.000000 -59.087807
v 95.973122 270.000000 -170.681381
v 106.039452 270.000000 -182.123413
v -27.067228 270.000000 -54.905045
v 99.328148 270.000000 -168.613190
v 109.992233 270.000000 -179.513199
v -24.638428 270.000000 -50.838291
v 102.577248 270.000000 -166.382248
v 113.809990 270.000000 -176.709213
v -22.009920 270.000000 -46.897655
v 105.712509 270.000000 -163.994003
v 117.483231 270.000000 -173.718414
v -19.188263 270.000000 -43.092945
v 108.726357 270.000000 -161.454239
v 49.638210 270.000000 -106.007309
v 49.867016 270.000000 -106.303101
v 49.424435 270.000000 -105.700485
v 49.226212 270.000000 -105.383385
v 49.044018 270.000000 -105.056793
v 48.878380 270.000000 -104.721535
v 48.729626 270.000000 -104.378426
v 48.598156 270.000000 -104.028336
v 48.484306 270.000000 -103.672127
v 48.388348 270.000000 -103.310692
v 48.310558 270.000000 -102.944916
v 121.002815 270.000000 -170.548248
v 48.251064 270.000000 -102.575714
v 48.210049 270.000000 -102.204002
v 48.187634 270.000000 -101.830719
v 48.183823 270.000000 -101.456787
v 48.198681 270.000000 -101.083115
v 48.232143 270.000000 -100.710648
v 48.284100 270.000000 -100.340324
v 48.354481 270.000000 -99.973045
v 111.611465 270.000000 -158.769135
v -16.180485 270.000000 -39.433609
v 48.443081 270.000000 -99.609734
v 48.549683 270.000000 -99.251289
v 48.674015 270.000000 -98.898598
v 48.815742 270.000000 -98.552544
v 48.974590 270.000000 -98.213989
v 49.150097 270.000000 -97.883766
v 49.341835 270.000000 -97.562714
v 124.360031 270.000000 -167.206573
v 49.549343 270.000000 -97.251610
v 114.360817 270.000000 -155.945175
v -12.994022 270.000000 -35.928745
v 127.546494 270.000000 -163.701706
v 116.967758 270.000000 -152.989227
v -9.636814 270.000000 -32.587074
v 119.425957 270.000000 -149.908508
v 130.554291 270.000000 -160.042374
v -6.117209 270.000000 -29.416899
v 121.729431 270.000000 -146.710434
v 133.375931 270.000000 -156.237671
v -2.443972 270.000000 -26.426100
v 123.872612 270.000000 -143.402786
v 136.004425 270.000000 -152.297043
v 1.373786 270.000000 -23.622116
v 125.850273 270.000000 -139.993607
v 138.433228 270.000000 -148.230286
v 5.326567 270.000000 -21.011917
v 127.657646 270.000000 -136.491180
v 140.656296 270.000000 -144.047516
v 9.404522 270.000000 -18.601992
v 129.290314 270.000000 -132.903961
v 142.668121 270.000000 -139.759140
v 13.597540 270.000000 -16.398335
v 130.744339 270.000000 -129.240707
v 144.463684 270.000000 -135.375809
v 17.895218 270.000000 -14.406418
v 146.038513 270.000000 -130.908432
v 132.016159 270.000000 -125.510269
v 62.024170 270.000000 -105.572609
v 123.074516 270.000000 -109.208626
v 61.816662 270.000000 -105.883713
v 62.215908 270.000000 -105.251556
v 62.391415 270.000000 -104.921333
v 62.550262 270.000000 -104.582779
v 62.692020 270.000000 -104.236725
v 62.816322 270.000000 -103.884033
v 62.922924 270.000000 -103.525589
v 63.011524 270.000000 -103.162277
v 63.081905 270.000000 -102.794998
v 63.133892 270.000000 -102.424675
v 63.167324 270.000000 -102.052208
v 63.182182 270.000000 -101.678535
v 63.178402 270.000000 -101.304604
v 22.286795 270.000000 -12.631201
v 133.102722 270.000000 -121.721733
v 147.388718 270.000000 -126.368111
v 133.214432 270.000000 -121.245079
v 133.302673 270.000000 -120.763527
v 26.761436 270.000000 -11.077092
v 133.367233 270.000000 -120.278229
v 148.510925 270.000000 -121.766136
v 133.407959 270.000000 -119.790367
v 133.424774 270.000000 -119.301086
v 133.417618 270.000000 -118.811562
v 133.386505 270.000000 -118.322983
v 31.307978 270.000000 -9.747958
v 149.402344 270.000000 -117.113937
v 133.331528 270.000000 -117.836510
v 133.252808 270.000000 -117.353310
v 133.150528 270.000000 -116.874550
v 133.024948 270.000000 -116.401360
v 35.915115 270.000000 -8.647102
v 123.564064 270.000000 -109.203438
v 63.155956 270.000000 -100.931320
v 63.114941 270.000000 -100.559608
v 63.055477 270.000000 -100.190407
v 62.977657 270.000000 -99.824631
v 62.881699 270.000000 -99.463196
v 62.767849 270.000000 -99.106987
v 62.636379 270.000000 -98.756897
v 62.487656 270.000000 -98.413788
v 62.321987 270.000000 -98.078529
v 62.139793 270.000000 -97.751938
v 61.941570 270.000000 -97.434837
v 61.727795 270.000000 -97.128014
v 61.498989 270.000000 -96.832222
v 124.053261 270.000000 -109.222214
v 124.540970 270.000000 -109.264908
v 125.025993 270.000000 -109.331429
v 125.507195 270.000000 -109.421600
v 132.876343 270.000000 -115.934891
v 150.060760 270.000000 -112.423080
v 132.705093 270.000000 -115.476250
v 132.511612 270.000000 -115.026535
v 132.296326 270.000000 -114.586838
v 132.059799 270.000000 -114.158195
v 125.983391 270.000000 -109.535217
v 126.453461 270.000000 -109.672005
v 126.916283 270.000000 -109.831627
v 127.370720 270.000000 -110.013710
v 127.815712 270.000000 -110.217827
v 40.571400 270.000000 -7.777261
v 128.250183 270.000000 -110.443474
v 128.673096 270.000000 -110.690109
v 150.484528 270.000000 -107.705254
v 131.802582 270.000000 -113.741646
v 131.525269 270.000000 -113.338196
v 131.228561 270.000000 -112.948784
v 130.913132 270.000000 -112.574371
v 45.265244 270.000000 -7.140598
v 130.579773 270.000000 -112.215843
v 150.672623 270.000000 -102.972153
v 130.229248 270.000000 -111.874054
v 129.862427 270.000000 -111.549835
v 129.480179 270.000000 -111.243958
v 49.984978 270.000000 -6.738696
v 150.624542 270.000000 -98.235565
v 129.083405 270.000000 -110.957146
v 54.718910 270.000000 -6.572553
v 150.340439 270.000000 -93.507263
v 59.455208 270.000000 -6.642583
v 149.820999 270.000000 -88.798996
v 64.182167 270.000000 -6.948612
v 149.067520 270.000000 -84.122482
v 68.887947 270.000000 -7.489879
v 148.081863 270.000000 -79.489334
v 73.560921 270.000000 -8.265038
v 146.866486 270.000000 -74.911072
v 78.189461 270.000000 -9.272161
v 145.424408 270.000000 -70.399094
v 82.762047 270.000000 -10.508746
v 143.759232 270.000000 -65.964600
v 87.267288 270.000000 -11.971718
v 141.875076 270.000000 -61.618614
v 91.694016 270.000000 -13.657439
v 139.776642 270.000000 -57.371956
v 96.031212 270.000000 -15.561719
v 137.469131 270.000000 -53.235172
v 100.268097 270.000000 -17.679823
v 134.958298 270.000000 -49.218552
v 104.394142 270.000000 -20.006485
v 132.250366 270.000000 -45.332081
v 108.399086 270.000000 -22.535921
v 129.352066 270.000000 -41.585415
v 112.272957 270.000000 -25.261845
v 126.270630 270.000000 -37.987881
v 116.006134 270.000000 -28.177475
v 123.013695 270.000000 -34.548412
v 119.589355 270.000000 -31.275564
v 55.233173 270.000000 -94.081169
v 54.860554 270.000000 -94.112892
v 54.489986 270.000000 -94.163155
v 54.122387 270.000000 -94.231827
v 53.758667 270.000000 -94.318741
v 53.399727 270.000000 -94.423668
v 53.046455 270.000000 -94.546364
v 52.699745 270.000000 -94.686508
v 52.360477 270.000000 -94.843765
v 52.029434 270.000000 -95.017738
v 51.707508 270.000000 -95.207993
v 51.395420 270.000000 -95.414070
v 51.094040 270.000000 -95.635429
v 50.804047 270.000000 -95.871544
v 50.526188 270.000000 -96.121826
v 50.261139 270.000000 -96.385643
v 50.009579 270.000000 -96.662338
v 49.772129 270.000000 -96.951233
v 55.606907 270.000000 -94.068047
v 55.980804 270.000000 -94.073578
v 56.353981 270.000000 -94.097733
v 56.725491 270.000000 -94.140472
v 57.094410 270.000000 -94.201668
v 57.459820 270.000000 -94.281174
v 57.820827 270.000000 -94.378799
v 58.176506 270.000000 -94.494301
v 58.525993 270.000000 -94.627380
v 58.868393 270.000000 -94.777718
v 59.202892 270.000000 -94.944931
v 59.528629 270.000000 -95.128624
v 59.844788 270.000000 -95.328308
v 60.150620 270.000000 -95.543518
v 60.445374 270.000000 -95.773697
v 60.728233 270.000000 -96.018280
v 60.998573 270.000000 -96.276665
v 61.255722 270.000000 -96.548203
v 56.132862 270.000000 -109.054153
v 56.505451 270.000000 -109.022430
v 56.876019 270.000000 -108.972168
v 57.243618 270.000000 -108.903488
v 57.607338 270.000000 -108.816582
v 57.966278 270.000000 -108.711655
v 58.319550 270.000000 -108.588959
v 58.666260 270.000000 -108.448807
v 59.005558 270.000000 -108.291557
v 59.336571 270.000000 -108.117584
v 59.658527 270.000000 -107.927330
v 59.970585 270.000000 -107.721252
v 60.271965 270.000000 -107.499893
v 60.561958 270.000000 -107.263779
v 60.839848 270.000000 -107.013496
v 61.104866 270.000000 -106.749680
v 61.356426 270.000000 -106.472984
v 61.593906 270.000000 -106.184090
v 55.759129 270.000000 -109.067268
v 55.385201 270.000000 -109.061745
v 55.012024 270.000000 -109.037590
v 54.640514 270.000000 -108.994850
v 54.271595 270.000000 -108.933655
v 53.906185 270.000000 -108.854149
v 53.545177 270.000000 -108.756516
v 53.189499 270.000000 -108.641022
v 52.840042 270.000000 -108.507942
v 52.497612 270.000000 -108.357605
v 52.163143 270.000000 -108.190384
v 51.837376 270.000000 -108.006699
v 51.521217 270.000000 -107.807014
v 51.215385 270.000000 -107.591805
v 50.920662 270.000000 -107.361626
v 50.637772 270.000000 -107.117043
v 50.367432 270.000000 -106.858650
v 50.110313 270.000000 -106.587120
vn -0.939555 -0.000000 -0.342399
vn -0.939555 0.000000 -0.342399
vn -0.921551 0.000000 -0.388257
vn -0.921551 0.000000 -0.388257
vn -0.901310 0.000000 -0.433175
vn -0.901310 0.000000 -0.433175
vn -0.878884 0.000000 -0.477036
vn -0.878884 0.000000 -0.477036
vn -0.854320 0.000000 -0.519747
vn -0.854320 0.000000 -0.519747
vn -0.827688 0.000000 -0.561189
vn -0.827688 0.000000 -0.561189
vn -0.799042 -0.000000 -0.601276
vn -0.799042 0.000000 -0.601276
vn -0.768460 0.000000 -0.639898
vn -0.768460 0.000000 -0.639898
vn -0.736011 -0.000000 -0.676969
vn -0.736011 0.000000 -0.676969
vn -0.701777 0.000000 -0.712397
vn -0.701777 0.000000 -0.712397
vn -0.665839 -0.000000 -0.746095
vn -0.665839 0.000000 -0.746095
vn -0.628285 0.000000 -0.777983
vn -0.628285 0.000000 -0.777983
vn -0.589206 0.000000 -0.807983
vn -0.589206 0.000000 -0.807983
vn -0.548698 -0.000000 -0.836021
vn -0.506856 -0.000000 -0.862031
vn -0.548698 0.000000 -0.836021
vn -0.506856 0.000000 -0.862031
vn -0.463785 0.000000 -0.885948
vn -0.419589 -0.000000 -0.907714
vn -0.463785 0.000000 -0.885948
vn -0.419589 0.000000 -0.907714
vn -0.374375 0.000000 -0.927277
vn -0.374375 0.000000 -0.927277
vn -0.328249 0.000000 -0.944591
vn -0.281330 -0.000000 -0.959611
vn -0.328249 0.000000 -0.944591
vn -0.281330 0.000000 -0.959611
vn -0.233726 0.000000 -0.972302
vn -0.185556 -0.000000 -0.982634
vn -0.233726 0.000000 -0.972302
vn -0.185556 0.000000 -0.982634
vn -0.136935 0.000000 -0.990580
vn -0.087981 -0.000000 -0.996122
vn -0.136935 0.000000 -0.990580
vn -0.087981 0.000000 -0.996122
vn -0.038815 0.000000 -0.999246
vn -0.038815 0.000000 -0.999246
vn 0.010446 0.000000 -0.999945
vn 0.010446 0.000000 -0.999945
vn 0.059682 0.000000 -0.998217
vn 0.059682 0.000000 -0.998217
vn 0.108773 0.000000 -0.994067
vn 0.108773 0.000000 -0.994067
vn 0.157599 0.000000 -0.987503
vn 0.157599 0.000000 -0.987503
vn 0.206043 0.000000 -0.978543
vn 0.206043 0.000000 -0.978543
vn 0.253989 0.000000 -0.967207
vn 0.253988 -0.000000 -0.967207
vn 0.301315 -0.000000 -0.953525
vn 0.301315 0.000000 -0.953525
vn 0.347913 0.000000 -0.937527
vn 0.347913 0.000000 -0.937527
vn 0.393663 0.000000 -0.919255
vn 0.393663 0.000000 -0.919255
vn 0.438462 0.000000 -0.898750
vn 0.438462 0.000000 -0.898750
vn 0.482194 0.000000 -0.876065
vn 0.482194 0.000000 -0.876065
vn 0.524755 0.000000 -0.851253
vn 0.524755 0.000000 -0.851253
vn 0.566042 0.000000 -0.824376
vn 0.566042 0.000000 -0.824376
vn 0.605959 0.000000 -0.795496
vn 0.605959 0.000000 -0.795496
vn 0.644400 0.000000 -0.764689
vn 0.644400 0.000000 -0.764689
vn 0.681281 0.000000 -0.732022
vn 0.681281 0.000000 -0.732022
vn 0.716503 0.000000 -0.697584
vn 0.716503 0.000000 -0.697584
vn 0.749997 0.000000 -0.661442
vn 0.749997 0.000000 -0.661442
vn 0.781658 0.000000 -0.623707
vn 0.781658 0.000000 -0.623707
vn 0.811432 0.000000 -0.584447
vn 0.811432 0.000000 -0.584447
vn 0.839230 0.000000 -0.543777
vn 0.839230 0.000000 -0.543777
vn 0.864992 0.000000 -0.501786
vn 0.864992 0.000000 -0.501786
vn 0.888656 0.000000 -0.458575
vn 0.888656 0.000000 -0.458575
vn 0.910164 0.000000 -0.414248
vn 0.910164 0.000000 -0.414248
vn 0.929462 0.000000 -0.368919
vn 0.946503 0.000000 -0.322694
vn 0.929462 0.000000 -0.368919
vn 0.961247 0.000000 -0.275689
vn 0.946503 0.000000 -0.322694
vn 0.961247 0.000000 -0.275689
vn 0.000000 -1.000000 0.000000
vn -0.000000 -1.000000 0.000000
vn 0.000000 -1.000000 0.000000
vn 0.000000 -1.000000 -0.000000
vn 0.000000 -1.000000 0.000000
vn -0.000000 -1.000000 0.000000
vn 0.000000 -1.000000 0.000000
vn 0.000000 -1.000000 -0.000000
vn 0.000000 -1.000000 0.000000
vn -0.000000 -1.000000 0.000000
vn 0.000000 -1.000000 0.000000
vn 0.000000 -1.000000 -0.000000
vn 0.000000 -1.000000 0.000000
vn -0.000000 -1.000000 0.000000
vn 0.000000 -1.000000 0.000000
vn 0.000000 -1.000000 -0.000000
vn 0.000000 -1.000000 0.000000
vn -0.000000 -1.000000 0.000000
vn 0.000000 -1.000000 0.000000
vn 0.000000 -1.000000 0.000000
vn 0.000000 -1.000000 -0.000000
vn -0.000000 -1.000000 0.000000
vn 0.000000 -1.000000 0.000000
vn 0.000000 -1.000000 0.000000
vn 0.000000 -1.000000 -0.000000
vn -0.000000 -1.000000 0.000000
vn 0.000000 -1.000000 0.000000
vn 0.000000 -1.000000 -0.000000
vn 0.000000 -1.000000 0.000000
vn -0.000000 -1.000000 0.000000
vn 0.000000 -1.000000 0.000000
vn 0.000000 -1.000000 -0.000000
vn 0.000000 -1.000000 0.000000
vn 0.000000 -1.000000 0.000000
vn -0.000000 -1.000000 0.000000
vn 0.000000 -1.000000 -0.000000
vn 0.000000 -1.000000 0.000000
vn -0.000000 -1.000000 0.000000
vn 0.000000 -1.000000 0.000000
vn 0.000000 -1.000000 -0.000000
vn 0.000000 -1.000000 -0.000000
vn 0.000000 -1.000000 -0.000000
vn 0.000000 -1.000000 0.000000
vn 0.000000 -1.000000 -0.000000
vn 0.000000 -1.000000 -0.000000
vn 0.000000 -1.000000 -0.000000
vn 0.000000 -1.000000 0.000000
vn -0.000000 -1.000000 0.000000
vn 0.000000 -1.000000 -0.000000
vn 0.000000 -1.000000 -0.000000
vn -0.000000 -1.000000 0.000000
vn 0.000000 -1.000000 0.000000
vn 0.000000 -1.000000 0.000000
vn 0.000000 -1.000000 0.000000
vn 0.000000 -1.000000 0.000000
vn -0.000000 -1.000000 0.000000
vn -0.000000 -1.000000 0.000000
vn 0.000000 -1.000000 0.000000
vn -0.000000 -1.000000 0.000000
vn -0.000000 -1.000000 0.000000
vn -0.000000 -1.000000 0.000000
vn -0.000000 -1.000000 0.000000
vn -0.000000 -1.000000 0.000000
vn 0.000000 -1.000000 0.000000
vn -0.000000 -1.000000 0.000000
vn 0.000000 -1.000000 -0.000000
vn -0.000000 -1.000000 0.000000
vn -0.000000 -1.000000 0.000000
vn -0.000000 -1.000000 0.000000
vn -0.000000 -1.000000 0.000000
vn 0.000000 -1.000000 0.000000
vn -0.000000 -1.000000 0.000000
vn -0.000000 -1.000000 0.000000
vn 0.000000 -1.000000 -0.000000
vn -0.000000 -1.000000 0.000000
vn -0.000000 -1.000000 0.000000
vn -0.000000 -1.000000 0.000000
vn 0.000000 -1.000000 0.000000
vn -0.000000 -1.000000 0.000000
vn -0.000000 -1.000000 0.000000
vn -0.000000 -1.000000 0.000000
vn 0.000000 -1.000000 -0.000000
vn 0.000000 -1.000000 0.000000
vn 0.000000 -1.000000 -0.000000
vn 0.000000 -1.000000 -0.000000
vn 0.000000 -1.000000 0.000000
vn 0.000000 -1.000000 0.000000
vn 0.000000 -1.000000 -0.000000
vn 0.000000 -1.000000 -0.000000
vn 0.000000 -1.000000 0.000000
vn 0.000000 -1.000000 -0.000000
vn 0.000000 -1.000000 0.000000
vn 0.000000 -1.000000 -0.000000
vn -0.000000 -1.000000 0.000000
vn 0.000000 -1.000000 -0.000000
vn 0.000000 -1.000000 0.000000
vn -0.000000 -1.000000 0.000000
vn 0.000000 -1.000000 0.000000
vn 0.000000 -1.000000 -0.000000
vn -0.000000 -1.000000 0.000000
vn 0.000000 -1.000000 -0.000000
vn -0.000000 -1.000000 0.000000
vn 0.000000 -1.000000 -0.000000
vn 0.000000 -1.000000 -0.000000
vn 0.000000 -1.000000 0.000000
vn 0.000000 -1.000000 0.000000
vn -0.000000 -1.000000 -0.000000
vn 0.000000 -1.000000 -0.000000
vn 0.000000 -1.000000 0.000000
vn -0.000000 -1.000000 -0.000000
vn 0.000000 -1.000000 -0.000000
vn -0.000000 -1.000000 -0.000000
vn 0.000000 -1.000000 0.000000
vn 0.000000 -1.000000 -0.000000
vn 0.000000 -1.000000 0.000000
vn -0.000000 -1.000000 -0.000000
vn 0.000000 -1.000000 -0.000000
vn -0.000000 -1.000000 -0.000000
vn 0.000000 -1.000000 0.000000
vn 0.000000 -1.000000 -0.000000
vn 0.000000 -1.000000 0.000000
vn -0.000000 -1.000000 -0.000000
vn -0.000000 -1.000000 0.000000
vn 0.000000 -1.000000 -0.000000
vn -0.000000 -1.000000 -0.000000
vn 0.000000 -1.000000 0.000000
vn -0.000000 -1.000000 -0.000000
vn 0.000000 -1.000000 0.000000
vn -0.000000 -1.000000 -0.000000
vn 0.000000 -1.000000 -0.000000
vn -0.000000 -1.000000 -0.000000
vn 0.000000 -1.000000 0.000000
vn 0.000000 -1.000000 -0.000000
vn 0.000000 -1.000000 0.000000
vn 0.000000 -1.000000 -0.000000
vn -0.000000 -1.000000 -0.000000
vn 0.000000 -1.000000 0.000000
vn 0.000000 -1.000000 0.000000
vn -0.000000 -1.000000 0.000000
vn 0.000000 -1.000000 -0.000000
vn 0.000000 -1.000000 0.000000
vn -0.000000 -1.000000 -0.000000
vn -0.000000 -1.000000 -0.000000
vn 0.000000 -1.000000 -0.000000
vn -0.000000 -1.000000 -0.000000
vn -0.000000 -1.000000 0.000000
vn -0.000000 -1.000000 0.000000
vn -0.000000 -1.000000 0.000000
vn 0.000000 -1.000000 0.000000
vn -0.000000 -1.000000 0.000000
vn -0.000000 -1.000000 0.000000
vn 0.000000 -1.000000 0.000000
vn 0.000000 -1.000000 -0.000000
vn -0.000000 -1.000000 0.000000
vn 0.000000 -1.000000 0.000000
vn 0.000000 -1.000000 0.000000
vn 0.000000 -1.000000 -0.000000
vn -0.000000 -1.000000 0.000000
vn 0.000000 -1.000000 0.000000
vn 0.000000 -1.000000 0.000000
vn 0.000000 -1.000000 -0.000000
vn -0.000000 -1.000000 0.000000
vn 0.000000 -1.000000 0.000000
vn 0.000000 -1.000000 0.000000
vn 0.000000 -1.000000 -0.000000
vn -0.000000 -1.000000 0.000000
vn 0.000000 -1.000000 0.000000
vn 0.000000 -1.000000 0.000000
vn 0.000000 -1.000000 -0.000000
vn -0.000000 -1.000000 0.000000
vn 0.000000 -1.000000 0.000000
vn 0.000000 -1.000000 0.000000
vn 0.000000 -1.000000 -0.000000
vn 0.000000 -1.000000 0.000000
vn -0.000000 -1.000000 0.000000
vn 0.000000 -1.000000 -0.000000
vn -0.000000 -1.000000 0.000000
vn -0.000000 -1.000000 0.000000
vn 0.000000 -1.000000 0.000000
vn 0.000000 -1.000000 -0.000000
vn -0.000000 -1.000000 0.000000
vn 0.000000 -1.000000 0.000000
vn -0.000000 -1.000000 0.000000
vn 0.000000 -1.000000 -0.000000
vn 0.000000 -1.000000 -0.000000
vn 0.000000 -1.000000 -0.000000
vn 0.000000 -1.000000 -0.000000
vn 0.000000 -1.000000 -0.000000
vn 0.000000 -1.000000 -0.000000
vn 0.000000 -1.000000 -0.000000
vn 0.000000 -1.000000 -0.000000
vn 0.000000 -1.000000 -0.000000
vn 0.000000 -1.000000 -0.000000
vn 0.000000 -1.000000 -0.000000
vn -0.000000 -1.000000 0.000000
vn 0.000000 -1.000000 -0.000000
vn 0.000000 -1.000000 -0.000000
vn 0.000000 -1.000000 -0.000000
vn -0.000000 -1.000000 0.000000
vn -0.000000 -1.000000 -0.000000
vn -0.000000 -1.000000 0.000000
vn -0.000000 -1.000000 0.000000
vn -0.000000 -1.000000 0.000000
vn -0.000000 -1.000000 0.000000
vn -0.000000 -1.000000 0.000000
vn 0.000000 -1.000000 -0.000000
vn 0.000000 -1.000000 -0.000000
vn -0.000000 -1.000000 0.000000
vn -0.000000 -1.000000 0.000000
vn -0.000000 -1.000000 0.000000
vn -0.000000 -1.000000 0.000000
vn -0.000000 -1.000000 0.000000
vn -0.000000 -1.000000 0.000000
vn -0.000000 -1.000000 0.000000
vn -0.000000 -1.000000 0.000000
vn -0.000000 -1.000000 0.000000
vn -0.000000 -1.000000 0.000000
vn 0.000000 -1.000000 -0.000000
vn 0.000000 -1.000000 -0.000000
vn -0.000000 -1.000000 0.000000
vn -0.000000 -1.000000 0.000000
vn 0.000000 -1.000000 -0.000000
vn 0.000000 -1.000000 -0.000000
vn -0.000000 -1.000000 0.000000
vn 0.000000 -1.000000 0.000000
vn -0.000000 -1.000000 0.000000
vn 0.000000 -1.000000 -0.000000
vn -0.000000 -1.000000 0.000000
vn 0.000000 -1.000000 0.000000
vn -0.000000 -1.000000 0.000000
vn 0.000000 -1.000000 -0.000000
vn -0.000000 -1.000000 0.000000
vn 0.000000 -1.000000 0.000000
vn -0.000000 -1.000000 0.000000
vn 0.000000 -1.000000 -0.000000
vn 0.000000 -1.000000 0.000000
vn 0.000000 -1.000000 0.000000
vn -0.000000 -1.000000 0.000000
vn 0.000000 -1.000000 0.000000
vn 0.000000 -1.000000 -0.000000
vn 0.000000 -1.000000 0.000000
vn -0.000000 -1.000000 0.000000
vn 0.000000 -1.000000 0.000000
vn 0.000000 -1.000000 -0.000000
vn 0.000000 -1.000000 0.000000
vn -0.000000 -1.000000 0.000000
vn 0.000000 -1.000000 0.000000
vn 0.000000 -1.000000 -0.000000
vn 0.000000 -1.000000 0.000000
vn -0.000000 -1.000000 0.000000
vn 0.000000 -1.000000 -0.000000
vn 0.000000 -1.000000 0.000000
vn -0.000000 -1.000000 0.000000
vn 0.000000 -1.000000 0.000000
vn 0.000000 -1.000000 0.000000
vn 0.000000 -1.000000 0.000000
vn 0.000000 -1.000000 0.000000
vn 0.000000 -1.000000 0.000000
vn 0.000000 -1.000000 0.000000
vn 0.000000 -1.000000 0.000000
vn 0.000000 -1.000000 0.000000
vn 0.000000 -1.000000 0.000000
vn 0.000000 -1.000000 0.000000
vn 0.000000 -1.000000 0.000000
vn 0.000000 -1.000000 0.000000
vn 0.000000 -1.000000 0.000000
vn 0.000000 -1.000000 0.000000
vn 0.000000 -1.000000 -0.000000
vn 0.000000 -1.000000 0.000000
vn -0.000000 -1.000000 0.000000
vn 0.000000 -1.000000 0.000000
vn 0.000000 -1.000000 0.000000
vn 0.000000 -1.000000 0.000000
vn 0.000000 -1.000000 -0.000000
vn 0.000000 -1.000000 0.000000
vn 0.000000 -1.000000 0.000000
vn 0.000000 -1.000000 0.000000
vn 0.000000 -1.000000 0.000000
vn 0.000000 -1.000000 0.000000
vn 0.000000 -1.000000 0.000000
vn -0.000000 -1.000000 0.000000
vn 0.000000 -1.000000 -0.000000
vn 0.000000 -1.000000 0.000000
vn 0.000000 -1.000000 0.000000
vn 0.000000 -1.000000 0.000000
vn 0.000000 -1.000000 0.000000
vn -0.000000 -1.000000 0.000000
vn 0.000000 -1.000000 0.000000
vn 0.000000 -1.000000 -0.000000
vn 0.000000 -1.000000 0.000000
vn 0.000000 -1.000000 0.000000
vn 0.000000 -1.000000 0.000000
vn 0.000000 -1.000000 0.000000
vn 0.000000 -1.000000 0.000000
vn 0.000000 -1.000000 0.000000
vn 0.000000 -1.000000 0.000000
vn 0.000000 -1.000000 0.000000
vn 0.000000 -1.000000 0.000000
vn 0.000000 -1.000000 0.000000
vn 0.000000 -1.000000 0.000000
vn 0.000000 -1.000000 0.000000
vn 0.000000 -1.000000 0.000000
vn 0.000000 -1.000000 0.000000
vn 0.000000 -1.000000 0.000000
vn 0.000000 -1.000000 -0.000000
vn 0.000000 -1.000000 -0.000000
vn 0.000000 -1.000000 0.000000
vn 0.000000 -1.000000 -0.000000
vn 0.000000 -1.000000 0.000000
vn 0.000000 -1.000000 -0.000000
vn 0.000000 -1.000000 0.000000
vn 0.000000 -1.000000 0.000000
vn 0.000000 -1.000000 -0.000000
vn 0.000000 -1.000000 0.000000
vn 0.000000 -1.000000 0.000000
vn 0.000000 -1.000000 0.000000
vn 0.000000 -1.000000 0.000000
vn 0.000000 -1.000000 0.000000
vn 0.000000 -1.000000 0.000000
vn 0.000000 -1.000000 -0.000000
vn 0.000000 -1.000000 0.000000
vn 0.000000 -1.000000 -0.000000
vn 0.000000 -1.000000 -0.000000
vn 0.000000 -1.000000 0.000000
vn 0.000000 -1.000000 -0.000000
vn 0.000000 -1.000000 0.000000
vn 0.000000 -1.000000 -0.000000
vn 0.000000 -1.000000 0.000000
vn 0.000000 -1.000000 0.000000
vn 0.000000 -1.000000 -0.000000
vn 0.000000 -1.000000 0.000000
vn 0.000000 -1.000000 -0.000000
vn 0.000000 -1.000000 0.000000
vn 0.000000 -1.000000 -0.000000
vn 0.000000 -1.000000 0.000000
vn 0.000000 -1.000000 -0.000000
vn 0.000000 -1.000000 0.000000
vn 0.000000 -1.000000 0.000000
vn 0.000000 -1.000000 0.000000
vn 0.000000 -1.000000 0.000000
vn 0.000000 -1.000000 0.000000
vn 0.000000 -1.000000 0.000000
vn 0.000000 -1.000000 -0.000000
vn 0.000000 -1.000000 0.000000
vn 0.000000 -1.000000 0.000000
vn 0.000000 -1.000000 0.000000
vn 0.000000 -1.000000 0.000000
vn 0.000000 -1.000000 0.000000
vn 0.000000 -1.000000 -0.000000
vn 0.000000 -1.000000 0.000000
vn 0.000000 -1.000000 0.000000
vn 0.000000 -1.000000 0.000000
vn -0.000000 -1.000000 0.000000
vn 0.000000 -1.000000 -0.000000
vn 0.000000 -1.000000 0.000000
vn 0.000000 -1.000000 0.000000
vn 0.000000 -1.000000 -0.000000
vn 0.000000 -1.000000 0.000000
vn 0.000000 -1.000000 0.000000
vn -0.000000 -1.000000 -0.000000
vn 0.000000 -1.000000 0.000000
vn 0.000000 -1.000000 0.000000
vn 0.000000 -1.000000 0.000000
vn -0.000000 -1.000000 0.000000
vn 0.000000 -1.000000 -0.000000
vn -0.000000 -1.000000 -0.000000
vn 0.000000 -1.000000 0.000000
vn 0.000000 -1.000000 0.000000
vn 0.000000 -1.000000 0.000000
vn 0.000000 -1.000000 0.000000
vn -0.000000 -1.000000 0.000000
vn 0.000000 -1.000000 -0.000000
vn 0.000000 -1.000000 0.000000
vn 0.000000 -1.000000 0.000000
vn 0.000000 -1.000000 0.000000
vn 0.000000 -1.000000 0.000000
vn 0.000000 -1.000000 0.000000
vn -0.000000 -1.000000 -0.000000
vn -0.000000 -1.000000 0.000000
vn 0.000000 -1.000000 0.000000
vn 0.000000 -1.000000 -0.000000
vn -0.000000 -1.000000 0.000000
vn 0.000000 -1.000000 0.000000
vn 0.000000 -1.000000 0.000000
vn 0.000000 -1.000000 0.000000
vn 0.000000 -1.000000 0.000000
vn -0.000000 -1.000000 0.000000
vn 0.000000 -1.000000 -0.000000
vn 0.000000 -1.000000 0.000000
vn 0.000000 -1.000000 0.000000
vn 0.000000 -1.000000 0.000000
vn 0.000000 -1.000000 0.000000
vn 0.000000 -1.000000 0.000000
vn 0.000000 -1.000000 0.000000
vn -0.000000 -1.000000 0.000000
vn 0.000000 -1.000000 0.000000
vn 0.000000 -1.000000 -0.000000
vn 0.000000 -1.000000 0.000000
vn 0.000000 -1.000000 0.000000
vn 0.000000 -1.000000 0.000000
vn -0.000000 -1.000000 0.000000
vn 0.000000 -1.000000 -0.000000
vn 0.000000 -1.000000 0.000000
vn 0.000000 -1.000000 0.000000
vn -0.000000 -1.000000 0.000000
vn 0.000000 -1.000000 0.000000
vn 0.000000 -1.000000 -0.000000
vn 0.000000 -1.000000 0.000000
vn -0.000000 -1.000000 0.000000
vn 0.000000 -1.000000 0.000000
vn 0.000000 -1.000000 -0.000000
vn -0.000000 -1.000000 0.000000
vn 0.000000 -1.000000 0.000000
vn 0.000000 -1.000000 0.000000
vn 0.000000 -1.000000 -0.000000
vn 0.000000 -1.000000 0.000000
vn -0.000000 -1.000000 0.000000
vn 0.000000 -1.000000 0.000000
vn 0.000000 -1.000000 -0.000000
vn 0.000000 -1.000000 0.000000
vn -0.000000 -1.000000 0.000000
vn 0.000000 -1.000000 0.000000
vn 0.000000 -1.000000 -0.000000
vn -0.000000 -1.000000 0.000000
vn 0.000000 -1.000000 0.000000
vn 0.000000 -1.000000 -0.000000
vn 0.000000 -1.000000 0.000000
vn -0.000000 -1.000000 0.000000
vn 0.000000 -1.000000 0.000000
vn 0.000000 -1.000000 -0.000000
vn 0.000000 -1.000000 0.000000
vn -0.000000 -1.000000 0.000000
vn 0.000000 -1.000000 0.000000
vn 0.000000 -1.000000 -0.000000
vn 0.000000 -1.000000 0.000000
vn -0.000000 -1.000000 0.000000
vn 0.000000 -1.000000 -0.000000
vn 0.000000 -1.000000 0.000000
vn 0.000000 -1.000000 0.000000
vn -0.000000 -1.000000 0.000000
vn -0.000000 -1.000000 0.000000
vn -0.000000 -1.000000 0.000000
vn -0.000000 -1.000000 0.000000
vn -0.000000 -1.000000 0.000000
vn -0.000000 -1.000000 0.000000
vn -0.000000 -1.000000 0.000000
vn -0.000000 -1.000000 0.000000
vn -0.000000 -1.000000 0.000000
vn -0.000000 -1.000000 0.000000
vn -0.000000 -1.000000 0.000000
vn -0.000000 -1.000000 0.000000
vn -0.000000 -1.000000 0.000000
vn -0.000000 -1.000000 0.000000
vn -0.000000 -1.000000 0.000000
vn -0.000000 -1.000000 0.000000
vn -0.000000 -1.000000 0.000000
vn -0.000000 -1.000000 0.000000
vn 0.000000 -1.000000 0.000000
vn 0.000000 -1.000000 0.000000
vn 0.000000 -1.000000 0.000000
vn 0.000000 -1.000000 0.000000
vn 0.000000 -1.000000 0.000000
vn 0.000000 -1.000000 0.000000
vn 0.000000 -1.000000 0.000000
vn 0.000000 -1.000000 0.000000
vn 0.000000 -1.000000 0.000000
vn 0.000000 -1.000000 0.000000
vn 0.000000 -1.000000 0.000000
vn 0.000000 -1.000000 0.000000
vn 0.000000 -1.000000 0.000000
vn 0.000000 -1.000000 0.000000
vn 0.000000 -1.000000 0.000000
vn 0.000000 -1.000000 0.000000
vn 0.000000 -1.000000 0.000000
vn 0.000000 -1.000000 0.000000
vn 0.000000 -1.000000 0.000000
vn 0.000000 -1.000000 0.000000
vn 0.000000 -1.000000 0.000000
vn 0.000000 -1.000000 0.000000
vn 0.000000 -1.000000 0.000000
vn 0.000000 -1.000000 0.000000
vn 0.000000 -1.000000 0.000000
vn 0.000000 -1.000000 0.000000
vn 0.000000 -1.000000 0.000000
vn 0.000000 -1.000000 0.000000
vn 0.000000 -1.000000 0.000000
vn 0.000000 -1.000000 0.000000
vn 0.000000 -1.000000 0.000000
vn 0.000000 -1.000000 0.000000
vn 0.000000 -1.000000 0.000000
vn 0.000000 -1.000000 0.000000
vn 0.000000 -1.000000 0.000000
vn 0.000000 -1.000000 0.000000
vn 0.000000 -1.000000 0.000000
vn 0.000000 -1.000000 0.000000
vn 0.000000 -1.000000 0.000000
vn 0.000000 -1.000000 0.000000
vn 0.000000 -1.000000 0.000000
vn 0.000000 -1.000000 0.000000
vn 0.000000 -1.000000 0.000000
vn 0.000000 -1.000000 0.000000
vn 0.000000 -1.000000 0.000000
vn 0.000000 -1.000000 0.000000
vn 0.000000 -1.000000 0.000000
vn 0.000000 -1.000000 0.000000
vn 0.000000 -1.000000 0.000000
vn 0.000000 -1.000000 0.000000
vn 0.000000 -1.000000 0.000000
vn 0.000000 -1.000000 0.000000
vn 0.000000 -1.000000 0.000000
vn 0.000000 -1.000000 0.000000
vn 0.000000 -1.000000 0.000000
vn 0.000000 -1.000000 0.000000
vn 0.000000 -1.000000 0.000000
vn -0.955227 0.000000 -0.295875
vn -0.955227 0.000000 -0.295875
vn -0.968568 0.000000 -0.248750
vn -0.968568 -0.000000 -0.248750
vn -0.979585 0.000000 -0.201032
vn -0.979585 -0.000000 -0.201032
vn -0.988250 0.000000 -0.152849
vn -0.988250 -0.000000 -0.152849
vn -0.994541 0.000000 -0.104351
vn -0.994541 -0.000000 -0.104351
vn -0.998460 -0.000000 -0.055478
vn -0.998460 0.000000 -0.055478
vn -0.999978 0.000000 -0.006608
vn -0.999978 0.000000 -0.006608
vn -0.999101 0.000000 0.042388
vn -0.999101 0.000000 0.042388
vn -0.995833 0.000000 0.091196
vn -0.990177 0.000000 0.139820
vn -0.995833 0.000000 0.091196
vn -0.990177 0.000000 0.139820
vn -0.982139 0.000000 0.188159
vn -0.982139 0.000000 0.188159
vn -0.971759 0.000000 0.235974
vn -0.971759 0.000000 0.235974
vn -0.959046 0.000000 0.283252
vn -0.959046 0.000000 0.283252
vn -0.944033 0.000000 0.329851
vn -0.944033 0.000000 0.329851
vn -0.926745 0.000000 0.375691
vn -0.907269 0.000000 0.420550
vn -0.926745 0.000000 0.375691
vn -0.907269 0.000000 0.420550
vn -0.885579 0.000000 0.464490
vn -0.861794 0.000000 0.507258
vn -0.885579 0.000000 0.464490
vn -0.861794 0.000000 0.507258
vn -0.835947 0.000000 0.548810
vn -0.835947 0.000000 0.548810
vn -0.808078 0.000000 0.589076
vn -0.778268 0.000000 0.627932
vn -0.808078 0.000000 0.589076
vn -0.778268 0.000000 0.627932
vn -0.746609 0.000000 0.665263
vn -0.713158 0.000000 0.701003
vn -0.746609 0.000000 0.665263
vn -0.677981 0.000000 0.735079
vn -0.713158 0.000000 0.701003
vn -0.677981 0.000000 0.735079
vn -0.641211 0.000000 0.767365
vn -0.641211 0.000000 0.767365
vn -0.602886 0.000000 0.797827
vn -0.602886 0.000000 0.797827
vn -0.563101 0.000000 0.826388
vn -0.563101 0.000000 0.826388
vn -0.521984 0.000000 0.852955
vn -0.521984 0.000000 0.852955
vn -0.479622 0.000000 0.877475
vn -0.436108 0.000000 0.899894
vn -0.479622 0.000000 0.877475
vn -0.436108 0.000000 0.899894
vn -0.391505 0.000000 0.920176
vn -0.391505 0.000000 0.920176
vn -0.346043 0.000000 0.938219
vn -0.346043 0.000000 0.938219
vn -0.299695 0.000000 0.954035
vn -0.299695 0.000000 0.954035
vn -0.252628 0.000000 0.967563
vn -0.252628 0.000000 0.967563
vn -0.204994 0.000000 0.978763
vn -0.204994 0.000000 0.978763
vn -0.156833 0.000000 0.987625
vn -0.156833 0.000000 0.987625
vn -0.108312 0.000000 0.994117
vn -0.108312 0.000000 0.994117
vn -0.059530 0.000000 0.998227
vn -0.059530 0.000000 0.998227
vn 0.973620 0.000000 -0.228176
vn 0.983624 0.000000 -0.180232
vn 0.973620 0.000000 -0.228176
vn 0.991266 0.000000 -0.131874
vn 0.983624 0.000000 -0.180232
vn 0.996531 0.000000 -0.083223
vn 0.991266 0.000000 -0.131874
vn 0.999410 0.000000 -0.034347
vn 0.996531 0.000000 -0.083223
vn 0.999410 0.000000 -0.034347
vn 0.999893 0.000000 0.014633
vn 0.999893 0.000000 0.014633
vn 0.997980 0.000000 0.063532
vn 0.993670 0.000000 0.112341
vn 0.997980 0.000000 0.063532
vn 0.993670 0.000000 0.112341
vn 0.986994 0.000000 0.160758
vn 0.977935 0.000000 0.208909
vn 0.986994 0.000000 0.160758
vn 0.966536 0.000000 0.256532
vn 0.977935 0.000000 0.208909
vn 0.952824 0.000000 0.303523
vn 0.966536 0.000000 0.256532
vn 0.936823 0.000000 0.349803
vn 0.952824 0.000000 0.303523
vn 0.936823 0.000000 0.349803
vn 0.918575 0.000000 0.395247
vn 0.898144 0.000000 0.439702
vn 0.918575 0.000000 0.395247
vn 0.898144 0.000000 0.439702
vn 0.875550 0.000000 0.483128
vn 0.875550 0.000000 0.483128
vn 0.850844 0.000000 0.525419
vn 0.850844 0.000000 0.525419
vn 0.824091 0.000000 0.566458
vn 0.824091 0.000000 0.566458
vn 0.795418 0.000000 0.606062
vn 0.795418 0.000000 0.606062
vn 0.764785 0.000000 0.644286
vn 0.764785 0.000000 0.644286
vn 0.732336 0.000000 0.680944
vn 0.732336 0.000000 0.680944
vn 0.698133 0.000000 0.715968
vn 0.698133 0.000000 0.715968
vn 0.662256 0.000000 0.749277
vn 0.662256 0.000000 0.749277
vn 0.624800 0.000000 0.780785
vn 0.624800 0.000000 0.780785
vn 0.585816 0.000000 0.810444
vn 0.585816 0.000000 0.810444
vn 0.545476 0.000000 0.838126
vn 0.545476 0.000000 0.838126
vn 0.503774 0.000000 0.863835
vn 0.503774 0.000000 0.863835
vn 0.460923 0.000000 0.887440
vn 0.460923 0.000000 0.887440
vn 0.416927 0.000000 0.908940
vn 0.416927 0.000000 0.908940
vn 0.371923 0.000000 0.928263
vn 0.371923 0.000000 0.928263
vn 0.326042 0.000000 0.945355
vn 0.326042 0.000000 0.945355
vn 0.279414 0.000000 0.960171
vn 0.279414 0.000000 0.960171
vn 0.232076 0.000000 0.972698
vn 0.232076 0.000000 0.972698
vn 0.184179 0.000000 0.982893
vn 0.184179 0.000000 0.982893
vn 0.135878 0.000000 0.990726
vn 0.135878 0.000000 0.990726
vn 0.087208 0.000000 0.996190
vn 0.087208 0.000000 0.996190
vn 0.038352 0.000000 0.999264
vn 0.038352 0.000000 0.999264
vn -0.010597 0.000000 0.999944
vn -0.010597 0.000000 0.999944
vn -0.000000 1.000000 0.000000
vn 0.000000 1.000000 0.000000
vn -0.000000 1.000000 0.000000
vn 0.000000 1.000000 0.000000
vn -0.000000 1.000000 0.000000
vn 0.000000 1.000000 0.000000
vn -0.000000 1.000000 0.000000
vn 0.000000 1.000000 0.000000
vn -0.000000 1.000000 0.000000
vn 0.000000 1.000000 0.000000
vn -0.000000 1.000000 0.000000
vn 0.000000 1.000000 0.000000
vn -0.000000 1.000000 0.000000
vn 0.000000 1.000000 0.000000
vn -0.000000 1.000000 0.000000
vn 0.000000 1.000000 0.000000
vn -0.000000 1.000000 0.000000
vn 0.000000 1.000000 0.000000
vn -0.000000 1.000000 0.000000
vn -0.000000 1.000000 0.000000
vn 0.000000 1.000000 0.000000
vn 0.000000 1.000000 0.000000
vn -0.000000 1.000000 0.000000
vn -0.000000 1.000000 0.000000
vn 0.000000 1.000000 0.000000
vn 0.000000 1.000000 0.000000
vn -0.000000 1.000000 0.000000
vn 0.000000 1.000000 0.000000
vn -0.000000 1.000000 0.000000
vn 0.000000 1.000000 0.000000
vn -0.000000 1.000000 0.000000
vn 0.000000 1.000000 0.000000
vn -0.000000 1.000000 0.000000
vn -0.000000 1.000000 0.000000
vn 0.000000 1.000000 0.000000
vn 0.000000 1.000000 0.000000
vn -0.000000 1.000000 0.000000
vn 0.000000 1.000000 0.000000
vn -0.000000 1.000000 0.000000
vn 0.000000 1.000000 0.000000
vn 0.000000 1.000000 0.000000
vn 0.000000 1.000000 0.000000
vn -0.000000 1.000000 0.000000
vn 0.000000 1.000000 0.000000
vn 0.000000 1.000000 0.000000
vn 0.000000 1.000000 0.000000
vn -0.000000 1.000000 0.000000
vn 0.000000 1.000000 0.000000
vn 0.000000 1.000000 0.000000
vn 0.000000 1.000000 0.000000
vn 0.000000 1.000000 0.000000
vn -0.000000 1.000000 0.000000
vn 0.000000 1.000000 0.000000
vn 0.000000 1.000000 0.000000
vn 0.000000 1.000000 0.000000
vn 0.000000 1.000000 0.000000
vn 0.000000 1.000000 0.000000
vn -0.000000 1.000000 0.000000
vn 0.000000 1.000000 0.000000
vn 0.000000 1.000000 0.000000
vn 0.000000 1.000000 0.000000
vn 0.000000 1.000000 0.000000
vn 0.000000 1.000000 0.000000
vn 0.000000 1.000000 0.000000
vn 0.000000 1.000000 0.000000
vn -0.000000 1.000000 0.000000
vn 0.000000 1.000000 0.000000
vn 0.000000 1.000000 0.000000
vn 0.000000 1.000000 0.000000
vn 0.000000 1.000000 0.000000
vn 0.000000 1.000000 0.000000
vn 0.000000 1.000000 0.000000
vn 0.000000 1.000000 0.000000
vn -0.000000 1.000000 0.000000
vn 0.000000 1.000000 0.000000
vn 0.000000 1.000000 0.000000
vn 0.000000 1.000000 0.000000
vn 0.000000 1.000000 0.000000
vn 0.000000 1.000000 0.000000
vn 0.000000 1.000000 0.000000
vn 0.000000 1.000000 0.000000
vn -0.000000 1.000000 0.000000
vn -0.000000 1.000000 0.000000
vn 0.000000 1.000000 0.000000
vn 0.000000 1.000000 0.000000
vn -0.000000 1.000000 0.000000
vn -0.000000 1.000000 0.000000
vn 0.000000 1.000000 0.000000
vn -0.000000 1.000000 0.000000
vn 0.000000 1.000000 -0.000000
vn -0.000000 1.000000 0.000000
vn 0.000000 1.000000 -0.000000
vn 0.000000 1.000000 0.000000
vn 0.000000 1.000000 0.000000
vn 0.000000 1.000000 0.000000
vn -0.000000 1.000000 0.000000
vn 0.000000 1.000000 0.000000
vn -0.000000 1.000000 0.000000
vn 0.000000 1.000000 0.000000
vn 0.000000 1.000000 0.000000
vn 0.000000 1.000000 0.000000
vn 0.000000 1.000000 0.000000
vn -0.000000 1.000000 0.000000
vn 0.000000 1.000000 0.000000
vn 0.000000 1.000000 -0.000000
vn 0.000000 1.000000 0.000000
vn 0.000000 1.000000 0.000000
vn -0.000000 1.000000 0.000000
vn 0.000000 1.000000 0.000000
vn 0.000000 1.000000 -0.000000
vn 0.000000 1.000000 0.000000
vn 0.000000 1.000000 0.000000
vn 0.000000 1.000000 -0.000000
vn 0.000000 1.000000 0.000000
vn 0.000000 1.000000 0.000000
vn 0.000000 1.000000 -0.000000
vn 0.000000 1.000000 0.000000
vn 0.000000 1.000000 0.000000
vn 0.000000 1.000000 -0.000000
vn 0.000000 1.000000 0.000000
vn 0.000000 1.000000 -0.000000
vn 0.000000 1.000000 0.000000
vn 0.000000 1.000000 0.000000
vn 0.000000 1.000000 0.000000
vn 0.000000 1.000000 0.000000
vn 0.000000 1.000000 -0.000000
vn 0.000000 1.000000 0.000000
vn 0.000000 1.000000 -0.000000
vn 0.000000 1.000000 0.000000
vn -0.000000 1.000000 0.000000
vn 0.000000 1.000000 -0.000000
vn 0.000000 1.000000 0.000000
vn -0.000000 1.000000 0.000000
vn 0.000000 1.000000 -0.000000
vn 0.000000 1.000000 0.000000
vn 0.000000 1.000000 -0.000000
vn 0.000000 1.000000 0.000000
vn 0.000000 1.000000 0.000000
vn 0.000000 1.000000 0.000000
vn 0.000000 1.000000 0.000000
vn 0.000000 1.000000 -0.000000
vn 0.000000 1.000000 -0.000000
vn 0.000000 1.000000 0.000000
vn -0.000000 1.000000 0.000000
vn 0.000000 1.000000 0.000000
vn 0.000000 1.000000 0.000000
vn 0.000000 1.000000 0.000000
vn 0.000000 1.000000 0.000000
vn 0.000000 1.000000 0.000000
vn 0.000000 1.000000 0.000000
vn 0.000000 1.000000 0.000000
vn 0.000000 1.000000 -0.000000
vn -0.000000 1.000000 0.000000
vn 0.000000 1.000000 0.000000
vn 0.000000 1.000000 0.000000
vn 0.000000 1.000000 -0.000000
vn -0.000000 1.000000 0.000000
vn 0.000000 1.000000 0.000000
vn 0.000000 1.000000 0.000000
vn 0.000000 1.000000 -0.000000
vn -0.000000 1.000000 0.000000
vn 0.000000 1.000000 0.000000
vn 0.000000 1.000000 0.000000
vn 0.000000 1.000000 -0.000000
vn -0.000000 1.000000 0.000000
vn 0.000000 1.000000 0.000000
vn 0.000000 1.000000 0.000000
vn 0.000000 1.000000 -0.000000
vn -0.000000 1.000000 0.000000
vn 0.000000 1.000000 0.000000
vn 0.000000 1.000000 0.000000
vn 0.000000 1.000000 -0.000000
vn -0.000000 1.000000 0.000000
vn 0.000000 1.000000 0.000000
vn 0.000000 1.000000 0.000000
vn -0.000000 1.000000 0.000000
vn 0.000000 1.000000 0.000000
vn 0.000000 1.000000 0.000000
vn 0.000000 1.000000 0.000000
vn -0.000000 1.000000 0.000000
vn 0.000000 1.000000 0.000000
vn 0.000000 1.000000 0.000000
vn 0.000000 1.000000 0.000000
vn -0.000000 1.000000 0.000000
vn 0.000000 1.000000 0.000000
vn 0.000000 1.000000 0.000000
vn 0.000000 1.000000 0.000000
vn 0.000000 1.000000 0.000000
vn 0.000000 1.000000 0.000000
vn 0.000000 1.000000 0.000000
vn 0.000000 1.000000 0.000000
vn 0.000000 1.000000 0.000000
vn 0.000000 1.000000 0.000000
vn 0.000000 1.000000 0.000000
vn 0.000000 1.000000 0.000000
vn 0.000000 1.000000 0.000000
vn 0.000000 1.000000 0.000000
vn 0.000000 1.000000 0.000000
vn 0.000000 1.000000 0.000000
vn 0.000000 1.000000 0.000000
vn 0.000000 1.000000 0.000000
vn 0.000000 1.000000 0.000000
vn 0.000000 1.000000 0.000000
vn 0.000000 1.000000 0.000000
vn 0.000000 1.000000 0.000000
vn -0.000000 1.000000 0.000000
vn -0.000000 1.000000 0.000000
vn 0.000000 1.000000 0.000000
vn 0.000000 1.000000 0.000000
vn 0.000000 1.000000 0.000000
vn 0.000000 1.000000 0.000000
vn 0.000000 1.000000 0.000000
vn 0.000000 1.000000 0.000000
vn 0.000000 1.000000 0.000000
vn 0.000000 1.000000 0.000000
vn 0.000000 1.000000 0.000000
vn 0.000000 1.000000 0.000000
vn -0.000000 1.000000 0.000000
vn -0.000000 1.000000 0.000000
vn 0.000000 1.000000 0.000000
vn 0.000000 1.000000 0.000000
vn -0.000000 1.000000 0.000000
vn -0.000000 1.000000 0.000000
vn 0.000000 1.000000 0.000000
vn 0.000000 1.000000 0.000000
vn 0.000000 1.000000 0.000000
vn -0.000000 1.000000 0.000000
vn 0.000000 1.000000 0.000000
vn 0.000000 1.000000 0.000000
vn 0.000000 1.000000 0.000000
vn -0.000000 1.000000 0.000000
vn 0.000000 1.000000 0.000000
vn 0.000000 1.000000 0.000000
vn 0.000000 1.000000 0.000000
vn -0.000000 1.000000 0.000000
vn 0.000000 1.000000 -0.000000
vn 0.000000 1.000000 0.000000
vn 0.000000 1.000000 0.000000
vn 0.000000 1.000000 -0.000000
vn -0.000000 1.000000 0.000000
vn 0.000000 1.000000 0.000000
vn 0.000000 1.000000 0.000000
vn 0.000000 1.000000 -0.000000
vn -0.000000 1.000000 0.000000
vn 0.000000 1.000000 0.000000
vn 0.000000 1.000000 0.000000
vn -0.000000 1.000000 0.000000
vn 0.000000 1.000000 -0.000000
vn 0.000000 1.000000 0.000000
vn 0.000000 1.000000 0.000000
vn -0.000000 1.000000 0.000000
vn 0.000000 1.000000 -0.000000
vn 0.000000 1.000000 0.000000
vn 0.000000 1.000000 0.000000
vn 0.000000 1.000000 0.000000
vn 0.000000 1.000000 0.000000
vn 0.000000 1.000000 0.000000
vn 0.000000 1.000000 0.000000
vn 0.000000 1.000000 0.000000
vn 0.000000 1.000000 0.000000
vn 0.000000 1.000000 0.000000
vn 0.000000 1.000000 0.000000
vn 0.000000 1.000000 0.000000
vn 0.000000 1.000000 0.000000
vn 0.000000 1.000000 0.000000
vn 0.000000 1.000000 0.000000
vn 0.000000 1.000000 0.000000
vn -0.000000 1.000000 0.000000
vn 0.000000 1.000000 -0.000000
vn 0.000000 1.000000 0.000000
vn 0.000000 1.000000 0.000000
vn 0.000000 1.000000 0.000000
vn 0.000000 1.000000 0.000000
vn 0.000000 1.000000 -0.000000
vn -0.000000 1.000000 0.000000
vn 0.000000 1.000000 0.000000
vn 0.000000 1.000000 0.000000
vn 0.000000 1.000000 0.000000
vn 0.000000 1.000000 0.000000
vn 0.000000 1.000000 0.000000
vn 0.000000 1.000000 0.000000
vn -0.000000 1.000000 0.000000
vn 0.000000 1.000000 -0.000000
vn -0.000000 1.000000 0.000000
vn -0.000000 1.000000 0.000000
vn -0.000000 1.000000 0.000000
vn 0.000000 1.000000 0.000000
vn 0.000000 1.000000 0.000000
vn -0.000000 1.000000 0.000000
vn 0.000000 1.000000 -0.000000
vn 0.000000 1.000000 -0.000000
vn -0.000000 1.000000 0.000000
vn -0.000000 1.000000 0.000000
vn -0.000000 1.000000 0.000000
vn -0.000000 1.000000 0.000000
vn -0.000000 1.000000 0.000000
vn -0.000000 1.000000 0.000000
vn -0.000000 1.000000 0.000000
vn -0.000000 1.000000 0.000000
vn -0.000000 1.000000 0.000000
vn -0.000000 1.000000 0.000000
vn -0.000000 1.000000 0.000000
vn -0.000000 1.000000 0.000000
vn -0.000000 1.000000 0.000000
vn -0.000000 1.000000 0.000000
vn -0.000000 1.000000 0.000000
vn -0.000000 1.000000 -0.000000
vn -0.000000 1.000000 0.000000
vn -0.000000 1.000000 -0.000000
vn -0.000000 1.000000 0.000000
vn -0.000000 1.000000 -0.000000
vn -0.000000 1.000000 -0.000000
vn -0.000000 1.000000 0.000000
vn -0.000000 1.000000 0.000000
vn -0.000000 1.000000 0.000000
vn -0.000000 1.000000 0.000000
vn -0.000000 1.000000 0.000000
vn -0.000000 1.000000 0.000000
vn -0.000000 1.000000 0.000000
vn -0.000000 1.000000 0.000000
vn -0.000000 1.000000 -0.000000
vn -0.000000 1.000000 0.000000
vn -0.000000 1.000000 0.000000
vn -0.000000 1.000000 -0.000000
vn -0.000000 1.000000 0.000000
vn -0.000000 1.000000 -0.000000
vn -0.000000 1.000000 0.000000
vn -0.000000 1.000000 -0.000000
vn -0.000000 1.000000 -0.000000
vn -0.000000 1.000000 0.000000
vn 0.000000 1.000000 -0.000000
vn -0.000000 1.000000 0.000000
vn -0.000000 1.000000 -0.000000
vn -0.000000 1.000000 0.000000
vn -0.000000 1.000000 -0.000000
vn -0.000000 1.000000 0.000000
vn 0.000000 1.000000 0.000000
vn -0.000000 1.000000 0.000000
vn -0.000000 1.000000 0.000000
vn -0.000000 1.000000 0.000000
vn -0.000000 1.000000 0.000000
vn -0.000000 1.000000 0.000000
vn 0.000000 1.000000 0.000000
vn -0.000000 1.000000 0.000000
vn -0.000000 1.000000 0.000000
vn -0.000000 1.000000 0.000000
vn -0.000000 1.000000 0.000000
vn 0.000000 1.000000 0.000000
vn 0.000000 1.000000 0.000000
vn -0.000000 1.000000 0.000000
vn 0.000000 1.000000 0.000000
vn 0.000000 1.000000 0.000000
vn 0.000000 1.000000 0.000000
vn 0.000000 1.000000 0.000000
vn -0.000000 1.000000 0.000000
vn -0.000000 1.000000 0.000000
vn 0.000000 1.000000 0.000000
vn -0.000000 1.000000 0.000000
vn 0.000000 1.000000 0.000000
vn 0.000000 1.000000 0.000000
vn 0.000000 1.000000 0.000000
vn 0.000000 1.000000 0.000000
vn 0.000000 1.000000 0.000000
vn 0.000000 1.000000 0.000000
vn -0.000000 1.000000 0.000000
vn 0.000000 1.000000 0.000000
vn 0.000000 1.000000 0.000000
vn 0.000000 1.000000 0.000000
vn 0.000000 1.000000 0.000000
vn 0.000000 1.000000 0.000000
vn 0.000000 1.000000 0.000000
vn -0.000000 1.000000 0.000000
vn 0.000000 1.000000 0.000000
vn 0.000000 1.000000 0.000000
vn 0.000000 1.000000 0.000000
vn 0.000000 1.000000 0.000000
vn 0.000000 1.000000 0.000000
vn 0.000000 1.000000 0.000000
vn 0.000000 1.000000 0.000000
vn -0.000000 1.000000 0.000000
vn -0.000000 1.000000 0.000000
vn 0.000000 1.000000 0.000000
vn -0.000000 1.000000 0.000000
vn -0.000000 1.000000 0.000000
vn -0.000000 1.000000 0.000000
vn -0.000000 1.000000 0.000000
vn 0.000000 1.000000 0.000000
vn -0.000000 1.000000 0.000000
vn -0.000000 1.000000 0.000000
vn -0.000000 1.000000 0.000000
vn -0.000000 1.000000 0.000000
vn -0.000000 1.000000 0.000000
vn -0.000000 1.000000 0.000000
vn -0.000000 1.000000 0.000000
vn 0.000000 1.000000 0.000000
vn -0.000000 1.000000 0.000000
vn 0.000000 1.000000 0.000000
vn -0.000000 1.000000 0.000000
vn -0.000000 1.000000 0.000000
vn -0.000000 1.000000 0.000000
vn 0.000000 1.000000 0.000000
vn -0.000000 1.000000 0.000000
vn 0.000000 1.000000 0.000000
vn -0.000000 1.000000 0.000000
vn 0.000000 1.000000 0.000000
vn -0.000000 1.000000 0.000000
vn 0.000000 1.000000 0.000000
vn 0.000000 1.000000 0.000000
vn -0.000000 1.000000 0.000000
vn -0.000000 1.000000 0.000000
vn 0.000000 1.000000 0.000000
vn -0.000000 1.000000 0.000000
vn 0.000000 1.000000 0.000000
vn -0.000000 1.000000 0.000000
vn 0.000000 1.000000 0.000000
vn -0.000000 1.000000 0.000000
vn 0.000000 1.000000 0.000000
vn -0.000000 1.000000 0.000000
vn 0.000000 1.000000 0.000000
vn 0.000000 1.000000 0.000000
vn -0.000000 1.000000 0.000000
vn -0.000000 1.000000 0.000000
vn 0.000000 1.000000 0.000000
vn 0.000000 1.000000 0.000000
vn -0.000000 1.000000 0.000000
vn 0.000000 1.000000 0.000000
vn -0.000000 1.000000 0.000000
vn 0.000000 1.000000 0.000000
vn -0.000000 1.000000 0.000000
vn 0.000000 1.000000 0.000000
vn -0.000000 1.000000 0.000000
vn 0.000000 1.000000 0.000000
vn -0.000000 1.000000 0.000000
vn 0.000000 1.000000 0.000000
vn -0.000000 1.000000 0.000000
vn 0.000000 1.000000 0.000000
vn 0.000000 1.000000 0.000000
vn -0.000000 1.000000 0.000000
vn -0.000000 1.000000 0.000000
vn 0.000000 1.000000 0.000000
vn 0.000000 1.000000 0.000000
vn 0.000000 1.000000 0.000000
vn 0.000000 1.000000 0.000000
vn 0.000000 1.000000 0.000000
vn 0.000000 1.000000 0.000000
vn 0.000000 1.000000 0.000000
vn 0.000000 1.000000 0.000000
vn 0.000000 1.000000 0.000000
vn 0.000000 1.000000 0.000000
vn 0.000000 1.000000 0.000000
vn 0.000000 1.000000 0.000000
vn 0.000000 1.000000 0.000000
vn 0.000000 1.000000 0.000000
vn 0.000000 1.000000 0.000000
vn 0.000000 1.000000 0.000000
vn 0.000000 1.000000 0.000000
vn 0.000000 1.000000 0.000000
vn 0.000000 1.000000 0.000000
vn -0.000000 1.000000 0.000000
vn -0.000000 1.000000 0.000000
vn -0.000000 1.000000 0.000000
vn -0.000000 1.000000 0.000000
vn -0.000000 1.000000 0.000000
vn -0.000000 1.000000 0.000000
vn -0.000000 1.000000 0.000000
vn -0.000000 1.000000 0.000000
vn -0.000000 1.000000 0.000000
vn -0.000000 1.000000 0.000000
vn -0.000000 1.000000 0.000000
vn -0.000000 1.000000 0.000000
vn -0.000000 1.000000 0.000000
vn -0.000000 1.000000 0.000000
vn -0.000000 1.000000 0.000000
vn -0.000000 1.000000 0.000000
vn -0.000000 1.000000 0.000000
vn -0.000000 1.000000 0.000000
vn 0.000000 1.000000 0.000000
vn 0.000000 1.000000 0.000000
vn 0.000000 1.000000 0.000000
vn 0.000000 1.000000 0.000000
vn 0.000000 1.000000 0.000000
vn 0.000000 1.000000 0.000000
vn 0.000000 1.000000 0.000000
vn 0.000000 1.000000 0.000000
vn 0.000000 1.000000 0.000000
vn 0.000000 1.000000 0.000000
vn 0.000000 1.000000 0.000000
vn 0.000000 1.000000 0.000000
vn 0.000000 1.000000 0.000000
vn 0.000000 1.000000 0.000000
vn 0.000000 1.000000 0.000000
vn 0.000000 1.000000 0.000000
vn 0.000000 1.000000 0.000000
vn 0.000000 1.000000 0.000000
vn 0.000000 1.000000 0.000000
vn 0.000000 1.000000 0.000000
vn 0.000000 1.000000 0.000000
vn 0.000000 1.000000 0.000000
vn 0.000000 1.000000 0.000000
vn 0.000000 1.000000 0.000000
vn 0.000000 1.000000 0.000000
vn 0.000000 1.000000 0.000000
vn 0.000000 1.000000 0.000000
vn 0.000000 1.000000 0.000000
vn 0.000000 1.000000 0.000000
vn 0.000000 1.000000 0.000000
vn 0.000000 1.000000 0.000000
vn 0.000000 1.000000 0.000000
vn 0.000000 1.000000 0.000000
vn 0.000000 1.000000 0.000000
vn 0.000000 1.000000 0.000000
vn 0.000000 1.000000 0.000000
vn 0.000000 1.000000 0.000000
vn 0.000000 1.000000 0.000000
vn -0.035075 0.000000 0.999385
vn -0.035075 0.000000 0.999385
vn 0.998200 0.000000 0.059978
vn 0.998200 -0.000000 0.059978
vn 0.993969 -0.000000 0.109660
vn 0.993969 0.000000 0.109660
vn 0.987268 -0.000000 0.159068
vn 0.978111 -0.000000 0.208084
vn 0.987268 0.000000 0.159068
vn 0.978111 -0.000000 0.208084
vn 0.966523 -0.000000 0.256580
vn 0.966523 0.000000 0.256580
vn 0.952532 -0.000000 0.304440
vn 0.952532 0.000000 0.304440
vn 0.936173 -0.000000 0.351538
vn 0.917487 -0.000000 0.397767
vn 0.936173 0.000000 0.351538
vn 0.917487 -0.000000 0.397767
vn 0.896520 -0.000000 0.443004
vn 0.896520 0.000000 0.443004
vn 0.873323 -0.000000 0.487142
vn 0.873323 0.000000 0.487142
vn 0.847956 -0.000000 0.530067
vn 0.820479 -0.000000 0.571676
vn 0.847956 0.000000 0.530067
vn 0.820479 -0.000000 0.571676
vn 0.790963 0.000000 0.611864
vn 0.790963 -0.000000 0.611864
vn 0.759482 0.000000 0.650528
vn 0.759482 -0.000000 0.650528
vn 0.726112 -0.000000 0.687577
vn 0.726112 0.000000 0.687577
vn 0.690935 -0.000000 0.722917
vn 0.690935 -0.000000 0.722917
vn 0.654042 -0.000000 0.756459
vn 0.654042 0.000000 0.756459
vn 0.615524 -0.000000 0.788118
vn 0.615524 0.000000 0.788118
vn 0.575475 -0.000000 0.817820
vn 0.575475 0.000000 0.817820
vn 0.533993 -0.000000 0.845489
vn 0.533993 0.000000 0.845489
vn 0.491185 -0.000000 0.871055
vn 0.491185 0.000000 0.871055
vn 0.447156 -0.000000 0.894456
vn 0.447156 0.000000 0.894456
vn 0.402016 -0.000000 0.915633
vn 0.402016 0.000000 0.915633
vn 0.355875 -0.000000 0.934533
vn 0.308851 -0.000000 0.951110
vn 0.355875 0.000000 0.934533
vn 0.308851 -0.000000 0.951110
vn 0.261057 -0.000000 0.965323
vn 0.261057 0.000000 0.965323
vn 0.212615 -0.000000 0.977136
vn 0.212615 0.000000 0.977136
vn 0.163645 -0.000000 0.986519
vn 0.163645 0.000000 0.986519
vn 0.114268 -0.000000 0.993450
vn 0.114268 0.000000 0.993450
vn 0.064606 -0.000000 0.997911
vn 0.064606 0.000000 0.997911
vn 0.014784 -0.000000 0.999891
vn 0.014784 0.000000 0.999891
vn -0.035075 0.000000 0.999385
vn -0.035075 0.000000 0.999385
vn -0.084847 0.000000 0.996394
vn -0.084847 0.000000 0.996394
vn -0.134407 0.000000 0.990926
vn -0.134407 0.000000 0.990926
vn -0.183633 0.000000 0.982995
vn -0.183633 0.000000 0.982995
vn -0.232403 0.000000 0.972620
vn -0.232403 0.000000 0.972620
vn -0.280595 0.000000 0.959826
vn -0.280595 0.000000 0.959826
vn -0.328090 0.000000 0.944647
vn -0.328090 0.000000 0.944647
vn -0.374771 0.000000 0.927117
vn -0.374771 0.000000 0.927117
vn -0.420515 0.000000 0.907286
vn -0.420515 0.000000 0.907286
vn -0.465218 0.000000 0.885196
vn -0.465218 0.000000 0.885196
vn -0.508764 0.000000 0.860906
vn -0.508764 0.000000 0.860906
vn -0.551043 0.000000 0.834477
vn -0.551043 0.000000 0.834477
vn -0.591953 0.000000 0.805972
vn -0.591953 0.000000 0.805972
vn -0.631393 0.000000 0.775463
vn -0.631393 0.000000 0.775463
vn -0.669260 0.000000 0.743028
vn -0.669260 0.000000 0.743028
vn -0.705465 0.000000 0.708745
vn -0.705465 0.000000 0.708745
vn -0.739917 0.000000 0.672699
vn -0.739917 0.000000 0.672699
vn -0.772530 0.000000 0.634978
vn -0.772530 0.000000 0.634978
vn -0.803218 0.000000 0.595685
vn -0.803218 0.000000 0.595685
vn -0.831912 0.000000 0.554907
vn -0.831912 0.000000 0.554907
vn -0.858539 0.000000 0.512748
vn -0.858539 0.000000 0.512748
vn -0.883031 0.000000 0.469316
vn -0.905327 0.000000 0.424716
vn -0.883031 0.000000 0.469316
vn -0.905327 0.000000 0.424716
vn -0.925370 0.000000 0.379066
vn -0.943115 0.000000 0.332466
vn -0.925370 0.000000 0.379066
vn -0.943115 0.000000 0.332466
vn -0.958515 0.000000 0.285040
vn -0.958515 0.000000 0.285040
vn -0.971531 0.000000 0.236911
vn -0.982133 0.000000 0.188190
vn -0.971531 0.000000 0.236911
vn -0.982133 0.000000 0.188190
vn -0.990293 0.000000 0.138999
vn -0.990293 0.000000 0.138999
vn -0.995990 0.000000 0.089464
vn -0.995990 0.000000 0.089464
vn -0.999211 0.000000 0.039711
vn -0.999211 0.000000 0.039711
vn -0.999948 0.000000 -0.010152
vn -0.999948 0.000000 -0.010152
vn -0.998200 0.000000 -0.059975
vn -0.998200 0.000000 -0.059975
vn -0.993969 0.000000 -0.109665
vn -0.993969 0.000000 -0.109665
vn -0.987268 0.000000 -0.159068
vn -0.987268 0.000000 -0.159068
vn -0.978111 0.000000 -0.208083
vn -0.978111 0.000000 -0.208083
vn -0.966523 0.000000 -0.256580
vn -0.966523 0.000000 -0.256580
vn -0.952532 0.000000 -0.304439
vn -0.952532 0.000000 -0.304439
vn -0.936175 0.000000 -0.351536
vn -0.936175 0.000000 -0.351536
vn -0.917487 0.000000 -0.397767
vn -0.917487 0.000000 -0.397767
vn -0.896518 0.000000 -0.443007
vn -0.896518 0.000000 -0.443007
vn -0.873324 0.000000 -0.487140
vn -0.873324 0.000000 -0.487140
vn -0.847956 0.000000 -0.530066
vn -0.847956 0.000000 -0.530066
vn -0.820480 0.000000 -0.571675
vn -0.820480 0.000000 -0.571675
vn -0.790962 0.000000 -0.611865
vn -0.790962 0.000000 -0.611865
vn -0.759481 0.000000 -0.650529
vn -0.759481 0.000000 -0.650529
vn -0.726113 0.000000 -0.687575
vn -0.726113 0.000000 -0.687575
vn -0.690935 0.000000 -0.722917
vn -0.690935 0.000000 -0.722917
vn -0.654043 0.000000 -0.756457
vn -0.654043 0.000000 -0.756457
vn -0.615521 0.000000 -0.788120
vn -0.615521 0.000000 -0.788120
vn -0.575474 0.000000 -0.817820
vn -0.575474 0.000000 -0.817820
vn -0.533993 0.000000 -0.845489
vn -0.533993 0.000000 -0.845489
vn -0.491187 0.000000 -0.871054
vn -0.447157 0.000000 -0.894455
vn -0.491187 0.000000 -0.871054
vn -0.447157 0.000000 -0.894455
vn -0.402016 0.000000 -0.915632
vn -0.355870 0.000000 -0.934536
vn -0.402016 0.000000 -0.915632
vn -0.355870 0.000000 -0.934536
vn -0.308854 0.000000 -0.951110
vn -0.308854 0.000000 -0.951110
vn -0.261060 0.000000 -0.965322
vn -0.261060 0.000000 -0.965322
vn -0.212612 0.000000 -0.977137
vn -0.212612 0.000000 -0.977137
vn -0.163642 0.000000 -0.986520
vn -0.163642 0.000000 -0.986520
vn -0.114269 0.000000 -0.993450
vn -0.114269 0.000000 -0.993450
vn -0.064607 0.000000 -0.997911
vn -0.064607 0.000000 -0.997911
vn -0.014786 0.000000 -0.999891
vn -0.014786 0.000000 -0.999891
vn 0.035077 0.000000 -0.999385
vn 0.035077 0.000000 -0.999385
vn 0.084846 0.000000 -0.996394
vn 0.084846 0.000000 -0.996394
vn 0.134405 0.000000 -0.990926
vn 0.134405 0.000000 -0.990926
vn 0.183635 0.000000 -0.982994
vn 0.183635 0.000000 -0.982994
vn 0.232404 0.000000 -0.972619
vn 0.232404 0.000000 -0.972619
vn 0.280592 0.000000 -0.959827
vn 0.280592 0.000000 -0.959827
vn 0.328092 0.000000 -0.944646
vn 0.328092 0.000000 -0.944646
vn 0.374771 0.000000 -0.927118
vn 0.420513 0.000000 -0.907287
vn 0.374771 0.000000 -0.927118
vn 0.420513 0.000000 -0.907287
vn 0.465218 0.000000 -0.885196
vn 0.465218 0.000000 -0.885196
vn 0.508764 0.000000 -0.860906
vn 0.551045 0.000000 -0.834476
vn 0.508764 0.000000 -0.860906
vn 0.551045 0.000000 -0.834476
vn 0.591953 0.000000 -0.805972
vn 0.631392 0.000000 -0.775464
vn 0.591953 0.000000 -0.805972
vn 0.631392 0.000000 -0.775464
vn 0.669261 0.000000 -0.743027
vn 0.705464 0.000000 -0.708745
vn 0.669261 0.000000 -0.743027
vn 0.739917 0.000000 -0.672698
vn 0.705464 0.000000 -0.708745
vn 0.739917 0.000000 -0.672698
vn 0.772528 0.000000 -0.634981
vn 0.772528 0.000000 -0.634981
vn 0.803220 0.000000 -0.595683
vn 0.803220 0.000000 -0.595683
vn 0.831913 0.000000 -0.554906
vn 0.831913 0.000000 -0.554906
vn 0.858539 0.000000 -0.512748
vn 0.858539 0.000000 -0.512748
vn 0.883031 0.000000 -0.469315
vn 0.883031 0.000000 -0.469315
vn 0.905325 0.000000 -0.424719
vn 0.905325 0.000000 -0.424719
vn 0.925371 0.000000 -0.379064
vn 0.925371 0.000000 -0.379064
vn 0.943116 0.000000 -0.332465
vn 0.958515 0.000000 -0.285044
vn 0.943116 0.000000 -0.332465
vn 0.958515 0.000000 -0.285044
vn 0.971531 0.000000 -0.236911
vn 0.971531 0.000000 -0.236911
vn 0.982133 0.000000 -0.188189
vn 0.982133 0.000000 -0.188189
vn 0.990292 0.000000 -0.138999
vn 0.995990 0.000000 -0.089462
vn 0.990292 0.000000 -0.138999
vn 0.995990 0.000000 -0.089462
vn 0.999211 0.000000 -0.039709
vn 0.999948 -0.000000 0.010150
vn 0.999211 0.000000 -0.039709
vn 0.999948 -0.000000 0.010150
vn -0.998197 -0.000000 -0.060022
vn -0.993967 -0.000000 -0.109677
vn -0.998197 0.000000 -0.060022
vn -0.987277 -0.000000 -0.159010
vn -0.993967 0.000000 -0.109677
vn -0.987277 0.000000 -0.159010
vn -0.978109 0.000000 -0.208095
vn -0.978109 0.000000 -0.208095
vn -0.966517 0.000000 -0.256604
vn -0.952531 -0.000000 -0.304443
vn -0.966517 0.000000 -0.256604
vn -0.952531 0.000000 -0.304443
vn -0.936166 0.000000 -0.351559
vn -0.917514 -0.000000 -0.397704
vn -0.936166 0.000000 -0.351559
vn -0.917514 0.000000 -0.397704
vn -0.896515 0.000000 -0.443014
vn -0.896515 0.000000 -0.443014
vn -0.873300 0.000000 -0.487183
vn -0.873300 0.000000 -0.487183
vn -0.847956 0.000000 -0.530067
vn -0.847956 0.000000 -0.530067
vn -0.820487 -0.000000 -0.571665
vn -0.820487 0.000000 -0.571665
vn -0.790975 -0.000000 -0.611848
vn -0.790975 0.000000 -0.611848
vn -0.759492 0.000000 -0.650517
vn -0.759492 0.000000 -0.650517
vn -0.726083 0.000000 -0.687607
vn -0.690941 -0.000000 -0.722911
vn -0.726083 0.000000 -0.687607
vn -0.690941 0.000000 -0.722911
vn -0.654072 0.000000 -0.756432
vn -0.615482 -0.000000 -0.788151
vn -0.654072 0.000000 -0.756432
vn -0.615482 0.000000 -0.788151
vn -0.575484 0.000000 -0.817813
vn -0.575484 0.000000 -0.817813
vn -0.534003 0.000000 -0.845483
vn -0.534003 0.000000 -0.845483
vn -0.491207 0.000000 -0.871043
vn -0.447136 -0.000000 -0.894466
vn -0.491207 0.000000 -0.871043
vn -0.447136 0.000000 -0.894466
vn -0.402025 0.000000 -0.915629
vn -0.402025 0.000000 -0.915629
vn -0.355859 0.000000 -0.934540
vn -0.308858 -0.000000 -0.951108
vn -0.355859 0.000000 -0.934540
vn -0.308858 0.000000 -0.951108
vn -0.261049 0.000000 -0.965326
vn -0.212606 -0.000000 -0.977138
vn -0.261049 0.000000 -0.965326
vn -0.212606 0.000000 -0.977138
vn -0.163641 0.000000 -0.986520
vn -0.114290 -0.000000 -0.993447
vn -0.163641 0.000000 -0.986520
vn -0.064592 -0.000000 -0.997912
vn -0.114290 0.000000 -0.993447
vn -0.064592 0.000000 -0.997912
vn -0.014792 0.000000 -0.999891
vn 0.035090 0.000000 -0.999384
vn -0.014792 0.000000 -0.999891
vn 0.084828 0.000000 -0.996396
vn 0.035090 0.000000 -0.999384
vn 0.084828 0.000000 -0.996396
vn 0.134406 0.000000 -0.990926
vn 0.183636 0.000000 -0.982994
vn 0.134406 0.000000 -0.990926
vn 0.232415 0.000000 -0.972617
vn 0.183636 0.000000 -0.982994
vn 0.280582 0.000000 -0.959830
vn 0.232415 0.000000 -0.972617
vn 0.280582 0.000000 -0.959830
vn 0.328089 0.000000 -0.944647
vn 0.328089 0.000000 -0.944647
vn 0.374754 0.000000 -0.927124
vn 0.374754 0.000000 -0.927124
vn 0.420539 0.000000 -0.907274
vn 0.420539 0.000000 -0.907274
vn 0.465201 0.000000 -0.885205
vn 0.465201 0.000000 -0.885205
vn 0.508779 0.000000 -0.860897
vn 0.508779 0.000000 -0.860897
vn 0.551027 0.000000 -0.834487
vn 0.551027 0.000000 -0.834487
vn 0.591967 0.000000 -0.805962
vn 0.591967 0.000000 -0.805962
vn 0.631389 0.000000 -0.775466
vn 0.631389 0.000000 -0.775466
vn 0.669274 0.000000 -0.743016
vn 0.669274 0.000000 -0.743016
vn 0.705457 0.000000 -0.708752
vn 0.705457 0.000000 -0.708752
vn 0.739915 0.000000 -0.672701
vn 0.739915 0.000000 -0.672701
vn 0.772538 0.000000 -0.634968
vn 0.772538 0.000000 -0.634968
vn 0.803193 0.000000 -0.595719
vn 0.831920 0.000000 -0.554896
vn 0.803193 0.000000 -0.595719
vn 0.831920 0.000000 -0.554896
vn 0.858545 0.000000 -0.512738
vn 0.858545 0.000000 -0.512738
vn 0.883032 0.000000 -0.469313
vn 0.883032 0.000000 -0.469313
vn 0.905304 0.000000 -0.424764
vn 0.905304 0.000000 -0.424764
vn 0.925397 0.000000 -0.378999
vn 0.925397 0.000000 -0.378999
vn 0.943114 0.000000 -0.332471
vn 0.943114 0.000000 -0.332471
vn 0.958509 0.000000 -0.285062
vn 0.971528 0.000000 -0.236925
vn 0.958509 0.000000 -0.285062
vn 0.971528 0.000000 -0.236925
vn 0.982130 0.000000 -0.188204
vn 0.982130 0.000000 -0.188204
vn 0.990301 0.000000 -0.138939
vn 0.990301 0.000000 -0.138939
vn 0.995989 0.000000 -0.089480
vn 0.995989 0.000000 -0.089480
vn 0.999210 0.000000 -0.039731
vn 0.999210 0.000000 -0.039731
vn 0.999948 -0.000000 0.010191
vn 0.999948 0.000000 0.010191
vn 0.998202 -0.000000 0.059941
vn 0.998202 0.000000 0.059941
vn 0.993967 -0.000000 0.109677
vn 0.993967 0.000000 0.109677
vn 0.987264 -0.000000 0.159090
vn 0.987264 0.000000 0.159090
vn 0.978125 -0.000000 0.208017
vn 0.978125 0.000000 0.208017
vn 0.966517 -0.000000 0.256604
vn 0.966517 0.000000 0.256604
vn 0.952531 -0.000000 0.304443
vn 0.952531 0.000000 0.304443
vn 0.936166 -0.000000 0.351559
vn 0.936166 0.000000 0.351559
vn 0.917484 -0.000000 0.397773
vn 0.917484 0.000000 0.397773
vn 0.896547 -0.000000 0.442948
vn 0.896547 0.000000 0.442948
vn 0.873300 -0.000000 0.487183
vn 0.873300 0.000000 0.487183
vn 0.847956 -0.000000 0.530067
vn 0.847956 0.000000 0.530067
vn 0.820487 -0.000000 0.571665
vn 0.820487 0.000000 0.571665
vn 0.790975 -0.000000 0.611848
vn 0.790975 0.000000 0.611848
vn 0.759452 -0.000000 0.650564
vn 0.759452 0.000000 0.650564
vn 0.726114 -0.000000 0.687574
vn 0.726114 0.000000 0.687574
vn 0.690952 -0.000000 0.722901
vn 0.690952 0.000000 0.722901
vn 0.654031 -0.000000 0.756467
vn 0.654031 0.000000 0.756467
vn 0.615521 -0.000000 0.788120
vn 0.615521 0.000000 0.788120
vn 0.575484 0.000000 0.817813
vn 0.575484 0.000000 0.817813
vn 0.534003 0.000000 0.845483
vn 0.534003 -0.000000 0.845483
vn 0.491157 0.000000 0.871071
vn 0.491157 -0.000000 0.871071
vn 0.447185 0.000000 0.894441
vn 0.447185 -0.000000 0.894441
vn 0.401995 0.000000 0.915642
vn 0.355886 0.000000 0.934529
vn 0.401995 -0.000000 0.915642
vn 0.355886 0.000000 0.934529
vn 0.308840 0.000000 0.951114
vn 0.308840 0.000000 0.951114
vn 0.261068 -0.000000 0.965321
vn 0.261068 0.000000 0.965321
vn 0.212606 -0.000000 0.977138
vn 0.212606 0.000000 0.977138
vn 0.163641 -0.000000 0.986520
vn 0.163641 0.000000 0.986520
vn 0.114290 -0.000000 0.993447
vn 0.114290 0.000000 0.993447
vn 0.064592 -0.000000 0.997912
vn 0.064592 0.000000 0.997912
vn 0.014770 -0.000000 0.999891
vn 0.014770 0.000000 0.999891
vn -0.035070 0.000000 0.999385
vn -0.035070 0.000000 0.999385
vn -0.084835 0.000000 0.996395
vn -0.084835 0.000000 0.996395
vn -0.134406 0.000000 0.990926
vn -0.134406 0.000000 0.990926
vn -0.183655 0.000000 0.982991
vn -0.183655 0.000000 0.982991
vn -0.232396 0.000000 0.972621
vn -0.280582 0.000000 0.959830
vn -0.232396 0.000000 0.972621
vn -0.328089 0.000000 0.944647
vn -0.280582 0.000000 0.959830
vn -0.328089 0.000000 0.944647
vn -0.374772 0.000000 0.927117
vn -0.374772 0.000000 0.927117
vn -0.420491 0.000000 0.907297
vn -0.465235 0.000000 0.885187
vn -0.420491 0.000000 0.907297
vn -0.465235 0.000000 0.885187
vn -0.508743 0.000000 0.860918
vn -0.551065 0.000000 0.834462
vn -0.508743 0.000000 0.860918
vn -0.591967 0.000000 0.805962
vn -0.551065 0.000000 0.834462
vn -0.591967 0.000000 0.805962
vn -0.631389 0.000000 0.775466
vn -0.669234 0.000000 0.743052
vn -0.631389 0.000000 0.775466
vn -0.669234 0.000000 0.743052
vn -0.705498 0.000000 0.708712
vn -0.705498 0.000000 0.708712
vn -0.739915 0.000000 0.672701
vn -0.739915 0.000000 0.672701
vn -0.772498 0.000000 0.635017
vn -0.772498 0.000000 0.635017
vn -0.803232 0.000000 0.595666
vn -0.803232 0.000000 0.595666
vn -0.831920 0.000000 0.554896
vn -0.831920 0.000000 0.554896
vn -0.858545 0.000000 0.512738
vn -0.858545 0.000000 0.512738
vn -0.883032 0.000000 0.469313
vn -0.883032 0.000000 0.469313
vn -0.905304 0.000000 0.424764
vn -0.905304 0.000000 0.424764
vn -0.925368 0.000000 0.379069
vn -0.925368 0.000000 0.379069
vn -0.943139 0.000000 0.332398
vn -0.943139 0.000000 0.332398
vn -0.958509 0.000000 0.285062
vn -0.958509 0.000000 0.285062
vn -0.971528 0.000000 0.236925
vn -0.971528 0.000000 0.236925
vn -0.982130 0.000000 0.188204
vn -0.982130 0.000000 0.188204
vn -0.990290 0.000000 0.139019
vn -0.990290 0.000000 0.139019
vn -0.995996 0.000000 0.089399
vn -0.995996 0.000000 0.089399
vn -0.999210 0.000000 0.039731
vn -0.999949 -0.000000 -0.010109
vn -0.999210 0.000000 0.039731
vn -0.999949 0.000000 -0.010109
vn 0.939554 -0.000000 0.342399
vn 0.939554 0.000000 0.342399
vn 0.921552 -0.000000 0.388255
vn 0.921552 0.000000 0.388255
vn 0.901310 -0.000000 0.433174
vn 0.901310 0.000000 0.433174
vn 0.878884 -0.000000 0.477035
vn 0.878884 0.000000 0.477035
vn 0.854320 -0.000000 0.519747
vn 0.854320 0.000000 0.519747
vn 0.827686 -0.000000 0.561192
vn 0.827686 0.000000 0.561192
vn 0.799042 -0.000000 0.601275
vn 0.799042 0.000000 0.601275
vn 0.768462 -0.000000 0.639895
vn 0.768462 0.000000 0.639895
vn 0.736008 -0.000000 0.676973
vn 0.736008 0.000000 0.676973
vn 0.701783 -0.000000 0.712391
vn 0.701783 0.000000 0.712391
vn 0.665835 0.000000 0.746099
vn 0.665835 0.000000 0.746099
vn 0.628284 -0.000000 0.777984
vn 0.628284 0.000000 0.777984
vn 0.589205 0.000000 0.807983
vn 0.589205 0.000000 0.807983
vn 0.548701 -0.000000 0.836019
vn 0.548701 0.000000 0.836019
vn 0.506854 0.000000 0.862032
vn 0.506854 -0.000000 0.862032
vn 0.463786 0.000000 0.885947
vn 0.463786 -0.000000 0.885947
vn 0.419591 0.000000 0.907713
vn 0.374374 0.000000 0.927278
vn 0.419591 -0.000000 0.907713
vn 0.374374 0.000000 0.927278
vn 0.328248 0.000000 0.944592
vn 0.328248 -0.000000 0.944592
vn 0.281329 0.000000 0.959611
vn 0.281329 -0.000000 0.959611
vn 0.233728 0.000000 0.972302
vn 0.233728 -0.000000 0.972302
vn 0.185555 0.000000 0.982634
vn 0.136932 0.000000 0.990580
vn 0.185555 -0.000000 0.982634
vn 0.136932 0.000000 0.990580
vn 0.087985 -0.000000 0.996122
vn 0.087985 0.000000 0.996122
vn 0.038812 0.000000 0.999247
vn 0.038812 0.000000 0.999247
vn -0.010445 0.000000 0.999945
vn -0.010445 0.000000 0.999945
vn -0.059684 0.000000 0.998217
vn -0.059684 0.000000 0.998217
vn -0.108771 0.000000 0.994067
vn -0.108771 0.000000 0.994067
vn -0.157598 0.000000 0.987503
vn -0.157598 0.000000 0.987503
vn -0.206043 0.000000 0.978543
vn -0.206043 0.000000 0.978543
vn -0.253989 0.000000 0.967207
vn -0.253989 0.000000 0.967207
vn -0.301316 0.000000 0.953524
vn -0.301316 0.000000 0.953524
vn -0.347912 0.000000 0.937527
vn -0.347912 0.000000 0.937527
vn -0.393662 0.000000 0.919255
vn -0.393662 0.000000 0.919255
vn -0.438460 0.000000 0.898751
vn -0.438460 0.000000 0.898751
vn -0.482195 0.000000 0.876064
vn -0.482195 0.000000 0.876064
vn -0.524752 0.000000 0.851255
vn -0.524752 0.000000 0.851255
vn -0.566044 0.000000 0.824375
vn -0.566044 0.000000 0.824375
vn -0.605959 0.000000 0.795496
vn -0.605959 0.000000 0.795496
vn -0.644401 0.000000 0.764688
vn -0.644401 0.000000 0.764688
vn -0.681278 0.000000 0.732025
vn -0.681278 0.000000 0.732025
vn -0.716508 0.000000 0.697578
vn -0.716508 0.000000 0.697578
vn -0.749995 0.000000 0.661444
vn -0.749995 0.000000 0.661444
vn -0.781657 0.000000 0.623708
vn -0.781657 0.000000 0.623708
vn -0.811431 0.000000 0.584449
vn -0.811431 0.000000 0.584449
vn -0.839230 0.000000 0.543777
vn -0.839230 0.000000 0.543777
vn -0.888655 0.000000 0.458577
vn -0.864994 0.000000 0.501782
vn -0.864994 0.000000 0.501782
vn -0.888655 0.000000 0.458577
vn -0.910164 0.000000 0.414247
vn -0.910164 0.000000 0.414247
vn -0.929460 0.000000 0.368923
vn -0.929460 0.000000 0.368923
vn -0.946504 0.000000 0.322692
vn -0.946504 0.000000 0.322692
vn -0.961247 0.000000 0.275688
vn -0.961247 0.000000 0.275688
vn 0.955228 -0.000000 0.295872
vn 0.955228 0.000000 0.295872
vn 0.968569 0.000000 0.248746
vn 0.979582 -0.000000 0.201043
vn 0.968569 0.000000 0.248746
vn 0.979582 0.000000 0.201043
vn 0.988244 0.000000 0.152883
vn 0.994543 -0.000000 0.104327
vn 0.988244 0.000000 0.152883
vn 0.994543 0.000000 0.104327
vn 0.998459 0.000000 0.055501
vn 0.998459 0.000000 0.055501
vn 0.999978 0.000000 0.006592
vn 0.999978 0.000000 0.006592
vn 0.999101 0.000000 -0.042404
vn 0.999101 0.000000 -0.042404
vn 0.995835 0.000000 -0.091169
vn 0.990175 0.000000 -0.139835
vn 0.995835 0.000000 -0.091169
vn 0.990175 0.000000 -0.139835
vn 0.982141 0.000000 -0.188144
vn 0.971759 0.000000 -0.235977
vn 0.982141 0.000000 -0.188144
vn 0.971759 0.000000 -0.235977
vn 0.959043 0.000000 -0.283259
vn 0.944024 0.000000 -0.329878
vn 0.959043 0.000000 -0.283259
vn 0.926759 0.000000 -0.375656
vn 0.944024 0.000000 -0.329878
vn 0.926759 0.000000 -0.375656
vn 0.907265 0.000000 -0.420560
vn 0.885585 0.000000 -0.464477
vn 0.907265 0.000000 -0.420560
vn 0.885585 0.000000 -0.464477
vn 0.861777 0.000000 -0.507287
vn 0.835945 0.000000 -0.548813
vn 0.861777 0.000000 -0.507287
vn 0.835945 0.000000 -0.548813
vn 0.808074 0.000000 -0.589081
vn 0.808074 0.000000 -0.589081
vn 0.778274 0.000000 -0.627925
vn 0.778274 0.000000 -0.627925
vn 0.746611 0.000000 -0.665261
vn 0.746611 0.000000 -0.665261
vn 0.713155 0.000000 -0.701007
vn 0.678002 0.000000 -0.735060
vn 0.713155 0.000000 -0.701007
vn 0.678002 0.000000 -0.735060
vn 0.641188 0.000000 -0.767384
vn 0.641188 0.000000 -0.767384
vn 0.602888 0.000000 -0.797826
vn 0.563100 0.000000 -0.826389
vn 0.602888 0.000000 -0.797826
vn 0.521999 0.000000 -0.852946
vn 0.563100 0.000000 -0.826389
vn 0.521999 0.000000 -0.852946
vn 0.479621 0.000000 -0.877476
vn 0.436096 0.000000 -0.899900
vn 0.479621 0.000000 -0.877476
vn 0.436096 0.000000 -0.899900
vn 0.391510 0.000000 -0.920174
vn 0.391510 0.000000 -0.920174
vn 0.346051 0.000000 -0.938216
vn 0.346051 0.000000 -0.938216
vn 0.299695 0.000000 -0.954035
vn 0.299695 0.000000 -0.954035
vn 0.252622 0.000000 -0.967565
vn 0.252622 0.000000 -0.967565
vn 0.204993 0.000000 -0.978763
vn 0.204993 0.000000 -0.978763
vn 0.156838 0.000000 -0.987624
vn 0.156838 0.000000 -0.987624
vn 0.108308 0.000000 -0.994117
vn 0.108308 0.000000 -0.994117
vn 0.059532 0.000000 -0.998226
vn 0.059532 0.000000 -0.998226
vn -0.973619 0.000000 0.228179
vn -0.973619 0.000000 0.228179
vn -0.983622 0.000000 0.180243
vn -0.991267 0.000000 0.131870
vn -0.983622 0.000000 0.180243
vn -0.991267 0.000000 0.131870
vn -0.996534 0.000000 0.083189
vn -0.999410 0.000000 0.034347
vn -0.996534 0.000000 0.083189
vn -0.999410 0.000000 0.034347
vn -0.999893 0.000000 -0.014617
vn -0.999893 -0.000000 -0.014617
vn -0.997979 -0.000000 -0.063551
vn -0.997979 0.000000 -0.063551
vn -0.993675 0.000000 -0.112297
vn -0.993675 -0.000000 -0.112297
vn -0.986988 -0.000000 -0.160794
vn -0.977933 -0.000000 -0.208920
vn -0.986988 0.000000 -0.160794
vn -0.977933 -0.000000 -0.208920
vn -0.966542 -0.000000 -0.256510
vn -0.952817 -0.000000 -0.303544
vn -0.966542 0.000000 -0.256510
vn -0.952817 -0.000000 -0.303544
vn -0.936826 -0.000000 -0.349796
vn -0.918592 -0.000000 -0.395207
vn -0.936826 0.000000 -0.349796
vn -0.898124 -0.000000 -0.439743
vn -0.918592 -0.000000 -0.395207
vn -0.898124 -0.000000 -0.439743
vn -0.875548 -0.000000 -0.483131
vn -0.850856 -0.000000 -0.525399
vn -0.875548 0.000000 -0.483131
vn -0.850856 -0.000000 -0.525399
vn -0.824098 -0.000000 -0.566447
vn -0.795420 -0.000000 -0.606059
vn -0.824098 0.000000 -0.566447
vn -0.795420 -0.000000 -0.606059
vn -0.764775 -0.000000 -0.644297
vn -0.764775 0.000000 -0.644297
vn -0.732345 -0.000000 -0.680933
vn -0.732345 0.000000 -0.680933
vn -0.698129 -0.000000 -0.715972
vn -0.698129 0.000000 -0.715972
vn -0.662256 -0.000000 -0.749277
vn -0.624794 -0.000000 -0.780790
vn -0.662256 0.000000 -0.749277
vn -0.624794 -0.000000 -0.780790
vn -0.585830 -0.000000 -0.810434
vn -0.585830 0.000000 -0.810434
vn -0.545470 -0.000000 -0.838130
vn -0.503774 -0.000000 -0.863835
vn -0.545470 0.000000 -0.838130
vn -0.460906 -0.000000 -0.887449
vn -0.503774 -0.000000 -0.863835
vn -0.460906 -0.000000 -0.887449
vn -0.416928 -0.000000 -0.908939
vn -0.371933 -0.000000 -0.928259
vn -0.416928 0.000000 -0.908939
vn -0.371933 -0.000000 -0.928259
vn -0.326056 -0.000000 -0.945350
vn -0.326043 0.000000 -0.945355
vn -0.279404 -0.000000 -0.960173
vn -0.279390 -0.000000 -0.960178
vn -0.232078 -0.000000 -0.972697
vn -0.232078 -0.000000 -0.972697
vn -0.184183 -0.000000 -0.982892
vn -0.184183 -0.000000 -0.982892
vn -0.135877 0.000000 -0.990726
vn -0.135877 -0.000000 -0.990726
vn -0.087207 0.000000 -0.996190
vn -0.087207 -0.000000 -0.996190
vn -0.038353 -0.000000 -0.999264
vn -0.038353 -0.000000 -0.999264
vn 0.010597 0.000000 -0.999944
vn 0.010597 0.000000 -0.999944
vn 0.035075 0.000000 -0.999385
vn 0.035075 0.000000 -0.999385
f 1//1 2//1 3//1
f 2//2 4//2 3//2
f 4//3 5//3 3//3
f 3//4 5//4 6//4
f 5//5 7//5 6//5
f 6//6 7//6 8//6
f 7//7 9//7 8//7
f 8//8 9//8 10//8
f 9//9 11//9 10//9
f 10//10 11//10 12//10
f 11//11 13//11 12//11
f 12//12 13//12 14//12
f 14//13 13//13 15//13
f 13//14 16//14 15//14
f 16//15 17//15 15//15
f 15//16 17//16 18//16
f 18//17 17//17 19//17
f 17//18 20//18 19//18
f 20//19 21//19 19//19
f 19//20 21//20 22//20
f 22//21 21//21 23//21
f 21//22 24//22 23//22
f 24//23 25//23 23//23
f 23//24 25//24 26//24
f 25//25 27//25 26//25
f 26//26 27//26 28//26
f 28//27 27//27 29//27
f 29//28 30//28 31//28
f 27//29 30//29 29//29
f 30//30 32//30 31//30
f 31//31 33//31 34//31
f 34//32 33//32 35//32
f 32//33 33//33 31//33
f 33//34 36//34 35//34
f 35//35 37//35 38//35
f 36//36 37//36 35//36
f 38//37 39//37 40//37
f 40//38 39//38 41//38
f 37//39 39//39 38//39
f 39//40 42//40 41//40
f 41//41 43//41 44//41
f 44//42 43//42 45//42
f 42//43 43//43 41//43
f 43//44 46//44 45//44
f 45//45 47//45 48//45
f 48//46 47//46 49//46
f 46//47 47//47 45//47
f 47//48 50//48 49//48
f 50//49 51//49 49//49
f 49//50 51//50 52//50
f 51//51 53//51 52//51
f 52//52 53//52 54//52
f 54//53 53//53 55//53
f 53//54 56//54 55//54
f 56//55 57//55 55//55
f 55//56 57//56 58//56
f 58//57 57//57 59//57
f 57//58 60//58 59//58
f 59//59 60//59 61//59
f 60//60 62//60 61//60
f 61//61 62//61 63//61
f 62//62 64//62 63//62
f 64//63 65//63 63//63
f 63//64 65//64 66//64
f 65//65 67//65 66//65
f 66//66 67//66 68//66
f 68//67 67//67 69//67
f 67//68 70//68 69//68
f 69//69 70//69 71//69
f 70//70 72//70 71//70
f 71//71 72//71 73//71
f 72//72 74//72 73//72
f 74//73 75//73 73//73
f 73//74 75//74 76//74
f 75//75 77//75 76//75
f 76//76 77//76 78//76
f 77//77 79//77 78//77
f 78//78 79//78 80//78
f 79//79 81//79 80//79
f 80//80 81//80 82//80
f 81//81 83//81 82//81
f 82//82 83//82 84//82
f 84//83 83//83 85//83
f 83//84 86//84 85//84
f 86//85 87//85 85//85
f 85//86 87//86 88//86
f 87//87 89//87 88//87
f 88//88 89//88 90//88
f 90//89 89//89 91//89
f 89//90 92//90 91//90
f 92//91 93//91 91//91
f 91//92 93//92 94//92
f 94//93 93//93 95//93
f 93//94 96//94 95//94
f 95//95 97//95 98//95
f 96//96 97//96 95//96
f 98//97 99//97 100//97
f 97//98 99//98 98//98
f 100//99 101//99 102//99
f 102//100 101//100 103//100
f 99//101 101//101 100//101
f 103//102 104//102 105//102
f 101//103 104//103 103//103
f 104//104 106//104 105//104
f 107//105 108//105 109//105
f 110//106 107//106 109//106
f 110//107 109//107 111//107
f 112//108 108//108 107//108
f 112//109 113//109 108//109
f 114//110 110//110 111//110
f 114//111 111//111 115//111
f 116//112 113//112 112//112
f 116//113 117//113 113//113
f 118//114 114//114 115//114
f 118//115 115//115 119//115
f 120//116 117//116 116//116
f 120//117 121//117 117//117
f 122//118 118//118 119//118
f 122//119 119//119 123//119
f 124//120 121//120 120//120
f 124//121 125//121 121//121
f 126//122 122//122 123//122
f 126//123 123//123 127//123
f 128//124 129//124 125//124
f 128//125 125//125 124//125
f 130//126 126//126 127//126
f 130//127 127//127 131//127
f 132//128 133//128 129//128
f 132//129 129//129 128//129
f 134//130 130//130 131//130
f 134//131 131//131 135//131
f 136//132 133//132 132//132
f 136//133 137//133 133//133
f 138//134 134//134 135//134
f 138//135 135//135 139//135
f 140//136 137//136 136//136
f 140//137 141//137 137//137
f 142//138 139//138 143//138
f 142//139 138//139 139//139
f 144//140 141//140 140//140
f 144//141 145//141 141//141
f 146//142 142//142 143//142
f 146//143 143//143 147//143
f 148//144 145//144 144//144
f 149//145 145//145 148//145
f 150//146 145//146 149//146
f 150//147 151//147 145//147
f 152//148 151//148 150//148
f 153//149 151//149 152//149
f 154//150 151//150 153//150
f 155//151 147//151 156//151
f 155//152 146//152 147//152
f 157//153 151//153 154//153
f 158//154 151//154 157//154
f 158//155 159//155 151//155
f 160//156 159//156 158//156
f 161//157 159//157 160//157
f 162//158 159//158 161//158
f 163//159 159//159 162//159
f 163//160 164//160 159//160
f 165//161 155//161 156//161
f 165//162 156//162 166//162
f 167//163 164//163 163//163
f 168//164 164//164 167//164
f 169//165 164//165 168//165
f 170//166 164//166 169//166
f 171//167 164//167 170//167
f 171//168 172//168 164//168
f 173//169 165//169 166//169
f 173//170 166//170 174//170
f 175//171 172//171 171//171
f 176//172 172//172 175//172
f 177//173 172//173 176//173
f 178//174 172//174 177//174
f 178//175 179//175 172//175
f 180//176 179//176 178//176
f 181//177 173//177 174//177
f 181//178 174//178 182//178
f 183//179 179//179 180//179
f 184//180 179//180 183//180
f 185//181 179//181 184//181
f 185//182 186//182 179//182
f 187//183 186//183 185//183
f 188//184 186//184 187//184
f 189//185 181//185 182//185
f 189//186 182//186 190//186
f 191//187 189//187 190//187
f 191//188 190//188 192//188
f 193//189 192//189 194//189
f 193//190 191//190 192//190
f 195//191 193//191 194//191
f 195//192 194//192 196//192
f 197//193 195//193 196//193
f 197//194 196//194 198//194
f 199//195 197//195 198//195
f 199//196 198//196 200//196
f 201//197 202//197 203//197
f 204//198 203//198 202//198
f 205//199 202//199 201//199
f 205//200 206//200 202//200
f 207//201 204//201 202//201
f 207//202 202//202 186//202
f 208//203 206//203 205//203
f 209//204 207//204 186//204
f 210//205 206//205 208//205
f 211//206 209//206 186//206
f 211//207 186//207 188//207
f 212//208 206//208 210//208
f 213//209 188//209 214//209
f 213//210 214//210 215//210
f 213//211 211//211 188//211
f 216//212 206//212 212//212
f 216//213 217//213 206//213
f 218//214 213//214 215//214
f 219//215 217//215 216//215
f 220//216 218//216 215//216
f 220//217 215//217 221//217
f 222//218 217//218 219//218
f 223//219 221//219 224//219
f 223//220 220//220 221//220
f 225//221 217//221 222//221
f 226//222 223//222 224//222
f 226//223 224//223 227//223
f 228//224 217//224 225//224
f 229//225 227//225 230//225
f 229//226 226//226 227//226
f 231//227 232//227 217//227
f 231//228 217//228 228//228
f 233//229 229//229 230//229
f 233//230 230//230 234//230
f 235//231 232//231 231//231
f 236//232 234//232 237//232
f 236//233 233//233 234//233
f 238//234 232//234 235//234
f 239//235 236//235 237//235
f 239//236 237//236 240//236
f 241//237 199//237 200//237
f 241//238 200//238 242//238
f 243//239 232//239 238//239
f 244//240 239//240 240//240
f 244//241 240//241 245//241
f 244//242 245//242 246//242
f 247//243 248//243 232//243
f 247//244 232//244 243//244
f 249//245 246//245 250//245
f 249//246 244//246 246//246
f 251//247 248//247 247//247
f 252//248 249//248 250//248
f 253//249 248//249 251//249
f 254//250 248//250 253//250
f 255//251 248//251 254//251
f 256//252 248//252 255//252
f 256//253 257//253 248//253
f 258//254 257//254 256//254
f 106//255 257//255 258//255
f 259//256 242//256 260//256
f 259//257 241//257 242//257
f 104//258 257//258 106//258
f 104//259 261//259 257//259
f 262//260 260//260 263//260
f 262//261 259//261 260//261
f 101//262 261//262 104//262
f 101//263 264//263 261//263
f 265//264 263//264 266//264
f 265//265 262//265 263//265
f 99//266 264//266 101//266
f 99//267 267//267 264//267
f 268//268 266//268 269//268
f 268//269 265//269 266//269
f 97//270 267//270 99//270
f 97//271 270//271 267//271
f 271//272 269//272 272//272
f 271//273 268//273 269//273
f 96//274 270//274 97//274
f 96//275 273//275 270//275
f 274//276 272//276 275//276
f 274//277 271//277 272//277
f 93//278 276//278 273//278
f 93//279 273//279 96//279
f 277//280 274//280 275//280
f 278//281 277//281 275//281
f 92//282 276//282 93//282
f 92//283 279//283 276//283
f 280//284 277//284 278//284
f 281//285 280//285 278//285
f 89//286 282//286 279//286
f 89//287 279//287 92//287
f 283//288 280//288 281//288
f 284//289 250//289 285//289
f 286//290 250//290 284//290
f 287//291 250//291 286//291
f 288//292 250//292 287//292
f 289//293 250//293 288//293
f 290//294 250//294 289//294
f 291//295 250//295 290//295
f 292//296 250//296 291//296
f 293//297 250//297 292//297
f 294//298 250//298 293//298
f 295//299 283//299 281//299
f 296//300 250//300 294//300
f 297//301 250//301 296//301
f 298//302 250//302 297//302
f 298//303 252//303 250//303
f 299//304 252//304 298//304
f 300//305 252//305 299//305
f 301//306 252//306 300//306
f 87//307 282//307 89//307
f 302//308 252//308 301//308
f 303//309 252//309 302//309
f 304//310 283//310 295//310
f 305//311 282//311 87//311
f 306//312 252//312 303//312
f 307//313 252//313 306//313
f 308//314 252//314 307//314
f 309//315 252//315 308//315
f 310//316 252//316 309//316
f 311//317 252//317 310//317
f 312//318 252//318 311//318
f 313//319 304//319 295//319
f 314//320 252//320 312//320
f 86//321 305//321 87//321
f 315//322 304//322 313//322
f 316//323 305//323 86//323
f 317//324 315//324 313//324
f 83//325 316//325 86//325
f 318//326 315//326 317//326
f 319//327 316//327 83//327
f 81//328 319//328 83//328
f 320//329 321//329 318//329
f 320//330 318//330 317//330
f 322//331 319//331 81//331
f 79//332 322//332 81//332
f 323//333 324//333 321//333
f 323//334 321//334 320//334
f 325//335 322//335 79//335
f 77//336 325//336 79//336
f 326//337 327//337 324//337
f 326//338 324//338 323//338
f 328//339 325//339 77//339
f 328//340 77//340 75//340
f 329//341 330//341 327//341
f 329//342 327//342 326//342
f 331//343 75//343 74//343
f 331//344 328//344 75//344
f 332//345 333//345 330//345
f 332//346 330//346 329//346
f 334//347 74//347 72//347
f 334//348 331//348 74//348
f 335//349 336//349 333//349
f 335//350 333//350 332//350
f 337//351 72//351 70//351
f 337//352 334//352 72//352
f 338//353 339//353 336//353
f 338//354 336//354 335//354
f 340//355 337//355 70//355
f 340//356 70//356 67//356
f 341//357 339//357 338//357
f 341//358 342//358 339//358
f 343//359 344//359 345//359
f 343//360 346//360 344//360
f 343//361 347//361 346//361
f 343//362 348//362 347//362
f 343//363 349//363 348//363
f 343//364 350//364 349//364
f 343//365 351//365 350//365
f 343//366 352//366 351//366
f 343//367 353//367 352//367
f 343//368 354//368 353//368
f 343//369 355//369 354//369
f 343//370 356//370 355//370
f 343//371 357//371 356//371
f 358//372 340//372 67//372
f 358//373 67//373 65//373
f 359//374 342//374 341//374
f 359//375 360//375 342//375
f 359//376 361//376 360//376
f 359//377 362//377 361//377
f 363//378 358//378 65//378
f 363//379 65//379 64//379
f 364//380 365//380 362//380
f 364//381 366//381 365//381
f 364//382 367//382 366//382
f 364//383 368//383 367//383
f 364//384 369//384 368//384
f 364//385 362//385 359//385
f 370//386 363//386 64//386
f 370//387 64//387 62//387
f 371//388 369//388 364//388
f 371//389 372//389 369//389
f 371//390 373//390 372//390
f 371//391 374//391 373//391
f 371//392 375//392 374//392
f 376//393 370//393 62//393
f 376//394 62//394 60//394
f 377//395 343//395 378//395
f 377//396 379//396 357//396
f 377//397 380//397 379//397
f 377//398 381//398 380//398
f 377//399 382//399 381//399
f 377//400 383//400 382//400
f 377//401 384//401 383//401
f 377//402 385//402 384//402
f 377//403 386//403 385//403
f 377//404 387//404 386//404
f 377//405 388//405 387//405
f 377//406 389//406 388//406
f 377//407 390//407 389//407
f 377//408 391//408 390//408
f 377//409 357//409 343//409
f 392//410 377//410 378//410
f 393//411 378//411 394//411
f 393//412 392//412 378//412
f 395//413 394//413 396//413
f 395//414 393//414 394//414
f 397//415 398//415 399//415
f 397//416 396//416 398//416
f 397//417 395//417 396//417
f 400//418 401//418 375//418
f 400//419 402//419 401//419
f 400//420 403//420 402//420
f 400//421 404//421 403//421
f 400//422 405//422 404//422
f 400//423 375//423 371//423
f 406//424 397//424 399//424
f 407//425 399//425 408//425
f 407//426 406//426 399//426
f 409//427 407//427 408//427
f 409//428 408//428 410//428
f 411//429 409//429 410//429
f 411//430 410//430 412//430
f 413//431 411//431 412//431
f 413//432 414//432 415//432
f 413//433 412//433 414//433
f 416//434 376//434 60//434
f 416//435 60//435 57//435
f 417//436 413//436 415//436
f 417//437 415//437 418//437
f 419//438 417//438 418//438
f 419//439 418//439 420//439
f 421//440 419//440 420//440
f 422//441 405//441 400//441
f 422//442 423//442 405//442
f 422//443 424//443 423//443
f 422//444 425//444 424//444
f 422//445 426//445 425//445
f 427//446 416//446 57//446
f 427//447 57//447 56//447
f 428//448 429//448 426//448
f 428//449 430//449 429//449
f 428//450 431//450 430//450
f 428//451 432//451 431//451
f 428//452 426//452 422//452
f 433//453 56//453 53//453
f 433//454 427//454 56//454
f 434//455 435//455 436//455
f 434//456 436//456 421//456
f 434//457 421//457 420//457
f 434//458 432//458 428//458
f 434//459 437//459 432//459
f 434//460 420//460 437//460
f 438//461 53//461 51//461
f 438//462 433//462 53//462
f 439//463 440//463 435//463
f 439//464 435//464 434//464
f 439//465 441//465 442//465
f 439//466 442//466 443//466
f 439//467 443//467 440//467
f 444//468 438//468 51//468
f 444//469 51//469 50//469
f 445//470 441//470 439//470
f 445//471 446//471 447//471
f 445//472 447//472 448//472
f 445//473 448//473 449//473
f 445//474 449//474 441//474
f 450//475 444//475 50//475
f 450//476 50//476 47//476
f 451//477 452//477 453//477
f 451//478 453//478 454//478
f 451//479 454//479 455//479
f 451//480 455//480 456//480
f 451//481 456//481 446//481
f 451//482 446//482 445//482
f 457//483 450//483 47//483
f 457//484 47//484 46//484
f 458//485 452//485 451//485
f 458//486 459//486 460//486
f 458//487 460//487 461//487
f 458//488 461//488 462//488
f 458//489 462//489 452//489
f 463//490 46//490 43//490
f 463//491 457//491 46//491
f 464//492 459//492 458//492
f 464//493 465//493 466//493
f 464//494 466//494 467//494
f 464//495 467//495 468//495
f 464//496 468//496 469//496
f 464//497 469//497 459//497
f 470//498 43//498 42//498
f 470//499 463//499 43//499
f 471//500 4//500 2//500
f 471//501 465//501 464//501
f 471//502 2//502 472//502
f 471//503 472//503 465//503
f 473//504 42//504 39//504
f 473//505 470//505 42//505
f 474//506 4//506 471//506
f 474//507 5//507 4//507
f 475//508 39//508 37//508
f 475//509 473//509 39//509
f 476//510 7//510 5//510
f 476//511 5//511 474//511
f 477//512 37//512 36//512
f 477//513 475//513 37//513
f 478//514 9//514 7//514
f 478//515 7//515 476//515
f 479//516 477//516 36//516
f 479//517 36//517 33//517
f 480//518 11//518 9//518
f 480//519 9//519 478//519
f 481//520 33//520 32//520
f 481//521 479//521 33//521
f 482//522 13//522 11//522
f 482//523 11//523 480//523
f 483//524 32//524 30//524
f 483//525 481//525 32//525
f 484//526 16//526 13//526
f 484//527 13//527 482//527
f 485//528 483//528 30//528
f 485//529 30//529 27//529
f 486//530 16//530 484//530
f 486//531 17//531 16//531
f 487//532 485//532 27//532
f 487//533 27//533 25//533
f 488//534 17//534 486//534
f 488//535 20//535 17//535
f 489//536 487//536 25//536
f 489//537 25//537 24//537
f 490//538 20//538 488//538
f 490//539 21//539 20//539
f 491//540 489//540 24//540
f 491//541 21//541 490//541
f 491//542 24//542 21//542
f 377//543 252//543 492//543
f 492//544 252//544 493//544
f 493//545 252//545 494//545
f 494//546 252//546 495//546
f 495//547 252//547 496//547
f 496//548 252//548 497//548
f 497//549 252//549 498//549
f 498//550 252//550 499//550
f 499//551 252//551 500//551
f 500//552 252//552 501//552
f 501//553 252//553 502//553
f 502//554 252//554 503//554
f 503//555 252//555 504//555
f 504//556 252//556 505//556
f 505//557 252//557 506//557
f 506//558 252//558 507//558
f 507//559 252//559 508//559
f 508//560 252//560 509//560
f 509//561 252//561 314//561
f 377//562 492//562 510//562
f 377//563 510//563 511//563
f 377//564 511//564 512//564
f 377//565 512//565 513//565
f 377//566 513//566 514//566
f 377//567 514//567 515//567
f 377//568 515//568 516//568
f 377//569 516//569 517//569
f 377//570 517//570 518//570
f 377//571 518//571 519//571
f 377//572 519//572 520//572
f 377//573 520//573 521//573
f 377//574 521//574 522//574
f 377//575 522//575 523//575
f 377//576 523//576 524//576
f 377//577 524//577 525//577
f 377//578 525//578 526//578
f 377//579 526//579 527//579
f 377//580 527//580 391//580
f 250//581 343//581 528//581
f 528//582 343//582 529//582
f 529//583 343//583 530//583
f 530//584 343//584 531//584
f 531//585 343//585 532//585
f 532//586 343//586 533//586
f 533//587 343//587 534//587
f 534//588 343//588 535//588
f 535//589 343//589 536//589
f 536//590 343//590 537//590
f 537//591 343//591 538//591
f 538//592 343//592 539//592
f 539//593 343//593 540//593
f 540//594 343//594 541//594
f 541//595 343//595 542//595
f 542//596 343//596 543//596
f 543//597 343//597 544//597
f 544//598 343//598 545//598
f 545//599 343//599 345//599
f 250//600 528//600 546//600
f 250//601 546//601 547//601
f 250//602 547//602 548//602
f 250//603 548//603 549//603
f 250//604 549//604 550//604
f 250//605 550//605 551//605
f 250//606 551//606 552//606
f 250//607 552//607 553//607
f 250//608 553//608 554//608
f 250//609 554//609 555//609
f 250//610 555//610 556//610
f 250//611 556//611 557//611
f 250//612 557//612 558//612
f 250//613 558//613 559//613
f 250//614 559//614 560//614
f 250//615 560//615 561//615
f 250//616 561//616 562//616
f 250//617 562//617 563//617
f 250//618 563//618 285//618
f 2//619 1//619 472//619
f 1//620 564//620 472//620
f 472//621 565//621 465//621
f 564//622 565//622 472//622
f 465//623 566//623 466//623
f 565//624 566//624 465//624
f 466//625 567//625 467//625
f 566//626 567//626 466//626
f 467//627 568//627 468//627
f 567//628 568//628 467//628
f 568//629 569//629 468//629
f 468//630 569//630 469//630
f 469//631 569//631 459//631
f 569//632 570//632 459//632
f 570//633 571//633 459//633
f 459//634 571//634 460//634
f 460//635 572//635 461//635
f 461//636 572//636 462//636
f 571//637 572//637 460//637
f 572//638 573//638 462//638
f 462//639 574//639 452//639
f 573//640 574//640 462//640
f 452//641 575//641 453//641
f 574//642 575//642 452//642
f 453//643 576//643 454//643
f 575//644 576//644 453//644
f 454//645 577//645 455//645
f 576//646 577//646 454//646
f 455//647 578//647 456//647
f 456//648 578//648 446//648
f 577//649 578//649 455//649
f 578//650 579//650 446//650
f 446//651 580//651 447//651
f 447//652 580//652 448//652
f 579//653 580//653 446//653
f 580//654 581//654 448//654
f 448//655 582//655 449//655
f 581//656 582//656 448//656
f 449//657 583//657 441//657
f 441//658 583//658 442//658
f 582//659 583//659 449//659
f 583//660 584//660 442//660
f 442//661 585//661 443//661
f 443//662 585//662 440//662
f 584//663 585//663 442//663
f 440//664 586//664 435//664
f 585//665 586//665 440//665
f 586//666 587//666 435//666
f 435//667 588//667 436//667
f 587//668 588//668 435//668
f 436//669 589//669 421//669
f 588//670 589//670 436//670
f 421//671 590//671 419//671
f 589//672 590//672 421//672
f 419//673 591//673 417//673
f 590//674 591//674 419//674
f 417//675 592//675 413//675
f 413//676 592//676 411//676
f 591//677 592//677 417//677
f 592//678 593//678 411//678
f 411//679 594//679 409//679
f 593//680 594//680 411//680
f 594//681 595//681 409//681
f 409//682 595//682 407//682
f 407//683 595//683 406//683
f 595//684 596//684 406//684
f 596//685 597//685 406//685
f 406//686 597//686 397//686
f 397//687 597//687 395//687
f 597//688 598//688 395//688
f 395//689 598//689 393//689
f 598//690 599//690 393//690
f 599//691 600//691 393//691
f 393//692 600//692 392//692
f 392//693 600//693 377//693
f 600//694 601//694 377//694
f 105//695 106//695 258//695
f 602//696 258//696 256//696
f 602//697 105//697 258//697
f 603//698 256//698 255//698
f 603//699 602//699 256//699
f 604//700 255//700 254//700
f 604//701 603//701 255//701
f 605//702 254//702 253//702
f 605//703 604//703 254//703
f 606//704 605//704 253//704
f 606//705 253//705 251//705
f 607//706 606//706 251//706
f 607//707 251//707 247//707
f 608//708 247//708 243//708
f 608//709 607//709 247//709
f 609//710 608//710 243//710
f 609//711 243//711 238//711
f 610//712 238//712 235//712
f 610//713 609//713 238//713
f 611//714 235//714 231//714
f 611//715 610//715 235//715
f 612//716 231//716 228//716
f 612//717 611//717 231//717
f 613//718 228//718 225//718
f 613//719 612//719 228//719
f 614//720 613//720 225//720
f 615//721 225//721 222//721
f 615//722 222//722 219//722
f 615//723 614//723 225//723
f 616//724 615//724 219//724
f 617//725 219//725 216//725
f 617//726 616//726 219//726
f 618//727 216//727 212//727
f 618//728 617//728 216//728
f 619//729 212//729 210//729
f 619//730 618//730 212//730
f 620//731 210//731 208//731
f 620//732 619//732 210//732
f 621//733 208//733 205//733
f 621//734 620//734 208//734
f 622//735 205//735 201//735
f 622//736 621//736 205//736
f 623//737 201//737 203//737
f 623//738 622//738 201//738
f 624//739 203//739 204//739
f 624//740 623//740 203//740
f 625//741 204//741 207//741
f 625//742 624//742 204//742
f 626//743 207//743 209//743
f 626//744 625//744 207//744
f 627//745 209//745 211//745
f 627//746 626//746 209//746
f 628//747 211//747 213//747
f 628//748 627//748 211//748
f 629//749 213//749 218//749
f 629//750 628//750 213//750
f 630//751 218//751 220//751
f 630//752 629//752 218//752
f 631//753 630//753 220//753
f 631//754 220//754 223//754
f 632//755 631//755 223//755
f 632//756 223//756 226//756
f 633//757 632//757 226//757
f 633//758 226//758 229//758
f 634//759 633//759 229//759
f 634//760 229//760 233//760
f 635//761 634//761 233//761
f 635//762 233//762 236//762
f 636//763 635//763 236//763
f 636//764 236//764 239//764
f 637//765 636//765 239//765
f 637//766 239//766 244//766
f 638//767 637//767 244//767
f 638//768 244//768 249//768
f 639//769 638//769 249//769
f 639//770 249//770 252//770
f 640//771 641//771 642//771
f 641//772 643//772 642//772
f 642//773 643//773 644//773
f 640//774 645//774 641//774
f 646//775 645//775 640//775
f 643//776 647//776 644//776
f 644//777 647//777 648//777
f 646//778 649//778 645//778
f 650//779 649//779 646//779
f 647//780 651//780 648//780
f 648//781 651//781 652//781
f 650//782 653//782 649//782
f 654//783 653//783 650//783
f 651//784 655//784 652//784
f 652//785 655//785 656//785
f 654//786 657//786 653//786
f 658//787 657//787 654//787
f 655//788 659//788 656//788
f 656//789 659//789 660//789
f 661//790 662//790 658//790
f 658//791 662//791 657//791
f 659//792 663//792 660//792
f 660//793 663//793 664//793
f 665//794 666//794 661//794
f 661//795 666//795 662//795
f 663//796 667//796 664//796
f 664//797 667//797 668//797
f 665//798 669//798 666//798
f 670//799 669//799 665//799
f 667//800 671//800 668//800
f 668//801 671//801 672//801
f 670//802 673//802 669//802
f 674//803 673//803 670//803
f 672//804 675//804 676//804
f 671//805 675//805 672//805
f 674//806 677//806 673//806
f 678//807 677//807 674//807
f 675//808 679//808 676//808
f 676//809 679//809 680//809
f 678//810 681//810 677//810
f 678//811 682//811 681//811
f 678//812 683//812 682//812
f 684//813 683//813 678//813
f 684//814 685//814 683//814
f 684//815 686//815 685//815
f 684//816 687//816 686//816
f 680//817 688//817 689//817
f 679//818 688//818 680//818
f 684//819 690//819 687//819
f 684//820 691//820 690//820
f 692//821 691//821 684//821
f 692//822 693//822 691//822
f 692//823 694//823 693//823
f 692//824 695//824 694//824
f 692//825 696//825 695//825
f 697//826 696//826 692//826
f 688//827 698//827 689//827
f 689//828 698//828 699//828
f 697//829 700//829 696//829
f 697//830 701//830 700//830
f 697//831 702//831 701//831
f 697//832 703//832 702//832
f 697//833 704//833 703//833
f 705//834 704//834 697//834
f 698//835 706//835 699//835
f 699//836 706//836 707//836
f 705//837 708//837 704//837
f 705//838 709//838 708//838
f 705//839 710//839 709//839
f 705//840 711//840 710//840
f 712//841 711//841 705//841
f 712//842 713//842 711//842
f 706//843 714//843 707//843
f 707//844 714//844 715//844
f 712//845 716//845 713//845
f 712//846 717//846 716//846
f 712//847 718//847 717//847
f 719//848 718//848 712//848
f 719//849 720//849 718//849
f 719//850 721//850 720//850
f 714//851 722//851 715//851
f 715//852 722//852 723//852
f 722//853 724//853 723//853
f 723//854 724//854 725//854
f 725//855 726//855 727//855
f 724//856 726//856 725//856
f 726//857 728//857 727//857
f 727//858 728//858 729//858
f 728//859 730//859 729//859
f 729//860 730//860 731//860
f 730//861 732//861 731//861
f 731//862 732//862 733//862
f 734//863 622//863 623//863
f 623//864 624//864 734//864
f 734//865 621//865 622//865
f 735//866 621//866 734//866
f 624//867 625//867 734//867
f 734//868 625//868 719//868
f 735//869 620//869 621//869
f 625//870 626//870 719//870
f 735//871 619//871 620//871
f 626//872 627//872 719//872
f 719//873 627//873 721//873
f 735//874 618//874 619//874
f 721//875 628//875 736//875
f 627//876 628//876 721//876
f 735//877 617//877 618//877
f 737//878 617//878 735//878
f 628//879 629//879 736//879
f 736//880 629//880 738//880
f 737//881 616//881 617//881
f 629//882 630//882 738//882
f 738//883 630//883 739//883
f 737//884 615//884 616//884
f 630//885 631//885 739//885
f 739//886 631//886 740//886
f 737//887 614//887 615//887
f 631//888 632//888 740//888
f 740//889 632//889 741//889
f 737//890 613//890 614//890
f 741//891 633//891 742//891
f 632//892 633//892 741//892
f 743//893 612//893 737//893
f 737//894 612//894 613//894
f 633//895 634//895 742//895
f 742//896 634//896 744//896
f 743//897 611//897 612//897
f 744//898 635//898 745//898
f 634//899 635//899 744//899
f 743//900 610//900 611//900
f 745//901 636//901 746//901
f 635//902 636//902 745//902
f 732//903 747//903 733//903
f 733//904 747//904 748//904
f 743//905 609//905 610//905
f 746//906 637//906 749//906
f 636//907 637//907 746//907
f 750//908 608//908 743//908
f 743//909 608//909 609//909
f 637//910 638//910 749//910
f 749//911 638//911 751//911
f 751//912 638//912 752//912
f 750//913 607//913 608//913
f 638//914 639//914 752//914
f 750//915 606//915 607//915
f 750//916 605//916 606//916
f 750//917 604//917 605//917
f 750//918 603//918 604//918
f 753//919 603//919 750//919
f 753//920 602//920 603//920
f 753//921 105//921 602//921
f 748//922 754//922 755//922
f 747//923 754//923 748//923
f 753//924 103//924 105//924
f 756//925 103//925 753//925
f 755//926 757//926 758//926
f 754//927 757//927 755//927
f 756//928 102//928 103//928
f 759//929 102//929 756//929
f 758//930 760//930 761//930
f 757//931 760//931 758//931
f 759//932 100//932 102//932
f 762//933 100//933 759//933
f 761//934 763//934 764//934
f 760//935 763//935 761//935
f 762//936 98//936 100//936
f 765//937 98//937 762//937
f 764//938 766//938 767//938
f 763//939 766//939 764//939
f 765//940 95//940 98//940
f 768//941 95//941 765//941
f 767//942 769//942 770//942
f 766//943 769//943 767//943
f 771//944 94//944 768//944
f 768//945 94//945 95//945
f 769//946 772//946 770//946
f 772//947 773//947 770//947
f 774//948 91//948 771//948
f 771//949 91//949 94//949
f 772//950 775//950 773//950
f 775//951 776//951 773//951
f 777//952 90//952 774//952
f 774//953 90//953 91//953
f 775//954 778//954 776//954
f 752//955 779//955 780//955
f 752//956 781//956 779//956
f 752//957 782//957 781//957
f 752//958 783//958 782//958
f 752//959 784//959 783//959
f 752//960 785//960 784//960
f 752//961 786//961 785//961
f 752//962 787//962 786//962
f 752//963 788//963 787//963
f 752//964 789//964 788//964
f 778//965 790//965 776//965
f 752//966 791//966 789//966
f 752//967 792//967 791//967
f 639//968 793//968 752//968
f 752//969 793//969 792//969
f 639//970 794//970 793//970
f 639//971 795//971 794//971
f 639//972 796//972 795//972
f 777//973 88//973 90//973
f 639//974 797//974 796//974
f 639//975 798//975 797//975
f 778//976 799//976 790//976
f 777//977 800//977 88//977
f 639//978 801//978 798//978
f 639//979 802//979 801//979
f 639//980 803//980 802//980
f 639//981 804//981 803//981
f 639//982 805//982 804//982
f 639//983 806//983 805//983
f 639//984 807//984 806//984
f 799//985 808//985 790//985
f 639//986 809//986 807//986
f 800//987 85//987 88//987
f 799//988 810//988 808//988
f 800//989 811//989 85//989
f 810//990 812//990 808//990
f 811//991 84//991 85//991
f 810//992 813//992 812//992
f 811//993 814//993 84//993
f 814//994 82//994 84//994
f 815//995 816//995 813//995
f 813//996 816//996 812//996
f 814//997 817//997 82//997
f 817//998 80//998 82//998
f 818//999 819//999 815//999
f 815//1000 819//1000 816//1000
f 817//1001 820//1001 80//1001
f 820//1002 78//1002 80//1002
f 821//1003 822//1003 818//1003
f 818//1004 822//1004 819//1004
f 820//1005 823//1005 78//1005
f 78//1006 823//1006 76//1006
f 824//1007 825//1007 821//1007
f 821//1008 825//1008 822//1008
f 76//1009 826//1009 73//1009
f 823//1010 826//1010 76//1010
f 827//1011 828//1011 824//1011
f 824//1012 828//1012 825//1012
f 73//1013 829//1013 71//1013
f 826//1014 829//1014 73//1014
f 830//1015 831//1015 827//1015
f 827//1016 831//1016 828//1016
f 829//1017 832//1017 71//1017
f 71//1018 832//1018 69//1018
f 833//1019 834//1019 830//1019
f 830//1020 834//1020 831//1020
f 832//1021 835//1021 69//1021
f 69//1022 835//1022 68//1022
f 833//1023 836//1023 834//1023
f 837//1024 836//1024 833//1024
f 838//1025 839//1025 840//1025
f 841//1026 839//1026 838//1026
f 842//1027 839//1027 841//1027
f 843//1028 839//1028 842//1028
f 844//1029 839//1029 843//1029
f 845//1030 839//1030 844//1030
f 846//1031 839//1031 845//1031
f 847//1032 839//1032 846//1032
f 848//1033 839//1033 847//1033
f 849//1034 839//1034 848//1034
f 850//1035 839//1035 849//1035
f 851//1036 839//1036 850//1036
f 852//1037 839//1037 851//1037
f 835//1038 853//1038 68//1038
f 68//1039 853//1039 66//1039
f 854//1040 855//1040 837//1040
f 856//1041 855//1041 854//1041
f 857//1042 855//1042 856//1042
f 837//1043 855//1043 836//1043
f 66//1044 858//1044 63//1044
f 853//1045 858//1045 66//1045
f 859//1046 860//1046 857//1046
f 861//1047 860//1047 859//1047
f 862//1048 860//1048 861//1048
f 863//1049 860//1049 862//1049
f 864//1050 860//1050 863//1050
f 857//1051 860//1051 855//1051
f 858//1052 865//1052 63//1052
f 63//1053 865//1053 61//1053
f 864//1054 866//1054 860//1054
f 867//1055 866//1055 864//1055
f 868//1056 866//1056 867//1056
f 869//1057 866//1057 868//1057
f 870//1058 866//1058 869//1058
f 865//1059 871//1059 61//1059
f 61//1060 871//1060 59//1060
f 839//1061 601//1061 872//1061
f 852//1062 601//1062 839//1062
f 873//1063 601//1063 852//1063
f 874//1064 601//1064 873//1064
f 875//1065 601//1065 874//1065
f 876//1066 601//1066 875//1066
f 877//1067 601//1067 876//1067
f 878//1068 601//1068 877//1068
f 879//1069 601//1069 878//1069
f 880//1070 601//1070 879//1070
f 881//1071 601//1071 880//1071
f 882//1072 601//1072 881//1072
f 883//1073 601//1073 882//1073
f 884//1074 601//1074 883//1074
f 885//1075 601//1075 884//1075
f 601//1076 600//1076 872//1076
f 872//1077 599//1077 886//1077
f 600//1078 599//1078 872//1078
f 886//1079 598//1079 887//1079
f 599//1080 598//1080 886//1080
f 888//1081 597//1081 889//1081
f 887//1082 597//1082 888//1082
f 598//1083 597//1083 887//1083
f 890//1084 891//1084 870//1084
f 892//1085 891//1085 890//1085
f 893//1086 891//1086 892//1086
f 894//1087 891//1087 893//1087
f 895//1088 891//1088 894//1088
f 870//1089 891//1089 866//1089
f 597//1090 596//1090 889//1090
f 889//1091 595//1091 896//1091
f 596//1092 595//1092 889//1092
f 595//1093 594//1093 896//1093
f 896//1094 594//1094 897//1094
f 594//1095 593//1095 897//1095
f 897//1096 593//1096 898//1096
f 593//1097 592//1097 898//1097
f 899//1098 592//1098 900//1098
f 898//1099 592//1099 899//1099
f 871//1100 901//1100 59//1100
f 59//1101 901//1101 58//1101
f 592//1102 591//1102 900//1102
f 900//1103 591//1103 902//1103
f 591//1104 590//1104 902//1104
f 902//1105 590//1105 903//1105
f 590//1106 589//1106 903//1106
f 895//1107 904//1107 891//1107
f 905//1108 904//1108 895//1108
f 906//1109 904//1109 905//1109
f 907//1110 904//1110 906//1110
f 908//1111 904//1111 907//1111
f 901//1112 909//1112 58//1112
f 58//1113 909//1113 55//1113
f 910//1114 911//1114 908//1114
f 912//1115 911//1115 910//1115
f 913//1116 911//1116 912//1116
f 914//1117 911//1117 913//1117
f 908//1118 911//1118 904//1118
f 55//1119 915//1119 54//1119
f 909//1120 915//1120 55//1120
f 587//1121 916//1121 588//1121
f 588//1122 916//1122 589//1122
f 589//1123 916//1123 903//1123
f 914//1124 916//1124 911//1124
f 917//1125 916//1125 914//1125
f 903//1126 916//1126 917//1126
f 54//1127 918//1127 52//1127
f 915//1128 918//1128 54//1128
f 586//1129 919//1129 587//1129
f 587//1130 919//1130 916//1130
f 583//1131 919//1131 584//1131
f 584//1132 919//1132 585//1132
f 585//1133 919//1133 586//1133
f 918//1134 920//1134 52//1134
f 52//1135 920//1135 49//1135
f 583//1136 921//1136 919//1136
f 579//1137 921//1137 580//1137
f 580//1138 921//1138 581//1138
f 581//1139 921//1139 582//1139
f 582//1140 921//1140 583//1140
f 920//1141 922//1141 49//1141
f 49//1142 922//1142 48//1142
f 574//1143 923//1143 575//1143
f 575//1144 923//1144 576//1144
f 576//1145 923//1145 577//1145
f 577//1146 923//1146 578//1146
f 578//1147 923//1147 579//1147
f 579//1148 923//1148 921//1148
f 922//1149 924//1149 48//1149
f 48//1150 924//1150 45//1150
f 574//1151 925//1151 923//1151
f 570//1152 925//1152 571//1152
f 571//1153 925//1153 572//1153
f 572//1154 925//1154 573//1154
f 573//1155 925//1155 574//1155
f 45//1156 926//1156 44//1156
f 924//1157 926//1157 45//1157
f 570//1158 927//1158 925//1158
f 565//1159 927//1159 566//1159
f 566//1160 927//1160 567//1160
f 567//1161 927//1161 568//1161
f 568//1162 927//1162 569//1162
f 569//1163 927//1163 570//1163
f 44//1164 928//1164 41//1164
f 926//1165 928//1165 44//1165
f 3//1166 929//1166 1//1166
f 565//1167 929//1167 927//1167
f 1//1168 929//1168 564//1168
f 564//1169 929//1169 565//1169
f 41//1170 930//1170 40//1170
f 928//1171 930//1171 41//1171
f 6//1172 931//1172 3//1172
f 3//1173 931//1173 929//1173
f 40//1174 932//1174 38//1174
f 930//1175 932//1175 40//1175
f 8//1176 933//1176 6//1176
f 6//1177 933//1177 931//1177
f 932//1178 934//1178 38//1178
f 38//1179 934//1179 35//1179
f 10//1180 935//1180 8//1180
f 8//1181 935//1181 933//1181
f 35//1182 936//1182 34//1182
f 934//1183 936//1183 35//1183
f 12//1184 937//1184 10//1184
f 10//1185 937//1185 935//1185
f 34//1186 938//1186 31//1186
f 936//1187 938//1187 34//1187
f 14//1188 939//1188 12//1188
f 12//1189 939//1189 937//1189
f 938//1190 940//1190 31//1190
f 31//1191 940//1191 29//1191
f 15//1192 941//1192 14//1192
f 14//1193 941//1193 939//1193
f 940//1194 942//1194 29//1194
f 29//1195 942//1195 28//1195
f 15//1196 943//1196 941//1196
f 18//1197 943//1197 15//1197
f 942//1198 944//1198 28//1198
f 28//1199 944//1199 26//1199
f 18//1200 945//1200 943//1200
f 19//1201 945//1201 18//1201
f 944//1202 946//1202 26//1202
f 26//1203 946//1203 23//1203
f 19//1204 947//1204 945//1204
f 22//1205 947//1205 19//1205
f 946//1206 948//1206 23//1206
f 22//1207 948//1207 947//1207
f 23//1208 948//1208 22//1208
f 639//1209 601//1209 949//1209
f 639//1210 949//1210 950//1210
f 639//1211 950//1211 951//1211
f 639//1212 951//1212 952//1212
f 639//1213 952//1213 953//1213
f 639//1214 953//1214 954//1214
f 639//1215 954//1215 955//1215
f 639//1216 955//1216 956//1216
f 639//1217 956//1217 957//1217
f 639//1218 957//1218 958//1218
f 639//1219 958//1219 959//1219
f 639//1220 959//1220 960//1220
f 639//1221 960//1221 961//1221
f 639//1222 961//1222 962//1222
f 639//1223 962//1223 963//1223
f 639//1224 963//1224 964//1224
f 639//1225 964//1225 965//1225
f 639//1226 965//1226 966//1226
f 639//1227 966//1227 809//1227
f 949//1228 601//1228 967//1228
f 967//1229 601//1229 968//1229
f 968//1230 601//1230 969//1230
f 969//1231 601//1231 970//1231
f 970//1232 601//1232 971//1232
f 971//1233 601//1233 972//1233
f 972//1234 601//1234 973//1234
f 973//1235 601//1235 974//1235
f 974//1236 601//1236 975//1236
f 975//1237 601//1237 976//1237
f 976//1238 601//1238 977//1238
f 977//1239 601//1239 978//1239
f 978//1240 601//1240 979//1240
f 979//1241 601//1241 980//1241
f 980//1242 601//1242 981//1242
f 981//1243 601//1243 982//1243
f 982//1244 601//1244 983//1244
f 983//1245 601//1245 984//1245
f 984//1246 601//1246 885//1246
f 839//1247 752//1247 985//1247
f 839//1248 985//1248 986//1248
f 839//1249 986//1249 987//1249
f 839//1250 987//1250 988//1250
f 839//1251 988//1251 989//1251
f 839//1252 989//1252 990//1252
f 839//1253 990//1253 991//1253
f 839//1254 991//1254 992//1254
f 839//1255 992//1255 993//1255
f 839//1256 993//1256 994//1256
f 839//1257 994//1257 995//1257
f 839//1258 995//1258 996//1258
f 839//1259 996//1259 997//1259
f 839//1260 997//1260 998//1260
f 839//1261 998//1261 999//1261
f 839//1262 999//1262 1000//1262
f 839//1263 1000//1263 1001//1263
f 839//1264 1001//1264 1002//1264
f 839//1265 1002//1265 840//1265
f 985//1266 752//1266 1003//1266
f 1003//1267 752//1267 1004//1267
f 1004//1268 752//1268 1005//1268
f 1005//1269 752//1269 1006//1269
f 1006//1270 752//1270 1007//1270
f 1007//1271 752//1271 1008//1271
f 1008//1272 752//1272 1009//1272
f 1009//1273 752//1273 1010//1273
f 1010//1274 752//1274 1011//1274
f 1011//1275 752//1275 1012//1275
f 1012//1276 752//1276 1013//1276
f 1013//1277 752//1277 1014//1277
f 1014//1278 752//1278 1015//1278
f 1015//1279 752//1279 1016//1279
f 1016//1280 752//1280 1017//1280
f 1017//1281 752//1281 1018//1281
f 1018//1282 752//1282 1019//1282
f 1019//1283 752//1283 1020//1283
f 1020//1284 752//1284 780//1284
f 639//1285 377//1285 601//1285
f 252//1286 377//1286 639//1286
f 439//1287 434//1287 916//1287
f 439//1288 916//1288 919//1288
f 445//1289 919//1289 921//1289
f 445//1290 439//1290 919//1290
f 451//1291 921//1291 923//1291
f 451//1292 923//1292 925//1292
f 451//1293 445//1293 921//1293
f 458//1294 451//1294 925//1294
f 464//1295 925//1295 927//1295
f 464//1296 458//1296 925//1296
f 471//1297 927//1297 929//1297
f 471//1298 464//1298 927//1298
f 474//1299 929//1299 931//1299
f 474//1300 931//1300 933//1300
f 474//1301 471//1301 929//1301
f 476//1302 474//1302 933//1302
f 478//1303 933//1303 935//1303
f 478//1304 476//1304 933//1304
f 480//1305 935//1305 937//1305
f 480//1306 478//1306 935//1306
f 482//1307 937//1307 939//1307
f 482//1308 939//1308 941//1308
f 482//1309 480//1309 937//1309
f 484//1310 482//1310 941//1310
f 486//1311 484//1311 941//1311
f 486//1312 941//1312 943//1312
f 488//1313 486//1313 943//1313
f 488//1314 943//1314 945//1314
f 490//1315 945//1315 947//1315
f 490//1316 488//1316 945//1316
f 490//1317 947//1317 948//1317
f 491//1318 490//1318 948//1318
f 489//1319 948//1319 946//1319
f 489//1320 491//1320 948//1320
f 487//1321 946//1321 944//1321
f 487//1322 489//1322 946//1322
f 485//1323 944//1323 942//1323
f 485//1324 487//1324 944//1324
f 483//1325 942//1325 940//1325
f 483//1326 485//1326 942//1326
f 481//1327 940//1327 938//1327
f 481//1328 483//1328 940//1328
f 479//1329 938//1329 936//1329
f 479//1330 481//1330 938//1330
f 477//1331 936//1331 934//1331
f 477//1332 479//1332 936//1332
f 475//1333 934//1333 932//1333
f 475//1334 932//1334 930//1334
f 475//1335 477//1335 934//1335
f 473//1336 475//1336 930//1336
f 470//1337 930//1337 928//1337
f 470//1338 473//1338 930//1338
f 463//1339 928//1339 926//1339
f 463//1340 470//1340 928//1340
f 457//1341 926//1341 924//1341
f 457//1342 463//1342 926//1342
f 450//1343 924//1343 922//1343
f 450//1344 457//1344 924//1344
f 444//1345 922//1345 920//1345
f 444//1346 450//1346 922//1346
f 438//1347 920//1347 918//1347
f 438//1348 444//1348 920//1348
f 433//1349 918//1349 915//1349
f 433//1350 438//1350 918//1350
f 427//1351 915//1351 909//1351
f 427//1352 433//1352 915//1352
f 416//1353 909//1353 901//1353
f 416//1354 427//1354 909//1354
f 376//1355 901//1355 871//1355
f 376//1356 416//1356 901//1356
f 370//1357 871//1357 865//1357
f 370//1358 376//1358 871//1358
f 363//1359 370//1359 865//1359
f 363//1360 865//1360 858//1360
f 358//1361 363//1361 858//1361
f 358//1362 858//1362 853//1362
f 340//1363 358//1363 853//1363
f 340//1364 853//1364 835//1364
f 337//1365 340//1365 835//1365
f 337//1366 835//1366 832//1366
f 334//1367 337//1367 832//1367
f 334//1368 832//1368 829//1368
f 331//1369 334//1369 829//1369
f 331//1370 829//1370 826//1370
f 328//1371 331//1371 826//1371
f 328//1372 826//1372 823//1372
f 325//1373 328//1373 823//1373
f 325//1374 823//1374 820//1374
f 325//1375 820//1375 817//1375
f 322//1376 325//1376 817//1376
f 319//1377 322//1377 817//1377
f 319//1378 817//1378 814//1378
f 319//1379 814//1379 811//1379
f 316//1380 319//1380 811//1380
f 305//1381 316//1381 811//1381
f 305//1382 811//1382 800//1382
f 305//1383 800//1383 777//1383
f 282//1384 305//1384 777//1384
f 279//1385 282//1385 777//1385
f 279//1386 777//1386 774//1386
f 276//1387 774//1387 771//1387
f 276//1388 279//1388 774//1388
f 273//1389 771//1389 768//1389
f 273//1390 276//1390 771//1390
f 270//1391 768//1391 765//1391
f 270//1392 765//1392 762//1392
f 270//1393 273//1393 768//1393
f 267//1394 270//1394 762//1394
f 264//1395 762//1395 759//1395
f 264//1396 759//1396 756//1396
f 264//1397 267//1397 762//1397
f 261//1398 264//1398 756//1398
f 257//1399 756//1399 753//1399
f 257//1400 261//1400 756//1400
f 248//1401 753//1401 750//1401
f 248//1402 750//1402 743//1402
f 248//1403 257//1403 753//1403
f 232//1404 248//1404 743//1404
f 217//1405 743//1405 737//1405
f 217//1406 232//1406 743//1406
f 206//1407 737//1407 735//1407
f 206//1408 217//1408 737//1408
f 202//1409 206//1409 735//1409
f 202//1410 735//1410 734//1410
f 186//1411 202//1411 734//1411
f 186//1412 734//1412 719//1412
f 179//1413 186//1413 719//1413
f 179//1414 719//1414 712//1414
f 172//1415 179//1415 712//1415
f 172//1416 712//1416 705//1416
f 164//1417 172//1417 705//1417
f 164//1418 705//1418 697//1418
f 164//1419 697//1419 692//1419
f 159//1420 164//1420 692//1420
f 151//1421 159//1421 692//1421
f 151//1422 692//1422 684//1422
f 145//1423 151//1423 684//1423
f 145//1424 684//1424 678//1424
f 145//1425 678//1425 674//1425
f 141//1426 145//1426 674//1426
f 137//1427 141//1427 674//1427
f 137//1428 674//1428 670//1428
f 133//1429 137//1429 670//1429
f 133//1430 670//1430 665//1430
f 133//1431 665//1431 661//1431
f 129//1432 133//1432 661//1432
f 125//1433 129//1433 661//1433
f 125//1434 661//1434 658//1434
f 121//1435 125//1435 658//1435
f 121//1436 658//1436 654//1436
f 121//1437 654//1437 650//1437
f 117//1438 121//1438 650//1438
f 113//1439 117//1439 650//1439
f 113//1440 650//1440 646//1440
f 113//1441 646//1441 640//1441
f 108//1442 113//1442 640//1442
f 109//1443 108//1443 640//1443
f 109//1444 640//1444 642//1444
f 111//1445 109//1445 642//1445
f 111//1446 642//1446 644//1446
f 115//1447 111//1447 644//1447
f 115//1448 644//1448 648//1448
f 119//1449 648//1449 652//1449
f 119//1450 115//1450 648//1450
f 123//1451 652//1451 656//1451
f 123//1452 119//1452 652//1452
f 127//1453 656//1453 660//1453
f 127//1454 660//1454 664//1454
f 127//1455 123//1455 656//1455
f 131//1456 127//1456 664//1456
f 135//1457 664//1457 668//1457
f 135//1458 668//1458 672//1458
f 135//1459 131//1459 664//1459
f 139//1460 135//1460 672//1460
f 143//1461 139//1461 672//1461
f 143//1462 672//1462 676//1462
f 143//1463 676//1463 680//1463
f 147//1464 143//1464 680//1464
f 156//1465 147//1465 680//1465
f 156//1466 680//1466 689//1466
f 166//1467 156//1467 689//1467
f 166//1468 689//1468 699//1468
f 174//1469 166//1469 699//1469
f 174//1470 699//1470 707//1470
f 182//1471 174//1471 707//1471
f 182//1472 707//1472 715//1472
f 190//1473 182//1473 715//1473
f 190//1474 715//1474 723//1474
f 192//1475 190//1475 723//1475
f 192//1476 723//1476 725//1476
f 194//1477 192//1477 725//1477
f 194//1478 725//1478 727//1478
f 196//1479 194//1479 727//1479
f 196//1480 727//1480 729//1480
f 198//1481 196//1481 729//1481
f 198//1482 729//1482 731//1482
f 200//1483 198//1483 731//1483
f 200//1484 731//1484 733//1484
f 242//1485 733//1485 748//1485
f 242//1486 200//1486 733//1486
f 260//1487 748//1487 755//1487
f 260//1488 242//1488 748//1488
f 263//1489 755//1489 758//1489
f 263//1490 758//1490 761//1490
f 263//1491 260//1491 755//1491
f 266//1492 263//1492 761//1492
f 269//1493 761//1493 764//1493
f 269//1494 266//1494 761//1494
f 272//1495 764//1495 767//1495
f 272//1496 767//1496 770//1496
f 272//1497 269//1497 764//1497
f 275//1498 272//1498 770//1498
f 278//1499 770//1499 773//1499
f 278//1500 773//1500 776//1500
f 278//1501 275//1501 770//1501
f 281//1502 278//1502 776//1502
f 295//1503 776//1503 790//1503
f 295//1504 790//1504 808//1504
f 295//1505 281//1505 776//1505
f 313//1506 808//1506 812//1506
f 313//1507 295//1507 808//1507
f 317//1508 313//1508 812//1508
f 320//1509 812//1509 816//1509
f 320//1510 317//1510 812//1510
f 323//1511 320//1511 816//1511
f 323//1512 816//1512 819//1512
f 323//1513 819//1513 822//1513
f 326//1514 323//1514 822//1514
f 329//1515 326//1515 822//1515
f 329//1516 822//1516 825//1516
f 332//1517 329//1517 825//1517
f 332//1518 825//1518 828//1518
f 335//1519 332//1519 828//1519
f 335//1520 828//1520 831//1520
f 338//1521 831//1521 834//1521
f 338//1522 335//1522 831//1522
f 341//1523 834//1523 836//1523
f 341//1524 836//1524 855//1524
f 341//1525 338//1525 834//1525
f 359//1526 341//1526 855//1526
f 364//1527 855//1527 860//1527
f 364//1528 359//1528 855//1528
f 371//1529 860//1529 866//1529
f 371//1530 364//1530 860//1530
f 400//1531 866//1531 891//1531
f 400//1532 891//1532 904//1532
f 400//1533 371//1533 866//1533
f 422//1534 400//1534 904//1534
f 428//1535 904//1535 911//1535
f 428//1536 911//1536 916//1536
f 428//1537 422//1537 904//1537
f 434//1538 428//1538 916//1538
f 852//1539 357//1539 873//1539
f 873//1540 379//1540 874//1540
f 357//1541 379//1541 873//1541
f 874//1542 380//1542 875//1542
f 379//1543 380//1543 874//1543
f 380//1544 381//1544 875//1544
f 875//1545 382//1545 876//1545
f 381//1546 382//1546 875//1546
f 876//1547 383//1547 877//1547
f 877//1548 383//1548 878//1548
f 382//1549 383//1549 876//1549
f 383//1550 384//1550 878//1550
f 878//1551 385//1551 879//1551
f 879//1552 385//1552 880//1552
f 384//1553 385//1553 878//1553
f 385//1554 386//1554 880//1554
f 880//1555 387//1555 881//1555
f 386//1556 387//1556 880//1556
f 881//1557 388//1557 882//1557
f 387//1558 388//1558 881//1558
f 388//1559 389//1559 882//1559
f 882//1560 389//1560 883//1560
f 883//1561 389//1561 884//1561
f 389//1562 390//1562 884//1562
f 884//1563 390//1563 885//1563
f 390//1564 391//1564 885//1564
f 391//1565 527//1565 885//1565
f 885//1566 527//1566 984//1566
f 984//1567 526//1567 983//1567
f 983//1568 526//1568 982//1568
f 527//1569 526//1569 984//1569
f 526//1570 525//1570 982//1570
f 982//1571 524//1571 981//1571
f 981//1572 524//1572 980//1572
f 525//1573 524//1573 982//1573
f 524//1574 523//1574 980//1574
f 980//1575 522//1575 979//1575
f 523//1576 522//1576 980//1576
f 979//1577 521//1577 978//1577
f 522//1578 521//1578 979//1578
f 978//1579 520//1579 977//1579
f 977//1580 520//1580 976//1580
f 521//1581 520//1581 978//1581
f 520//1582 519//1582 976//1582
f 976//1583 518//1583 975//1583
f 519//1584 518//1584 976//1584
f 975//1585 517//1585 974//1585
f 974//1586 517//1586 973//1586
f 518//1587 517//1587 975//1587
f 517//1588 516//1588 973//1588
f 973//1589 515//1589 972//1589
f 972//1590 515//1590 971//1590
f 516//1591 515//1591 973//1591
f 515//1592 514//1592 971//1592
f 971//1593 513//1593 970//1593
f 970//1594 513//1594 969//1594
f 514//1595 513//1595 971//1595
f 969//1596 512//1596 968//1596
f 513//1597 512//1597 969//1597
f 512//1598 511//1598 968//1598
f 968//1599 510//1599 967//1599
f 967//1600 510//1600 949//1600
f 511//1601 510//1601 968//1601
f 949//1602 492//1602 950//1602
f 510//1603 492//1603 949//1603
f 492//1604 493//1604 950//1604
f 950//1605 494//1605 951//1605
f 951//1606 494//1606 952//1606
f 493//1607 494//1607 950//1607
f 952//1608 495//1608 953//1608
f 494//1609 495//1609 952//1609
f 953//1610 496//1610 954//1610
f 495//1611 496//1611 953//1611
f 496//1612 497//1612 954//1612
f 497//1613 498//1613 954//1613
f 954//1614 498//1614 955//1614
f 498//1615 499//1615 955//1615
f 955//1616 499//1616 956//1616
f 499//1617 500//1617 956//1617
f 956//1618 500//1618 957//1618
f 500//1619 501//1619 957//1619
f 957//1620 501//1620 958//1620
f 501//1621 502//1621 958//1621
f 958//1622 502//1622 959//1622
f 502//1623 503//1623 959//1623
f 959//1624 503//1624 960//1624
f 503//1625 504//1625 960//1625
f 960//1626 504//1626 961//1626
f 504//1627 505//1627 961//1627
f 961//1628 505//1628 962//1628
f 505//1629 506//1629 962//1629
f 962//1630 506//1630 963//1630
f 506//1631 507//1631 963//1631
f 963//1632 507//1632 964//1632
f 964//1633 508//1633 965//1633
f 507//1634 508//1634 964//1634
f 965//1635 509//1635 966//1635
f 508//1636 509//1636 965//1636
f 966//1637 314//1637 809//1637
f 809//1638 314//1638 807//1638
f 509//1639 314//1639 966//1639
f 314//1640 312//1640 807//1640
f 807//1641 311//1641 806//1641
f 312//1642 311//1642 807//1642
f 806//1643 310//1643 805//1643
f 311//1644 310//1644 806//1644
f 805//1645 309//1645 804//1645
f 310//1646 309//1646 805//1646
f 804//1647 308//1647 803//1647
f 309//1648 308//1648 804//1648
f 803//1649 307//1649 802//1649
f 308//1650 307//1650 803//1650
f 802//1651 306//1651 801//1651
f 801//1652 306//1652 798//1652
f 307//1653 306//1653 802//1653
f 306//1654 303//1654 798//1654
f 798//1655 302//1655 797//1655
f 303//1656 302//1656 798//1656
f 797//1657 301//1657 796//1657
f 302//1658 301//1658 797//1658
f 796//1659 300//1659 795//1659
f 301//1660 300//1660 796//1660
f 300//1661 299//1661 795//1661
f 795//1662 299//1662 794//1662
f 299//1663 298//1663 794//1663
f 794//1664 298//1664 793//1664
f 298//1665 297//1665 793//1665
f 793//1666 297//1666 792//1666
f 297//1667 296//1667 792//1667
f 792//1668 296//1668 791//1668
f 296//1669 294//1669 791//1669
f 791//1670 294//1670 789//1670
f 294//1671 293//1671 789//1671
f 789//1672 293//1672 788//1672
f 293//1673 292//1673 788//1673
f 788//1674 292//1674 787//1674
f 292//1675 291//1675 787//1675
f 787//1676 291//1676 786//1676
f 291//1677 290//1677 786//1677
f 786//1678 290//1678 785//1678
f 290//1679 289//1679 785//1679
f 785//1680 289//1680 784//1680
f 289//1681 288//1681 784//1681
f 784//1682 288//1682 783//1682
f 288//1683 287//1683 783//1683
f 783//1684 287//1684 782//1684
f 287//1685 286//1685 782//1685
f 782//1686 286//1686 781//1686
f 286//1687 284//1687 781//1687
f 781//1688 284//1688 779//1688
f 284//1689 285//1689 779//1689
f 779//1690 285//1690 780//1690
f 285//1691 563//1691 780//1691
f 780//1692 563//1692 1020//1692
f 563//1693 562//1693 1020//1693
f 1020//1694 562//1694 1019//1694
f 562//1695 561//1695 1019//1695
f 1019//1696 561//1696 1018//1696
f 561//1697 560//1697 1018//1697
f 1018//1698 560//1698 1017//1698
f 560//1699 559//1699 1017//1699
f 1017//1700 559//1700 1016//1700
f 1016//1701 559//1701 1015//1701
f 559//1702 558//1702 1015//1702
f 1015//1703 557//1703 1014//1703
f 558//1704 557//1704 1015//1704
f 1014//1705 556//1705 1013//1705
f 557//1706 556//1706 1014//1706
f 1013//1707 555//1707 1012//1707
f 556//1708 555//1708 1013//1708
f 1012//1709 554//1709 1011//1709
f 1011//1710 554//1710 1010//1710
f 555//1711 554//1711 1012//1711
f 554//1712 553//1712 1010//1712
f 1010//1713 553//1713 1009//1713
f 553//1714 552//1714 1009//1714
f 552//1715 551//1715 1009//1715
f 1009//1716 551//1716 1008//1716
f 551//1717 550//1717 1008//1717
f 1008//1718 550//1718 1007//1718
f 550//1719 549//1719 1007//1719
f 1007//1720 549//1720 1006//1720
f 549//1721 548//1721 1006//1721
f 1006//1722 548//1722 1005//1722
f 548//1723 547//1723 1005//1723
f 1005//1724 547//1724 1004//1724
f 547//1725 546//1725 1004//1725
f 1004//1726 546//1726 1003//1726
f 546//1727 528//1727 1003//1727
f 1003//1728 528//1728 985//1728
f 985//1729 528//1729 986//1729
f 528//1730 529//1730 986//1730
f 529//1731 530//1731 986//1731
f 986//1732 530//1732 987//1732
f 530//1733 531//1733 987//1733
f 987//1734 531//1734 988//1734
f 988//1735 531//1735 989//1735
f 989//1736 532//1736 990//1736
f 531//1737 532//1737 989//1737
f 990//1738 533//1738 991//1738
f 532//1739 533//1739 990//1739
f 533//1740 534//1740 991//1740
f 991//1741 535//1741 992//1741
f 534//1742 535//1742 991//1742
f 992//1743 536//1743 993//1743
f 993//1744 536//1744 994//1744
f 535//1745 536//1745 992//1745
f 536//1746 537//1746 994//1746
f 994//1747 538//1747 995//1747
f 995//1748 538//1748 996//1748
f 537//1749 538//1749 994//1749
f 996//1750 539//1750 997//1750
f 538//1751 539//1751 996//1751
f 539//1752 540//1752 997//1752
f 997//1753 541//1753 998//1753
f 998//1754 541//1754 999//1754
f 540//1755 541//1755 997//1755
f 541//1756 542//1756 999//1756
f 999//1757 543//1757 1000//1757
f 542//1758 543//1758 999//1758
f 1000//1759 544//1759 1001//1759
f 543//1760 544//1760 1000//1760
f 544//1761 545//1761 1001//1761
f 1001//1762 545//1762 1002//1762
f 545//1763 345//1763 1002//1763
f 1002//1764 345//1764 840//1764
f 840//1765 345//1765 838//1765
f 345//1766 344//1766 838//1766
f 344//1767 346//1767 838//1767
f 838//1768 346//1768 841//1768
f 841//1769 347//1769 842//1769
f 346//1770 347//1770 841//1770
f 842//1771 348//1771 843//1771
f 347//1772 348//1772 842//1772
f 843//1773 349//1773 844//1773
f 348//1774 349//1774 843//1774
f 844//1775 350//1775 845//1775
f 349//1776 350//1776 844//1776
f 845//1777 351//1777 846//1777
f 350//1778 351//1778 845//1778
f 846//1779 352//1779 847//1779
f 351//1780 352//1780 846//1780
f 847//1781 353//1781 848//1781
f 352//1782 353//1782 847//1782
f 848//1783 354//1783 849//1783
f 353//1784 354//1784 848//1784
f 849//1785 355//1785 850//1785
f 354//1786 355//1786 849//1786
f 850//1787 356//1787 851//1787
f 851//1788 356//1788 852//1788
f 355//1789 356//1789 850//1789
f 356//1790 357//1790 852//1790
f 148//1791 144//1791 681//1791
f 681//1792 144//1792 677//1792
f 144//1793 140//1793 677//1793
f 677//1794 140//1794 673//1794
f 140//1795 136//1795 673//1795
f 673//1796 136//1796 669//1796
f 136//1797 132//1797 669//1797
f 669//1798 132//1798 666//1798
f 132//1799 128//1799 666//1799
f 666//1800 128//1800 662//1800
f 128//1801 124//1801 662//1801
f 662//1802 124//1802 657//1802
f 124//1803 120//1803 657//1803
f 657//1804 120//1804 653//1804
f 120//1805 116//1805 653//1805
f 653//1806 116//1806 649//1806
f 116//1807 112//1807 649//1807
f 649//1808 112//1808 645//1808
f 112//1809 107//1809 645//1809
f 645//1810 107//1810 641//1810
f 641//1811 107//1811 643//1811
f 107//1812 110//1812 643//1812
f 110//1813 114//1813 643//1813
f 643//1814 114//1814 647//1814
f 647//1815 114//1815 651//1815
f 114//1816 118//1816 651//1816
f 118//1817 122//1817 651//1817
f 651//1818 122//1818 655//1818
f 655//1819 126//1819 659//1819
f 122//1820 126//1820 655//1820
f 659//1821 130//1821 663//1821
f 126//1822 130//1822 659//1822
f 663//1823 134//1823 667//1823
f 667//1824 134//1824 671//1824
f 130//1825 134//1825 663//1825
f 134//1826 138//1826 671//1826
f 671//1827 142//1827 675//1827
f 138//1828 142//1828 671//1828
f 675//1829 146//1829 679//1829
f 142//1830 146//1830 675//1830
f 679//1831 155//1831 688//1831
f 146//1832 155//1832 679//1832
f 688//1833 165//1833 698//1833
f 698//1834 165//1834 706//1834
f 155//1835 165//1835 688//1835
f 165//1836 173//1836 706//1836
f 173//1837 181//1837 706//1837
f 706//1838 181//1838 714//1838
f 714//1839 181//1839 722//1839
f 181//1840 189//1840 722//1840
f 722//1841 189//1841 724//1841
f 189//1842 191//1842 724//1842
f 191//1843 193//1843 724//1843
f 724//1844 193//1844 726//1844
f 726//1845 193//1845 728//1845
f 193//1846 195//1846 728//1846
f 195//1847 197//1847 728//1847
f 728//1848 197//1848 730//1848
f 197//1849 199//1849 730//1849
f 730//1850 199//1850 732//1850
f 199//1851 241//1851 732//1851
f 732//1852 241//1852 747//1852
f 241//1853 259//1853 747//1853
f 747//1854 259//1854 754//1854
f 259//1855 262//1855 754//1855
f 754//1856 262//1856 757//1856
f 757//1857 262//1857 760//1857
f 262//1858 265//1858 760//1858
f 265//1859 268//1859 760//1859
f 760//1860 268//1860 763//1860
f 268//1861 271//1861 763//1861
f 763//1862 271//1862 766//1862
f 271//1863 274//1863 766//1863
f 766//1864 274//1864 769//1864
f 274//1865 277//1865 769//1865
f 769//1866 277//1866 772//1866
f 277//1867 280//1867 772//1867
f 772//1868 280//1868 775//1868
f 280//1869 283//1869 775//1869
f 775//1870 283//1870 778//1870
f 283//1871 304//1871 778//1871
f 778//1872 304//1872 799//1872
f 304//1873 315//1873 799//1873
f 799//1874 315//1874 810//1874
f 315//1875 318//1875 810//1875
f 810//1876 318//1876 813//1876
f 813//1877 318//1877 815//1877
f 318//1878 321//1878 815//1878
f 815//1879 321//1879 818//1879
f 321//1880 324//1880 818//1880
f 818//1881 324//1881 821//1881
f 324//1882 327//1882 821//1882
f 824//1883 330//1883 827//1883
f 821//1884 330//1884 824//1884
f 327//1885 330//1885 821//1885
f 330//1886 333//1886 827//1886
f 827//1887 333//1887 830//1887
f 333//1888 336//1888 830//1888
f 830//1889 339//1889 833//1889
f 336//1890 339//1890 830//1890
f 833//1891 342//1891 837//1891
f 339//1892 342//1892 833//1892
f 837//1893 360//1893 854//1893
f 342//1894 360//1894 837//1894
f 148//1895 681//1895 149//1895
f 681//1896 682//1896 149//1896
f 149//1897 683//1897 150//1897
f 150//1898 683//1898 152//1898
f 682//1899 683//1899 149//1899
f 683//1900 685//1900 152//1900
f 152//1901 686//1901 153//1901
f 153//1902 686//1902 154//1902
f 685//1903 686//1903 152//1903
f 686//1904 687//1904 154//1904
f 687//1905 690//1905 154//1905
f 154//1906 690//1906 157//1906
f 157//1907 691//1907 158//1907
f 690//1908 691//1908 157//1908
f 691//1909 693//1909 158//1909
f 158//1910 693//1910 160//1910
f 160//1911 694//1911 161//1911
f 161//1912 694//1912 162//1912
f 693//1913 694//1913 160//1913
f 694//1914 695//1914 162//1914
f 162//1915 696//1915 163//1915
f 163//1916 696//1916 167//1916
f 695//1917 696//1917 162//1917
f 696//1918 700//1918 167//1918
f 167//1919 701//1919 168//1919
f 168//1920 701//1920 169//1920
f 700//1921 701//1921 167//1921
f 169//1922 702//1922 170//1922
f 701//1923 702//1923 169//1923
f 702//1924 703//1924 170//1924
f 170//1925 704//1925 171//1925
f 171//1926 704//1926 175//1926
f 703//1927 704//1927 170//1927
f 704//1928 708//1928 175//1928
f 175//1929 709//1929 176//1929
f 176//1930 709//1930 177//1930
f 708//1931 709//1931 175//1931
f 709//1932 710//1932 177//1932
f 177//1933 711//1933 178//1933
f 710//1934 711//1934 177//1934
f 178//1935 713//1935 180//1935
f 711//1936 713//1936 178//1936
f 180//1937 716//1937 183//1937
f 713//1938 716//1938 180//1938
f 183//1939 717//1939 184//1939
f 184//1940 717//1940 185//1940
f 716//1941 717//1941 183//1941
f 717//1942 718//1942 185//1942
f 185//1943 720//1943 187//1943
f 718//1944 720//1944 185//1944
f 187//1945 721//1945 188//1945
f 188//1946 721//1946 214//1946
f 720//1947 721//1947 187//1947
f 214//1948 736//1948 215//1948
f 721//1949 736//1949 214//1949
f 736//1950 738//1950 215//1950
f 215//1951 739//1951 221//1951
f 221//1952 739//1952 224//1952
f 738//1953 739//1953 215//1953
f 739//1954 740//1954 224//1954
f 224//1955 741//1955 227//1955
f 740//1956 741//1956 224//1956
f 741//1957 742//1957 227//1957
f 227//1958 742//1958 230//1958
f 230//1959 742//1959 234//1959
f 742//1960 744//1960 234//1960
f 234//1961 744//1961 237//1961
f 744//1962 745//1962 237//1962
f 745//1963 746//1963 237//1963
f 237//1964 746//1964 240//1964
f 746//1965 749//1965 240//1965
f 240//1966 749//1966 245//1966
f 245//1967 749//1967 246//1967
f 749//1968 751//1968 246//1968
f 246//1969 751//1969 250//1969
f 751//1970 752//1970 250//1970
f 854//1971 360//1971 361//1971
f 856//1972 854//1972 361//1972
f 857//1973 361//1973 362//1973
f 857//1974 362//1974 365//1974
f 857//1975 856//1975 361//1975
f 859//1976 857//1976 365//1976
f 861//1977 365//1977 366//1977
f 861//1978 366//1978 367//1978
f 861//1979 859//1979 365//1979
f 862//1980 861//1980 367//1980
f 863//1981 862//1981 367//1981
f 863//1982 367//1982 368//1982
f 864//1983 368//1983 369//1983
f 864//1984 863//1984 368//1984
f 867//1985 864//1985 369//1985
f 867//1986 369//1986 372//1986
f 868//1987 372//1987 373//1987
f 868//1988 373//1988 374//1988
f 868//1989 867//1989 372//1989
f 869//1990 868//1990 374//1990
f 870//1991 374//1991 375//1991
f 870//1992 375//1992 401//1992
f 870//1993 869//1993 374//1993
f 890//1994 870//1994 401//1994
f 892//1995 401//1995 402//1995
f 892//1996 402//1996 403//1996
f 892//1997 890//1997 401//1997
f 893//1998 403//1998 404//1998
f 893//1999 892//1999 403//1999
f 894//2000 893//2000 404//2000
f 895//2001 404//2001 405//2001
f 895//2002 405//2002 423//2002
f 895//2003 894//2003 404//2003
f 905//2004 895//2004 423//2004
f 906//2005 423//2005 424//2005
f 906//2006 424//2006 425//2006
f 906//2007 905//2007 423//2007
f 907//2008 906//2008 425//2008
f 908//2009 425//2009 426//2009
f 908//2010 907//2010 425//2010
f 910//2011 426//2011 429//2011
f 910//2012 908//2012 426//2012
f 912//2013 429//2013 430//2013
f 912//2014 910//2014 429//2014
f 913//2015 430//2015 431//2015
f 913//2016 431//2016 432//2016
f 913//2017 912//2017 430//2017
f 914//2018 913//2018 432//2018
f 917//2019 432//2019 437//2019
f 917//2020 914//2020 432//2020
f 903//2021 437//2021 420//2021
f 903//2022 420//2022 418//2022
f 903//2023 917//2023 437//2023
f 902//2024 418//2024 415//2024
f 902//2025 903//2025 418//2025
f 900//2026 902//2026 415//2026
f 899//2027 415//2027 414//2027
f 899//2028 414//2028 412//2028
f 899//2029 900//2029 415//2029
f 898//2030 899//2030 412//2030
f 897//2031 412//2031 410//2031
f 897//2032 898//2032 412//2032
f 896//2033 897//2033 410//2033
f 896//2034 410//2034 408//2034
f 896//2035 408//2035 399//2035
f 889//2036 896//2036 399//2036
f 889//2037 399//2037 398//2037
f 888//2038 889//2038 398//2038
f 887//2039 888//2039 398//2039
f 887//2040 398//2040 396//2040
f 886//2041 887//2041 396//2041
f 886//2042 396//2042 394//2042
f 886//2043 394//2043 378//2043
f 872//2044 886//2044 378//2044
f 872//2045 378//2045 343//2045
f 839//2046 872//2046 343//2046
f 839//2047 250//2047 752//2047
f 343//2048 250//2048 839//2048
