# Created by FreeCAD <https://www.freecad.org>
v -365.657166 268.158722 -124.879860
v -363.935272 196.179321 -124.881989
v -364.322418 268.190765 -128.588104
v -362.600525 196.211349 -128.590225
v -361.084808 196.247726 -132.228210
v -362.806702 268.227142 -132.226089
v -359.391785 196.288330 -135.787125
v -361.113678 268.267731 -135.784988
v -357.525635 196.333069 -139.258286
v -359.247528 268.312469 -139.256149
v -355.490784 196.381851 -142.633301
v -357.212677 268.361267 -142.631180
v -353.292267 196.434540 -145.903992
v -355.014160 268.413940 -145.901855
v -352.657257 268.470428 -149.060257
v -350.935364 196.491013 -149.062393
v -348.425812 196.551147 -152.100845
v -350.147705 268.530548 -152.098709
v -347.491577 268.594177 -155.009842
v -345.769684 196.614761 -155.011978
v -342.973450 196.681747 -157.788712
v -344.695343 268.661133 -157.786591
v -341.765808 268.731293 -160.422211
v -340.043915 196.751892 -160.424332
v -336.988159 196.825073 -162.912430
v -338.710052 268.804474 -162.910309
v -333.813599 196.901077 -165.246964
v -335.535492 268.880493 -165.244827
v -332.249847 268.959167 -167.420135
v -330.527954 196.979752 -167.422272
v -328.861053 269.040283 -169.430939
v -327.139160 197.060867 -169.433075
v -323.655487 197.144257 -171.274475
v -325.377380 269.123657 -171.272354
v -321.807281 269.209137 -172.939896
v -320.085388 197.229721 -172.942032
v -316.437531 197.317032 -174.431686
v -318.159424 269.296448 -174.429550
v -312.720734 197.405975 -175.739807
v -314.442627 269.385376 -175.737671
v -310.665924 269.475769 -176.861099
v -308.944031 197.496353 -176.863235
v -305.116608 197.587952 -177.799240
v -306.838501 269.567352 -177.797104
v -302.969635 269.659912 -178.543427
v -301.247742 197.680511 -178.545547
v -297.346832 197.773849 -179.100357
v -299.068726 269.753265 -179.098236
v -295.145203 269.847137 -179.460190
v -293.423309 197.867722 -179.462311
v -289.486755 197.961899 -179.630539
v -291.208649 269.941315 -179.628403
v -285.546722 198.056152 -179.604630
v -287.268616 270.035553 -179.602493
v -283.334595 270.129669 -179.382507
v -281.612701 198.150253 -179.384628
v -277.694305 198.243973 -178.971100
v -279.416199 270.223389 -178.968964
v -275.522919 270.316498 -178.362900
v -273.801025 198.337097 -178.365021
v -271.664185 270.408783 -177.565750
v -269.942291 198.429382 -177.567886
v -267.849396 270.500000 -176.579483
v -266.127502 198.520599 -176.581619
v -262.365906 198.610550 -175.408600
v -264.087799 270.589966 -175.406464
v -258.666626 198.699005 -174.051697
v -260.388519 270.678406 -174.049561
v -256.760529 270.765167 -172.512070
v -255.038635 198.785751 -172.514191
v -253.212677 270.849976 -170.797699
v -251.490784 198.870575 -170.799820
v -249.753525 270.932678 -168.910614
v -248.031631 198.953262 -168.912750
v -244.669586 199.033630 -166.857544
v -246.391479 271.013031 -166.855423
v -241.412811 199.111481 -164.639221
v -243.134705 271.090881 -164.637085
v -238.269211 199.186615 -162.263123
v -239.991104 271.166016 -162.260986
v -235.246429 199.258850 -159.735046
v -236.968323 271.238251 -159.732910
v -232.351776 199.328018 -157.061111
v -234.073669 271.307434 -157.058990
v -231.314163 271.373352 -154.245697
v -229.592270 199.393936 -154.247833
v -226.974686 199.456467 -151.302017
v -228.696579 271.435883 -151.299881
v -224.505264 199.515457 -148.230804
v -226.227158 271.494873 -148.228683
v -223.911987 271.550140 -145.039551
v -222.190094 199.570740 -145.041687
v -220.034744 199.622208 -141.742371
v -221.756638 271.601624 -141.740234
v -219.766342 271.649139 -138.338730
v -218.044449 199.669724 -138.340866
v -216.224060 199.713165 -134.845444
v -217.945953 271.692566 -134.843323
v -214.577988 199.752426 -131.264587
v -216.299881 271.731842 -131.262466
v -213.110229 199.787430 -127.606979
v -214.832123 271.766846 -127.604851
v -213.546219 271.797485 -123.879372
v -211.824341 199.818085 -123.881500
v -212.445312 271.823730 -120.095062
v -210.723419 199.844315 -120.097198
v -233.111328 199.306427 -41.498451
v -220.472061 199.608521 -32.885475
v -223.882736 199.526840 -29.599394
v -236.040909 199.236267 -38.862827
v -227.452911 199.441330 -26.487457
v -230.315140 199.373398 -44.275208
v -217.229416 199.686188 -36.337528
v -239.096664 199.163086 -36.374741
v -231.173721 199.352234 -23.557405
v -227.658997 199.437012 -47.186329
v -214.162796 199.759659 -39.946964
v -242.271225 199.087082 -34.040203
v -235.035904 199.259766 -20.816505
v -225.149460 199.497147 -50.224785
v -211.279846 199.828735 -43.704811
v -245.556870 199.008408 -31.864893
v -239.029877 199.164154 -18.271585
v -222.792557 199.553619 -53.383190
v -208.587753 199.893250 -47.601742
v -248.945648 198.927292 -29.854094
v -243.145706 199.065613 -15.928964
v -220.594009 199.606308 -56.653866
v -206.093201 199.953049 -51.628052
v -252.429321 198.843903 -28.012690
v -247.373138 198.964432 -13.794471
v -218.559174 199.655090 -60.028881
v -203.802399 200.007965 -55.773746
v -255.999405 198.758438 -26.345133
v -251.701691 198.860825 -11.873413
v -216.693008 199.699829 -63.500061
v -201.720993 200.057892 -60.028488
v -259.647278 198.671127 -24.855492
v -256.120605 198.755066 -10.170584
v -215.000015 199.740433 -67.058945
v -199.854218 200.102676 -64.381729
v -263.364075 198.582184 -23.547365
v -260.618866 198.647415 -8.690172
v -213.484299 199.776810 -70.696938
v -198.206711 200.142212 -68.822639
v -267.140747 198.491806 -22.423939
v -265.185303 198.538132 -7.435893
v -212.149536 199.808838 -74.405182
v -212.006531 199.812271 -74.873390
v -211.886627 199.815155 -75.348030
v -196.782516 200.176422 -73.340172
v -211.790085 199.817490 -75.827988
v -211.717133 199.819244 -76.312080
v -211.667953 199.820435 -76.799171
v -270.968201 198.400208 -21.487932
v -269.808594 198.427505 -6.410869
v -211.642685 199.821045 -77.288094
v -211.641357 199.821106 -77.777664
v -195.585220 200.205200 -77.923103
v -211.664001 199.820572 -78.266708
v -211.710510 199.819473 -78.754059
v -211.780823 199.817810 -79.238548
v -211.874771 199.815567 -79.719017
v -194.617798 200.228485 -82.560028
v -274.837036 198.307648 -20.741619
v -274.477203 198.315796 -5.617629
v -211.992111 199.812775 -80.194305
v -212.132553 199.809433 -80.663284
v -212.295807 199.805542 -81.124825
v -212.481415 199.801117 -81.577812
v -212.688965 199.796158 -82.021187
v -193.882629 200.246201 -87.239426
v -278.737976 198.214310 -20.186815
v -279.179535 198.203293 -5.058145
v -212.917969 199.790695 -82.453865
v -213.167877 199.784729 -82.874802
v -213.438065 199.778275 -83.283005
v -213.727905 199.771362 -83.677490
v -193.381546 200.258331 -91.949669
v -214.036697 199.763977 -84.057320
v -282.661469 198.120438 -19.824858
v -283.903900 198.090271 -4.733822
v -214.363724 199.756165 -84.421577
v -214.708160 199.747940 -84.769386
v -215.069199 199.739319 -85.099915
v -193.115845 200.264832 -96.679039
v -215.445999 199.730316 -85.412369
v -215.837601 199.720947 -85.706001
v -286.598022 198.026260 -19.656637
v -288.638519 197.977005 -4.645455
v -290.538116 197.932007 -19.682547
v -293.371704 197.863785 -4.793272
v -294.472107 197.837906 -19.902544
v -298.091614 197.750885 -5.176904
v -298.390503 197.744186 -20.316072
v -302.786560 197.638596 -5.795391
v -302.283813 197.651062 -20.922150
v -307.444824 197.527176 -6.647205
v -306.142517 197.558777 -21.719286
v -312.054871 197.416931 -7.730217
v -213.208847 199.784576 -110.581612
v -193.086090 200.265671 -101.415771
v -213.557938 199.776215 -110.238464
v -213.923401 199.767456 -109.912834
v -212.876968 199.792526 -110.941429
v -193.292465 200.260880 -106.148109
v -214.304337 199.758331 -109.605476
v -212.563080 199.800049 -111.317062
v -214.699890 199.748871 -109.317139
v -212.267975 199.807114 -111.707611
v -215.109055 199.739075 -109.048515
v -211.992294 199.813721 -112.112137
v -215.530884 199.728973 -108.800240
v -216.243134 199.711258 -85.980118
v -216.661560 199.701248 -86.234047
v -211.736740 199.819839 -112.529678
v -193.734375 200.250443 -110.864265
v -215.964340 199.718597 -108.572914
v -211.501953 199.825470 -112.959236
v -216.408417 199.707962 -108.367073
v -217.091934 199.690964 -86.467194
v -211.288452 199.830597 -113.399765
v -216.862030 199.697113 -108.183228
v -217.533203 199.680420 -86.678986
v -211.096741 199.835190 -113.850220
v -217.324097 199.686050 -108.021820
v -217.984314 199.669632 -86.868919
v -210.927322 199.839264 -114.309517
v -217.793488 199.674820 -107.883209
v -218.444138 199.658630 -87.036545
v -210.780579 199.842789 -114.776566
v -194.410751 200.234406 -115.552528
v -218.269104 199.663437 -107.767754
v -218.911636 199.647461 -87.181458
v -210.656860 199.845764 -115.250237
v -218.749832 199.651932 -107.675720
v -219.385681 199.636124 -87.303307
v -210.556458 199.848175 -115.729393
v -219.234451 199.640335 -107.607323
v -219.865097 199.624649 -87.401810
v -309.957306 197.467560 -22.705559
v -316.605225 197.308121 -9.041733
v -210.479660 199.850021 -116.212891
v -219.721832 199.628677 -107.562737
v -220.348755 199.613083 -87.476715
v -220.835510 199.601440 -87.527855
v -210.426559 199.851318 -116.699570
v -195.319916 200.212799 -120.201248
v -220.210831 199.616974 -107.542076
v -221.324158 199.589752 -87.555107
v -210.397354 199.852020 -117.188271
v -220.700241 199.605270 -107.545364
v -210.392090 199.852173 -117.677818
v -210.410782 199.851730 -118.167023
v -210.453415 199.850723 -118.654732
v -210.519821 199.849152 -119.139778
v -196.459610 200.185669 -124.798843
v -210.609909 199.847015 -119.620979
v -313.718903 197.377609 -23.878571
v -321.084564 197.201004 -10.578512
v -197.826981 200.153091 -129.333908
v -317.418182 197.289154 -25.235472
v -325.481750 197.095871 -12.336727
v -199.418640 200.115143 -133.795151
v -321.046173 197.202408 -26.772974
v -329.785858 196.992966 -14.311975
v -201.230652 200.071930 -138.171494
v -324.594025 197.117584 -28.487339
v -333.986176 196.892548 -16.499390
v -203.258469 200.023544 -142.452057
v -328.053192 197.034897 -30.374416
v -338.072266 196.794876 -18.893513
v -205.497070 199.970123 -146.626175
v -331.415222 196.954529 -32.429611
v -342.033997 196.700180 -21.488396
v -207.940903 199.911774 -150.683502
v -334.671997 196.876678 -34.647953
v -345.861481 196.608704 -24.277578
v -210.583893 199.848679 -154.613937
v -337.815613 196.801544 -37.024044
v -349.545227 196.520660 -27.254139
v -213.419449 199.780945 -158.407684
v -340.838379 196.729309 -39.552128
v -281.982208 198.138916 -95.227371
v -282.209808 198.133469 -94.930695
v -281.769684 198.144012 -95.535019
v -281.572723 198.148727 -95.852882
v -281.391876 198.153076 -96.180176
v -281.227570 198.157013 -96.516075
v -281.080200 198.160553 -96.859756
v -280.950104 198.163666 -97.210350
v -280.837677 198.166367 -97.567001
v -280.743134 198.168640 -97.928810
v -280.666779 198.170486 -98.294884
v -353.076050 196.436295 -30.410658
v -280.608734 198.171875 -98.664314
v -280.569183 198.172836 -99.036171
v -280.548218 198.173355 -99.409546
v -280.545837 198.173416 -99.783493
v -280.562164 198.173035 -100.157097
v -280.597046 198.172211 -100.529434
v -280.650421 198.170944 -100.899559
v -280.722198 198.169235 -101.266556
v -343.733032 196.660141 -42.226048
v -216.440506 199.708786 -162.055359
v -280.812195 198.167099 -101.629524
v -280.920135 198.164520 -101.987556
v -281.045807 198.161530 -102.339760
v -281.188843 198.158127 -102.685265
v -281.348938 198.154297 -103.023201
v -281.525665 198.150085 -103.352737
v -281.718597 198.145477 -103.673050
v -356.445221 196.355789 -33.739311
v -281.927246 198.140488 -103.983353
v -346.492523 196.594223 -45.039337
v -219.639587 199.632370 -165.547852
v -359.644287 196.279373 -37.231815
v -349.110138 196.531693 -47.985165
v -223.008759 199.551865 -168.876511
v -362.665375 196.207214 -40.879482
v -351.579529 196.472702 -51.056358
v -226.539597 199.467499 -172.033035
v -365.500916 196.139496 -44.673241
v -353.894714 196.417419 -54.245487
v -230.223328 199.379456 -175.009598
v -368.143890 196.076385 -48.603664
v -356.050079 196.365952 -57.544811
v -234.050827 199.287979 -177.798782
v -370.587738 196.018036 -52.660988
v -358.040344 196.318436 -60.946304
v -238.012543 199.193283 -180.393661
v -372.826324 195.964615 -56.835117
v -359.860748 196.274994 -64.441719
v -242.098633 199.095612 -182.787781
v -374.854156 195.916229 -61.115677
v -361.506805 196.235733 -68.022583
v -246.298950 198.995193 -184.975189
v -376.666168 195.873016 -65.492012
v -362.974579 196.200729 -71.680183
v -250.603073 198.892288 -186.950455
v -378.257812 195.835068 -69.953262
v -364.260498 196.170074 -75.405670
v -355.384552 196.382889 -91.741806
v -294.366211 197.842682 -95.614120
v -294.157562 197.847672 -95.303818
v -294.559143 197.838074 -95.934433
v -294.735870 197.833862 -96.263969
v -294.895966 197.830032 -96.601906
v -295.039032 197.826630 -96.947411
v -295.164673 197.823639 -97.299614
v -295.272614 197.821060 -97.657646
v -295.362610 197.818924 -98.020615
v -295.434387 197.817215 -98.387611
v -295.487793 197.815948 -98.757736
v -295.522644 197.815125 -99.130074
v -295.538940 197.814743 -99.503677
v -295.536621 197.814804 -99.877632
v -255.000229 198.787155 -188.708649
v -379.625214 195.802490 -74.488327
v -365.361389 196.143845 -79.189972
v -365.474915 196.141144 -79.666191
v -365.565002 196.139008 -80.147400
v -259.479584 198.680038 -190.245438
v -380.764893 195.775360 -79.085922
v -365.631409 196.137436 -80.632439
v -365.674011 196.136429 -81.120148
v -365.692719 196.135986 -81.609352
v -365.687439 196.136139 -82.098900
v -365.658234 196.136841 -82.587601
v -264.029938 198.571228 -191.556961
v -381.674072 195.753754 -83.734642
v -365.605164 196.138138 -83.074280
v -365.528351 196.139984 -83.557777
v -365.427948 196.142395 -84.036934
v -365.304230 196.145370 -84.510605
v -268.639984 198.460983 -192.639969
v -354.760651 196.398407 -111.732063
v -355.873993 196.371185 -91.745094
v -295.515625 197.815323 -100.250999
v -295.476074 197.816284 -100.622856
v -295.418030 197.817673 -100.992294
v -295.341675 197.819519 -101.358360
v -295.247131 197.821793 -101.720169
v -295.134705 197.824493 -102.076820
v -295.004608 197.827606 -102.427414
v -294.857269 197.831146 -102.771095
v -294.692932 197.835083 -103.106995
v -294.512054 197.839432 -103.434288
v -294.315125 197.844147 -103.752151
v -294.102600 197.849243 -104.059799
v -293.875000 197.854691 -104.356476
v -355.249329 196.386719 -111.759315
v -355.736053 196.375076 -111.810455
v -356.362976 196.359482 -91.724434
v -356.219727 196.363510 -111.885361
v -356.850372 196.347824 -91.679848
v -356.699127 196.352036 -111.983864
v -357.334991 196.336227 -91.611450
v -357.815704 196.324722 -91.519417
v -382.350433 195.737717 -88.422905
v -365.157471 196.148895 -84.977654
v -364.988068 196.152969 -85.436951
v -364.796356 196.157562 -85.887405
v -364.582855 196.162689 -86.327934
v -364.348053 196.168320 -86.757492
v -357.173157 196.340698 -112.105713
v -357.640656 196.329529 -112.250626
v -358.291321 196.313339 -91.403961
v -358.100525 196.318527 -112.418251
v -358.760712 196.302109 -91.265350
v -358.551605 196.307739 -112.608185
v -359.222778 196.291046 -91.103943
v -358.992859 196.297195 -112.819977
v -359.676392 196.280197 -90.920097
v -360.120453 196.269562 -90.714256
v -273.298248 198.349564 -193.491776
v -359.423248 196.286911 -113.053123
v -360.553925 196.259186 -90.486931
v -359.841675 196.276901 -113.307053
v -360.975769 196.249084 -90.238655
v -360.247223 196.267212 -113.581169
v -382.792358 195.727280 -93.139061
v -364.092499 196.174438 -87.175034
v -363.816833 196.181046 -87.579559
v -363.521729 196.188110 -87.970108
v -363.207855 196.195633 -88.345741
v -277.993195 198.237274 -194.110275
v -382.998718 195.722488 -97.871399
v -362.875977 196.203583 -88.705559
v -362.526886 196.211945 -89.048706
v -362.161407 196.220703 -89.374336
v -361.780457 196.229828 -89.681694
v -282.713104 198.124374 -194.493896
v -382.968964 195.723328 -102.608139
v -361.015594 196.248840 -114.187256
v -360.638824 196.257843 -113.874802
v -361.384918 196.239288 -89.970032
v -287.446289 198.011154 -194.641708
v -382.703247 195.729828 -107.337502
v -361.376648 196.240219 -114.517784
v -362.356903 196.216797 -115.609680
v -362.048126 196.224182 -115.229851
v -361.721100 196.231995 -114.865593
v -292.180908 197.897888 -194.553345
v -382.202179 195.741959 -112.047745
v -363.395844 196.192001 -117.265984
v -363.166840 196.197464 -116.833313
v -362.916931 196.203430 -116.412369
v -362.646759 196.209885 -116.004166
v -296.905304 197.784866 -194.229019
v -381.467041 195.759674 -116.727142
v -364.210022 196.172592 -119.568153
v -364.092712 196.175385 -119.092865
v -363.952240 196.178726 -118.623886
v -363.789001 196.182617 -118.162346
v -363.603394 196.187042 -117.709358
v -301.607605 197.672363 -193.669540
v -380.499603 195.782959 -121.364075
v -364.443451 196.167053 -121.509506
v -364.420807 196.167587 -121.020462
v -364.374298 196.168686 -120.533112
v -364.303986 196.170349 -120.048622
v -306.276215 197.560654 -192.876297
v -379.302307 195.811737 -125.946999
v -364.198181 196.173004 -123.939140
v -364.294739 196.170670 -123.459183
v -364.367676 196.168915 -122.975090
v -364.416840 196.167725 -122.487999
v -364.442108 196.167114 -121.999077
v -310.899506 197.450027 -191.851273
v -377.878113 195.845947 -130.464523
v -364.078278 196.175888 -124.413780
v -315.465942 197.340744 -190.597000
v -376.230591 195.885483 -134.905441
v -319.964203 197.233093 -189.116592
v -374.363800 195.930267 -139.258682
v -324.383118 197.127335 -187.413757
v -372.282410 195.980194 -143.513428
v -328.711670 197.023727 -185.492691
v -369.991608 196.035110 -147.659119
v -332.939117 196.922546 -183.358200
v -367.497040 196.094910 -151.685425
v -337.054932 196.824005 -181.015594
v -364.804962 196.159424 -155.582352
v -341.048920 196.728394 -178.470673
v -361.921997 196.228500 -159.340210
v -344.911102 196.635925 -175.729767
v -358.855408 196.301971 -162.949646
v -348.631897 196.546829 -172.799713
v -355.612732 196.379639 -166.401688
v -352.202057 196.461319 -169.687775
v -287.621674 198.004364 -107.131767
v -287.249054 198.013275 -107.101479
v -286.878387 198.022141 -107.052658
v -286.510651 198.030945 -106.985405
v -286.146698 198.039642 -106.899902
v -285.787445 198.048233 -106.796364
v -285.433807 198.056686 -106.675034
v -285.086639 198.064987 -106.536232
v -284.746887 198.073120 -106.380295
v -284.415253 198.081039 -106.207603
v -284.092682 198.088760 -106.018593
v -283.779907 198.096237 -105.813728
v -283.477753 198.103455 -105.593536
v -283.186920 198.110397 -105.358543
v -282.908173 198.117065 -105.109344
v -282.642181 198.123413 -104.846558
v -282.389618 198.129456 -104.570831
v -282.151123 198.135147 -104.282860
v -287.995361 197.995422 -107.143433
v -288.369110 197.986481 -107.136459
v -288.742096 197.977570 -107.110855
v -289.113342 197.968674 -107.066681
v -289.481903 197.959869 -107.004059
v -289.846893 197.951126 -106.923141
v -290.207428 197.942505 -106.824112
v -290.562561 197.934006 -106.707245
v -290.911407 197.925659 -106.572815
v -291.253143 197.917480 -106.421150
v -291.586884 197.909485 -106.252640
v -291.911835 197.901703 -106.067688
v -292.227112 197.894150 -105.866776
v -292.532013 197.886856 -105.650391
v -292.825806 197.879822 -105.419067
v -293.107635 197.873077 -105.173393
v -293.376892 197.866623 -104.913963
v -293.632904 197.860489 -104.641434
v -288.463165 197.983795 -92.155403
v -288.835754 197.974884 -92.185692
v -289.206421 197.966019 -92.234512
v -289.574158 197.957214 -92.301765
v -289.938110 197.948517 -92.387268
v -290.297363 197.939926 -92.490807
v -290.651001 197.931473 -92.612137
v -290.998138 197.923172 -92.750938
v -291.337952 197.915039 -92.906876
v -291.669556 197.907120 -93.079567
v -291.992157 197.899399 -93.268578
v -292.304901 197.891922 -93.473442
v -292.607056 197.884705 -93.693634
v -292.897888 197.877762 -93.928627
v -293.176666 197.871094 -94.177826
v -293.442627 197.864746 -94.440613
v -293.695160 197.858704 -94.716339
v -293.933685 197.853012 -95.004311
v -288.089478 197.992737 -92.143738
v -287.715668 198.001678 -92.150711
v -287.342712 198.010590 -92.176315
v -286.971466 198.019485 -92.220490
v -286.602905 198.028305 -92.283112
v -286.237915 198.037033 -92.364029
v -285.877380 198.045654 -92.463058
v -285.522247 198.054153 -92.579926
v -285.173401 198.062500 -92.714363
v -284.831665 198.070679 -92.866020
v -284.497925 198.078674 -93.034531
v -284.172974 198.086456 -93.219482
v -283.857697 198.094009 -93.420395
v -283.552765 198.101303 -93.636780
v -283.259033 198.108337 -93.868103
v -282.977173 198.115082 -94.113777
v -282.707916 198.121536 -94.373207
v -282.451904 198.127670 -94.645737
v -365.800171 268.155304 -124.411652
v -365.920074 268.152405 -123.937004
v -366.016632 268.150085 -123.457054
v -366.089569 268.148315 -122.972954
v -366.138733 268.147125 -122.485863
v -366.164001 268.146515 -121.996948
v -366.165344 268.146454 -121.507378
v -366.142700 268.147003 -121.018333
v -366.096191 268.148102 -120.530975
v -366.025879 268.149750 -120.046494
v -365.931915 268.152008 -119.566025
v -365.814575 268.154785 -119.090729
v -365.674133 268.158142 -118.621758
v -365.510895 268.162018 -118.160217
v -365.325287 268.166443 -117.707222
v -365.117737 268.171417 -117.263855
v -364.888733 268.176880 -116.831177
v -364.638824 268.182831 -116.410240
v -364.368652 268.189270 -116.002029
v -364.078796 268.196198 -115.607544
v -363.770020 268.203583 -115.227722
v -363.442993 268.211395 -114.863457
v -363.098541 268.219635 -114.515656
v -362.737488 268.228241 -114.185127
v -362.360718 268.237244 -113.872665
v -361.969116 268.246613 -113.579033
v -361.563568 268.256317 -113.304924
v -361.145142 268.266296 -113.050987
v -360.714752 268.276611 -112.817848
v -360.273499 268.287140 -112.606056
v -359.822388 268.297943 -112.416122
v -359.362549 268.308929 -112.248497
v -358.895050 268.320099 -112.103584
v -358.421021 268.331451 -111.981735
v -357.941620 268.342896 -111.883232
v -357.457947 268.354492 -111.808319
v -356.971191 268.366119 -111.757187
v -356.482544 268.377808 -111.729935
v -212.331787 271.826416 -119.618843
v -212.241714 271.828552 -119.137642
v -212.175293 271.830139 -118.652596
v -212.132675 271.831146 -118.164894
v -212.113968 271.831573 -117.675682
v -212.119247 271.831421 -117.186134
v -212.148453 271.830719 -116.697441
v -212.201538 271.829437 -116.210762
v -212.278351 271.827576 -115.727257
v -212.378754 271.825165 -115.248108
v -212.502472 271.822205 -114.774429
v -212.649216 271.818665 -114.307388
v -212.818634 271.814606 -113.848091
v -213.010345 271.809998 -113.397636
v -213.223846 271.804871 -112.957108
v -213.458633 271.799255 -112.527550
v -213.714188 271.793121 -112.110008
v -213.989868 271.786530 -111.705482
v -214.284973 271.779449 -111.314934
v -214.598862 271.771942 -110.939301
v -214.930740 271.763977 -110.579483
v -215.279831 271.755615 -110.236336
v -215.645294 271.746857 -109.910698
v -216.026230 271.737732 -109.603340
v -216.421783 271.728271 -109.315002
v -216.830948 271.718475 -109.046379
v -217.252777 271.708374 -108.798103
v -217.686234 271.697998 -108.570778
v -218.130310 271.687378 -108.364944
v -218.583923 271.676514 -108.181099
v -219.045990 271.665466 -108.019684
v -219.515381 271.654236 -107.881081
v -219.990997 271.642853 -107.765617
v -220.471710 271.631348 -107.673584
v -220.956345 271.619751 -107.605194
v -221.443726 271.608093 -107.560608
v -221.932724 271.596375 -107.539940
v -222.422134 271.584686 -107.543236
v -222.193954 271.587921 -32.883347
v -234.833221 271.285828 -41.496319
v -225.604630 271.506256 -29.597261
v -237.762802 271.215668 -38.860699
v -229.174805 271.420746 -26.485325
v -232.037018 271.352814 -44.273075
v -218.951309 271.665588 -36.335396
v -240.818558 271.142487 -36.372608
v -232.895615 271.331635 -23.555273
v -229.380890 271.416412 -47.184196
v -215.884689 271.739075 -39.944832
v -243.993118 271.066498 -34.038071
v -236.757797 271.239166 -20.814373
v -226.871353 271.476562 -50.222652
v -213.001740 271.808136 -43.702679
v -247.278763 270.987823 -31.862762
v -240.751770 271.143555 -18.269455
v -224.514450 271.533020 -53.381058
v -210.309647 271.872650 -47.599609
v -250.667542 270.906708 -29.851961
v -244.867599 271.045013 -15.926832
v -207.815094 271.932465 -51.625923
v -222.315903 271.585724 -56.651733
v -254.151215 270.823303 -28.010557
v -249.095032 270.943848 -13.792339
v -205.524292 271.987366 -55.771614
v -220.281067 271.634491 -60.026749
v -257.721283 270.737854 -26.343002
v -253.423584 270.840240 -11.871282
v -218.414902 271.679230 -63.497929
v -203.442886 272.037292 -60.026356
v -261.369171 270.650543 -24.853361
v -257.842499 270.734467 -10.168452
v -216.721909 271.719849 -67.056816
v -201.576111 272.082092 -64.379601
v -265.085968 270.561584 -23.545235
v -262.340759 270.626831 -8.688041
v -215.206192 271.756195 -70.694809
v -199.928589 272.121613 -68.820511
v -268.862640 270.471222 -22.421806
v -266.907196 270.517548 -7.433761
v -213.871429 271.788239 -74.403046
v -213.728424 271.791687 -74.871254
v -213.608521 271.794556 -75.345901
v -198.504410 272.155823 -73.338036
v -213.511978 271.796906 -75.825859
v -213.439026 271.798645 -76.309952
v -213.389847 271.799835 -76.797043
v -272.690094 270.379608 -21.485800
v -271.530487 270.406921 -6.408738
v -213.364578 271.800446 -77.285965
v -213.363251 271.800507 -77.775536
v -197.307114 272.184601 -77.920967
v -213.385895 271.799988 -78.264572
v -213.432404 271.798889 -78.751930
v -213.502716 271.797211 -79.236412
v -213.596664 271.794983 -79.716881
v -196.339676 272.207886 -82.557899
v -276.558929 270.287048 -20.739489
v -276.199097 270.295197 -5.615497
v -213.713989 271.792175 -80.192177
v -213.854446 271.788849 -80.661148
v -214.017685 271.784943 -81.122696
v -214.203308 271.780518 -81.575684
v -214.410858 271.775574 -82.019058
v -195.604523 272.225616 -87.237297
v -280.459869 270.193726 -20.184685
v -280.901428 270.182709 -5.056013
v -214.639862 271.770111 -82.451729
v -214.889771 271.764130 -82.872665
v -215.159958 271.757690 -83.280876
v -215.449799 271.750763 -83.675362
v -195.103439 272.237732 -91.947533
v -215.758591 271.743378 -84.055191
v -284.383362 270.099854 -19.822725
v -285.625763 270.069672 -4.731691
v -216.085617 271.735565 -84.419449
v -216.430054 271.727356 -84.767250
v -216.791092 271.718719 -85.097786
v -194.837738 272.244232 -96.676903
v -217.167892 271.709717 -85.410240
v -217.559494 271.700348 -85.703873
v -288.319916 270.005676 -19.654507
v -290.360413 269.956421 -4.643323
v -292.260010 269.911407 -19.680416
v -295.093597 269.843201 -4.791141
v -296.194000 269.817322 -19.900414
v -299.813507 269.730286 -5.174772
v -300.112396 269.723602 -20.313942
v -304.508453 269.618011 -5.793260
v -304.005707 269.630463 -20.920019
v -309.166718 269.506592 -6.645074
v -307.864410 269.538177 -21.717155
v -313.776764 269.396332 -7.728086
v -194.807983 272.245087 -101.413643
v -195.014359 272.240295 -106.145973
v -217.965027 271.690674 -85.977989
v -195.456268 272.229858 -110.862129
v -218.383453 271.680664 -86.231918
v -218.813828 271.670380 -86.465065
v -219.255096 271.659821 -86.676849
v -219.706192 271.649048 -86.866783
v -220.166031 271.638031 -87.034409
v -196.132645 272.213806 -115.550400
v -220.633530 271.626862 -87.179321
v -221.107574 271.615540 -87.301178
v -221.586975 271.604065 -87.399673
v -311.679199 269.446960 -22.703426
v -318.327118 269.287537 -9.039601
v -222.070648 271.592499 -87.474586
v -197.041809 272.192200 -120.199112
v -222.557388 271.580841 -87.525726
v -223.046051 271.569153 -87.552979
v -198.181503 272.165070 -124.796715
v -315.440796 269.356995 -23.876438
v -322.806458 269.180420 -10.576381
v -199.548874 272.132507 -129.331772
v -319.140076 269.268555 -25.233339
v -327.203644 269.075287 -12.334596
v -201.140533 272.094543 -133.793030
v -322.768066 269.181824 -26.770844
v -331.507751 268.972382 -14.309844
v -202.952545 272.051331 -138.169373
v -326.315918 269.096985 -28.485207
v -335.708069 268.871948 -16.497257
v -204.980362 272.002960 -142.449921
v -329.775085 269.014282 -30.372286
v -339.794159 268.774292 -18.891382
v -207.218964 271.949524 -146.624054
v -333.137115 268.933929 -32.427483
v -343.755890 268.679596 -21.486265
v -209.662796 271.891174 -150.681366
v -336.393890 268.856079 -34.645821
v -347.583374 268.588104 -24.275448
v -212.305786 271.828064 -154.611801
v -339.537506 268.780945 -37.021915
v -351.267120 268.500061 -27.252007
v -215.141327 271.760345 -158.405563
v -342.560272 268.708710 -39.549995
v -283.704102 270.118317 -95.225235
v -283.931671 270.112885 -94.928558
v -283.491577 270.123413 -95.532883
v -283.294617 270.128143 -95.850754
v -283.113739 270.132477 -96.178047
v -282.949463 270.136414 -96.513947
v -282.802094 270.139954 -96.857628
v -282.671997 270.143066 -97.208221
v -282.559570 270.145782 -97.564873
v -282.465027 270.148041 -97.926674
v -282.388672 270.149872 -98.292747
v -354.797943 268.415710 -30.408527
v -282.330627 270.151276 -98.662178
v -282.291077 270.152252 -99.034042
v -282.270111 270.152771 -99.407410
v -282.267731 270.152832 -99.781357
v -282.284027 270.152435 -100.154968
v -282.318939 270.151611 -100.527298
v -282.372314 270.150360 -100.897423
v -282.444092 270.148651 -101.264427
v -345.454926 268.639557 -42.223915
v -218.162399 271.688202 -162.053223
v -282.534088 270.146515 -101.627396
v -282.642029 270.143921 -101.985420
v -282.767700 270.140930 -102.337631
v -282.910706 270.137543 -102.683128
v -283.070831 270.133698 -103.021072
v -283.247559 270.129486 -103.350609
v -283.440491 270.124878 -103.670921
v -358.167114 268.335205 -33.737179
v -283.649139 270.119904 -103.981216
v -348.214417 268.573639 -45.037205
v -221.361481 271.611786 -165.545731
v -361.366180 268.258789 -37.229683
v -350.832031 268.511108 -47.983032
v -224.730652 271.531281 -168.874374
v -353.301422 268.452118 -51.054226
v -364.387268 268.186615 -40.877350
v -228.261490 271.446899 -172.030899
v -355.616608 268.396820 -54.243359
v -367.222809 268.118896 -44.671108
v -231.945221 271.358856 -175.007462
v -357.771973 268.345367 -57.542683
v -369.865784 268.055786 -48.601532
v -235.772705 271.267395 -177.796646
v -359.762238 268.297852 -60.944172
v -372.309631 267.997437 -52.658855
v -239.734436 271.172699 -180.391525
v -361.582642 268.254395 -64.439583
v -374.548218 267.944031 -56.832985
v -243.820526 271.075012 -182.785645
v -363.228699 268.215149 -68.020454
v -376.576050 267.895630 -61.113548
v -248.020844 270.974609 -184.973053
v -364.696472 268.180145 -71.678047
v -378.388062 267.852417 -65.489883
v -252.324966 270.871704 -186.948318
v -379.979706 267.814484 -69.951134
v -365.982361 268.149475 -75.403534
v -296.088104 269.822083 -95.611984
v -357.106445 268.362305 -91.739670
v -295.879456 269.827057 -95.301689
v -296.281036 269.817474 -95.932297
v -296.457764 269.813263 -96.261833
v -296.617859 269.809448 -96.599777
v -296.760925 269.806030 -96.945274
v -296.886566 269.803040 -97.297485
v -296.994507 269.800476 -97.655510
v -297.084503 269.798340 -98.018486
v -297.156281 269.796631 -98.385483
v -297.209686 269.795349 -98.755608
v -297.244537 269.794525 -99.127937
v -297.260834 269.794159 -99.501549
v -297.258514 269.794220 -99.875496
v -256.722137 270.766571 -188.706528
v -367.083282 268.123260 -79.187843
v -381.347107 267.781891 -74.486198
v -367.196808 268.120544 -79.664062
v -367.286896 268.118408 -80.145264
v -261.201477 270.659454 -190.243301
v -367.353302 268.116852 -80.630310
v -382.486786 267.754761 -79.083794
v -367.395905 268.115845 -81.118011
v -367.414612 268.115387 -81.607224
v -367.409332 268.115540 -82.096771
v -367.380127 268.116241 -82.585464
v -265.751831 270.550629 -191.554825
v -383.395966 267.733154 -83.732506
v -367.327057 268.117554 -83.072144
v -367.250244 268.119385 -83.555649
v -367.149841 268.121796 -84.034805
v -367.026123 268.124786 -84.508476
v -270.361877 270.440399 -192.637833
v -357.595886 268.350586 -91.742966
v -297.237518 269.794739 -100.248863
v -297.197937 269.795685 -100.620728
v -297.139923 269.797089 -100.990158
v -297.063568 269.798920 -101.356232
v -296.969025 269.801208 -101.718033
v -296.856598 269.803894 -102.074684
v -296.726501 269.807007 -102.425278
v -296.579163 269.810547 -102.768959
v -296.414825 269.814484 -103.104866
v -296.233948 269.818817 -103.432152
v -296.037018 269.823547 -103.750023
v -295.824493 269.828644 -104.057671
v -295.596893 269.834106 -104.354347
v -358.084869 268.338898 -91.722298
v -358.572266 268.327240 -91.677719
v -359.056885 268.315643 -91.609322
v -359.537598 268.304138 -91.517288
v -366.879364 268.128296 -84.975517
v -384.072327 267.717102 -88.420776
v -366.709961 268.132385 -85.434814
v -366.518250 268.136963 -85.885277
v -366.304749 268.142090 -86.325798
v -366.069946 268.147736 -86.755356
v -360.013214 268.292755 -91.401825
v -360.482605 268.281525 -91.263222
v -360.944672 268.270447 -91.101807
v -361.398285 268.259613 -90.917961
v -361.842346 268.248962 -90.712128
v -275.020142 270.328979 -193.489655
v -362.275818 268.238586 -90.484802
v -362.697662 268.228485 -90.236526
v -384.514252 267.706696 -93.136932
v -365.814392 268.153839 -87.172897
v -365.538727 268.160461 -87.577423
v -365.243622 268.167511 -87.967979
v -364.929749 268.175049 -88.343613
v -279.715088 270.216675 -194.108139
v -364.597870 268.182983 -88.703430
v -384.720612 267.701874 -97.869263
v -364.248779 268.191345 -89.046570
v -363.883301 268.200104 -89.372208
v -363.502350 268.209229 -89.679565
v -284.434998 270.103790 -194.491760
v -384.690857 267.702728 -102.606003
v -363.106812 268.218689 -89.967903
v -289.168182 269.990570 -194.639587
v -384.425140 267.709229 -107.335373
v -293.902802 269.877289 -194.551224
v -383.924072 267.721375 -112.045609
v -298.627197 269.764282 -194.226898
v -383.188904 267.739075 -116.725006
v -303.329498 269.651764 -193.667419
v -382.221497 267.762360 -121.361938
v -307.998108 269.540070 -192.874176
v -381.024200 267.791138 -125.944870
v -312.621399 269.429443 -191.849136
v -379.600006 267.825348 -130.462402
v -317.187836 269.320160 -190.594864
v -377.952484 267.864899 -134.903305
v -321.686096 269.212494 -189.114456
v -376.085693 267.909668 -139.256546
v -326.105011 269.106750 -187.411621
v -374.004303 267.959595 -143.511307
v -330.433563 269.003143 -185.490570
v -371.713501 268.014526 -147.656982
v -334.661011 268.901947 -183.356079
v -369.218933 268.074310 -151.683289
v -338.776825 268.803406 -181.013458
v -366.526855 268.138824 -155.580215
v -342.770813 268.707794 -178.468536
v -363.643890 268.207916 -159.338074
v -346.632996 268.615326 -175.727646
v -360.577301 268.281372 -162.947510
v -350.353790 268.526245 -172.797577
v -357.334625 268.359039 -166.399567
v -353.923950 268.440735 -169.685638
v -289.343567 269.983765 -107.129631
v -288.970947 269.992676 -107.099350
v -288.600281 270.001556 -107.050522
v -288.232544 270.010345 -106.983269
v -287.868591 270.019043 -106.897774
v -287.509338 270.027649 -106.794228
v -287.155701 270.036102 -106.672905
v -286.808533 270.044403 -106.534103
v -286.468781 270.052521 -106.378159
v -286.137146 270.060455 -106.205475
v -285.814575 270.068146 -106.016464
v -285.501801 270.075623 -105.811600
v -285.199646 270.082855 -105.591408
v -284.908813 270.089813 -105.356415
v -284.630066 270.096466 -105.107208
v -284.364075 270.102814 -104.844421
v -284.111511 270.108856 -104.568703
v -283.873016 270.114563 -104.280724
v -289.717255 269.974823 -107.141304
v -290.091003 269.965881 -107.134331
v -290.463989 269.956970 -107.108727
v -290.835236 269.948090 -107.064552
v -291.203796 269.939270 -107.001930
v -291.568787 269.930542 -106.921005
v -291.929321 269.921906 -106.821983
v -292.284454 269.913422 -106.705109
v -292.633301 269.905060 -106.570679
v -292.975037 269.896881 -106.419022
v -293.308777 269.888885 -106.250504
v -293.633728 269.881104 -106.065559
v -293.949005 269.873566 -105.864647
v -294.253906 269.866272 -105.648262
v -294.547699 269.859222 -105.416939
v -294.829529 269.852478 -105.171257
v -295.098785 269.846039 -104.911827
v -295.354797 269.839905 -104.639305
v -290.185028 269.963196 -92.153275
v -290.557648 269.954285 -92.183556
v -290.928314 269.945435 -92.232384
v -291.296051 269.936615 -92.299637
v -291.660004 269.927917 -92.385139
v -292.019257 269.919342 -92.488678
v -292.372894 269.910889 -92.610008
v -292.720032 269.902588 -92.748810
v -293.059845 269.894440 -92.904747
v -293.391449 269.886536 -93.077438
v -293.714050 269.878815 -93.266449
v -294.026794 269.871338 -93.471306
v -294.328949 269.864105 -93.691505
v -294.619781 269.857178 -93.926491
v -294.898560 269.850494 -94.175697
v -295.164520 269.844147 -94.438484
v -295.417053 269.838104 -94.714211
v -295.655579 269.832428 -95.002182
v -289.811371 269.972137 -92.141609
v -289.437561 269.981079 -92.148582
v -289.064606 269.989990 -92.174179
v -288.693359 269.998871 -92.218353
v -288.324799 270.007690 -92.280975
v -287.959808 270.016449 -92.361900
v -287.599274 270.025055 -92.460922
v -287.244141 270.033569 -92.577797
v -286.895294 270.041901 -92.712227
v -286.553558 270.050079 -92.863892
v -286.219818 270.058075 -93.032402
v -285.894867 270.065857 -93.217346
v -285.579590 270.073395 -93.418259
v -285.274658 270.080719 -93.634644
v -284.980927 270.087738 -93.865967
v -284.699066 270.094482 -94.111649
v -284.429810 270.100952 -94.371078
v -284.173798 270.107086 -94.643608
vn 0.940605 0.022491 0.338756
vn 0.940605 0.022491 0.338757
vn 0.922784 0.022064 0.384686
vn 0.922784 0.022064 0.384686
vn 0.902722 0.021582 0.429683
vn 0.902721 0.021582 0.429685
vn 0.880474 0.021049 0.473628
vn 0.880474 0.021049 0.473628
vn 0.856079 0.020464 0.516440
vn 0.856080 0.020464 0.516438
vn 0.829619 0.019830 0.557978
vn 0.829617 0.019830 0.557980
vn 0.801136 0.019147 0.598176
vn 0.801136 0.019147 0.598176
vn 0.770711 0.018418 0.636919
vn 0.770711 0.018418 0.636919
vn 0.738414 0.017644 0.674117
vn 0.738414 0.017644 0.674117
vn 0.704325 0.016828 0.709678
vn 0.704327 0.016828 0.709676
vn 0.668533 0.015971 0.743511
vn 0.668533 0.015971 0.743511
vn 0.631113 0.015075 0.775544
vn 0.631113 0.015075 0.775544
vn 0.592161 0.014142 0.805696
vn 0.592158 0.014142 0.805698
vn 0.551773 0.013175 0.833890
vn 0.510043 0.012176 0.860063
vn 0.551773 0.013175 0.833890
vn 0.510043 0.012176 0.860063
vn 0.467079 0.011147 0.884145
vn 0.422977 0.010092 0.906084
vn 0.467076 0.011147 0.884147
vn 0.422980 0.010092 0.906083
vn 0.377856 0.009012 0.925820
vn 0.377856 0.009012 0.925820
vn 0.331808 0.007910 0.943314
vn 0.284960 0.006788 0.958515
vn 0.331808 0.007910 0.943314
vn 0.284960 0.006788 0.958515
vn 0.237420 0.005651 0.971391
vn 0.189307 0.004499 0.981908
vn 0.237420 0.005651 0.971391
vn 0.189303 0.004500 0.981908
vn 0.140730 0.003337 0.990043
vn 0.091811 0.002167 0.995774
vn 0.140730 0.003337 0.990042
vn 0.091811 0.002167 0.995774
vn 0.042672 0.000991 0.999089
vn 0.042668 0.000991 0.999089
vn -0.006571 -0.000187 0.999978
vn -0.006571 -0.000187 0.999978
vn -0.055799 -0.001364 0.998441
vn -0.055803 -0.001364 0.998441
vn -0.104892 -0.002539 0.994480
vn -0.104896 -0.002539 0.994480
vn -0.153729 -0.003707 0.988106
vn -0.153733 -0.003707 0.988105
vn -0.202197 -0.004866 0.979333
vn -0.202194 -0.004866 0.979334
vn -0.250168 -0.006013 0.968184
vn -0.250168 -0.006013 0.968184
vn -0.297538 -0.007146 0.954683
vn -0.297538 -0.007146 0.954683
vn -0.344181 -0.008261 0.938867
vn -0.344181 -0.008261 0.938867
vn -0.389987 -0.009357 0.920773
vn -0.389990 -0.009356 0.920772
vn -0.434856 -0.010429 0.900440
vn -0.434856 -0.010429 0.900440
vn -0.478663 -0.011476 0.877924
vn -0.478660 -0.011477 0.877925
vn -0.521307 -0.012496 0.853278
vn -0.521304 -0.012496 0.853279
vn -0.562683 -0.013485 0.826563
vn -0.562686 -0.013485 0.826561
vn -0.602701 -0.014442 0.797836
vn -0.602701 -0.014442 0.797836
vn -0.641253 -0.015363 0.767175
vn -0.641253 -0.015363 0.767175
vn -0.678248 -0.016247 0.734654
vn -0.678246 -0.016247 0.734656
vn -0.713594 -0.017091 0.700351
vn -0.713592 -0.017091 0.700353
vn -0.747217 -0.017895 0.664339
vn -0.747217 -0.017895 0.664339
vn -0.779015 -0.018654 0.626728
vn -0.779013 -0.018654 0.626730
vn -0.808931 -0.019369 0.587584
vn -0.808930 -0.019369 0.587586
vn -0.836879 -0.020036 0.547022
vn -0.836879 -0.020036 0.547022
vn -0.862796 -0.020655 0.505130
vn -0.862796 -0.020655 0.505130
vn -0.886620 -0.021223 0.462011
vn -0.886621 -0.021223 0.462009
vn -0.908293 -0.021741 0.417769
vn -0.908293 -0.021741 0.417769
vn -0.927762 -0.022205 0.372512
vn -0.944976 -0.022615 0.326358
vn -0.927761 -0.022205 0.372513
vn -0.959898 -0.022971 0.279407
vn -0.944977 -0.022615 0.326355
vn -0.959897 -0.022971 0.279411
vn 0.023914 -0.999714 -0.000029
vn 0.023915 -0.999714 -0.000030
vn 0.023917 -0.999714 -0.000032
vn 0.023915 -0.999714 -0.000030
vn 0.023914 -0.999714 -0.000029
vn 0.023916 -0.999714 -0.000031
vn 0.023915 -0.999714 -0.000030
vn 0.023913 -0.999714 -0.000027
vn 0.023916 -0.999714 -0.000030
vn 0.023913 -0.999714 -0.000029
vn 0.023914 -0.999714 -0.000030
vn 0.023917 -0.999714 -0.000032
vn 0.023915 -0.999714 -0.000030
vn 0.023917 -0.999714 -0.000031
vn 0.023914 -0.999714 -0.000028
vn 0.023914 -0.999714 -0.000029
vn 0.023915 -0.999714 -0.000030
vn 0.023913 -0.999714 -0.000028
vn 0.023917 -0.999714 -0.000031
vn 0.023916 -0.999714 -0.000031
vn 0.023915 -0.999714 -0.000029
vn 0.023914 -0.999714 -0.000030
vn 0.023913 -0.999714 -0.000029
vn 0.023914 -0.999714 -0.000029
vn 0.023916 -0.999714 -0.000031
vn 0.023918 -0.999714 -0.000031
vn 0.023916 -0.999714 -0.000029
vn 0.023914 -0.999714 -0.000028
vn 0.023916 -0.999714 -0.000031
vn 0.023916 -0.999714 -0.000029
vn 0.023915 -0.999714 -0.000029
vn 0.023915 -0.999714 -0.000029
vn 0.023915 -0.999714 -0.000029
vn 0.023915 -0.999714 -0.000030
vn 0.023913 -0.999714 -0.000029
vn 0.023916 -0.999714 -0.000032
vn 0.023914 -0.999714 -0.000028
vn 0.023915 -0.999714 -0.000030
vn 0.023917 -0.999714 -0.000030
vn 0.023914 -0.999714 -0.000027
vn 0.023914 -0.999714 -0.000027
vn 0.023916 -0.999714 -0.000032
vn 0.023916 -0.999714 -0.000031
vn 0.023918 -0.999714 -0.000052
vn 0.023913 -0.999714 -0.000020
vn 0.023915 -0.999714 -0.000028
vn 0.023915 -0.999714 -0.000029
vn 0.023918 -0.999714 -0.000031
vn 0.023911 -0.999714 -0.000012
vn 0.023924 -0.999714 -0.000060
vn 0.023915 -0.999714 -0.000030
vn 0.023915 -0.999714 -0.000016
vn 0.023915 -0.999714 -0.000029
vn 0.023916 -0.999714 -0.000039
vn 0.023913 -0.999714 -0.000009
vn 0.023916 -0.999714 -0.000031
vn 0.023912 -0.999714 -0.000029
vn 0.023916 -0.999714 -0.000030
vn 0.023916 -0.999714 -0.000031
vn 0.023915 -0.999714 -0.000038
vn 0.023915 -0.999714 -0.000031
vn 0.023915 -0.999714 -0.000033
vn 0.023916 -0.999714 -0.000014
vn 0.023916 -0.999714 -0.000027
vn 0.023916 -0.999714 -0.000030
vn 0.023915 -0.999714 -0.000030
vn 0.023914 -0.999714 -0.000035
vn 0.023915 -0.999714 -0.000029
vn 0.023917 -0.999714 -0.000023
vn 0.023911 -0.999714 -0.000051
vn 0.023915 -0.999714 -0.000031
vn 0.023923 -0.999714 -0.000011
vn 0.023916 -0.999714 -0.000030
vn 0.023914 -0.999714 -0.000030
vn 0.023916 -0.999714 -0.000030
vn 0.023912 -0.999714 -0.000040
vn 0.023911 -0.999714 -0.000042
vn 0.023915 -0.999714 -0.000030
vn 0.023913 -0.999714 -0.000033
vn 0.023925 -0.999714 -0.000010
vn 0.023916 -0.999714 -0.000029
vn 0.023916 -0.999714 -0.000029
vn 0.023915 -0.999714 -0.000029
vn 0.023915 -0.999714 -0.000029
vn 0.023915 -0.999714 -0.000029
vn 0.023915 -0.999714 -0.000029
vn 0.023914 -0.999714 -0.000030
vn 0.023914 -0.999714 -0.000030
vn 0.023917 -0.999714 -0.000029
vn 0.023917 -0.999714 -0.000029
vn 0.023915 -0.999714 -0.000030
vn 0.023914 -0.999714 -0.000030
vn 0.023915 -0.999714 -0.000031
vn 0.023920 -0.999714 -0.000043
vn 0.023915 -0.999714 -0.000030
vn 0.023915 -0.999714 -0.000031
vn 0.023918 -0.999714 -0.000036
vn 0.023914 -0.999714 -0.000027
vn 0.023916 -0.999714 -0.000036
vn 0.023903 -0.999714 -0.000009
vn 0.023911 -0.999714 -0.000017
vn 0.023915 -0.999714 -0.000030
vn 0.023915 -0.999714 -0.000030
vn 0.023915 -0.999714 -0.000030
vn 0.023906 -0.999714 -0.000030
vn 0.023933 -0.999714 -0.000029
vn 0.023922 -0.999714 -0.000030
vn 0.023911 -0.999714 -0.000016
vn 0.023915 -0.999714 -0.000028
vn 0.023915 -0.999714 -0.000030
vn 0.023915 -0.999714 -0.000032
vn 0.023929 -0.999714 -0.000030
vn 0.023906 -0.999714 -0.000030
vn 0.023917 -0.999714 -0.000044
vn 0.023902 -0.999714 -0.000030
vn 0.023898 -0.999714 -0.000030
vn 0.023913 -0.999714 -0.000016
vn 0.023925 -0.999714 -0.000029
vn 0.023920 -0.999714 -0.000029
vn 0.023918 -0.999714 -0.000045
vn 0.023930 -0.999714 -0.000030
vn 0.023910 -0.999714 -0.000030
vn 0.023915 -0.999714 -0.000031
vn 0.023915 -0.999714 -0.000031
vn 0.023919 -0.999714 -0.000030
vn 0.023894 -0.999714 -0.000030
vn 0.023915 -0.999714 -0.000034
vn 0.023917 -0.999714 -0.000029
vn 0.023920 -0.999714 -0.000029
vn 0.023915 -0.999714 -0.000019
vn 0.023919 -0.999714 -0.000029
vn 0.023934 -0.999714 -0.000029
vn 0.023912 -0.999714 -0.000030
vn 0.023914 -0.999714 -0.000030
vn 0.023915 -0.999714 -0.000019
vn 0.023910 -0.999714 -0.000030
vn 0.023912 -0.999714 -0.000030
vn 0.023915 -0.999714 -0.000030
vn 0.023915 -0.999714 -0.000031
vn 0.023916 -0.999714 -0.000055
vn 0.023914 -0.999714 -0.000029
vn 0.023926 -0.999714 -0.000029
vn 0.023920 -0.999714 -0.000006
vn 0.023907 -0.999714 -0.000030
vn 0.023911 -0.999714 -0.000054
vn 0.023918 -0.999714 -0.000010
vn 0.023916 -0.999714 -0.000026
vn 0.023915 -0.999714 -0.000035
vn 0.023915 -0.999714 -0.000029
vn 0.023912 -0.999714 -0.000039
vn 0.023915 -0.999714 -0.000030
vn 0.023917 -0.999714 -0.000029
vn 0.023915 -0.999714 -0.000030
vn 0.023915 -0.999714 -0.000028
vn 0.023915 -0.999714 -0.000029
vn 0.023914 -0.999714 -0.000030
vn 0.023916 -0.999714 -0.000030
vn 0.023916 -0.999714 -0.000029
vn 0.023916 -0.999714 -0.000029
vn 0.023915 -0.999714 -0.000030
vn 0.023916 -0.999714 -0.000029
vn 0.023915 -0.999714 -0.000030
vn 0.023915 -0.999714 -0.000031
vn 0.023916 -0.999714 -0.000029
vn 0.023916 -0.999714 -0.000029
vn 0.023914 -0.999714 -0.000032
vn 0.023915 -0.999714 -0.000029
vn 0.023914 -0.999714 -0.000031
vn 0.023914 -0.999714 -0.000031
vn 0.023914 -0.999714 -0.000030
vn 0.023914 -0.999714 -0.000031
vn 0.023915 -0.999714 -0.000030
vn 0.023916 -0.999714 -0.000029
vn 0.023916 -0.999714 -0.000028
vn 0.023916 -0.999714 -0.000028
vn 0.023917 -0.999714 -0.000028
vn 0.023915 -0.999714 -0.000030
vn 0.023916 -0.999714 -0.000028
vn 0.023914 -0.999714 -0.000032
vn 0.023915 -0.999714 -0.000029
vn 0.023916 -0.999714 -0.000028
vn 0.023917 -0.999714 -0.000027
vn 0.023915 -0.999714 -0.000031
vn 0.023915 -0.999714 -0.000030
vn 0.023913 -0.999714 -0.000011
vn 0.023916 -0.999714 -0.000039
vn 0.023913 -0.999714 -0.000012
vn 0.023920 -0.999714 -0.000066
vn 0.023914 -0.999714 -0.000019
vn 0.023917 -0.999714 -0.000042
vn 0.023911 -0.999714 -0.000003
vn 0.023915 -0.999714 -0.000032
vn 0.023916 -0.999714 -0.000033
vn 0.023919 -0.999714 -0.000053
vn 0.023914 -0.999714 -0.000030
vn 0.023910 -0.999714 -0.000001
vn 0.023917 -0.999714 -0.000041
vn 0.023918 -0.999714 -0.000046
vn 0.023915 -0.999714 -0.000030
vn 0.023918 -0.999714 -0.000011
vn 0.023916 -0.999714 -0.000024
vn 0.023915 -0.999714 -0.000028
vn 0.023916 -0.999714 -0.000028
vn 0.023915 -0.999714 -0.000028
vn 0.023916 -0.999714 -0.000022
vn 0.023915 -0.999714 -0.000029
vn 0.023915 -0.999714 -0.000030
vn 0.023914 -0.999714 -0.000045
vn 0.023917 -0.999714 -0.000010
vn 0.023914 -0.999714 -0.000044
vn 0.023913 -0.999714 -0.000054
vn 0.023917 -0.999714 -0.000001
vn 0.023914 -0.999714 -0.000049
vn 0.023916 -0.999714 -0.000023
vn 0.023916 -0.999714 -0.000028
vn 0.023917 -0.999714 -0.000006
vn 0.023915 -0.999714 -0.000030
vn 0.023914 -0.999714 -0.000032
vn 0.023914 -0.999714 -0.000031
vn 0.023914 -0.999714 -0.000031
vn 0.023913 -0.999714 -0.000032
vn 0.023915 -0.999714 -0.000030
vn 0.023916 -0.999714 -0.000028
vn 0.023915 -0.999714 -0.000029
vn 0.023916 -0.999714 -0.000028
vn 0.023915 -0.999714 -0.000030
vn 0.023914 -0.999714 -0.000030
vn 0.023915 -0.999714 -0.000030
vn 0.023914 -0.999714 -0.000031
vn 0.023915 -0.999714 -0.000029
vn 0.023916 -0.999714 -0.000028
vn 0.023915 -0.999714 -0.000029
vn 0.023916 -0.999714 -0.000028
vn 0.023915 -0.999714 -0.000029
vn 0.023915 -0.999714 -0.000030
vn 0.023917 -0.999714 -0.000028
vn 0.023916 -0.999714 -0.000028
vn 0.023916 -0.999714 -0.000028
vn 0.023916 -0.999714 -0.000029
vn 0.023915 -0.999714 -0.000030
vn 0.023914 -0.999714 -0.000030
vn 0.023914 -0.999714 -0.000031
vn 0.023914 -0.999714 -0.000031
vn 0.023914 -0.999714 -0.000031
vn 0.023914 -0.999714 -0.000032
vn 0.023915 -0.999714 -0.000029
vn 0.023916 -0.999714 -0.000029
vn 0.023916 -0.999714 -0.000029
vn 0.023915 -0.999714 -0.000030
vn 0.023915 -0.999714 -0.000031
vn 0.023915 -0.999714 -0.000030
vn 0.023916 -0.999714 -0.000029
vn 0.023916 -0.999714 -0.000029
vn 0.023916 -0.999714 -0.000029
vn 0.023917 -0.999714 -0.000007
vn 0.023916 -0.999714 -0.000023
vn 0.023914 -0.999714 -0.000048
vn 0.023917 -0.999714 -0.000001
vn 0.023913 -0.999714 -0.000056
vn 0.023914 -0.999714 -0.000042
vn 0.023917 -0.999714 -0.000010
vn 0.023914 -0.999714 -0.000046
vn 0.023916 -0.999714 -0.000022
vn 0.023915 -0.999714 -0.000030
vn 0.023916 -0.999714 -0.000026
vn 0.023916 -0.999714 -0.000022
vn 0.023917 -0.999714 -0.000015
vn 0.023915 -0.999714 -0.000030
vn 0.023916 -0.999714 -0.000030
vn 0.023915 -0.999714 -0.000029
vn 0.023915 -0.999714 -0.000028
vn 0.023914 -0.999714 -0.000031
vn 0.023912 -0.999714 -0.000039
vn 0.023917 -0.999714 -0.000029
vn 0.023915 -0.999714 -0.000030
vn 0.023915 -0.999714 -0.000035
vn 0.023916 -0.999714 -0.000025
vn 0.023918 -0.999714 -0.000010
vn 0.023911 -0.999714 -0.000054
vn 0.023920 -0.999714 -0.000006
vn 0.023915 -0.999714 -0.000029
vn 0.023914 -0.999714 -0.000030
vn 0.023912 -0.999714 -0.000030
vn 0.023915 -0.999714 -0.000031
vn 0.023916 -0.999714 -0.000056
vn 0.023915 -0.999714 -0.000018
vn 0.023915 -0.999714 -0.000019
vn 0.023915 -0.999714 -0.000034
vn 0.023914 -0.999714 -0.000030
vn 0.023915 -0.999714 -0.000030
vn 0.023905 -0.999714 -0.000030
vn 0.023918 -0.999714 -0.000044
vn 0.023917 -0.999714 -0.000041
vn 0.023910 -0.999714 -0.000001
vn 0.023919 -0.999714 -0.000053
vn 0.023916 -0.999714 -0.000033
vn 0.023915 -0.999714 -0.000032
vn 0.023911 -0.999714 -0.000003
vn 0.023917 -0.999714 -0.000044
vn 0.023913 -0.999714 -0.000017
vn 0.023920 -0.999714 -0.000064
vn 0.023913 -0.999714 -0.000014
vn 0.023916 -0.999714 -0.000039
vn 0.023913 -0.999714 -0.000011
vn 0.023915 -0.999714 -0.000030
vn 0.023913 -0.999714 -0.000030
vn 0.023926 -0.999714 -0.000029
vn 0.023916 -0.999714 -0.000029
vn 0.023909 -0.999714 -0.000030
vn 0.023911 -0.999714 -0.000030
vn 0.023921 -0.999714 -0.000029
vn 0.023919 -0.999714 -0.000029
vn 0.023934 -0.999714 -0.000029
vn 0.023915 -0.999714 -0.000030
vn 0.023918 -0.999714 -0.000046
vn 0.023913 -0.999714 -0.000016
vn 0.023917 -0.999714 -0.000044
vn 0.023915 -0.999714 -0.000032
vn 0.023915 -0.999714 -0.000030
vn 0.023918 -0.999714 -0.000029
vn 0.023919 -0.999714 -0.000030
vn 0.023894 -0.999714 -0.000030
vn 0.023927 -0.999714 -0.000030
vn 0.023910 -0.999714 -0.000030
vn 0.023921 -0.999714 -0.000029
vn 0.023925 -0.999714 -0.000029
vn 0.023903 -0.999714 -0.000030
vn 0.023930 -0.999714 -0.000029
vn 0.023898 -0.999714 -0.000030
vn 0.023917 -0.999714 -0.000029
vn 0.023917 -0.999714 -0.000029
vn 0.023905 -0.999714 -0.000030
vn 0.023914 -0.999714 -0.000030
vn 0.023933 -0.999714 -0.000029
vn 0.023921 -0.999714 -0.000029
vn 0.023906 -0.999714 -0.000030
vn 0.023915 -0.999714 -0.000029
vn 0.023911 -0.999714 -0.000016
vn 0.023915 -0.999714 -0.000031
vn 0.023911 -0.999714 -0.000017
vn 0.023917 -0.999714 -0.000036
vn 0.023914 -0.999714 -0.000030
vn 0.023914 -0.999714 -0.000030
vn 0.023915 -0.999714 -0.000030
vn 0.023915 -0.999714 -0.000031
vn 0.023920 -0.999714 -0.000042
vn 0.023917 -0.999714 -0.000035
vn 0.023915 -0.999714 -0.000031
vn 0.023915 -0.999714 -0.000029
vn 0.023915 -0.999714 -0.000029
vn 0.023914 -0.999714 -0.000032
vn 0.023925 -0.999714 -0.000010
vn 0.023915 -0.999714 -0.000030
vn 0.023914 -0.999714 -0.000027
vn 0.023904 -0.999714 -0.000010
vn 0.023916 -0.999714 -0.000031
vn 0.023915 -0.999714 -0.000029
vn 0.023915 -0.999714 -0.000029
vn 0.023911 -0.999714 -0.000043
vn 0.023915 -0.999714 -0.000030
vn 0.023923 -0.999714 -0.000010
vn 0.023916 -0.999714 -0.000030
vn 0.023912 -0.999714 -0.000041
vn 0.023916 -0.999714 -0.000029
vn 0.023916 -0.999714 -0.000029
vn 0.023915 -0.999714 -0.000031
vn 0.023914 -0.999714 -0.000035
vn 0.023915 -0.999714 -0.000029
vn 0.023917 -0.999714 -0.000022
vn 0.023911 -0.999714 -0.000052
vn 0.023914 -0.999714 -0.000030
vn 0.023916 -0.999714 -0.000030
vn 0.023916 -0.999714 -0.000029
vn 0.023914 -0.999714 -0.000040
vn 0.023915 -0.999714 -0.000030
vn 0.023915 -0.999714 -0.000033
vn 0.023916 -0.999714 -0.000014
vn 0.023916 -0.999714 -0.000028
vn 0.023915 -0.999714 -0.000030
vn 0.023916 -0.999714 -0.000030
vn 0.023916 -0.999714 -0.000030
vn 0.023915 -0.999714 -0.000016
vn 0.023915 -0.999714 -0.000029
vn 0.023916 -0.999714 -0.000039
vn 0.023913 -0.999714 -0.000010
vn 0.023912 -0.999714 -0.000029
vn 0.023916 -0.999714 -0.000030
vn 0.023915 -0.999714 -0.000030
vn 0.023918 -0.999714 -0.000051
vn 0.023913 -0.999714 -0.000021
vn 0.023915 -0.999714 -0.000029
vn 0.023911 -0.999714 -0.000012
vn 0.023924 -0.999714 -0.000059
vn 0.023918 -0.999714 -0.000031
vn 0.023915 -0.999714 -0.000029
vn 0.023914 -0.999714 -0.000027
vn 0.023916 -0.999714 -0.000031
vn 0.023914 -0.999714 -0.000027
vn 0.023916 -0.999714 -0.000032
vn 0.023915 -0.999714 -0.000029
vn 0.023917 -0.999714 -0.000030
vn 0.023914 -0.999714 -0.000028
vn 0.023916 -0.999714 -0.000032
vn 0.023913 -0.999714 -0.000029
vn 0.023915 -0.999714 -0.000030
vn 0.023915 -0.999714 -0.000029
vn 0.023915 -0.999714 -0.000029
vn 0.023916 -0.999714 -0.000030
vn 0.023915 -0.999714 -0.000029
vn 0.023914 -0.999714 -0.000028
vn 0.023916 -0.999714 -0.000032
vn 0.023916 -0.999714 -0.000029
vn 0.023918 -0.999714 -0.000031
vn 0.023916 -0.999714 -0.000031
vn 0.023914 -0.999714 -0.000029
vn 0.023914 -0.999714 -0.000030
vn 0.023913 -0.999714 -0.000029
vn 0.023915 -0.999714 -0.000030
vn 0.023916 -0.999714 -0.000031
vn 0.023913 -0.999714 -0.000028
vn 0.023917 -0.999714 -0.000031
vn 0.023915 -0.999714 -0.000029
vn 0.023915 -0.999714 -0.000030
vn 0.023914 -0.999714 -0.000028
vn 0.023917 -0.999714 -0.000031
vn 0.023915 -0.999714 -0.000030
vn 0.023917 -0.999714 -0.000032
vn 0.023914 -0.999714 -0.000030
vn 0.023913 -0.999714 -0.000029
vn 0.023916 -0.999714 -0.000030
vn 0.023913 -0.999714 -0.000027
vn 0.023915 -0.999714 -0.000030
vn 0.023916 -0.999714 -0.000031
vn 0.023914 -0.999714 -0.000029
vn 0.023917 -0.999714 -0.000032
vn 0.023917 -0.999714 -0.000032
vn 0.023915 -0.999714 -0.000028
vn 0.023913 -0.999714 -0.000027
vn 0.023915 -0.999714 -0.000031
vn 0.023915 -0.999714 -0.000084
vn 0.023915 -0.999714 -0.000035
vn 0.023916 -0.999714 0.000103
vn 0.023914 -0.999714 -0.000102
vn 0.023915 -0.999714 -0.000032
vn 0.023915 -0.999714 -0.000052
vn 0.023915 -0.999714 -0.000030
vn 0.023916 -0.999714 0.000032
vn 0.023914 -0.999714 -0.000079
vn 0.023916 -0.999714 0.000021
vn 0.023915 -0.999714 -0.000026
vn 0.023915 -0.999714 -0.000048
vn 0.023914 -0.999714 -0.000061
vn 0.023916 -0.999714 -0.000002
vn 0.023914 -0.999714 -0.000057
vn 0.023917 -0.999714 0.000001
vn 0.023914 -0.999714 -0.000047
vn 0.023914 -0.999714 -0.000049
vn 0.023928 -0.999714 -0.000220
vn 0.023917 -0.999714 -0.000052
vn 0.023899 -0.999714 0.000208
vn 0.023929 -0.999714 -0.000222
vn 0.023904 -0.999714 0.000131
vn 0.023922 -0.999714 -0.000119
vn 0.023911 -0.999714 0.000021
vn 0.023915 -0.999714 -0.000031
vn 0.023914 -0.999714 -0.000014
vn 0.023915 -0.999714 -0.000025
vn 0.023918 -0.999714 -0.000064
vn 0.023916 -0.999714 -0.000044
vn 0.023917 -0.999714 -0.000052
vn 0.023912 -0.999714 -0.000003
vn 0.023915 -0.999714 -0.000027
vn 0.023913 -0.999714 -0.000012
vn 0.023917 -0.999714 -0.000049
vn 0.023916 -0.999714 -0.000035
vn 0.023915 -0.999714 -0.000025
vn 0.023915 -0.999714 -0.000031
vn 0.023915 -0.999714 -0.000062
vn 0.023915 -0.999714 -0.000035
vn 0.023916 -0.999714 0.000103
vn 0.023914 -0.999714 -0.000102
vn 0.023915 -0.999714 -0.000032
vn 0.023915 -0.999714 -0.000052
vn 0.023915 -0.999714 -0.000025
vn 0.023916 -0.999714 0.000023
vn 0.023914 -0.999714 -0.000075
vn 0.023916 -0.999714 0.000018
vn 0.023915 -0.999714 -0.000023
vn 0.023915 -0.999714 -0.000048
vn 0.023914 -0.999714 -0.000061
vn 0.023916 -0.999714 -0.000004
vn 0.023914 -0.999714 -0.000055
vn 0.023917 -0.999714 0.000004
vn 0.023914 -0.999714 -0.000049
vn 0.023914 -0.999714 -0.000049
vn 0.023928 -0.999714 -0.000220
vn 0.023913 -0.999714 -0.000003
vn 0.023900 -0.999714 0.000192
vn 0.023929 -0.999714 -0.000222
vn 0.023916 -0.999714 -0.000042
vn 0.023911 -0.999714 0.000023
vn 0.023911 -0.999714 0.000021
vn 0.023915 -0.999714 -0.000031
vn 0.023914 -0.999714 -0.000014
vn 0.023915 -0.999714 -0.000025
vn 0.023918 -0.999714 -0.000064
vn 0.023916 -0.999714 -0.000044
vn 0.023917 -0.999714 -0.000052
vn 0.023912 -0.999714 0.000000
vn 0.023915 -0.999714 -0.000033
vn 0.023913 -0.999714 -0.000009
vn 0.023917 -0.999714 -0.000049
vn 0.023916 -0.999714 -0.000035
vn 0.023915 -0.999714 -0.000025
vn 0.956088 0.022863 0.292187
vn 0.956088 0.022863 0.292186
vn 0.969248 0.023179 0.244992
vn 0.969249 0.023179 0.244989
vn 0.980066 0.023439 0.197283
vn 0.980066 0.023439 0.197286
vn 0.988550 0.023644 0.149028
vn 0.988550 0.023644 0.149026
vn 0.994657 0.023791 0.100452
vn 0.994657 0.023791 0.100452
vn 0.998381 0.023882 0.051629
vn 0.998381 0.023882 0.051628
vn 0.999710 0.023915 0.002745
vn 0.999710 0.023915 0.002745
vn 0.998643 0.023891 -0.046267
vn 0.998643 0.023891 -0.046266
vn 0.995190 0.023810 -0.095027
vn 0.989344 0.023671 -0.143662
vn 0.995190 0.023810 -0.095025
vn 0.989344 0.023671 -0.143663
vn 0.981117 0.023476 -0.191983
vn 0.981117 0.023476 -0.191984
vn 0.970572 0.023225 -0.239691
vn 0.970558 0.023225 -0.239745
vn 0.957654 0.022918 -0.287008
vn 0.957670 0.022918 -0.286955
vn 0.942471 0.022556 -0.333525
vn 0.942472 0.022556 -0.333525
vn 0.925033 0.022140 -0.379241
vn 0.905374 0.021671 -0.424061
vn 0.925035 0.022140 -0.379235
vn 0.905371 0.021671 -0.424068
vn 0.883528 0.021150 -0.467901
vn 0.859569 0.020578 -0.510605
vn 0.883531 0.021150 -0.467894
vn 0.859565 0.020578 -0.510612
vn 0.833585 0.019957 -0.552030
vn 0.833591 0.019957 -0.552022
vn 0.805541 0.019288 -0.592225
vn 0.775638 0.018574 -0.630905
vn 0.805541 0.019288 -0.592226
vn 0.775632 0.018573 -0.630912
vn 0.743804 0.017813 -0.668160
vn 0.710223 0.017011 -0.703771
vn 0.743811 0.017813 -0.668153
vn 0.674941 0.016168 -0.737695
vn 0.710215 0.017011 -0.703779
vn 0.674941 0.016168 -0.737695
vn 0.638058 0.015286 -0.769837
vn 0.638067 0.015287 -0.769829
vn 0.599628 0.014368 -0.800150
vn 0.599628 0.014368 -0.800150
vn 0.559724 0.013414 -0.828571
vn 0.559713 0.013414 -0.828578
vn 0.518548 0.012430 -0.854958
vn 0.518560 0.012430 -0.854951
vn 0.476071 0.011415 -0.879333
vn 0.432490 0.010373 -0.901579
vn 0.476059 0.011414 -0.879339
vn 0.432490 0.010373 -0.901579
vn 0.387860 0.009305 -0.921671
vn 0.387838 0.009305 -0.921681
vn 0.342300 0.008216 -0.939555
vn 0.342280 0.008216 -0.939562
vn 0.295914 0.007107 -0.955188
vn 0.295914 0.007107 -0.955188
vn 0.248817 0.005981 -0.968532
vn 0.248818 0.005981 -0.968532
vn 0.201153 0.004841 -0.979548
vn 0.201153 0.004841 -0.979548
vn 0.152956 0.003688 -0.988226
vn 0.152971 0.003689 -0.988224
vn 0.104412 0.002527 -0.994531
vn 0.104434 0.002528 -0.994529
vn 0.055648 0.001361 -0.998449
vn 0.055652 0.001361 -0.998449
vn -0.972456 -0.023270 0.231923
vn -0.982632 -0.023512 0.184068
vn -0.972449 -0.023270 0.231952
vn -0.990469 -0.023698 0.135679
vn -0.982638 -0.023512 0.184037
vn -0.995914 -0.023827 0.087107
vn -0.990465 -0.023698 0.135710
vn -0.998985 -0.023899 0.038192
vn -0.995917 -0.023827 0.087077
vn -0.998984 -0.023899 0.038222
vn -0.999656 -0.023913 -0.010757
vn -0.999656 -0.023913 -0.010788
vn -0.997933 -0.023871 -0.059672
vn -0.993813 -0.023771 -0.108496
vn -0.997932 -0.023871 -0.059673
vn -0.993816 -0.023771 -0.108465
vn -0.987330 -0.023614 -0.156915
vn -0.978452 -0.023400 -0.205143
vn -0.987325 -0.023614 -0.156944
vn -0.967247 -0.023131 -0.252781
vn -0.978452 -0.023400 -0.205147
vn -0.953721 -0.022806 -0.299826
vn -0.967248 -0.023131 -0.252776
vn -0.937908 -0.022426 -0.346160
vn -0.953720 -0.022806 -0.299831
vn -0.937908 -0.022426 -0.346159
vn -0.919830 -0.021993 -0.391700
vn -0.899579 -0.021507 -0.436229
vn -0.919830 -0.021993 -0.391700
vn -0.899579 -0.021507 -0.436228
vn -0.877172 -0.020970 -0.479718
vn -0.877172 -0.020970 -0.479718
vn -0.852617 -0.020381 -0.522138
vn -0.852617 -0.020381 -0.522139
vn -0.826042 -0.019744 -0.563262
vn -0.826042 -0.019744 -0.563262
vn -0.797533 -0.019061 -0.602974
vn -0.797533 -0.019061 -0.602974
vn -0.767046 -0.018330 -0.641330
vn -0.767047 -0.018330 -0.641330
vn -0.734762 -0.017557 -0.678098
vn -0.734762 -0.017557 -0.678098
vn -0.700708 -0.016741 -0.713252
vn -0.700708 -0.016741 -0.713252
vn -0.664950 -0.015885 -0.746719
vn -0.664959 -0.015885 -0.746711
vn -0.627652 -0.014992 -0.778350
vn -0.627652 -0.014992 -0.778350
vn -0.588779 -0.014061 -0.808172
vn -0.588779 -0.014061 -0.808172
vn -0.548546 -0.013098 -0.836018
vn -0.548546 -0.013098 -0.836018
vn -0.506982 -0.012102 -0.861872
vn -0.506982 -0.012102 -0.861872
vn -0.464214 -0.011079 -0.885654
vn -0.464214 -0.011079 -0.885654
vn -0.420325 -0.010028 -0.907318
vn -0.420313 -0.010028 -0.907324
vn -0.375415 -0.008953 -0.926814
vn -0.375415 -0.008953 -0.926813
vn -0.329612 -0.007857 -0.944084
vn -0.329598 -0.007857 -0.944089
vn -0.283040 -0.006742 -0.959084
vn -0.283054 -0.006743 -0.959080
vn -0.235783 -0.005612 -0.971790
vn -0.235768 -0.005611 -0.971793
vn -0.187932 -0.004467 -0.982172
vn -0.187926 -0.004466 -0.982173
vn -0.139654 -0.003311 -0.990195
vn -0.139673 -0.003312 -0.990192
vn -0.091050 -0.002149 -0.995844
vn -0.091050 -0.002149 -0.995844
vn -0.042205 -0.000980 -0.999108
vn -0.042189 -0.000980 -0.999109
vn 0.006730 0.000191 -0.999977
vn 0.006714 0.000190 -0.999977
vn -0.023912 0.999714 0.000026
vn -0.023916 0.999714 0.000029
vn -0.023917 0.999714 0.000031
vn -0.023917 0.999714 0.000033
vn -0.023913 0.999714 0.000030
vn -0.023917 0.999714 0.000031
vn -0.023918 0.999714 0.000032
vn -0.023910 0.999714 0.000025
vn -0.023918 0.999714 0.000032
vn -0.023910 0.999714 0.000027
vn -0.023914 0.999714 0.000030
vn -0.023920 0.999714 0.000035
vn -0.023913 0.999714 0.000027
vn -0.023917 0.999714 0.000032
vn -0.023914 0.999714 0.000029
vn -0.023912 0.999714 0.000026
vn -0.023915 0.999714 0.000030
vn -0.023913 0.999714 0.000029
vn -0.023917 0.999714 0.000032
vn -0.023917 0.999714 0.000034
vn -0.023916 0.999714 0.000033
vn -0.023917 0.999714 0.000033
vn -0.023910 0.999714 0.000027
vn -0.023913 0.999714 0.000025
vn -0.023914 0.999714 0.000027
vn -0.023915 0.999714 0.000029
vn -0.023916 0.999714 0.000029
vn -0.023914 0.999714 0.000028
vn -0.023916 0.999714 0.000031
vn -0.023916 0.999714 0.000029
vn -0.023918 0.999714 0.000031
vn -0.023916 0.999714 0.000033
vn -0.023916 0.999714 0.000032
vn -0.023912 0.999714 0.000028
vn -0.023917 0.999714 0.000030
vn -0.023915 0.999714 0.000024
vn -0.023915 0.999714 0.000025
vn -0.023911 0.999714 0.000028
vn -0.023917 0.999714 0.000030
vn -0.023915 0.999714 0.000030
vn -0.023925 0.999714 0.000056
vn -0.023903 0.999714 0.000004
vn -0.023916 0.999714 0.000031
vn -0.023923 0.999714 0.000083
vn -0.023907 0.999714 -0.000010
vn -0.023915 0.999714 0.000028
vn -0.023915 0.999714 0.000028
vn -0.023922 0.999714 0.000031
vn -0.023911 0.999714 0.000012
vn -0.023924 0.999714 0.000060
vn -0.023915 0.999714 0.000030
vn -0.023915 0.999714 0.000047
vn -0.023914 0.999714 0.000029
vn -0.023913 0.999714 0.000007
vn -0.023916 0.999714 0.000041
vn -0.023915 0.999714 0.000031
vn -0.023912 0.999714 0.000028
vn -0.023919 0.999714 0.000030
vn -0.023920 0.999714 -0.000001
vn -0.023910 0.999714 0.000070
vn -0.023918 0.999714 -0.000002
vn -0.023915 0.999714 0.000034
vn -0.023914 0.999714 0.000047
vn -0.023915 0.999714 0.000031
vn -0.023912 0.999714 0.000030
vn -0.023911 0.999714 0.000030
vn -0.023914 0.999714 0.000035
vn -0.023923 0.999714 -0.000003
vn -0.023910 0.999714 0.000056
vn -0.023918 0.999714 0.000017
vn -0.023916 0.999714 0.000027
vn -0.023923 0.999714 0.000011
vn -0.023916 0.999714 0.000030
vn -0.023918 0.999714 0.000030
vn -0.023916 0.999714 0.000030
vn -0.023900 0.999714 0.000072
vn -0.023922 0.999714 0.000008
vn -0.023915 0.999714 0.000030
vn -0.023913 0.999714 0.000033
vn -0.023925 0.999714 0.000010
vn -0.023916 0.999714 0.000031
vn -0.023912 0.999714 0.000030
vn -0.023919 0.999714 0.000029
vn -0.023915 0.999714 0.000028
vn -0.023919 0.999714 0.000030
vn -0.023911 0.999714 0.000029
vn -0.023914 0.999714 0.000031
vn -0.023911 0.999714 0.000031
vn -0.023920 0.999714 0.000028
vn -0.023917 0.999714 0.000028
vn -0.023915 0.999714 0.000029
vn -0.023917 0.999714 0.000028
vn -0.023916 0.999714 0.000031
vn -0.023921 0.999714 0.000042
vn -0.023929 0.999714 0.000059
vn -0.023915 0.999714 0.000031
vn -0.023918 0.999714 0.000035
vn -0.023916 0.999714 0.000030
vn -0.023908 0.999714 0.000002
vn -0.023903 0.999714 0.000009
vn -0.023921 0.999714 0.000048
vn -0.023915 0.999714 0.000030
vn -0.023915 0.999714 0.000030
vn -0.023906 0.999714 -0.000001
vn -0.023869 0.999715 0.000030
vn -0.023922 0.999714 0.000030
vn -0.023921 0.999714 0.000046
vn -0.023915 0.999714 0.000028
vn -0.023916 0.999714 0.000029
vn -0.023933 0.999714 0.000029
vn -0.023912 0.999714 -0.000002
vn -0.023894 0.999714 0.000030
vn -0.023906 0.999714 0.000030
vn -0.023918 0.999714 0.000043
vn -0.023932 0.999714 0.000029
vn -0.023936 0.999714 0.000029
vn -0.023918 0.999714 0.000048
vn -0.023891 0.999715 0.000030
vn -0.023887 0.999715 0.000030
vn -0.023912 0.999714 0.000014
vn -0.023962 0.999713 0.000029
vn -0.023910 0.999714 0.000030
vn -0.023914 0.999714 0.000027
vn -0.023922 0.999714 0.000061
vn -0.023919 0.999714 0.000031
vn -0.023895 0.999714 0.000031
vn -0.023915 0.999714 0.000001
vn -0.023885 0.999715 0.000030
vn -0.023921 0.999714 0.000030
vn -0.023915 0.999714 0.000019
vn -0.023934 0.999714 0.000029
vn -0.023918 0.999714 0.000029
vn -0.023912 0.999714 0.000030
vn -0.023911 0.999714 0.000031
vn -0.023915 0.999714 0.000050
vn -0.023911 0.999714 0.000030
vn -0.023910 0.999714 0.000030
vn -0.023915 0.999714 0.000031
vn -0.023914 0.999714 0.000024
vn -0.023957 0.999713 0.000028
vn -0.023947 0.999713 0.000028
vn -0.023914 0.999714 0.000030
vn -0.023920 0.999714 0.000006
vn -0.023876 0.999715 0.000032
vn -0.023911 0.999714 0.000054
vn -0.023913 0.999714 0.000041
vn -0.023915 0.999714 0.000025
vn -0.023917 0.999714 0.000004
vn -0.023915 0.999714 0.000029
vn -0.023912 0.999714 0.000038
vn -0.023904 0.999714 0.000061
vn -0.023916 0.999714 0.000028
vn -0.023919 0.999714 0.000027
vn -0.023916 0.999714 0.000024
vn -0.023915 0.999714 0.000033
vn -0.023914 0.999714 0.000029
vn -0.023912 0.999714 0.000030
vn -0.023915 0.999714 0.000033
vn -0.023916 0.999714 0.000025
vn -0.023915 0.999714 0.000030
vn -0.023912 0.999714 0.000031
vn -0.023914 0.999714 0.000029
vn -0.023914 0.999714 0.000030
vn -0.023918 0.999714 0.000027
vn -0.023919 0.999714 0.000027
vn -0.023915 0.999714 0.000028
vn -0.023914 0.999714 0.000032
vn -0.023911 0.999714 0.000031
vn -0.023917 0.999714 0.000028
vn -0.023913 0.999714 0.000034
vn -0.023915 0.999714 0.000028
vn -0.023915 0.999714 0.000029
vn -0.023912 0.999714 0.000030
vn -0.023915 0.999714 0.000027
vn -0.023915 0.999714 0.000028
vn -0.023916 0.999714 0.000028
vn -0.023917 0.999714 0.000027
vn -0.023915 0.999714 0.000029
vn -0.023917 0.999714 0.000025
vn -0.023915 0.999714 0.000029
vn -0.023916 0.999714 0.000028
vn -0.023914 0.999714 0.000029
vn -0.023911 0.999714 0.000034
vn -0.023915 0.999714 0.000030
vn -0.023907 0.999714 -0.000034
vn -0.023916 0.999714 0.000039
vn -0.023919 0.999714 0.000056
vn -0.023914 0.999714 0.000021
vn -0.023914 0.999714 0.000022
vn -0.023917 0.999714 0.000042
vn -0.023911 0.999714 0.000003
vn -0.023922 0.999714 0.000072
vn -0.023909 0.999714 -0.000007
vn -0.023912 0.999714 0.000013
vn -0.023912 0.999714 0.000032
vn -0.023917 0.999714 0.000041
vn -0.023925 0.999714 0.000081
vn -0.023915 0.999714 0.000030
vn -0.023918 0.999714 0.000046
vn -0.023918 0.999714 0.000011
vn -0.023921 0.999714 -0.000018
vn -0.023915 0.999714 0.000030
vn -0.023915 0.999714 0.000027
vn -0.023911 0.999714 0.000069
vn -0.023916 0.999714 0.000022
vn -0.023912 0.999714 0.000031
vn -0.023912 0.999714 0.000032
vn -0.023914 0.999714 0.000045
vn -0.023921 0.999714 -0.000031
vn -0.023914 0.999714 0.000044
vn -0.023910 0.999714 0.000095
vn -0.023921 0.999714 -0.000041
vn -0.023914 0.999714 0.000048
vn -0.023916 0.999714 0.000023
vn -0.023916 0.999714 0.000028
vn -0.023914 0.999714 0.000054
vn -0.023915 0.999714 0.000030
vn -0.023914 0.999714 0.000032
vn -0.023914 0.999714 0.000031
vn -0.023914 0.999714 0.000031
vn -0.023913 0.999714 0.000032
vn -0.023915 0.999714 0.000030
vn -0.023916 0.999714 0.000028
vn -0.023918 0.999714 0.000027
vn -0.023917 0.999714 0.000028
vn -0.023917 0.999714 0.000028
vn -0.023917 0.999714 0.000028
vn -0.023915 0.999714 0.000030
vn -0.023916 0.999714 0.000028
vn -0.023915 0.999714 0.000030
vn -0.023916 0.999714 0.000028
vn -0.023915 0.999714 0.000029
vn -0.023914 0.999714 0.000032
vn -0.023915 0.999714 0.000029
vn -0.023912 0.999714 0.000032
vn -0.023917 0.999714 0.000029
vn -0.023917 0.999714 0.000029
vn -0.023917 0.999714 0.000029
vn -0.023913 0.999714 0.000032
vn -0.023916 0.999714 0.000031
vn -0.023915 0.999714 0.000026
vn -0.023913 0.999714 0.000034
vn -0.023917 0.999714 0.000028
vn -0.023917 0.999714 0.000028
vn -0.023913 0.999714 0.000036
vn -0.023916 0.999714 0.000026
vn -0.023913 0.999714 0.000031
vn -0.023913 0.999714 0.000032
vn -0.023916 0.999714 0.000030
vn -0.023916 0.999714 0.000031
vn -0.023915 0.999714 0.000030
vn -0.023920 0.999714 0.000028
vn -0.023915 0.999714 0.000032
vn -0.023916 0.999714 0.000025
vn -0.023913 0.999714 0.000053
vn -0.023915 0.999714 0.000022
vn -0.023914 0.999714 0.000048
vn -0.023914 0.999714 0.000044
vn -0.023916 0.999714 0.000013
vn -0.023914 0.999714 0.000042
vn -0.023913 0.999714 0.000052
vn -0.023914 0.999714 0.000045
vn -0.023916 0.999714 0.000022
vn -0.023920 0.999714 -0.000011
vn -0.023915 0.999714 0.000026
vn -0.023911 0.999714 0.000063
vn -0.023917 0.999714 0.000015
vn -0.023915 0.999714 0.000031
vn -0.023912 0.999714 0.000032
vn -0.023915 0.999714 0.000032
vn -0.023925 0.999714 0.000002
vn -0.023912 0.999714 0.000039
vn -0.023915 0.999714 0.000026
vn -0.023919 0.999714 0.000029
vn -0.023917 0.999714 0.000029
vn -0.023913 0.999714 0.000066
vn -0.023917 0.999714 0.000025
vn -0.023923 0.999714 -0.000021
vn -0.023911 0.999714 0.000054
vn -0.023920 0.999714 0.000006
vn -0.023915 0.999714 0.000029
vn -0.023918 0.999714 0.000030
vn -0.023912 0.999714 0.000030
vn -0.023915 0.999714 0.000031
vn -0.023919 0.999714 0.000087
vn -0.023915 0.999714 -0.000013
vn -0.023915 0.999714 0.000019
vn -0.023914 0.999714 0.000066
vn -0.023911 0.999714 0.000031
vn -0.023915 0.999714 0.000031
vn -0.023936 0.999713 0.000028
vn -0.023915 0.999714 0.000029
vn -0.023918 0.999714 0.000044
vn -0.023909 0.999714 -0.000002
vn -0.023918 0.999714 0.000043
vn -0.023912 0.999714 0.000013
vn -0.023923 0.999714 0.000073
vn -0.023909 0.999714 -0.000009
vn -0.023911 0.999714 0.000003
vn -0.023917 0.999714 0.000044
vn -0.023913 0.999714 0.000017
vn -0.023914 0.999714 0.000021
vn -0.023919 0.999714 0.000058
vn -0.023916 0.999714 0.000039
vn -0.023919 0.999714 0.000058
vn -0.023914 0.999714 0.000029
vn -0.023895 0.999715 0.000030
vn -0.023884 0.999715 0.000030
vn -0.023909 0.999714 0.000028
vn -0.023974 0.999713 0.000028
vn -0.023921 0.999714 0.000029
vn -0.023919 0.999714 0.000029
vn -0.023871 0.999715 0.000030
vn -0.023909 0.999714 -0.000001
vn -0.023925 0.999714 0.000077
vn -0.023909 0.999714 -0.000016
vn -0.023918 0.999714 0.000043
vn -0.023920 0.999714 0.000064
vn -0.023916 0.999714 0.000027
vn -0.023949 0.999713 0.000028
vn -0.023919 0.999714 0.000029
vn -0.023894 0.999714 0.000029
vn -0.023896 0.999714 0.000030
vn -0.023910 0.999714 0.000030
vn -0.023953 0.999713 0.000028
vn -0.023958 0.999713 0.000028
vn -0.023869 0.999715 0.000031
vn -0.023965 0.999713 0.000028
vn -0.023864 0.999715 0.000031
vn -0.023917 0.999714 0.000030
vn -0.023913 0.999714 0.000030
vn -0.023975 0.999713 0.000027
vn -0.023915 0.999714 0.000029
vn -0.023862 0.999715 0.000032
vn -0.023921 0.999714 0.000030
vn -0.023942 0.999713 0.000029
vn -0.023917 0.999714 0.000035
vn -0.023900 0.999714 -0.000014
vn -0.023925 0.999714 0.000062
vn -0.023902 0.999714 -0.000015
vn -0.023925 0.999714 0.000070
vn -0.023917 0.999714 0.000029
vn -0.023914 0.999714 0.000029
vn -0.023902 0.999714 -0.000000
vn -0.023916 0.999714 0.000031
vn -0.023921 0.999714 0.000042
vn -0.023918 0.999714 0.000035
vn -0.023914 0.999714 0.000024
vn -0.023918 0.999714 0.000030
vn -0.023912 0.999714 0.000029
vn -0.023914 0.999714 0.000032
vn -0.023925 0.999714 0.000010
vn -0.023915 0.999714 0.000030
vn -0.023916 0.999714 0.000030
vn -0.023904 0.999714 0.000010
vn -0.023916 0.999714 0.000031
vn -0.023912 0.999714 0.000030
vn -0.023915 0.999714 0.000030
vn -0.023900 0.999714 0.000078
vn -0.023915 0.999714 0.000030
vn -0.023923 0.999714 0.000010
vn -0.023916 0.999714 0.000030
vn -0.023923 0.999714 0.000009
vn -0.023919 0.999714 0.000029
vn -0.023916 0.999714 0.000028
vn -0.023913 0.999714 0.000034
vn -0.023914 0.999714 0.000035
vn -0.023907 0.999714 0.000060
vn -0.023909 0.999714 0.000054
vn -0.023916 0.999714 0.000017
vn -0.023911 0.999714 0.000029
vn -0.023916 0.999714 0.000030
vn -0.023911 0.999714 0.000062
vn -0.023919 0.999714 0.000007
vn -0.023913 0.999714 0.000063
vn -0.023915 0.999714 0.000033
vn -0.023918 0.999714 -0.000020
vn -0.023917 0.999714 0.000024
vn -0.023918 0.999714 0.000030
vn -0.023920 0.999714 0.000031
vn -0.023917 0.999714 0.000030
vn -0.023915 0.999714 -0.000016
vn -0.023916 0.999714 0.000029
vn -0.023918 0.999714 0.000071
vn -0.023911 0.999714 -0.000023
vn -0.023912 0.999714 0.000030
vn -0.023913 0.999714 0.000030
vn -0.023915 0.999714 0.000030
vn -0.023914 0.999714 0.000020
vn -0.023919 0.999714 0.000051
vn -0.023915 0.999714 0.000029
vn -0.023911 0.999714 0.000012
vn -0.023924 0.999714 0.000059
vn -0.023914 0.999714 0.000030
vn -0.023914 0.999714 0.000030
vn -0.023915 0.999714 0.000031
vn -0.023916 0.999714 0.000031
vn -0.023902 0.999714 -0.000002
vn -0.023930 0.999714 0.000061
vn -0.023918 0.999714 0.000031
vn -0.023917 0.999714 0.000030
vn -0.023916 0.999714 0.000032
vn -0.023916 0.999714 0.000031
vn -0.023910 0.999714 0.000027
vn -0.023918 0.999714 0.000031
vn -0.023914 0.999714 0.000025
vn -0.023915 0.999714 0.000026
vn -0.023912 0.999714 0.000027
vn -0.023916 0.999714 0.000030
vn -0.023914 0.999714 0.000028
vn -0.023916 0.999714 0.000032
vn -0.023921 0.999714 0.000033
vn -0.023916 0.999714 0.000029
vn -0.023917 0.999714 0.000034
vn -0.023915 0.999714 0.000032
vn -0.023911 0.999714 0.000028
vn -0.023915 0.999714 0.000031
vn -0.023913 0.999714 0.000026
vn -0.023914 0.999714 0.000027
vn -0.023918 0.999714 0.000031
vn -0.023914 0.999714 0.000027
vn -0.023917 0.999714 0.000032
vn -0.023915 0.999714 0.000030
vn -0.023915 0.999714 0.000027
vn -0.023918 0.999714 0.000031
vn -0.023917 0.999714 0.000032
vn -0.023914 0.999714 0.000029
vn -0.023915 0.999714 0.000029
vn -0.023917 0.999714 0.000031
vn -0.023914 0.999714 0.000028
vn -0.023916 0.999714 0.000030
vn -0.023912 0.999714 0.000028
vn -0.023916 0.999714 0.000032
vn -0.023915 0.999714 0.000028
vn -0.023912 0.999714 0.000026
vn -0.023916 0.999714 0.000033
vn -0.023916 0.999714 0.000031
vn -0.023915 0.999714 0.000031
vn -0.023915 0.999714 0.000034
vn -0.023915 0.999714 0.000084
vn -0.023917 0.999714 -0.000259
vn -0.023915 0.999714 0.000115
vn -0.023915 0.999714 0.000103
vn -0.023917 0.999714 -0.000109
vn -0.023915 0.999714 0.000051
vn -0.023915 0.999714 0.000030
vn -0.023915 0.999714 0.000062
vn -0.023916 0.999714 -0.000005
vn -0.023913 0.999714 0.000135
vn -0.023916 0.999714 0.000027
vn -0.023917 0.999714 -0.000019
vn -0.023916 0.999714 -0.000001
vn -0.023914 0.999714 0.000061
vn -0.023914 0.999714 0.000057
vn -0.023917 0.999714 -0.000001
vn -0.023917 0.999714 -0.000004
vn -0.023914 0.999714 0.000049
vn -0.023928 0.999714 0.000221
vn -0.023916 0.999714 0.000050
vn -0.023899 0.999714 -0.000206
vn -0.023914 0.999714 0.000006
vn -0.023916 0.999714 0.000041
vn -0.023911 0.999714 -0.000023
vn -0.023920 0.999714 0.000099
vn -0.023907 0.999714 -0.000075
vn -0.023922 0.999714 0.000108
vn -0.023915 0.999714 0.000025
vn -0.023918 0.999714 0.000065
vn -0.023916 0.999714 0.000044
vn -0.023911 0.999714 -0.000015
vn -0.023913 0.999714 0.000003
vn -0.023921 0.999714 0.000086
vn -0.023913 0.999714 0.000012
vn -0.023912 0.999714 -0.000004
vn -0.023916 0.999714 0.000035
vn -0.023915 0.999714 0.000025
vn -0.023915 0.999714 0.000028
vn -0.023915 0.999714 0.000084
vn -0.023913 0.999714 0.000331
vn -0.023918 0.999714 -0.000321
vn -0.023914 0.999714 0.000101
vn -0.023913 0.999714 0.000174
vn -0.023915 0.999714 0.000051
vn -0.023915 0.999714 0.000025
vn -0.023917 0.999714 -0.000118
vn -0.023912 0.999714 0.000160
vn -0.023916 0.999714 -0.000018
vn -0.023915 0.999714 0.000023
vn -0.023916 0.999714 -0.000019
vn -0.023912 0.999714 0.000123
vn -0.023918 0.999714 -0.000054
vn -0.023914 0.999714 0.000054
vn -0.023916 0.999714 -0.000004
vn -0.023911 0.999714 0.000100
vn -0.023919 0.999714 -0.000049
vn -0.023932 0.999714 0.000273
vn -0.023913 0.999714 0.000006
vn -0.023900 0.999714 -0.000192
vn -0.023914 0.999714 0.000006
vn -0.023916 0.999714 0.000041
vn -0.023932 0.999714 0.000261
vn -0.023902 0.999714 -0.000142
vn -0.023923 0.999714 0.000137
vn -0.023906 0.999714 -0.000080
vn -0.023915 0.999714 0.000025
vn -0.023918 0.999714 0.000065
vn -0.023916 0.999714 0.000044
vn -0.023911 0.999714 -0.000015
vn -0.023924 0.999714 0.000124
vn -0.023909 0.999714 -0.000026
vn -0.023913 0.999714 0.000009
vn -0.023923 0.999714 0.000102
vn -0.023915 0.999714 0.000035
vn -0.023914 0.999714 0.000023
vn 0.031196 0.000776 -0.999513
vn 0.031196 0.000776 -0.999513
vn -0.998139 -0.023876 -0.056113
vn -0.998139 -0.023876 -0.056113
vn -0.994102 -0.023778 -0.105812
vn -0.994102 -0.023778 -0.105812
vn -0.987593 -0.023620 -0.155248
vn -0.978631 -0.023404 -0.204290
vn -0.987594 -0.023621 -0.155241
vn -0.978629 -0.023405 -0.204296
vn -0.967233 -0.023131 -0.252836
vn -0.967232 -0.023131 -0.252836
vn -0.953430 -0.022799 -0.300750
vn -0.953430 -0.022799 -0.300751
vn -0.937259 -0.022411 -0.347912
vn -0.918756 -0.021967 -0.394214
vn -0.937260 -0.022411 -0.347911
vn -0.918756 -0.021967 -0.394214
vn -0.897971 -0.021468 -0.439531
vn -0.897970 -0.021468 -0.439532
vn -0.874953 -0.020916 -0.483756
vn -0.874954 -0.020916 -0.483754
vn -0.849757 -0.020312 -0.526783
vn -0.822453 -0.019658 -0.568493
vn -0.849757 -0.020312 -0.526783
vn -0.822453 -0.019658 -0.568493
vn -0.793098 -0.018954 -0.608799
vn -0.793098 -0.018954 -0.608800
vn -0.761779 -0.018204 -0.647581
vn -0.761779 -0.018204 -0.647581
vn -0.728560 -0.017408 -0.684761
vn -0.728558 -0.017408 -0.684763
vn -0.693529 -0.016569 -0.720238
vn -0.693530 -0.016569 -0.720237
vn -0.656780 -0.015689 -0.753919
vn -0.656780 -0.015689 -0.753919
vn -0.618395 -0.014770 -0.785728
vn -0.618393 -0.014770 -0.785730
vn -0.578470 -0.013814 -0.815587
vn -0.578472 -0.013814 -0.815585
vn -0.537108 -0.012824 -0.843416
vn -0.537108 -0.012824 -0.843416
vn -0.494414 -0.011802 -0.869146
vn -0.494412 -0.011802 -0.869148
vn -0.450487 -0.010750 -0.892718
vn -0.450487 -0.010750 -0.892718
vn -0.405441 -0.009672 -0.914070
vn -0.405444 -0.009672 -0.914069
vn -0.359386 -0.008570 -0.933150
vn -0.312443 -0.007446 -0.949907
vn -0.359385 -0.008570 -0.933150
vn -0.312443 -0.007446 -0.949907
vn -0.264717 -0.006304 -0.964306
vn -0.264717 -0.006304 -0.964306
vn -0.216336 -0.005146 -0.976305
vn -0.216333 -0.005146 -0.976306
vn -0.167415 -0.003976 -0.985878
vn -0.167415 -0.003976 -0.985878
vn -0.118080 -0.002795 -0.993000
vn -0.118080 -0.002795 -0.993000
vn -0.068450 -0.001608 -0.997653
vn -0.068450 -0.001608 -0.997653
vn -0.018650 -0.000417 -0.999826
vn -0.018650 -0.000417 -0.999826
vn 0.031198 0.000776 -0.999513
vn 0.031195 0.000776 -0.999513
vn 0.080963 0.001966 -0.996715
vn 0.080963 0.001966 -0.996715
vn 0.130531 0.003152 -0.991439
vn 0.130534 0.003152 -0.991439
vn 0.179778 0.004330 -0.983698
vn 0.179775 0.004330 -0.983698
vn 0.228569 0.005497 -0.973512
vn 0.228569 0.005497 -0.973512
vn 0.276797 0.006650 -0.960905
vn 0.276797 0.006650 -0.960905
vn 0.324339 0.007787 -0.945909
vn 0.324337 0.007787 -0.945910
vn 0.371071 0.008904 -0.928562
vn 0.371072 0.008904 -0.928561
vn 0.416880 0.010000 -0.908907
vn 0.416880 0.010000 -0.908907
vn 0.461655 0.011070 -0.886990
vn 0.461655 0.011070 -0.886990
vn 0.505282 0.012113 -0.862869
vn 0.505282 0.012113 -0.862869
vn 0.547652 0.013126 -0.836603
vn 0.547651 0.013126 -0.836604
vn 0.588659 0.014106 -0.808258
vn 0.588660 0.014106 -0.808257
vn 0.628207 0.015051 -0.777901
vn 0.628207 0.015051 -0.777901
vn 0.666188 0.015959 -0.745613
vn 0.666188 0.015959 -0.745613
vn 0.702512 0.016827 -0.711473
vn 0.702514 0.016827 -0.711471
vn 0.737096 0.017653 -0.675557
vn 0.737098 0.017653 -0.675556
vn 0.769844 0.018435 -0.637966
vn 0.769846 0.018435 -0.637963
vn 0.800676 0.019171 -0.598791
vn 0.800679 0.019172 -0.598787
vn 0.829520 0.019860 -0.558123
vn 0.829520 0.019860 -0.558123
vn 0.856302 0.020500 -0.516069
vn 0.856302 0.020500 -0.516068
vn 0.880955 0.021088 -0.472729
vn 0.903417 0.021624 -0.428218
vn 0.880955 0.021088 -0.472731
vn 0.903417 0.021624 -0.428217
vn 0.923631 0.022106 -0.382645
vn 0.941552 0.022534 -0.336113
vn 0.923631 0.022106 -0.382645
vn 0.941552 0.022534 -0.336114
vn 0.957130 0.022905 -0.288750
vn 0.957131 0.022905 -0.288750
vn 0.970329 0.023219 -0.240671
vn 0.981116 0.023476 -0.191989
vn 0.970329 0.023219 -0.240671
vn 0.981116 0.023476 -0.191989
vn 0.989464 0.023674 -0.142831
vn 0.989464 0.023674 -0.142831
vn 0.995351 0.023814 -0.093318
vn 0.995351 0.023814 -0.093318
vn 0.998764 0.023894 -0.043580
vn 0.998764 0.023894 -0.043580
vn 0.999694 0.023915 0.006284
vn 0.999694 0.023915 0.006284
vn 0.998139 0.023876 0.056109
vn 0.998139 0.023876 0.056109
vn 0.994101 0.023778 0.105815
vn 0.994101 0.023778 0.105815
vn 0.987593 0.023621 0.155248
vn 0.987594 0.023620 0.155245
vn 0.978629 0.023405 0.204296
vn 0.978630 0.023405 0.204293
vn 0.967233 0.023131 0.252836
vn 0.967233 0.023131 0.252836
vn 0.953430 0.022799 0.300750
vn 0.953431 0.022799 0.300748
vn 0.937260 0.022411 0.347911
vn 0.937261 0.022411 0.347908
vn 0.918757 0.021967 0.394211
vn 0.918757 0.021967 0.394211
vn 0.897969 0.021468 0.439535
vn 0.897969 0.021468 0.439535
vn 0.874954 0.020916 0.483754
vn 0.874954 0.020916 0.483754
vn 0.849759 0.020312 0.526781
vn 0.849759 0.020312 0.526780
vn 0.822452 0.019658 0.568495
vn 0.822452 0.019658 0.568495
vn 0.793098 0.018954 0.608799
vn 0.793098 0.018954 0.608799
vn 0.761776 0.018204 0.647585
vn 0.761776 0.018204 0.647585
vn 0.728562 0.017408 0.684759
vn 0.728562 0.017408 0.684758
vn 0.693530 0.016569 0.720237
vn 0.693530 0.016569 0.720237
vn 0.656778 0.015689 0.753921
vn 0.656778 0.015689 0.753921
vn 0.618392 0.014770 0.785731
vn 0.618392 0.014770 0.785731
vn 0.578471 0.013814 0.815586
vn 0.578471 0.013814 0.815586
vn 0.537109 0.012824 0.843416
vn 0.537109 0.012824 0.843415
vn 0.494413 0.011802 0.869147
vn 0.450489 0.010750 0.892717
vn 0.494413 0.011802 0.869147
vn 0.450489 0.010750 0.892717
vn 0.405442 0.009672 0.914069
vn 0.359384 0.008570 0.933150
vn 0.405442 0.009672 0.914069
vn 0.359384 0.008570 0.933150
vn 0.312443 0.007446 0.949907
vn 0.312443 0.007446 0.949907
vn 0.264718 0.006304 0.964305
vn 0.264718 0.006304 0.964305
vn 0.216332 0.005146 0.976306
vn 0.216332 0.005146 0.976306
vn 0.167415 0.003976 0.985879
vn 0.167415 0.003976 0.985879
vn 0.118080 0.002795 0.993000
vn 0.118080 0.002795 0.993000
vn 0.068449 0.001608 0.997653
vn 0.068450 0.001608 0.997653
vn 0.018651 0.000417 0.999826
vn 0.018651 0.000417 0.999826
vn -0.031196 -0.000776 0.999513
vn -0.031196 -0.000776 0.999513
vn -0.080965 -0.001966 0.996715
vn -0.080965 -0.001966 0.996715
vn -0.130532 -0.003152 0.991439
vn -0.130532 -0.003152 0.991439
vn -0.179776 -0.004330 0.983698
vn -0.179776 -0.004330 0.983698
vn -0.228570 -0.005497 0.973512
vn -0.228570 -0.005497 0.973512
vn -0.276796 -0.006650 0.960906
vn -0.276796 -0.006650 0.960906
vn -0.324338 -0.007787 0.945909
vn -0.324338 -0.007787 0.945909
vn -0.371072 -0.008904 0.928561
vn -0.416878 -0.009999 0.908907
vn -0.371072 -0.008904 0.928561
vn -0.416878 -0.009999 0.908907
vn -0.461656 -0.011070 0.886990
vn -0.461656 -0.011070 0.886990
vn -0.505283 -0.012113 0.862869
vn -0.547651 -0.013126 0.836604
vn -0.505283 -0.012113 0.862869
vn -0.547651 -0.013126 0.836604
vn -0.588660 -0.014106 0.808258
vn -0.628205 -0.015051 0.777902
vn -0.588660 -0.014106 0.808257
vn -0.628205 -0.015051 0.777902
vn -0.666189 -0.015959 0.745612
vn -0.702513 -0.016827 0.711472
vn -0.666189 -0.015959 0.745613
vn -0.737099 -0.017653 0.675554
vn -0.702513 -0.016827 0.711472
vn -0.737099 -0.017653 0.675554
vn -0.769843 -0.018435 0.637967
vn -0.769843 -0.018435 0.637967
vn -0.800678 -0.019172 0.598787
vn -0.800678 -0.019172 0.598787
vn -0.829521 -0.019860 0.558122
vn -0.829521 -0.019860 0.558122
vn -0.856301 -0.020500 0.516070
vn -0.856301 -0.020500 0.516070
vn -0.880957 -0.021088 0.472727
vn -0.880957 -0.021088 0.472727
vn -0.903416 -0.021624 0.428220
vn -0.903416 -0.021624 0.428220
vn -0.923631 -0.022106 0.382646
vn -0.923631 -0.022106 0.382646
vn -0.941553 -0.022534 0.336110
vn -0.957129 -0.022905 0.288756
vn -0.941553 -0.022534 0.336110
vn -0.957129 -0.022905 0.288756
vn -0.970330 -0.023219 0.240668
vn -0.970330 -0.023219 0.240668
vn -0.981116 -0.023476 0.191992
vn -0.981116 -0.023476 0.191992
vn -0.989464 -0.023674 0.142828
vn -0.995351 -0.023814 0.093321
vn -0.989464 -0.023674 0.142828
vn -0.995351 -0.023814 0.093322
vn -0.998764 -0.023894 0.043577
vn -0.999694 -0.023915 -0.006284
vn -0.998764 -0.023894 0.043577
vn -0.999694 -0.023915 -0.006284
vn 0.998136 0.023876 0.056163
vn 0.994095 0.023778 0.105872
vn 0.998136 0.023876 0.056163
vn 0.987604 0.023620 0.155179
vn 0.994104 0.023777 0.105795
vn 0.987592 0.023621 0.155255
vn 0.978641 0.023405 0.204240
vn 0.978640 0.023405 0.204245
vn 0.967218 0.023130 0.252893
vn 0.953439 0.022799 0.300723
vn 0.967219 0.023130 0.252887
vn 0.953439 0.022799 0.300724
vn 0.937233 0.022410 0.347983
vn 0.918796 0.021968 0.394121
vn 0.937233 0.022410 0.347983
vn 0.918796 0.021968 0.394121
vn 0.897956 0.021468 0.439562
vn 0.897952 0.021468 0.439570
vn 0.874922 0.020916 0.483811
vn 0.874927 0.020916 0.483803
vn 0.849766 0.020313 0.526768
vn 0.849772 0.020313 0.526759
vn 0.822459 0.019658 0.568484
vn 0.822459 0.019658 0.568484
vn 0.793104 0.018955 0.608791
vn 0.793105 0.018955 0.608791
vn 0.761786 0.018204 0.647573
vn 0.761786 0.018204 0.647573
vn 0.728533 0.017408 0.684789
vn 0.693543 0.016570 0.720224
vn 0.728543 0.017408 0.684779
vn 0.693543 0.016570 0.720225
vn 0.656817 0.015690 0.753887
vn 0.618339 0.014769 0.785773
vn 0.656805 0.015690 0.753897
vn 0.618339 0.014769 0.785773
vn 0.578478 0.013814 0.815581
vn 0.578478 0.013814 0.815581
vn 0.537149 0.012825 0.843390
vn 0.537149 0.012825 0.843390
vn 0.494394 0.011801 0.869158
vn 0.450505 0.010751 0.892709
vn 0.494409 0.011802 0.869149
vn 0.450489 0.010750 0.892717
vn 0.405422 0.009671 0.914078
vn 0.405439 0.009672 0.914071
vn 0.359389 0.008570 0.933149
vn 0.312438 0.007446 0.949909
vn 0.359389 0.008570 0.933149
vn 0.312420 0.007446 0.949915
vn 0.264700 0.006304 0.964310
vn 0.216341 0.005146 0.976304
vn 0.264719 0.006304 0.964305
vn 0.216322 0.005146 0.976309
vn 0.167415 0.003976 0.985878
vn 0.118089 0.002796 0.992999
vn 0.167415 0.003976 0.985878
vn 0.068447 0.001608 0.997653
vn 0.118089 0.002796 0.992999
vn 0.068447 0.001608 0.997653
vn 0.018644 0.000416 0.999826
vn -0.031203 -0.000776 0.999513
vn 0.018644 0.000416 0.999826
vn -0.080951 -0.001966 0.996716
vn -0.031183 -0.000776 0.999513
vn -0.080972 -0.001966 0.996714
vn -0.130527 -0.003152 0.991440
vn -0.179798 -0.004330 0.983694
vn -0.130508 -0.003151 0.991442
vn -0.228554 -0.005496 0.973516
vn -0.179798 -0.004330 0.983694
vn -0.276799 -0.006650 0.960905
vn -0.228574 -0.005497 0.973511
vn -0.276780 -0.006650 0.960910
vn -0.324347 -0.007787 0.945906
vn -0.324328 -0.007787 0.945912
vn -0.371041 -0.008904 0.928574
vn -0.371041 -0.008904 0.928574
vn -0.416917 -0.010000 0.908890
vn -0.416934 -0.010001 0.908882
vn -0.461625 -0.011069 0.887006
vn -0.461608 -0.011069 0.887015
vn -0.505302 -0.012113 0.862857
vn -0.505303 -0.012113 0.862857
vn -0.547653 -0.013126 0.836603
vn -0.547653 -0.013126 0.836603
vn -0.588668 -0.014106 0.808252
vn -0.588668 -0.014106 0.808252
vn -0.628194 -0.015051 0.777911
vn -0.628193 -0.015051 0.777912
vn -0.666191 -0.015959 0.745611
vn -0.666202 -0.015959 0.745600
vn -0.702506 -0.016826 0.711479
vn -0.702506 -0.016826 0.711479
vn -0.737085 -0.017653 0.675570
vn -0.737094 -0.017653 0.675560
vn -0.769864 -0.018436 0.637942
vn -0.769856 -0.018435 0.637951
vn -0.800655 -0.019171 0.598819
vn -0.829529 -0.019861 0.558110
vn -0.800655 -0.019171 0.598819
vn -0.829535 -0.019861 0.558102
vn -0.856303 -0.020500 0.516067
vn -0.856303 -0.020500 0.516067
vn -0.880960 -0.021088 0.472720
vn -0.880960 -0.021088 0.472720
vn -0.903383 -0.021623 0.428290
vn -0.903411 -0.021624 0.428230
vn -0.923676 -0.022108 0.382537
vn -0.923649 -0.022107 0.382600
vn -0.941542 -0.022534 0.336140
vn -0.941540 -0.022533 0.336147
vn -0.957136 -0.022905 0.288732
vn -0.970316 -0.023219 0.240722
vn -0.957138 -0.022905 0.288726
vn -0.970316 -0.023219 0.240722
vn -0.981116 -0.023476 0.191992
vn -0.981115 -0.023476 0.191996
vn -0.989473 -0.023674 0.142771
vn -0.989473 -0.023674 0.142772
vn -0.995345 -0.023813 0.093383
vn -0.995353 -0.023814 0.093300
vn -0.998760 -0.023893 0.043671
vn -0.998764 -0.023894 0.043590
vn -0.999694 -0.023915 -0.006367
vn -0.999694 -0.023915 -0.006367
vn -0.998141 -0.023876 -0.056080
vn -0.998141 -0.023876 -0.056081
vn -0.994104 -0.023778 -0.105795
vn -0.994104 -0.023778 -0.105793
vn -0.987592 -0.023621 -0.155258
vn -0.987591 -0.023621 -0.155259
vn -0.978641 -0.023405 -0.204241
vn -0.978641 -0.023405 -0.204240
vn -0.967219 -0.023130 -0.252887
vn -0.967218 -0.023130 -0.252891
vn -0.953439 -0.022799 -0.300724
vn -0.953438 -0.022799 -0.300725
vn -0.937233 -0.022410 -0.347983
vn -0.937233 -0.022410 -0.347983
vn -0.918766 -0.021967 -0.394190
vn -0.918766 -0.021967 -0.394190
vn -0.897984 -0.021469 -0.439504
vn -0.898016 -0.021469 -0.439439
vn -0.874961 -0.020916 -0.483741
vn -0.874927 -0.020916 -0.483803
vn -0.849730 -0.020312 -0.526827
vn -0.849735 -0.020312 -0.526818
vn -0.822459 -0.019658 -0.568484
vn -0.822459 -0.019658 -0.568484
vn -0.793105 -0.018955 -0.608791
vn -0.793144 -0.018955 -0.608739
vn -0.761786 -0.018204 -0.647573
vn -0.761738 -0.018203 -0.647630
vn -0.728543 -0.017408 -0.684779
vn -0.728543 -0.017408 -0.684779
vn -0.693543 -0.016570 -0.720225
vn -0.693542 -0.016570 -0.720225
vn -0.656765 -0.015689 -0.753932
vn -0.656776 -0.015689 -0.753922
vn -0.618419 -0.014771 -0.785710
vn -0.618419 -0.014771 -0.785710
vn -0.578439 -0.013813 -0.815609
vn -0.578440 -0.013813 -0.815608
vn -0.537149 -0.012825 -0.843390
vn -0.537149 -0.012825 -0.843390
vn -0.494394 -0.011801 -0.869158
vn -0.494409 -0.011801 -0.869149
vn -0.450489 -0.010750 -0.892717
vn -0.450489 -0.010750 -0.892717
vn -0.405439 -0.009672 -0.914071
vn -0.359389 -0.008570 -0.933148
vn -0.405422 -0.009671 -0.914078
vn -0.359407 -0.008570 -0.933142
vn -0.312438 -0.007446 -0.949909
vn -0.312420 -0.007446 -0.949915
vn -0.264719 -0.006304 -0.964305
vn -0.264700 -0.006304 -0.964310
vn -0.216322 -0.005146 -0.976309
vn -0.216341 -0.005146 -0.976304
vn -0.167415 -0.003976 -0.985878
vn -0.167415 -0.003976 -0.985878
vn -0.118089 -0.002795 -0.992999
vn -0.118089 -0.002795 -0.992999
vn -0.068453 -0.001608 -0.997653
vn -0.068432 -0.001608 -0.997654
vn -0.018641 -0.000416 -0.999826
vn -0.018641 -0.000416 -0.999826
vn 0.031183 0.000776 -0.999513
vn 0.031186 0.000776 -0.999513
vn 0.080951 0.001966 -0.996716
vn 0.080978 0.001967 -0.996714
vn 0.130508 0.003151 -0.991442
vn 0.130528 0.003152 -0.991440
vn 0.179798 0.004330 -0.983694
vn 0.179798 0.004330 -0.983694
vn 0.228574 0.005497 -0.973511
vn 0.276780 0.006650 -0.960910
vn 0.228574 0.005497 -0.973511
vn 0.324347 0.007787 -0.945906
vn 0.276780 0.006650 -0.960910
vn 0.324347 0.007787 -0.945906
vn 0.371069 0.008904 -0.928563
vn 0.371069 0.008904 -0.928563
vn 0.416855 0.009999 -0.908918
vn 0.461658 0.011070 -0.886989
vn 0.416855 0.009999 -0.908918
vn 0.461658 0.011070 -0.886989
vn 0.505267 0.012113 -0.862878
vn 0.547676 0.013126 -0.836587
vn 0.505267 0.012113 -0.862878
vn 0.588681 0.014106 -0.808242
vn 0.547690 0.013127 -0.836578
vn 0.588668 0.014106 -0.808252
vn 0.628182 0.015050 -0.777921
vn 0.666161 0.015958 -0.745637
vn 0.628194 0.015051 -0.777911
vn 0.666150 0.015958 -0.745647
vn 0.702547 0.016827 -0.711439
vn 0.702547 0.016827 -0.711438
vn 0.737134 0.017654 -0.675516
vn 0.737134 0.017654 -0.675516
vn 0.769816 0.018434 -0.637999
vn 0.769817 0.018434 -0.637999
vn 0.800655 0.019171 -0.598819
vn 0.800654 0.019171 -0.598820
vn 0.829529 0.019861 -0.558110
vn 0.829535 0.019861 -0.558102
vn 0.856303 0.020500 -0.516067
vn 0.856303 0.020500 -0.516067
vn 0.880960 0.021088 -0.472720
vn 0.880960 0.021088 -0.472720
vn 0.903415 0.021624 -0.428222
vn 0.903411 0.021624 -0.428230
vn 0.923617 0.022106 -0.382678
vn 0.923621 0.022106 -0.382670
vn 0.941568 0.022534 -0.336068
vn 0.941566 0.022534 -0.336074
vn 0.957136 0.022905 -0.288731
vn 0.957138 0.022905 -0.288726
vn 0.970318 0.023219 -0.240717
vn 0.970316 0.023219 -0.240722
vn 0.981115 0.023476 -0.191996
vn 0.981115 0.023476 -0.191996
vn 0.989461 0.023674 -0.142853
vn 0.989461 0.023674 -0.142852
vn 0.995361 0.023814 -0.093221
vn 0.995361 0.023814 -0.093219
vn 0.998764 0.023894 -0.043588
vn 0.999695 0.023915 0.006204
vn 0.998764 0.023894 -0.043590
vn 0.999695 0.023915 0.006204
vn -0.940604 -0.022491 -0.338760
vn -0.940604 -0.022491 -0.338760
vn -0.922784 -0.022063 -0.384685
vn -0.922784 -0.022063 -0.384685
vn -0.902723 -0.021582 -0.429680
vn -0.902723 -0.021582 -0.429680
vn -0.880473 -0.021049 -0.473629
vn -0.880473 -0.021049 -0.473629
vn -0.856081 -0.020464 -0.516437
vn -0.856081 -0.020464 -0.516437
vn -0.829614 -0.019830 -0.557986
vn -0.829614 -0.019830 -0.557986
vn -0.801136 -0.019147 -0.598176
vn -0.801136 -0.019147 -0.598176
vn -0.770713 -0.018418 -0.636916
vn -0.770713 -0.018418 -0.636916
vn -0.738411 -0.017644 -0.674121
vn -0.738413 -0.017644 -0.674118
vn -0.704334 -0.016828 -0.709669
vn -0.704332 -0.016828 -0.709671
vn -0.668527 -0.015971 -0.743516
vn -0.668528 -0.015971 -0.743515
vn -0.631111 -0.015075 -0.775546
vn -0.631112 -0.015075 -0.775545
vn -0.592161 -0.014142 -0.805695
vn -0.592161 -0.014142 -0.805695
vn -0.551774 -0.013175 -0.833890
vn -0.551773 -0.013175 -0.833890
vn -0.510044 -0.012176 -0.860062
vn -0.510044 -0.012176 -0.860062
vn -0.467076 -0.011147 -0.884147
vn -0.467076 -0.011147 -0.884147
vn -0.422983 -0.010092 -0.906081
vn -0.377851 -0.009011 -0.925823
vn -0.422982 -0.010092 -0.906082
vn -0.377852 -0.009012 -0.925822
vn -0.331810 -0.007910 -0.943313
vn -0.331810 -0.007910 -0.943313
vn -0.284962 -0.006788 -0.958515
vn -0.284962 -0.006788 -0.958515
vn -0.237419 -0.005651 -0.971391
vn -0.237419 -0.005651 -0.971391
vn -0.189306 -0.004500 -0.981908
vn -0.140727 -0.003337 -0.990043
vn -0.189306 -0.004499 -0.981908
vn -0.140727 -0.003337 -0.990043
vn -0.091812 -0.002167 -0.995774
vn -0.091813 -0.002167 -0.995774
vn -0.042670 -0.000991 -0.999089
vn -0.042670 -0.000991 -0.999089
vn 0.006571 0.000187 -0.999978
vn 0.006571 0.000187 -0.999978
vn 0.055802 0.001364 -0.998441
vn 0.055802 0.001364 -0.998441
vn 0.104892 0.002539 -0.994480
vn 0.104892 0.002539 -0.994480
vn 0.153731 0.003707 -0.988106
vn 0.153731 0.003707 -0.988106
vn 0.202196 0.004866 -0.979333
vn 0.202196 0.004866 -0.979333
vn 0.250170 0.006013 -0.968183
vn 0.250169 0.006013 -0.968183
vn 0.297537 0.007146 -0.954684
vn 0.297537 0.007146 -0.954684
vn 0.344180 0.008261 -0.938867
vn 0.344180 0.008261 -0.938867
vn 0.389990 0.009357 -0.920772
vn 0.389989 0.009357 -0.920772
vn 0.434854 0.010429 -0.900440
vn 0.434854 0.010429 -0.900441
vn 0.478660 0.011477 -0.877925
vn 0.478660 0.011477 -0.877925
vn 0.521307 0.012496 -0.853278
vn 0.521307 0.012496 -0.853278
vn 0.562687 0.013485 -0.826560
vn 0.562686 0.013485 -0.826561
vn 0.602698 0.014441 -0.797838
vn 0.602699 0.014441 -0.797838
vn 0.641256 0.015363 -0.767173
vn 0.641256 0.015363 -0.767173
vn 0.678246 0.016247 -0.734656
vn 0.678246 0.016247 -0.734655
vn 0.713595 0.017091 -0.700350
vn 0.713595 0.017091 -0.700350
vn 0.747214 0.017895 -0.664342
vn 0.747214 0.017895 -0.664342
vn 0.779016 0.018654 -0.626726
vn 0.779016 0.018654 -0.626726
vn 0.808929 0.019369 -0.587587
vn 0.808929 0.019369 -0.587587
vn 0.836878 0.020036 -0.547023
vn 0.836878 0.020036 -0.547023
vn 0.886619 0.021223 -0.462013
vn 0.862799 0.020655 -0.505126
vn 0.862799 0.020655 -0.505125
vn 0.886619 0.021223 -0.462013
vn 0.908295 0.021741 -0.417764
vn 0.908295 0.021741 -0.417765
vn 0.927759 0.022205 -0.372518
vn 0.927760 0.022205 -0.372517
vn 0.944977 0.022615 -0.326354
vn 0.944975 0.022615 -0.326361
vn 0.959897 0.022971 -0.279410
vn 0.959899 0.022971 -0.279403
vn -0.956088 -0.022863 -0.292187
vn -0.956088 -0.022863 -0.292187
vn -0.969248 -0.023179 -0.244992
vn -0.980072 -0.023439 -0.197253
vn -0.969249 -0.023179 -0.244988
vn -0.980072 -0.023439 -0.197254
vn -0.988546 -0.023644 -0.149059
vn -0.994654 -0.023791 -0.100483
vn -0.988546 -0.023644 -0.149058
vn -0.994654 -0.023791 -0.100483
vn -0.998381 -0.023882 -0.051628
vn -0.998381 -0.023882 -0.051628
vn -0.999710 -0.023915 -0.002714
vn -0.999710 -0.023915 -0.002714
vn -0.998643 -0.023891 0.046266
vn -0.998643 -0.023891 0.046266
vn -0.995190 -0.023810 0.095027
vn -0.989344 -0.023671 0.143662
vn -0.995190 -0.023810 0.095025
vn -0.989343 -0.023671 0.143665
vn -0.981123 -0.023476 0.191953
vn -0.970557 -0.023225 0.239749
vn -0.981123 -0.023476 0.191953
vn -0.970565 -0.023225 0.239717
vn -0.957671 -0.022918 0.286951
vn -0.942461 -0.022555 0.333553
vn -0.957662 -0.022917 0.286983
vn -0.925033 -0.022140 0.379241
vn -0.942473 -0.022556 0.333521
vn -0.925022 -0.022140 0.379268
vn -0.905374 -0.021671 0.424061
vn -0.883531 -0.021150 0.467894
vn -0.905375 -0.021671 0.424060
vn -0.883528 -0.021150 0.467901
vn -0.859565 -0.020578 0.510612
vn -0.833571 -0.019957 0.552052
vn -0.859565 -0.020578 0.510613
vn -0.833576 -0.019957 0.552044
vn -0.805556 -0.019288 0.592205
vn -0.805556 -0.019288 0.592206
vn -0.775623 -0.018573 0.630924
vn -0.775623 -0.018573 0.630924
vn -0.743804 -0.017813 0.668160
vn -0.743804 -0.017813 0.668160
vn -0.710239 -0.017011 0.703755
vn -0.674956 -0.016168 0.737681
vn -0.710232 -0.017011 0.703762
vn -0.674964 -0.016168 0.737673
vn -0.638027 -0.015286 0.769862
vn -0.638027 -0.015286 0.769862
vn -0.599628 -0.014368 0.800150
vn -0.559738 -0.013415 0.828561
vn -0.599628 -0.014368 0.800150
vn -0.518548 -0.012430 0.854958
vn -0.559739 -0.013415 0.828561
vn -0.518548 -0.012430 0.854958
vn -0.476084 -0.011415 0.879326
vn -0.432478 -0.010372 0.901585
vn -0.476084 -0.011415 0.879325
vn -0.432465 -0.010372 0.901591
vn -0.387838 -0.009305 0.921681
vn -0.387849 -0.009305 0.921676
vn -0.342300 -0.008216 0.939555
vn -0.342310 -0.008217 0.939551
vn -0.295914 -0.007107 0.955188
vn -0.295914 -0.007107 0.955188
vn -0.248810 -0.005981 0.968534
vn -0.248825 -0.005981 0.968530
vn -0.201138 -0.004841 0.979551
vn -0.201147 -0.004841 0.979549
vn -0.152971 -0.003689 0.988224
vn -0.152961 -0.003688 0.988225
vn -0.104427 -0.002528 0.994529
vn -0.104431 -0.002528 0.994529
vn -0.055652 -0.001361 0.998449
vn -0.055650 -0.001361 0.998449
vn 0.972449 0.023270 -0.231953
vn 0.972448 0.023270 -0.231954
vn 0.982633 0.023512 -0.184065
vn 0.990469 0.023698 -0.135681
vn 0.982632 0.023512 -0.184068
vn 0.990469 0.023698 -0.135678
vn 0.995919 0.023827 -0.087045
vn 0.998983 0.023899 -0.038223
vn 0.995919 0.023827 -0.087046
vn 0.998983 0.023899 -0.038223
vn 0.999656 0.023913 0.010788
vn 0.999656 0.023913 0.010788
vn 0.997933 0.023871 0.059672
vn 0.997932 0.023871 0.059673
vn 0.993819 0.023771 0.108435
vn 0.993819 0.023771 0.108435
vn 0.987325 0.023614 0.156946
vn 0.978452 0.023400 0.205143
vn 0.987325 0.023614 0.156942
vn 0.978452 0.023400 0.205143
vn 0.967247 0.023131 0.252781
vn 0.953713 0.022806 0.299854
vn 0.967247 0.023131 0.252782
vn 0.953711 0.022806 0.299858
vn 0.937918 0.022427 0.346132
vn 0.919830 0.021993 0.391700
vn 0.937917 0.022427 0.346133
vn 0.899579 0.021507 0.436228
vn 0.919833 0.021993 0.391693
vn 0.899576 0.021507 0.436235
vn 0.877159 0.020969 0.479742
vn 0.852617 0.020381 0.522139
vn 0.877159 0.020969 0.479743
vn 0.852617 0.020381 0.522138
vn 0.826057 0.019744 0.563241
vn 0.797533 0.019061 0.602974
vn 0.826056 0.019744 0.563242
vn 0.797539 0.019061 0.602966
vn 0.767061 0.018331 0.641312
vn 0.767061 0.018331 0.641312
vn 0.734762 0.017557 0.678098
vn 0.734762 0.017557 0.678097
vn 0.700708 0.016741 0.713252
vn 0.700700 0.016741 0.713260
vn 0.664935 0.015885 0.746732
vn 0.627637 0.014991 0.778362
vn 0.664944 0.015885 0.746725
vn 0.627637 0.014991 0.778362
vn 0.588793 0.014061 0.808161
vn 0.588793 0.014061 0.808161
vn 0.548560 0.013098 0.836008
vn 0.506968 0.012102 0.861880
vn 0.548560 0.013098 0.836008
vn 0.464202 0.011078 0.885660
vn 0.506968 0.012102 0.861880
vn 0.464201 0.011078 0.885660
vn 0.420337 0.010028 0.907313
vn 0.375415 0.008953 0.926813
vn 0.420324 0.010028 0.907319
vn 0.375416 0.008953 0.926813
vn 0.329598 0.007857 0.944089
vn 0.329611 0.007857 0.944084
vn 0.283040 0.006743 0.959084
vn 0.283054 0.006743 0.959080
vn 0.235768 0.005611 0.971793
vn 0.235783 0.005612 0.971790
vn 0.187932 0.004467 0.982172
vn 0.187932 0.004467 0.982172
vn 0.139673 0.003312 0.990192
vn 0.139673 0.003312 0.990192
vn 0.091031 0.002148 0.995846
vn 0.091047 0.002148 0.995844
vn 0.042191 0.000980 0.999109
vn 0.042206 0.000980 0.999108
vn -0.006714 -0.000190 0.999977
vn -0.006729 -0.000191 0.999977
vn -0.031196 -0.000776 0.999513
vn -0.031196 -0.000776 0.999513
f 1//1 2//1 3//1
f 2//2 4//2 3//2
f 4//3 5//3 3//3
f 3//4 5//4 6//4
f 5//5 7//5 6//5
f 6//6 7//6 8//6
f 7//7 9//7 8//7
f 8//8 9//8 10//8
f 9//9 11//9 10//9
f 10//10 11//10 12//10
f 11//11 13//11 12//11
f 12//12 13//12 14//12
f 14//13 13//13 15//13
f 13//14 16//14 15//14
f 16//15 17//15 15//15
f 15//16 17//16 18//16
f 18//17 17//17 19//17
f 17//18 20//18 19//18
f 20//19 21//19 19//19
f 19//20 21//20 22//20
f 22//21 21//21 23//21
f 21//22 24//22 23//22
f 24//23 25//23 23//23
f 23//24 25//24 26//24
f 25//25 27//25 26//25
f 26//26 27//26 28//26
f 28//27 27//27 29//27
f 29//28 30//28 31//28
f 27//29 30//29 29//29
f 30//30 32//30 31//30
f 31//31 33//31 34//31
f 34//32 33//32 35//32
f 32//33 33//33 31//33
f 33//34 36//34 35//34
f 35//35 37//35 38//35
f 36//36 37//36 35//36
f 38//37 39//37 40//37
f 40//38 39//38 41//38
f 37//39 39//39 38//39
f 39//40 42//40 41//40
f 41//41 43//41 44//41
f 44//42 43//42 45//42
f 42//43 43//43 41//43
f 43//44 46//44 45//44
f 45//45 47//45 48//45
f 48//46 47//46 49//46
f 46//47 47//47 45//47
f 47//48 50//48 49//48
f 50//49 51//49 49//49
f 49//50 51//50 52//50
f 51//51 53//51 52//51
f 52//52 53//52 54//52
f 54//53 53//53 55//53
f 53//54 56//54 55//54
f 56//55 57//55 55//55
f 55//56 57//56 58//56
f 58//57 57//57 59//57
f 57//58 60//58 59//58
f 59//59 60//59 61//59
f 60//60 62//60 61//60
f 61//61 62//61 63//61
f 62//62 64//62 63//62
f 64//63 65//63 63//63
f 63//64 65//64 66//64
f 65//65 67//65 66//65
f 66//66 67//66 68//66
f 68//67 67//67 69//67
f 67//68 70//68 69//68
f 69//69 70//69 71//69
f 70//70 72//70 71//70
f 71//71 72//71 73//71
f 72//72 74//72 73//72
f 74//73 75//73 73//73
f 73//74 75//74 76//74
f 75//75 77//75 76//75
f 76//76 77//76 78//76
f 77//77 79//77 78//77
f 78//78 79//78 80//78
f 79//79 81//79 80//79
f 80//80 81//80 82//80
f 81//81 83//81 82//81
f 82//82 83//82 84//82
f 84//83 83//83 85//83
f 83//84 86//84 85//84
f 86//85 87//85 85//85
f 85//86 87//86 88//86
f 87//87 89//87 88//87
f 88//88 89//88 90//88
f 90//89 89//89 91//89
f 89//90 92//90 91//90
f 92//91 93//91 91//91
f 91//92 93//92 94//92
f 94//93 93//93 95//93
f 93//94 96//94 95//94
f 95//95 97//95 98//95
f 96//96 97//96 95//96
f 98//97 99//97 100//97
f 97//98 99//98 98//98
f 100//99 101//99 102//99
f 102//100 101//100 103//100
f 99//101 101//101 100//101
f 103//102 104//102 105//102
f 101//103 104//103 103//103
f 104//104 106//104 105//104
f 107//105 108//105 109//105
f 110//106 107//106 109//106
f 110//107 109//107 111//107
f 112//108 108//108 107//108
f 112//109 113//109 108//109
f 114//110 110//110 111//110
f 114//111 111//111 115//111
f 116//112 113//112 112//112
f 116//113 117//113 113//113
f 118//114 114//114 115//114
f 118//115 115//115 119//115
f 120//116 117//116 116//116
f 120//117 121//117 117//117
f 122//118 118//118 119//118
f 122//119 119//119 123//119
f 124//120 121//120 120//120
f 124//121 125//121 121//121
f 126//122 122//122 123//122
f 126//123 123//123 127//123
f 128//124 129//124 125//124
f 128//125 125//125 124//125
f 130//126 126//126 127//126
f 130//127 127//127 131//127
f 132//128 133//128 129//128
f 132//129 129//129 128//129
f 134//130 130//130 131//130
f 134//131 131//131 135//131
f 136//132 133//132 132//132
f 136//133 137//133 133//133
f 138//134 134//134 135//134
f 138//135 135//135 139//135
f 140//136 137//136 136//136
f 140//137 141//137 137//137
f 142//138 139//138 143//138
f 142//139 138//139 139//139
f 144//140 141//140 140//140
f 144//141 145//141 141//141
f 146//142 142//142 143//142
f 146//143 143//143 147//143
f 148//144 145//144 144//144
f 149//145 145//145 148//145
f 150//146 145//146 149//146
f 150//147 151//147 145//147
f 152//148 151//148 150//148
f 153//149 151//149 152//149
f 154//150 151//150 153//150
f 155//151 147//151 156//151
f 155//152 146//152 147//152
f 157//153 151//153 154//153
f 158//154 151//154 157//154
f 158//155 159//155 151//155
f 160//156 159//156 158//156
f 161//157 159//157 160//157
f 162//158 159//158 161//158
f 163//159 159//159 162//159
f 163//160 164//160 159//160
f 165//161 155//161 156//161
f 165//162 156//162 166//162
f 167//163 164//163 163//163
f 168//164 164//164 167//164
f 169//165 164//165 168//165
f 170//166 164//166 169//166
f 171//167 164//167 170//167
f 171//168 172//168 164//168
f 173//169 165//169 166//169
f 173//170 166//170 174//170
f 175//171 172//171 171//171
f 176//172 172//172 175//172
f 177//173 172//173 176//173
f 178//174 172//174 177//174
f 178//175 179//175 172//175
f 180//176 179//176 178//176
f 181//177 173//177 174//177
f 181//178 174//178 182//178
f 183//179 179//179 180//179
f 184//180 179//180 183//180
f 185//181 179//181 184//181
f 185//182 186//182 179//182
f 187//183 186//183 185//183
f 188//184 186//184 187//184
f 189//185 181//185 182//185
f 189//186 182//186 190//186
f 191//187 189//187 190//187
f 191//188 190//188 192//188
f 193//189 192//189 194//189
f 193//190 191//190 192//190
f 195//191 193//191 194//191
f 195//192 194//192 196//192
f 197//193 195//193 196//193
f 197//194 196//194 198//194
f 199//195 197//195 198//195
f 199//196 198//196 200//196
f 201//197 202//197 203//197
f 204//198 203//198 202//198
f 205//199 202//199 201//199
f 205//200 206//200 202//200
f 207//201 204//201 202//201
f 207//202 202//202 186//202
f 208//203 206//203 205//203
f 209//204 207//204 186//204
f 210//205 206//205 208//205
f 211//206 209//206 186//206
f 211//207 186//207 188//207
f 212//208 206//208 210//208
f 213//209 188//209 214//209
f 213//210 214//210 215//210
f 213//211 211//211 188//211
f 216//212 206//212 212//212
f 216//213 217//213 206//213
f 218//214 213//214 215//214
f 219//215 217//215 216//215
f 220//216 218//216 215//216
f 220//217 215//217 221//217
f 222//218 217//218 219//218
f 223//219 221//219 224//219
f 223//220 220//220 221//220
f 225//221 217//221 222//221
f 226//222 223//222 224//222
f 226//223 224//223 227//223
f 228//224 217//224 225//224
f 229//225 227//225 230//225
f 229//226 226//226 227//226
f 231//227 232//227 217//227
f 231//228 217//228 228//228
f 233//229 229//229 230//229
f 233//230 230//230 234//230
f 235//231 232//231 231//231
f 236//232 234//232 237//232
f 236//233 233//233 234//233
f 238//234 232//234 235//234
f 239//235 236//235 237//235
f 239//236 237//236 240//236
f 241//237 199//237 200//237
f 241//238 200//238 242//238
f 243//239 232//239 238//239
f 244//240 239//240 240//240
f 244//241 240//241 245//241
f 244//242 245//242 246//242
f 247//243 248//243 232//243
f 247//244 232//244 243//244
f 249//245 246//245 250//245
f 249//246 244//246 246//246
f 251//247 248//247 247//247
f 252//248 249//248 250//248
f 253//249 248//249 251//249
f 254//250 248//250 253//250
f 255//251 248//251 254//251
f 256//252 248//252 255//252
f 256//253 257//253 248//253
f 258//254 257//254 256//254
f 106//255 257//255 258//255
f 259//256 242//256 260//256
f 259//257 241//257 242//257
f 104//258 257//258 106//258
f 104//259 261//259 257//259
f 262//260 260//260 263//260
f 262//261 259//261 260//261
f 101//262 261//262 104//262
f 101//263 264//263 261//263
f 265//264 263//264 266//264
f 265//265 262//265 263//265
f 99//266 264//266 101//266
f 99//267 267//267 264//267
f 268//268 266//268 269//268
f 268//269 265//269 266//269
f 97//270 267//270 99//270
f 97//271 270//271 267//271
f 271//272 269//272 272//272
f 271//273 268//273 269//273
f 96//274 270//274 97//274
f 96//275 273//275 270//275
f 274//276 272//276 275//276
f 274//277 271//277 272//277
f 93//278 276//278 273//278
f 93//279 273//279 96//279
f 277//280 274//280 275//280
f 278//281 277//281 275//281
f 92//282 276//282 93//282
f 92//283 279//283 276//283
f 280//284 277//284 278//284
f 281//285 280//285 278//285
f 89//286 282//286 279//286
f 89//287 279//287 92//287
f 283//288 280//288 281//288
f 284//289 250//289 285//289
f 286//290 250//290 284//290
f 287//291 250//291 286//291
f 288//292 250//292 287//292
f 289//293 250//293 288//293
f 290//294 250//294 289//294
f 291//295 250//295 290//295
f 292//296 250//296 291//296
f 293//297 250//297 292//297
f 294//298 250//298 293//298
f 295//299 283//299 281//299
f 296//300 250//300 294//300
f 297//301 250//301 296//301
f 298//302 250//302 297//302
f 298//303 252//303 250//303
f 299//304 252//304 298//304
f 300//305 252//305 299//305
f 301//306 252//306 300//306
f 87//307 282//307 89//307
f 302//308 252//308 301//308
f 303//309 252//309 302//309
f 304//310 283//310 295//310
f 305//311 282//311 87//311
f 306//312 252//312 303//312
f 307//313 252//313 306//313
f 308//314 252//314 307//314
f 309//315 252//315 308//315
f 310//316 252//316 309//316
f 311//317 252//317 310//317
f 312//318 252//318 311//318
f 313//319 304//319 295//319
f 314//320 252//320 312//320
f 86//321 305//321 87//321
f 315//322 304//322 313//322
f 316//323 305//323 86//323
f 317//324 315//324 313//324
f 83//325 316//325 86//325
f 318//326 315//326 317//326
f 319//327 316//327 83//327
f 81//328 319//328 83//328
f 320//329 321//329 318//329
f 320//330 318//330 317//330
f 322//331 319//331 81//331
f 79//332 322//332 81//332
f 323//333 324//333 321//333
f 323//334 321//334 320//334
f 325//335 322//335 79//335
f 77//336 325//336 79//336
f 326//337 327//337 324//337
f 326//338 324//338 323//338
f 328//339 325//339 77//339
f 328//340 77//340 75//340
f 329//341 330//341 327//341
f 329//342 327//342 326//342
f 331//343 75//343 74//343
f 331//344 328//344 75//344
f 332//345 333//345 330//345
f 332//346 330//346 329//346
f 334//347 74//347 72//347
f 334//348 331//348 74//348
f 335//349 336//349 333//349
f 335//350 333//350 332//350
f 337//351 72//351 70//351
f 337//352 334//352 72//352
f 338//353 339//353 336//353
f 338//354 336//354 335//354
f 340//355 337//355 70//355
f 340//356 70//356 67//356
f 341//357 339//357 338//357
f 341//358 342//358 339//358
f 343//359 344//359 345//359
f 343//360 346//360 344//360
f 343//361 347//361 346//361
f 343//362 348//362 347//362
f 343//363 349//363 348//363
f 343//364 350//364 349//364
f 343//365 351//365 350//365
f 343//366 352//366 351//366
f 343//367 353//367 352//367
f 343//368 354//368 353//368
f 343//369 355//369 354//369
f 343//370 356//370 355//370
f 343//371 357//371 356//371
f 358//372 340//372 67//372
f 358//373 67//373 65//373
f 359//374 342//374 341//374
f 359//375 360//375 342//375
f 359//376 361//376 360//376
f 359//377 362//377 361//377
f 363//378 358//378 65//378
f 363//379 65//379 64//379
f 364//380 365//380 362//380
f 364//381 366//381 365//381
f 364//382 367//382 366//382
f 364//383 368//383 367//383
f 364//384 369//384 368//384
f 364//385 362//385 359//385
f 370//386 363//386 64//386
f 370//387 64//387 62//387
f 371//388 369//388 364//388
f 371//389 372//389 369//389
f 371//390 373//390 372//390
f 371//391 374//391 373//391
f 371//392 375//392 374//392
f 376//393 370//393 62//393
f 376//394 62//394 60//394
f 377//395 343//395 378//395
f 377//396 379//396 357//396
f 377//397 380//397 379//397
f 377//398 381//398 380//398
f 377//399 382//399 381//399
f 377//400 383//400 382//400
f 377//401 384//401 383//401
f 377//402 385//402 384//402
f 377//403 386//403 385//403
f 377//404 387//404 386//404
f 377//405 388//405 387//405
f 377//406 389//406 388//406
f 377//407 390//407 389//407
f 377//408 391//408 390//408
f 377//409 357//409 343//409
f 392//410 377//410 378//410
f 393//411 378//411 394//411
f 393//412 392//412 378//412
f 395//413 394//413 396//413
f 395//414 393//414 394//414
f 397//415 398//415 399//415
f 397//416 396//416 398//416
f 397//417 395//417 396//417
f 400//418 401//418 375//418
f 400//419 402//419 401//419
f 400//420 403//420 402//420
f 400//421 404//421 403//421
f 400//422 405//422 404//422
f 400//423 375//423 371//423
f 406//424 397//424 399//424
f 407//425 399//425 408//425
f 407//426 406//426 399//426
f 409//427 407//427 408//427
f 409//428 408//428 410//428
f 411//429 409//429 410//429
f 411//430 410//430 412//430
f 413//431 411//431 412//431
f 413//432 414//432 415//432
f 413//433 412//433 414//433
f 416//434 376//434 60//434
f 416//435 60//435 57//435
f 417//436 413//436 415//436
f 417//437 415//437 418//437
f 419//438 417//438 418//438
f 419//439 418//439 420//439
f 421//440 419//440 420//440
f 422//441 405//441 400//441
f 422//442 423//442 405//442
f 422//443 424//443 423//443
f 422//444 425//444 424//444
f 422//445 426//445 425//445
f 427//446 416//446 57//446
f 427//447 57//447 56//447
f 428//448 429//448 426//448
f 428//449 430//449 429//449
f 428//450 431//450 430//450
f 428//451 432//451 431//451
f 428//452 426//452 422//452
f 433//453 56//453 53//453
f 433//454 427//454 56//454
f 434//455 435//455 436//455
f 434//456 436//456 421//456
f 434//457 421//457 420//457
f 434//458 432//458 428//458
f 434//459 437//459 432//459
f 434//460 420//460 437//460
f 438//461 53//461 51//461
f 438//462 433//462 53//462
f 439//463 440//463 435//463
f 439//464 435//464 434//464
f 439//465 441//465 442//465
f 439//466 442//466 443//466
f 439//467 443//467 440//467
f 444//468 438//468 51//468
f 444//469 51//469 50//469
f 445//470 441//470 439//470
f 445//471 446//471 447//471
f 445//472 447//472 448//472
f 445//473 448//473 449//473
f 445//474 449//474 441//474
f 450//475 444//475 50//475
f 450//476 50//476 47//476
f 451//477 452//477 453//477
f 451//478 453//478 454//478
f 451//479 454//479 455//479
f 451//480 455//480 456//480
f 451//481 456//481 446//481
f 451//482 446//482 445//482
f 457//483 450//483 47//483
f 457//484 47//484 46//484
f 458//485 452//485 451//485
f 458//486 459//486 460//486
f 458//487 460//487 461//487
f 458//488 461//488 462//488
f 458//489 462//489 452//489
f 463//490 46//490 43//490
f 463//491 457//491 46//491
f 464//492 459//492 458//492
f 464//493 465//493 466//493
f 464//494 466//494 467//494
f 464//495 467//495 468//495
f 464//496 468//496 469//496
f 464//497 469//497 459//497
f 470//498 43//498 42//498
f 470//499 463//499 43//499
f 471//500 4//500 2//500
f 471//501 465//501 464//501
f 471//502 2//502 472//502
f 471//503 472//503 465//503
f 473//504 42//504 39//504
f 473//505 470//505 42//505
f 474//506 4//506 471//506
f 474//507 5//507 4//507
f 475//508 39//508 37//508
f 475//509 473//509 39//509
f 476//510 7//510 5//510
f 476//511 5//511 474//511
f 477//512 37//512 36//512
f 477//513 475//513 37//513
f 478//514 9//514 7//514
f 478//515 7//515 476//515
f 479//516 477//516 36//516
f 479//517 36//517 33//517
f 480//518 11//518 9//518
f 480//519 9//519 478//519
f 481//520 33//520 32//520
f 481//521 479//521 33//521
f 482//522 13//522 11//522
f 482//523 11//523 480//523
f 483//524 32//524 30//524
f 483//525 481//525 32//525
f 484//526 16//526 13//526
f 484//527 13//527 482//527
f 485//528 483//528 30//528
f 485//529 30//529 27//529
f 486//530 16//530 484//530
f 486//531 17//531 16//531
f 487//532 485//532 27//532
f 487//533 27//533 25//533
f 488//534 17//534 486//534
f 488//535 20//535 17//535
f 489//536 487//536 25//536
f 489//537 25//537 24//537
f 490//538 20//538 488//538
f 490//539 21//539 20//539
f 491//540 489//540 24//540
f 491//541 21//541 490//541
f 491//542 24//542 21//542
f 377//543 252//543 492//543
f 492//544 252//544 493//544
f 493//545 252//545 494//545
f 494//546 252//546 495//546
f 495//547 252//547 496//547
f 496//548 252//548 497//548
f 497//549 252//549 498//549
f 498//550 252//550 499//550
f 499//551 252//551 500//551
f 500//552 252//552 501//552
f 501//553 252//553 502//553
f 502//554 252//554 503//554
f 503//555 252//555 504//555
f 504//556 252//556 505//556
f 505//557 252//557 506//557
f 506//558 252//558 507//558
f 507//559 252//559 508//559
f 508//560 252//560 509//560
f 509//561 252//561 314//561
f 377//562 492//562 510//562
f 377//563 510//563 511//563
f 377//564 511//564 512//564
f 377//565 512//565 513//565
f 377//566 513//566 514//566
f 377//567 514//567 515//567
f 377//568 515//568 516//568
f 377//569 516//569 517//569
f 377//570 517//570 518//570
f 377//571 518//571 519//571
f 377//572 519//572 520//572
f 377//573 520//573 521//573
f 377//574 521//574 522//574
f 377//575 522//575 523//575
f 377//576 523//576 524//576
f 377//577 524//577 525//577
f 377//578 525//578 526//578
f 377//579 526//579 527//579
f 377//580 527//580 391//580
f 250//581 343//581 528//581
f 528//582 343//582 529//582
f 529//583 343//583 530//583
f 530//584 343//584 531//584
f 531//585 343//585 532//585
f 532//586 343//586 533//586
f 533//587 343//587 534//587
f 534//588 343//588 535//588
f 535//589 343//589 536//589
f 536//590 343//590 537//590
f 537//591 343//591 538//591
f 538//592 343//592 539//592
f 539//593 343//593 540//593
f 540//594 343//594 541//594
f 541//595 343//595 542//595
f 542//596 343//596 543//596
f 543//597 343//597 544//597
f 544//598 343//598 545//598
f 545//599 343//599 345//599
f 250//600 528//600 546//600
f 250//601 546//601 547//601
f 250//602 547//602 548//602
f 250//603 548//603 549//603
f 250//604 549//604 550//604
f 250//605 550//605 551//605
f 250//606 551//606 552//606
f 250//607 552//607 553//607
f 250//608 553//608 554//608
f 250//609 554//609 555//609
f 250//610 555//610 556//610
f 250//611 556//611 557//611
f 250//612 557//612 558//612
f 250//613 558//613 559//613
f 250//614 559//614 560//614
f 250//615 560//615 561//615
f 250//616 561//616 562//616
f 250//617 562//617 563//617
f 250//618 563//618 285//618
f 2//619 1//619 472//619
f 1//620 564//620 472//620
f 472//621 565//621 465//621
f 564//622 565//622 472//622
f 465//623 566//623 466//623
f 565//624 566//624 465//624
f 466//625 567//625 467//625
f 566//626 567//626 466//626
f 467//627 568//627 468//627
f 567//628 568//628 467//628
f 568//629 569//629 468//629
f 468//630 569//630 469//630
f 469//631 569//631 459//631
f 569//632 570//632 459//632
f 570//633 571//633 459//633
f 459//634 571//634 460//634
f 460//635 572//635 461//635
f 461//636 572//636 462//636
f 571//637 572//637 460//637
f 572//638 573//638 462//638
f 462//639 574//639 452//639
f 573//640 574//640 462//640
f 452//641 575//641 453//641
f 574//642 575//642 452//642
f 453//643 576//643 454//643
f 575//644 576//644 453//644
f 454//645 577//645 455//645
f 576//646 577//646 454//646
f 455//647 578//647 456//647
f 456//648 578//648 446//648
f 577//649 578//649 455//649
f 578//650 579//650 446//650
f 446//651 580//651 447//651
f 447//652 580//652 448//652
f 579//653 580//653 446//653
f 580//654 581//654 448//654
f 448//655 582//655 449//655
f 581//656 582//656 448//656
f 449//657 583//657 441//657
f 441//658 583//658 442//658
f 582//659 583//659 449//659
f 583//660 584//660 442//660
f 442//661 585//661 443//661
f 443//662 585//662 440//662
f 584//663 585//663 442//663
f 440//664 586//664 435//664
f 585//665 586//665 440//665
f 586//666 587//666 435//666
f 435//667 588//667 436//667
f 587//668 588//668 435//668
f 436//669 589//669 421//669
f 588//670 589//670 436//670
f 421//671 590//671 419//671
f 589//672 590//672 421//672
f 419//673 591//673 417//673
f 590//674 591//674 419//674
f 417//675 592//675 413//675
f 413//676 592//676 411//676
f 591//677 592//677 417//677
f 592//678 593//678 411//678
f 411//679 594//679 409//679
f 593//680 594//680 411//680
f 594//681 595//681 409//681
f 409//682 595//682 407//682
f 407//683 595//683 406//683
f 595//684 596//684 406//684
f 596//685 597//685 406//685
f 406//686 597//686 397//686
f 397//687 597//687 395//687
f 597//688 598//688 395//688
f 395//689 598//689 393//689
f 598//690 599//690 393//690
f 599//691 600//691 393//691
f 393//692 600//692 392//692
f 392//693 600//693 377//693
f 600//694 601//694 377//694
f 105//695 106//695 258//695
f 602//696 258//696 256//696
f 602//697 105//697 258//697
f 603//698 256//698 255//698
f 603//699 602//699 256//699
f 604//700 255//700 254//700
f 604//701 603//701 255//701
f 605//702 254//702 253//702
f 605//703 604//703 254//703
f 606//704 605//704 253//704
f 606//705 253//705 251//705
f 607//706 606//706 251//706
f 607//707 251//707 247//707
f 608//708 247//708 243//708
f 608//709 607//709 247//709
f 609//710 608//710 243//710
f 609//711 243//711 238//711
f 610//712 238//712 235//712
f 610//713 609//713 238//713
f 611//714 235//714 231//714
f 611//715 610//715 235//715
f 612//716 231//716 228//716
f 612//717 611//717 231//717
f 613//718 228//718 225//718
f 613//719 612//719 228//719
f 614//720 613//720 225//720
f 615//721 225//721 222//721
f 615//722 222//722 219//722
f 615//723 614//723 225//723
f 616//724 615//724 219//724
f 617//725 219//725 216//725
f 617//726 616//726 219//726
f 618//727 216//727 212//727
f 618//728 617//728 216//728
f 619//729 212//729 210//729
f 619//730 618//730 212//730
f 620//731 210//731 208//731
f 620//732 619//732 210//732
f 621//733 208//733 205//733
f 621//734 620//734 208//734
f 622//735 205//735 201//735
f 622//736 621//736 205//736
f 623//737 201//737 203//737
f 623//738 622//738 201//738
f 624//739 203//739 204//739
f 624//740 623//740 203//740
f 625//741 204//741 207//741
f 625//742 624//742 204//742
f 626//743 207//743 209//743
f 626//744 625//744 207//744
f 627//745 209//745 211//745
f 627//746 626//746 209//746
f 628//747 211//747 213//747
f 628//748 627//748 211//748
f 629//749 213//749 218//749
f 629//750 628//750 213//750
f 630//751 218//751 220//751
f 630//752 629//752 218//752
f 631//753 630//753 220//753
f 631//754 220//754 223//754
f 632//755 631//755 223//755
f 632//756 223//756 226//756
f 633//757 632//757 226//757
f 633//758 226//758 229//758
f 634//759 633//759 229//759
f 634//760 229//760 233//760
f 635//761 634//761 233//761
f 635//762 233//762 236//762
f 636//763 635//763 236//763
f 636//764 236//764 239//764
f 637//765 636//765 239//765
f 637//766 239//766 244//766
f 638//767 637//767 244//767
f 638//768 244//768 249//768
f 639//769 638//769 249//769
f 639//770 249//770 252//770
f 640//771 641//771 642//771
f 641//772 643//772 642//772
f 642//773 643//773 644//773
f 640//774 645//774 641//774
f 646//775 645//775 640//775
f 643//776 647//776 644//776
f 644//777 647//777 648//777
f 646//778 649//778 645//778
f 650//779 649//779 646//779
f 647//780 651//780 648//780
f 648//781 651//781 652//781
f 650//782 653//782 649//782
f 654//783 653//783 650//783
f 651//784 655//784 652//784
f 652//785 655//785 656//785
f 654//786 657//786 653//786
f 658//787 657//787 654//787
f 655//788 659//788 656//788
f 656//789 659//789 660//789
f 661//790 662//790 658//790
f 658//791 662//791 657//791
f 659//792 663//792 660//792
f 660//793 663//793 664//793
f 665//794 666//794 661//794
f 661//795 666//795 662//795
f 663//796 667//796 664//796
f 664//797 667//797 668//797
f 665//798 669//798 666//798
f 670//799 669//799 665//799
f 667//800 671//800 668//800
f 668//801 671//801 672//801
f 670//802 673//802 669//802
f 674//803 673//803 670//803
f 672//804 675//804 676//804
f 671//805 675//805 672//805
f 674//806 677//806 673//806
f 678//807 677//807 674//807
f 675//808 679//808 676//808
f 676//809 679//809 680//809
f 678//810 681//810 677//810
f 678//811 682//811 681//811
f 678//812 683//812 682//812
f 684//813 683//813 678//813
f 684//814 685//814 683//814
f 684//815 686//815 685//815
f 684//816 687//816 686//816
f 680//817 688//817 689//817
f 679//818 688//818 680//818
f 684//819 690//819 687//819
f 684//820 691//820 690//820
f 692//821 691//821 684//821
f 692//822 693//822 691//822
f 692//823 694//823 693//823
f 692//824 695//824 694//824
f 692//825 696//825 695//825
f 697//826 696//826 692//826
f 688//827 698//827 689//827
f 689//828 698//828 699//828
f 697//829 700//829 696//829
f 697//830 701//830 700//830
f 697//831 702//831 701//831
f 697//832 703//832 702//832
f 697//833 704//833 703//833
f 705//834 704//834 697//834
f 698//835 706//835 699//835
f 699//836 706//836 707//836
f 705//837 708//837 704//837
f 705//838 709//838 708//838
f 705//839 710//839 709//839
f 705//840 711//840 710//840
f 712//841 711//841 705//841
f 712//842 713//842 711//842
f 706//843 714//843 707//843
f 707//844 714//844 715//844
f 712//845 716//845 713//845
f 712//846 717//846 716//846
f 712//847 718//847 717//847
f 719//848 718//848 712//848
f 719//849 720//849 718//849
f 719//850 721//850 720//850
f 714//851 722//851 715//851
f 715//852 722//852 723//852
f 722//853 724//853 723//853
f 723//854 724//854 725//854
f 725//855 726//855 727//855
f 724//856 726//856 725//856
f 726//857 728//857 727//857
f 727//858 728//858 729//858
f 728//859 730//859 729//859
f 729//860 730//860 731//860
f 730//861 732//861 731//861
f 731//862 732//862 733//862
f 734//863 622//863 623//863
f 623//864 624//864 734//864
f 734//865 621//865 622//865
f 735//866 621//866 734//866
f 624//867 625//867 734//867
f 734//868 625//868 719//868
f 735//869 620//869 621//869
f 625//870 626//870 719//870
f 735//871 619//871 620//871
f 626//872 627//872 719//872
f 719//873 627//873 721//873
f 735//874 618//874 619//874
f 721//875 628//875 736//875
f 627//876 628//876 721//876
f 735//877 617//877 618//877
f 737//878 617//878 735//878
f 628//879 629//879 736//879
f 736//880 629//880 738//880
f 737//881 616//881 617//881
f 629//882 630//882 738//882
f 738//883 630//883 739//883
f 737//884 615//884 616//884
f 630//885 631//885 739//885
f 739//886 631//886 740//886
f 737//887 614//887 615//887
f 631//888 632//888 740//888
f 740//889 632//889 741//889
f 737//890 613//890 614//890
f 741//891 633//891 742//891
f 632//892 633//892 741//892
f 743//893 612//893 737//893
f 737//894 612//894 613//894
f 633//895 634//895 742//895
f 742//896 634//896 744//896
f 743//897 611//897 612//897
f 744//898 635//898 745//898
f 634//899 635//899 744//899
f 743//900 610//900 611//900
f 745//901 636//901 746//901
f 635//902 636//902 745//902
f 732//903 747//903 733//903
f 733//904 747//904 748//904
f 743//905 609//905 610//905
f 746//906 637//906 749//906
f 636//907 637//907 746//907
f 750//908 608//908 743//908
f 743//909 608//909 609//909
f 637//910 638//910 749//910
f 749//911 638//911 751//911
f 751//912 638//912 752//912
f 750//913 607//913 608//913
f 638//914 639//914 752//914
f 750//915 606//915 607//915
f 750//916 605//916 606//916
f 750//917 604//917 605//917
f 750//918 603//918 604//918
f 753//919 603//919 750//919
f 753//920 602//920 603//920
f 753//921 105//921 602//921
f 748//922 754//922 755//922
f 747//923 754//923 748//923
f 753//924 103//924 105//924
f 756//925 103//925 753//925
f 755//926 757//926 758//926
f 754//927 757//927 755//927
f 756//928 102//928 103//928
f 759//929 102//929 756//929
f 758//930 760//930 761//930
f 757//931 760//931 758//931
f 759//932 100//932 102//932
f 762//933 100//933 759//933
f 761//934 763//934 764//934
f 760//935 763//935 761//935
f 762//936 98//936 100//936
f 765//937 98//937 762//937
f 764//938 766//938 767//938
f 763//939 766//939 764//939
f 765//940 95//940 98//940
f 768//941 95//941 765//941
f 767//942 769//942 770//942
f 766//943 769//943 767//943
f 771//944 94//944 768//944
f 768//945 94//945 95//945
f 769//946 772//946 770//946
f 772//947 773//947 770//947
f 774//948 91//948 771//948
f 771//949 91//949 94//949
f 772//950 775//950 773//950
f 775//951 776//951 773//951
f 777//952 90//952 774//952
f 774//953 90//953 91//953
f 775//954 778//954 776//954
f 752//955 779//955 780//955
f 752//956 781//956 779//956
f 752//957 782//957 781//957
f 752//958 783//958 782//958
f 752//959 784//959 783//959
f 752//960 785//960 784//960
f 752//961 786//961 785//961
f 752//962 787//962 786//962
f 752//963 788//963 787//963
f 752//964 789//964 788//964
f 778//965 790//965 776//965
f 752//966 791//966 789//966
f 752//967 792//967 791//967
f 639//968 793//968 752//968
f 752//969 793//969 792//969
f 639//970 794//970 793//970
f 639//971 795//971 794//971
f 639//972 796//972 795//972
f 777//973 88//973 90//973
f 639//974 797//974 796//974
f 639//975 798//975 797//975
f 778//976 799//976 790//976
f 777//977 800//977 88//977
f 639//978 801//978 798//978
f 639//979 802//979 801//979
f 639//980 803//980 802//980
f 639//981 804//981 803//981
f 639//982 805//982 804//982
f 639//983 806//983 805//983
f 639//984 807//984 806//984
f 799//985 808//985 790//985
f 639//986 809//986 807//986
f 800//987 85//987 88//987
f 799//988 810//988 808//988
f 800//989 811//989 85//989
f 810//990 812//990 808//990
f 811//991 84//991 85//991
f 810//992 813//992 812//992
f 811//993 814//993 84//993
f 814//994 82//994 84//994
f 815//995 816//995 813//995
f 813//996 816//996 812//996
f 814//997 817//997 82//997
f 817//998 80//998 82//998
f 818//999 819//999 815//999
f 815//1000 819//1000 816//1000
f 817//1001 820//1001 80//1001
f 820//1002 78//1002 80//1002
f 821//1003 822//1003 818//1003
f 818//1004 822//1004 819//1004
f 820//1005 823//1005 78//1005
f 78//1006 823//1006 76//1006
f 824//1007 825//1007 821//1007
f 821//1008 825//1008 822//1008
f 76//1009 826//1009 73//1009
f 823//1010 826//1010 76//1010
f 827//1011 828//1011 824//1011
f 824//1012 828//1012 825//1012
f 73//1013 829//1013 71//1013
f 826//1014 829//1014 73//1014
f 830//1015 831//1015 827//1015
f 827//1016 831//1016 828//1016
f 829//1017 832//1017 71//1017
f 71//1018 832//1018 69//1018
f 833//1019 834//1019 830//1019
f 830//1020 834//1020 831//1020
f 832//1021 835//1021 69//1021
f 69//1022 835//1022 68//1022
f 833//1023 836//1023 834//1023
f 837//1024 836//1024 833//1024
f 838//1025 839//1025 840//1025
f 841//1026 839//1026 838//1026
f 842//1027 839//1027 841//1027
f 843//1028 839//1028 842//1028
f 844//1029 839//1029 843//1029
f 845//1030 839//1030 844//1030
f 846//1031 839//1031 845//1031
f 847//1032 839//1032 846//1032
f 848//1033 839//1033 847//1033
f 849//1034 839//1034 848//1034
f 850//1035 839//1035 849//1035
f 851//1036 839//1036 850//1036
f 852//1037 839//1037 851//1037
f 835//1038 853//1038 68//1038
f 68//1039 853//1039 66//1039
f 854//1040 855//1040 837//1040
f 856//1041 855//1041 854//1041
f 857//1042 855//1042 856//1042
f 837//1043 855//1043 836//1043
f 66//1044 858//1044 63//1044
f 853//1045 858//1045 66//1045
f 859//1046 860//1046 857//1046
f 861//1047 860//1047 859//1047
f 862//1048 860//1048 861//1048
f 863//1049 860//1049 862//1049
f 864//1050 860//1050 863//1050
f 857//1051 860//1051 855//1051
f 858//1052 865//1052 63//1052
f 63//1053 865//1053 61//1053
f 864//1054 866//1054 860//1054
f 867//1055 866//1055 864//1055
f 868//1056 866//1056 867//1056
f 869//1057 866//1057 868//1057
f 870//1058 866//1058 869//1058
f 865//1059 871//1059 61//1059
f 61//1060 871//1060 59//1060
f 839//1061 601//1061 872//1061
f 852//1062 601//1062 839//1062
f 873//1063 601//1063 852//1063
f 874//1064 601//1064 873//1064
f 875//1065 601//1065 874//1065
f 876//1066 601//1066 875//1066
f 877//1067 601//1067 876//1067
f 878//1068 601//1068 877//1068
f 879//1069 601//1069 878//1069
f 880//1070 601//1070 879//1070
f 881//1071 601//1071 880//1071
f 882//1072 601//1072 881//1072
f 883//1073 601//1073 882//1073
f 884//1074 601//1074 883//1074
f 885//1075 601//1075 884//1075
f 601//1076 600//1076 872//1076
f 872//1077 599//1077 886//1077
f 600//1078 599//1078 872//1078
f 886//1079 598//1079 887//1079
f 599//1080 598//1080 886//1080
f 888//1081 597//1081 889//1081
f 887//1082 597//1082 888//1082
f 598//1083 597//1083 887//1083
f 890//1084 891//1084 870//1084
f 892//1085 891//1085 890//1085
f 893//1086 891//1086 892//1086
f 894//1087 891//1087 893//1087
f 895//1088 891//1088 894//1088
f 870//1089 891//1089 866//1089
f 597//1090 596//1090 889//1090
f 889//1091 595//1091 896//1091
f 596//1092 595//1092 889//1092
f 595//1093 594//1093 896//1093
f 896//1094 594//1094 897//1094
f 594//1095 593//1095 897//1095
f 897//1096 593//1096 898//1096
f 593//1097 592//1097 898//1097
f 899//1098 592//1098 900//1098
f 898//1099 592//1099 899//1099
f 871//1100 901//1100 59//1100
f 59//1101 901//1101 58//1101
f 592//1102 591//1102 900//1102
f 900//1103 591//1103 902//1103
f 591//1104 590//1104 902//1104
f 902//1105 590//1105 903//1105
f 590//1106 589//1106 903//1106
f 895//1107 904//1107 891//1107
f 905//1108 904//1108 895//1108
f 906//1109 904//1109 905//1109
f 907//1110 904//1110 906//1110
f 908//1111 904//1111 907//1111
f 901//1112 909//1112 58//1112
f 58//1113 909//1113 55//1113
f 910//1114 911//1114 908//1114
f 912//1115 911//1115 910//1115
f 913//1116 911//1116 912//1116
f 914//1117 911//1117 913//1117
f 908//1118 911//1118 904//1118
f 55//1119 915//1119 54//1119
f 909//1120 915//1120 55//1120
f 587//1121 916//1121 588//1121
f 588//1122 916//1122 589//1122
f 589//1123 916//1123 903//1123
f 914//1124 916//1124 911//1124
f 917//1125 916//1125 914//1125
f 903//1126 916//1126 917//1126
f 54//1127 918//1127 52//1127
f 915//1128 918//1128 54//1128
f 586//1129 919//1129 587//1129
f 587//1130 919//1130 916//1130
f 583//1131 919//1131 584//1131
f 584//1132 919//1132 585//1132
f 585//1133 919//1133 586//1133
f 918//1134 920//1134 52//1134
f 52//1135 920//1135 49//1135
f 583//1136 921//1136 919//1136
f 579//1137 921//1137 580//1137
f 580//1138 921//1138 581//1138
f 581//1139 921//1139 582//1139
f 582//1140 921//1140 583//1140
f 920//1141 922//1141 49//1141
f 49//1142 922//1142 48//1142
f 574//1143 923//1143 575//1143
f 575//1144 923//1144 576//1144
f 576//1145 923//1145 577//1145
f 577//1146 923//1146 578//1146
f 578//1147 923//1147 579//1147
f 579//1148 923//1148 921//1148
f 922//1149 924//1149 48//1149
f 48//1150 924//1150 45//1150
f 574//1151 925//1151 923//1151
f 570//1152 925//1152 571//1152
f 571//1153 925//1153 572//1153
f 572//1154 925//1154 573//1154
f 573//1155 925//1155 574//1155
f 45//1156 926//1156 44//1156
f 924//1157 926//1157 45//1157
f 570//1158 927//1158 925//1158
f 565//1159 927//1159 566//1159
f 566//1160 927//1160 567//1160
f 567//1161 927//1161 568//1161
f 568//1162 927//1162 569//1162
f 569//1163 927//1163 570//1163
f 44//1164 928//1164 41//1164
f 926//1165 928//1165 44//1165
f 3//1166 929//1166 1//1166
f 565//1167 929//1167 927//1167
f 1//1168 929//1168 564//1168
f 564//1169 929//1169 565//1169
f 41//1170 930//1170 40//1170
f 928//1171 930//1171 41//1171
f 6//1172 931//1172 3//1172
f 3//1173 931//1173 929//1173
f 40//1174 932//1174 38//1174
f 930//1175 932//1175 40//1175
f 8//1176 933//1176 6//1176
f 6//1177 933//1177 931//1177
f 932//1178 934//1178 38//1178
f 38//1179 934//1179 35//1179
f 10//1180 935//1180 8//1180
f 8//1181 935//1181 933//1181
f 35//1182 936//1182 34//1182
f 934//1183 936//1183 35//1183
f 12//1184 937//1184 10//1184
f 10//1185 937//1185 935//1185
f 34//1186 938//1186 31//1186
f 936//1187 938//1187 34//1187
f 14//1188 939//1188 12//1188
f 12//1189 939//1189 937//1189
f 938//1190 940//1190 31//1190
f 31//1191 940//1191 29//1191
f 15//1192 941//1192 14//1192
f 14//1193 941//1193 939//1193
f 940//1194 942//1194 29//1194
f 29//1195 942//1195 28//1195
f 15//1196 943//1196 941//1196
f 18//1197 943//1197 15//1197
f 942//1198 944//1198 28//1198
f 28//1199 944//1199 26//1199
f 18//1200 945//1200 943//1200
f 19//1201 945//1201 18//1201
f 944//1202 946//1202 26//1202
f 26//1203 946//1203 23//1203
f 19//1204 947//1204 945//1204
f 22//1205 947//1205 19//1205
f 946//1206 948//1206 23//1206
f 22//1207 948//1207 947//1207
f 23//1208 948//1208 22//1208
f 639//1209 601//1209 949//1209
f 639//1210 949//1210 950//1210
f 639//1211 950//1211 951//1211
f 639//1212 951//1212 952//1212
f 639//1213 952//1213 953//1213
f 639//1214 953//1214 954//1214
f 639//1215 954//1215 955//1215
f 639//1216 955//1216 956//1216
f 639//1217 956//1217 957//1217
f 639//1218 957//1218 958//1218
f 639//1219 958//1219 959//1219
f 639//1220 959//1220 960//1220
f 639//1221 960//1221 961//1221
f 639//1222 961//1222 962//1222
f 639//1223 962//1223 963//1223
f 639//1224 963//1224 964//1224
f 639//1225 964//1225 965//1225
f 639//1226 965//1226 966//1226
f 639//1227 966//1227 809//1227
f 949//1228 601//1228 967//1228
f 967//1229 601//1229 968//1229
f 968//1230 601//1230 969//1230
f 969//1231 601//1231 970//1231
f 970//1232 601//1232 971//1232
f 971//1233 601//1233 972//1233
f 972//1234 601//1234 973//1234
f 973//1235 601//1235 974//1235
f 974//1236 601//1236 975//1236
f 975//1237 601//1237 976//1237
f 976//1238 601//1238 977//1238
f 977//1239 601//1239 978//1239
f 978//1240 601//1240 979//1240
f 979//1241 601//1241 980//1241
f 980//1242 601//1242 981//1242
f 981//1243 601//1243 982//1243
f 982//1244 601//1244 983//1244
f 983//1245 601//1245 984//1245
f 984//1246 601//1246 885//1246
f 839//1247 752//1247 985//1247
f 839//1248 985//1248 986//1248
f 839//1249 986//1249 987//1249
f 839//1250 987//1250 988//1250
f 839//1251 988//1251 989//1251
f 839//1252 989//1252 990//1252
f 839//1253 990//1253 991//1253
f 839//1254 991//1254 992//1254
f 839//1255 992//1255 993//1255
f 839//1256 993//1256 994//1256
f 839//1257 994//1257 995//1257
f 839//1258 995//1258 996//1258
f 839//1259 996//1259 997//1259
f 839//1260 997//1260 998//1260
f 839//1261 998//1261 999//1261
f 839//1262 999//1262 1000//1262
f 839//1263 1000//1263 1001//1263
f 839//1264 1001//1264 1002//1264
f 839//1265 1002//1265 840//1265
f 985//1266 752//1266 1003//1266
f 1003//1267 752//1267 1004//1267
f 1004//1268 752//1268 1005//1268
f 1005//1269 752//1269 1006//1269
f 1006//1270 752//1270 1007//1270
f 1007//1271 752//1271 1008//1271
f 1008//1272 752//1272 1009//1272
f 1009//1273 752//1273 1010//1273
f 1010//1274 752//1274 1011//1274
f 1011//1275 752//1275 1012//1275
f 1012//1276 752//1276 1013//1276
f 1013//1277 752//1277 1014//1277
f 1014//1278 752//1278 1015//1278
f 1015//1279 752//1279 1016//1279
f 1016//1280 752//1280 1017//1280
f 1017//1281 752//1281 1018//1281
f 1018//1282 752//1282 1019//1282
f 1019//1283 752//1283 1020//1283
f 1020//1284 752//1284 780//1284
f 639//1285 377//1285 601//1285
f 252//1286 377//1286 639//1286
f 439//1287 434//1287 916//1287
f 439//1288 916//1288 919//1288
f 445//1289 919//1289 921//1289
f 445//1290 439//1290 919//1290
f 451//1291 921//1291 923//1291
f 451//1292 923//1292 925//1292
f 451//1293 445//1293 921//1293
f 458//1294 451//1294 925//1294
f 464//1295 925//1295 927//1295
f 464//1296 458//1296 925//1296
f 471//1297 927//1297 929//1297
f 471//1298 464//1298 927//1298
f 474//1299 929//1299 931//1299
f 474//1300 931//1300 933//1300
f 474//1301 471//1301 929//1301
f 476//1302 474//1302 933//1302
f 478//1303 933//1303 935//1303
f 478//1304 476//1304 933//1304
f 480//1305 935//1305 937//1305
f 480//1306 478//1306 935//1306
f 482//1307 937//1307 939//1307
f 482//1308 939//1308 941//1308
f 482//1309 480//1309 937//1309
f 484//1310 482//1310 941//1310
f 486//1311 484//1311 941//1311
f 486//1312 941//1312 943//1312
f 488//1313 486//1313 943//1313
f 488//1314 943//1314 945//1314
f 490//1315 945//1315 947//1315
f 490//1316 488//1316 945//1316
f 490//1317 947//1317 948//1317
f 491//1318 490//1318 948//1318
f 489//1319 948//1319 946//1319
f 489//1320 491//1320 948//1320
f 487//1321 946//1321 944//1321
f 487//1322 489//1322 946//1322
f 485//1323 944//1323 942//1323
f 485//1324 487//1324 944//1324
f 483//1325 942//1325 940//1325
f 483//1326 485//1326 942//1326
f 481//1327 940//1327 938//1327
f 481//1328 483//1328 940//1328
f 479//1329 938//1329 936//1329
f 479//1330 481//1330 938//1330
f 477//1331 936//1331 934//1331
f 477//1332 479//1332 936//1332
f 475//1333 934//1333 932//1333
f 475//1334 932//1334 930//1334
f 475//1335 477//1335 934//1335
f 473//1336 475//1336 930//1336
f 470//1337 930//1337 928//1337
f 470//1338 473//1338 930//1338
f 463//1339 928//1339 926//1339
f 463//1340 470//1340 928//1340
f 457//1341 926//1341 924//1341
f 457//1342 463//1342 926//1342
f 450//1343 924//1343 922//1343
f 450//1344 457//1344 924//1344
f 444//1345 922//1345 920//1345
f 444//1346 450//1346 922//1346
f 438//1347 920//1347 918//1347
f 438//1348 444//1348 920//1348
f 433//1349 918//1349 915//1349
f 433//1350 438//1350 918//1350
f 427//1351 915//1351 909//1351
f 427//1352 433//1352 915//1352
f 416//1353 909//1353 901//1353
f 416//1354 427//1354 909//1354
f 376//1355 901//1355 871//1355
f 376//1356 416//1356 901//1356
f 370//1357 871//1357 865//1357
f 370//1358 376//1358 871//1358
f 363//1359 370//1359 865//1359
f 363//1360 865//1360 858//1360
f 358//1361 363//1361 858//1361
f 358//1362 858//1362 853//1362
f 340//1363 358//1363 853//1363
f 340//1364 853//1364 835//1364
f 337//1365 340//1365 835//1365
f 337//1366 835//1366 832//1366
f 334//1367 337//1367 832//1367
f 334//1368 832//1368 829//1368
f 331//1369 334//1369 829//1369
f 331//1370 829//1370 826//1370
f 328//1371 331//1371 826//1371
f 328//1372 826//1372 823//1372
f 325//1373 328//1373 823//1373
f 325//1374 823//1374 820//1374
f 325//1375 820//1375 817//1375
f 322//1376 325//1376 817//1376
f 319//1377 322//1377 817//1377
f 319//1378 817//1378 814//1378
f 319//1379 814//1379 811//1379
f 316//1380 319//1380 811//1380
f 305//1381 316//1381 811//1381
f 305//1382 811//1382 800//1382
f 305//1383 800//1383 777//1383
f 282//1384 305//1384 777//1384
f 279//1385 282//1385 777//1385
f 279//1386 777//1386 774//1386
f 276//1387 774//1387 771//1387
f 276//1388 279//1388 774//1388
f 273//1389 771//1389 768//1389
f 273//1390 276//1390 771//1390
f 270//1391 768//1391 765//1391
f 270//1392 765//1392 762//1392
f 270//1393 273//1393 768//1393
f 267//1394 270//1394 762//1394
f 264//1395 762//1395 759//1395
f 264//1396 759//1396 756//1396
f 264//1397 267//1397 762//1397
f 261//1398 264//1398 756//1398
f 257//1399 756//1399 753//1399
f 257//1400 261//1400 756//1400
f 248//1401 753//1401 750//1401
f 248//1402 750//1402 743//1402
f 248//1403 257//1403 753//1403
f 232//1404 248//1404 743//1404
f 217//1405 743//1405 737//1405
f 217//1406 232//1406 743//1406
f 206//1407 737//1407 735//1407
f 206//1408 217//1408 737//1408
f 202//1409 206//1409 735//1409
f 202//1410 735//1410 734//1410
f 186//1411 202//1411 734//1411
f 186//1412 734//1412 719//1412
f 179//1413 186//1413 719//1413
f 179//1414 719//1414 712//1414
f 172//1415 179//1415 712//1415
f 172//1416 712//1416 705//1416
f 164//1417 172//1417 705//1417
f 164//1418 705//1418 697//1418
f 164//1419 697//1419 692//1419
f 159//1420 164//1420 692//1420
f 151//1421 159//1421 692//1421
f 151//1422 692//1422 684//1422
f 145//1423 151//1423 684//1423
f 145//1424 684//1424 678//1424
f 145//1425 678//1425 674//1425
f 141//1426 145//1426 674//1426
f 137//1427 141//1427 674//1427
f 137//1428 674//1428 670//1428
f 133//1429 137//1429 670//1429
f 133//1430 670//1430 665//1430
f 133//1431 665//1431 661//1431
f 129//1432 133//1432 661//1432
f 125//1433 129//1433 661//1433
f 125//1434 661//1434 658//1434
f 121//1435 125//1435 658//1435
f 121//1436 658//1436 654//1436
f 121//1437 654//1437 650//1437
f 117//1438 121//1438 650//1438
f 113//1439 117//1439 650//1439
f 113//1440 650//1440 646//1440
f 113//1441 646//1441 640//1441
f 108//1442 113//1442 640//1442
f 109//1443 108//1443 640//1443
f 109//1444 640//1444 642//1444
f 111//1445 109//1445 642//1445
f 111//1446 642//1446 644//1446
f 115//1447 111//1447 644//1447
f 115//1448 644//1448 648//1448
f 119//1449 648//1449 652//1449
f 119//1450 115//1450 648//1450
f 123//1451 652//1451 656//1451
f 123//1452 119//1452 652//1452
f 127//1453 656//1453 660//1453
f 127//1454 660//1454 664//1454
f 127//1455 123//1455 656//1455
f 131//1456 127//1456 664//1456
f 135//1457 664//1457 668//1457
f 135//1458 668//1458 672//1458
f 135//1459 131//1459 664//1459
f 139//1460 135//1460 672//1460
f 143//1461 139//1461 672//1461
f 143//1462 672//1462 676//1462
f 143//1463 676//1463 680//1463
f 147//1464 143//1464 680//1464
f 156//1465 147//1465 680//1465
f 156//1466 680//1466 689//1466
f 166//1467 156//1467 689//1467
f 166//1468 689//1468 699//1468
f 174//1469 166//1469 699//1469
f 174//1470 699//1470 707//1470
f 182//1471 174//1471 707//1471
f 182//1472 707//1472 715//1472
f 190//1473 182//1473 715//1473
f 190//1474 715//1474 723//1474
f 192//1475 190//1475 723//1475
f 192//1476 723//1476 725//1476
f 194//1477 192//1477 725//1477
f 194//1478 725//1478 727//1478
f 196//1479 194//1479 727//1479
f 196//1480 727//1480 729//1480
f 198//1481 196//1481 729//1481
f 198//1482 729//1482 731//1482
f 200//1483 198//1483 731//1483
f 200//1484 731//1484 733//1484
f 242//1485 733//1485 748//1485
f 242//1486 200//1486 733//1486
f 260//1487 748//1487 755//1487
f 260//1488 242//1488 748//1488
f 263//1489 755//1489 758//1489
f 263//1490 758//1490 761//1490
f 263//1491 260//1491 755//1491
f 266//1492 263//1492 761//1492
f 269//1493 761//1493 764//1493
f 269//1494 266//1494 761//1494
f 272//1495 764//1495 767//1495
f 272//1496 767//1496 770//1496
f 272//1497 269//1497 764//1497
f 275//1498 272//1498 770//1498
f 278//1499 770//1499 773//1499
f 278//1500 773//1500 776//1500
f 278//1501 275//1501 770//1501
f 281//1502 278//1502 776//1502
f 295//1503 776//1503 790//1503
f 295//1504 790//1504 808//1504
f 295//1505 281//1505 776//1505
f 313//1506 808//1506 812//1506
f 313//1507 295//1507 808//1507
f 317//1508 313//1508 812//1508
f 320//1509 812//1509 816//1509
f 320//1510 317//1510 812//1510
f 323//1511 320//1511 816//1511
f 323//1512 816//1512 819//1512
f 323//1513 819//1513 822//1513
f 326//1514 323//1514 822//1514
f 329//1515 326//1515 822//1515
f 329//1516 822//1516 825//1516
f 332//1517 329//1517 825//1517
f 332//1518 825//1518 828//1518
f 335//1519 332//1519 828//1519
f 335//1520 828//1520 831//1520
f 338//1521 831//1521 834//1521
f 338//1522 335//1522 831//1522
f 341//1523 834//1523 836//1523
f 341//1524 836//1524 855//1524
f 341//1525 338//1525 834//1525
f 359//1526 341//1526 855//1526
f 364//1527 855//1527 860//1527
f 364//1528 359//1528 855//1528
f 371//1529 860//1529 866//1529
f 371//1530 364//1530 860//1530
f 400//1531 866//1531 891//1531
f 400//1532 891//1532 904//1532
f 400//1533 371//1533 866//1533
f 422//1534 400//1534 904//1534
f 428//1535 904//1535 911//1535
f 428//1536 911//1536 916//1536
f 428//1537 422//1537 904//1537
f 434//1538 428//1538 916//1538
f 852//1539 357//1539 873//1539
f 873//1540 379//1540 874//1540
f 357//1541 379//1541 873//1541
f 874//1542 380//1542 875//1542
f 379//1543 380//1543 874//1543
f 380//1544 381//1544 875//1544
f 875//1545 382//1545 876//1545
f 381//1546 382//1546 875//1546
f 876//1547 383//1547 877//1547
f 877//1548 383//1548 878//1548
f 382//1549 383//1549 876//1549
f 383//1550 384//1550 878//1550
f 878//1551 385//1551 879//1551
f 879//1552 385//1552 880//1552
f 384//1553 385//1553 878//1553
f 385//1554 386//1554 880//1554
f 880//1555 387//1555 881//1555
f 386//1556 387//1556 880//1556
f 881//1557 388//1557 882//1557
f 387//1558 388//1558 881//1558
f 388//1559 389//1559 882//1559
f 882//1560 389//1560 883//1560
f 883//1561 389//1561 884//1561
f 389//1562 390//1562 884//1562
f 884//1563 390//1563 885//1563
f 390//1564 391//1564 885//1564
f 391//1565 527//1565 885//1565
f 885//1566 527//1566 984//1566
f 984//1567 526//1567 983//1567
f 983//1568 526//1568 982//1568
f 527//1569 526//1569 984//1569
f 526//1570 525//1570 982//1570
f 982//1571 524//1571 981//1571
f 981//1572 524//1572 980//1572
f 525//1573 524//1573 982//1573
f 524//1574 523//1574 980//1574
f 980//1575 522//1575 979//1575
f 523//1576 522//1576 980//1576
f 979//1577 521//1577 978//1577
f 522//1578 521//1578 979//1578
f 978//1579 520//1579 977//1579
f 977//1580 520//1580 976//1580
f 521//1581 520//1581 978//1581
f 520//1582 519//1582 976//1582
f 976//1583 518//1583 975//1583
f 519//1584 518//1584 976//1584
f 975//1585 517//1585 974//1585
f 974//1586 517//1586 973//1586
f 518//1587 517//1587 975//1587
f 517//1588 516//1588 973//1588
f 973//1589 515//1589 972//1589
f 972//1590 515//1590 971//1590
f 516//1591 515//1591 973//1591
f 515//1592 514//1592 971//1592
f 971//1593 513//1593 970//1593
f 970//1594 513//1594 969//1594
f 514//1595 513//1595 971//1595
f 969//1596 512//1596 968//1596
f 513//1597 512//1597 969//1597
f 512//1598 511//1598 968//1598
f 968//1599 510//1599 967//1599
f 967//1600 510//1600 949//1600
f 511//1601 510//1601 968//1601
f 949//1602 492//1602 950//1602
f 510//1603 492//1603 949//1603
f 492//1604 493//1604 950//1604
f 950//1605 494//1605 951//1605
f 951//1606 494//1606 952//1606
f 493//1607 494//1607 950//1607
f 952//1608 495//1608 953//1608
f 494//1609 495//1609 952//1609
f 953//1610 496//1610 954//1610
f 495//1611 496//1611 953//1611
f 496//1612 497//1612 954//1612
f 497//1613 498//1613 954//1613
f 954//1614 498//1614 955//1614
f 498//1615 499//1615 955//1615
f 955//1616 499//1616 956//1616
f 499//1617 500//1617 956//1617
f 956//1618 500//1618 957//1618
f 500//1619 501//1619 957//1619
f 957//1620 501//1620 958//1620
f 501//1621 502//1621 958//1621
f 958//1622 502//1622 959//1622
f 502//1623 503//1623 959//1623
f 959//1624 503//1624 960//1624
f 503//1625 504//1625 960//1625
f 960//1626 504//1626 961//1626
f 504//1627 505//1627 961//1627
f 961//1628 505//1628 962//1628
f 505//1629 506//1629 962//1629
f 962//1630 506//1630 963//1630
f 506//1631 507//1631 963//1631
f 963//1632 507//1632 964//1632
f 964//1633 508//1633 965//1633
f 507//1634 508//1634 964//1634
f 965//1635 509//1635 966//1635
f 508//1636 509//1636 965//1636
f 966//1637 314//1637 809//1637
f 809//1638 314//1638 807//1638
f 509//1639 314//1639 966//1639
f 314//1640 312//1640 807//1640
f 807//1641 311//1641 806//1641
f 312//1642 311//1642 807//1642
f 806//1643 310//1643 805//1643
f 311//1644 310//1644 806//1644
f 805//1645 309//1645 804//1645
f 310//1646 309//1646 805//1646
f 804//1647 308//1647 803//1647
f 309//1648 308//1648 804//1648
f 803//1649 307//1649 802//1649
f 308//1650 307//1650 803//1650
f 802//1651 306//1651 801//1651
f 801//1652 306//1652 798//1652
f 307//1653 306//1653 802//1653
f 306//1654 303//1654 798//1654
f 798//1655 302//1655 797//1655
f 303//1656 302//1656 798//1656
f 797//1657 301//1657 796//1657
f 302//1658 301//1658 797//1658
f 796//1659 300//1659 795//1659
f 301//1660 300//1660 796//1660
f 300//1661 299//1661 795//1661
f 795//1662 299//1662 794//1662
f 299//1663 298//1663 794//1663
f 794//1664 298//1664 793//1664
f 298//1665 297//1665 793//1665
f 793//1666 297//1666 792//1666
f 297//1667 296//1667 792//1667
f 792//1668 296//1668 791//1668
f 296//1669 294//1669 791//1669
f 791//1670 294//1670 789//1670
f 294//1671 293//1671 789//1671
f 789//1672 293//1672 788//1672
f 293//1673 292//1673 788//1673
f 788//1674 292//1674 787//1674
f 292//1675 291//1675 787//1675
f 787//1676 291//1676 786//1676
f 291//1677 290//1677 786//1677
f 786//1678 290//1678 785//1678
f 290//1679 289//1679 785//1679
f 785//1680 289//1680 784//1680
f 289//1681 288//1681 784//1681
f 784//1682 288//1682 783//1682
f 288//1683 287//1683 783//1683
f 783//1684 287//1684 782//1684
f 287//1685 286//1685 782//1685
f 782//1686 286//1686 781//1686
f 286//1687 284//1687 781//1687
f 781//1688 284//1688 779//1688
f 284//1689 285//1689 779//1689
f 779//1690 285//1690 780//1690
f 285//1691 563//1691 780//1691
f 780//1692 563//1692 1020//1692
f 563//1693 562//1693 1020//1693
f 1020//1694 562//1694 1019//1694
f 562//1695 561//1695 1019//1695
f 1019//1696 561//1696 1018//1696
f 561//1697 560//1697 1018//1697
f 1018//1698 560//1698 1017//1698
f 560//1699 559//1699 1017//1699
f 1017//1700 559//1700 1016//1700
f 1016//1701 559//1701 1015//1701
f 559//1702 558//1702 1015//1702
f 1015//1703 557//1703 1014//1703
f 558//1704 557//1704 1015//1704
f 1014//1705 556//1705 1013//1705
f 557//1706 556//1706 1014//1706
f 1013//1707 555//1707 1012//1707
f 556//1708 555//1708 1013//1708
f 1012//1709 554//1709 1011//1709
f 1011//1710 554//1710 1010//1710
f 555//1711 554//1711 1012//1711
f 554//1712 553//1712 1010//1712
f 1010//1713 553//1713 1009//1713
f 553//1714 552//1714 1009//1714
f 552//1715 551//1715 1009//1715
f 1009//1716 551//1716 1008//1716
f 551//1717 550//1717 1008//1717
f 1008//1718 550//1718 1007//1718
f 550//1719 549//1719 1007//1719
f 1007//1720 549//1720 1006//1720
f 549//1721 548//1721 1006//1721
f 1006//1722 548//1722 1005//1722
f 548//1723 547//1723 1005//1723
f 1005//1724 547//1724 1004//1724
f 547//1725 546//1725 1004//1725
f 1004//1726 546//1726 1003//1726
f 546//1727 528//1727 1003//1727
f 1003//1728 528//1728 985//1728
f 985//1729 528//1729 986//1729
f 528//1730 529//1730 986//1730
f 529//1731 530//1731 986//1731
f 986//1732 530//1732 987//1732
f 530//1733 531//1733 987//1733
f 987//1734 531//1734 988//1734
f 988//1735 531//1735 989//1735
f 989//1736 532//1736 990//1736
f 531//1737 532//1737 989//1737
f 990//1738 533//1738 991//1738
f 532//1739 533//1739 990//1739
f 533//1740 534//1740 991//1740
f 991//1741 535//1741 992//1741
f 534//1742 535//1742 991//1742
f 992//1743 536//1743 993//1743
f 993//1744 536//1744 994//1744
f 535//1745 536//1745 992//1745
f 536//1746 537//1746 994//1746
f 994//1747 538//1747 995//1747
f 995//1748 538//1748 996//1748
f 537//1749 538//1749 994//1749
f 996//1750 539//1750 997//1750
f 538//1751 539//1751 996//1751
f 539//1752 540//1752 997//1752
f 997//1753 541//1753 998//1753
f 998//1754 541//1754 999//1754
f 540//1755 541//1755 997//1755
f 541//1756 542//1756 999//1756
f 999//1757 543//1757 1000//1757
f 542//1758 543//1758 999//1758
f 1000//1759 544//1759 1001//1759
f 543//1760 544//1760 1000//1760
f 544//1761 545//1761 1001//1761
f 1001//1762 545//1762 1002//1762
f 545//1763 345//1763 1002//1763
f 1002//1764 345//1764 840//1764
f 840//1765 345//1765 838//1765
f 345//1766 344//1766 838//1766
f 344//1767 346//1767 838//1767
f 838//1768 346//1768 841//1768
f 841//1769 347//1769 842//1769
f 346//1770 347//1770 841//1770
f 842//1771 348//1771 843//1771
f 347//1772 348//1772 842//1772
f 843//1773 349//1773 844//1773
f 348//1774 349//1774 843//1774
f 844//1775 350//1775 845//1775
f 349//1776 350//1776 844//1776
f 845//1777 351//1777 846//1777
f 350//1778 351//1778 845//1778
f 846//1779 352//1779 847//1779
f 351//1780 352//1780 846//1780
f 847//1781 353//1781 848//1781
f 352//1782 353//1782 847//1782
f 848//1783 354//1783 849//1783
f 353//1784 354//1784 848//1784
f 849//1785 355//1785 850//1785
f 354//1786 355//1786 849//1786
f 850//1787 356//1787 851//1787
f 851//1788 356//1788 852//1788
f 355//1789 356//1789 850//1789
f 356//1790 357//1790 852//1790
f 148//1791 144//1791 681//1791
f 681//1792 144//1792 677//1792
f 144//1793 140//1793 677//1793
f 677//1794 140//1794 673//1794
f 140//1795 136//1795 673//1795
f 673//1796 136//1796 669//1796
f 136//1797 132//1797 669//1797
f 669//1798 132//1798 666//1798
f 132//1799 128//1799 666//1799
f 666//1800 128//1800 662//1800
f 128//1801 124//1801 662//1801
f 662//1802 124//1802 657//1802
f 124//1803 120//1803 657//1803
f 657//1804 120//1804 653//1804
f 120//1805 116//1805 653//1805
f 653//1806 116//1806 649//1806
f 116//1807 112//1807 649//1807
f 649//1808 112//1808 645//1808
f 112//1809 107//1809 645//1809
f 645//1810 107//1810 641//1810
f 641//1811 107//1811 643//1811
f 107//1812 110//1812 643//1812
f 110//1813 114//1813 643//1813
f 643//1814 114//1814 647//1814
f 647//1815 114//1815 651//1815
f 114//1816 118//1816 651//1816
f 118//1817 122//1817 651//1817
f 651//1818 122//1818 655//1818
f 655//1819 126//1819 659//1819
f 122//1820 126//1820 655//1820
f 659//1821 130//1821 663//1821
f 126//1822 130//1822 659//1822
f 663//1823 134//1823 667//1823
f 667//1824 134//1824 671//1824
f 130//1825 134//1825 663//1825
f 134//1826 138//1826 671//1826
f 671//1827 142//1827 675//1827
f 138//1828 142//1828 671//1828
f 675//1829 146//1829 679//1829
f 142//1830 146//1830 675//1830
f 679//1831 155//1831 688//1831
f 146//1832 155//1832 679//1832
f 688//1833 165//1833 698//1833
f 698//1834 165//1834 706//1834
f 155//1835 165//1835 688//1835
f 165//1836 173//1836 706//1836
f 173//1837 181//1837 706//1837
f 706//1838 181//1838 714//1838
f 714//1839 181//1839 722//1839
f 181//1840 189//1840 722//1840
f 722//1841 189//1841 724//1841
f 189//1842 191//1842 724//1842
f 191//1843 193//1843 724//1843
f 724//1844 193//1844 726//1844
f 726//1845 193//1845 728//1845
f 193//1846 195//1846 728//1846
f 195//1847 197//1847 728//1847
f 728//1848 197//1848 730//1848
f 197//1849 199//1849 730//1849
f 730//1850 199//1850 732//1850
f 199//1851 241//1851 732//1851
f 732//1852 241//1852 747//1852
f 241//1853 259//1853 747//1853
f 747//1854 259//1854 754//1854
f 259//1855 262//1855 754//1855
f 754//1856 262//1856 757//1856
f 757//1857 262//1857 760//1857
f 262//1858 265//1858 760//1858
f 265//1859 268//1859 760//1859
f 760//1860 268//1860 763//1860
f 268//1861 271//1861 763//1861
f 763//1862 271//1862 766//1862
f 271//1863 274//1863 766//1863
f 766//1864 274//1864 769//1864
f 274//1865 277//1865 769//1865
f 769//1866 277//1866 772//1866
f 277//1867 280//1867 772//1867
f 772//1868 280//1868 775//1868
f 280//1869 283//1869 775//1869
f 775//1870 283//1870 778//1870
f 283//1871 304//1871 778//1871
f 778//1872 304//1872 799//1872
f 304//1873 315//1873 799//1873
f 799//1874 315//1874 810//1874
f 315//1875 318//1875 810//1875
f 810//1876 318//1876 813//1876
f 813//1877 318//1877 815//1877
f 318//1878 321//1878 815//1878
f 815//1879 321//1879 818//1879
f 321//1880 324//1880 818//1880
f 818//1881 324//1881 821//1881
f 324//1882 327//1882 821//1882
f 824//1883 330//1883 827//1883
f 821//1884 330//1884 824//1884
f 327//1885 330//1885 821//1885
f 330//1886 333//1886 827//1886
f 827//1887 333//1887 830//1887
f 333//1888 336//1888 830//1888
f 830//1889 339//1889 833//1889
f 336//1890 339//1890 830//1890
f 833//1891 342//1891 837//1891
f 339//1892 342//1892 833//1892
f 837//1893 360//1893 854//1893
f 342//1894 360//1894 837//1894
f 148//1895 681//1895 149//1895
f 681//1896 682//1896 149//1896
f 149//1897 683//1897 150//1897
f 150//1898 683//1898 152//1898
f 682//1899 683//1899 149//1899
f 683//1900 685//1900 152//1900
f 152//1901 686//1901 153//1901
f 153//1902 686//1902 154//1902
f 685//1903 686//1903 152//1903
f 686//1904 687//1904 154//1904
f 687//1905 690//1905 154//1905
f 154//1906 690//1906 157//1906
f 157//1907 691//1907 158//1907
f 690//1908 691//1908 157//1908
f 691//1909 693//1909 158//1909
f 158//1910 693//1910 160//1910
f 160//1911 694//1911 161//1911
f 161//1912 694//1912 162//1912
f 693//1913 694//1913 160//1913
f 694//1914 695//1914 162//1914
f 162//1915 696//1915 163//1915
f 163//1916 696//1916 167//1916
f 695//1917 696//1917 162//1917
f 696//1918 700//1918 167//1918
f 167//1919 701//1919 168//1919
f 168//1920 701//1920 169//1920
f 700//1921 701//1921 167//1921
f 169//1922 702//1922 170//1922
f 701//1923 702//1923 169//1923
f 702//1924 703//1924 170//1924
f 170//1925 704//1925 171//1925
f 171//1926 704//1926 175//1926
f 703//1927 704//1927 170//1927
f 704//1928 708//1928 175//1928
f 175//1929 709//1929 176//1929
f 176//1930 709//1930 177//1930
f 708//1931 709//1931 175//1931
f 709//1932 710//1932 177//1932
f 177//1933 711//1933 178//1933
f 710//1934 711//1934 177//1934
f 178//1935 713//1935 180//1935
f 711//1936 713//1936 178//1936
f 180//1937 716//1937 183//1937
f 713//1938 716//1938 180//1938
f 183//1939 717//1939 184//1939
f 184//1940 717//1940 185//1940
f 716//1941 717//1941 183//1941
f 717//1942 718//1942 185//1942
f 185//1943 720//1943 187//1943
f 718//1944 720//1944 185//1944
f 187//1945 721//1945 188//1945
f 188//1946 721//1946 214//1946
f 720//1947 721//1947 187//1947
f 214//1948 736//1948 215//1948
f 721//1949 736//1949 214//1949
f 736//1950 738//1950 215//1950
f 215//1951 739//1951 221//1951
f 221//1952 739//1952 224//1952
f 738//1953 739//1953 215//1953
f 739//1954 740//1954 224//1954
f 224//1955 741//1955 227//1955
f 740//1956 741//1956 224//1956
f 741//1957 742//1957 227//1957
f 227//1958 742//1958 230//1958
f 230//1959 742//1959 234//1959
f 742//1960 744//1960 234//1960
f 234//1961 744//1961 237//1961
f 744//1962 745//1962 237//1962
f 745//1963 746//1963 237//1963
f 237//1964 746//1964 240//1964
f 746//1965 749//1965 240//1965
f 240//1966 749//1966 245//1966
f 245//1967 749//1967 246//1967
f 749//1968 751//1968 246//1968
f 246//1969 751//1969 250//1969
f 751//1970 752//1970 250//1970
f 854//1971 360//1971 361//1971
f 856//1972 854//1972 361//1972
f 857//1973 361//1973 362//1973
f 857//1974 362//1974 365//1974
f 857//1975 856//1975 361//1975
f 859//1976 857//1976 365//1976
f 861//1977 365//1977 366//1977
f 861//1978 366//1978 367//1978
f 861//1979 859//1979 365//1979
f 862//1980 861//1980 367//1980
f 863//1981 862//1981 367//1981
f 863//1982 367//1982 368//1982
f 864//1983 368//1983 369//1983
f 864//1984 863//1984 368//1984
f 867//1985 864//1985 369//1985
f 867//1986 369//1986 372//1986
f 868//1987 372//1987 373//1987
f 868//1988 373//1988 374//1988
f 868//1989 867//1989 372//1989
f 869//1990 868//1990 374//1990
f 870//1991 374//1991 375//1991
f 870//1992 375//1992 401//1992
f 870//1993 869//1993 374//1993
f 890//1994 870//1994 401//1994
f 892//1995 401//1995 402//1995
f 892//1996 402//1996 403//1996
f 892//1997 890//1997 401//1997
f 893//1998 403//1998 404//1998
f 893//1999 892//1999 403//1999
f 894//2000 893//2000 404//2000
f 895//2001 404//2001 405//2001
f 895//2002 405//2002 423//2002
f 895//2003 894//2003 404//2003
f 905//2004 895//2004 423//2004
f 906//2005 423//2005 424//2005
f 906//2006 424//2006 425//2006
f 906//2007 905//2007 423//2007
f 907//2008 906//2008 425//2008
f 908//2009 425//2009 426//2009
f 908//2010 907//2010 425//2010
f 910//2011 426//2011 429//2011
f 910//2012 908//2012 426//2012
f 912//2013 429//2013 430//2013
f 912//2014 910//2014 429//2014
f 913//2015 430//2015 431//2015
f 913//2016 431//2016 432//2016
f 913//2017 912//2017 430//2017
f 914//2018 913//2018 432//2018
f 917//2019 432//2019 437//2019
f 917//2020 914//2020 432//2020
f 903//2021 437//2021 420//2021
f 903//2022 420//2022 418//2022
f 903//2023 917//2023 437//2023
f 902//2024 418//2024 415//2024
f 902//2025 903//2025 418//2025
f 900//2026 902//2026 415//2026
f 899//2027 415//2027 414//2027
f 899//2028 414//2028 412//2028
f 899//2029 900//2029 415//2029
f 898//2030 899//2030 412//2030
f 897//2031 412//2031 410//2031
f 897//2032 898//2032 412//2032
f 896//2033 897//2033 410//2033
f 896//2034 410//2034 408//2034
f 896//2035 408//2035 399//2035
f 889//2036 896//2036 399//2036
f 889//2037 399//2037 398//2037
f 888//2038 889//2038 398//2038
f 887//2039 888//2039 398//2039
f 887//2040 398//2040 396//2040
f 886//2041 887//2041 396//2041
f 886//2042 396//2042 394//2042
f 886//2043 394//2043 378//2043
f 872//2044 886//2044 378//2044
f 872//2045 378//2045 343//2045
f 839//2046 872//2046 343//2046
f 839//2047 250//2047 752//2047
f 343//2048 250//2048 839//2048
