# Created by FreeCAD <https://www.freecad.org>
v 264.188080 272.323334 -120.405876
v 261.968567 200.357574 -120.444321
v 265.451050 272.286377 -124.139137
v 263.231537 200.320618 -124.177582
v 264.676727 200.278000 -127.844086
v 266.896240 272.243774 -127.805641
v 266.300690 200.229843 -131.434937
v 268.520203 272.195618 -131.396484
v 268.099426 200.176239 -134.941391
v 270.318939 272.141998 -134.902954
v 270.068604 200.117325 -138.354980
v 272.288116 272.083099 -138.316528
v 272.203430 200.053253 -141.667389
v 274.422913 272.019012 -141.628952
v 276.718231 271.949951 -144.832153
v 274.498718 199.984177 -144.870605
v 276.948914 199.910263 -147.956818
v 279.168427 271.876038 -147.918381
v 281.767578 271.797455 -150.880127
v 279.548065 199.831680 -150.918564
v 282.289856 199.748627 -153.748642
v 284.509369 271.714417 -153.710205
v 287.387115 271.627075 -156.401749
v 285.167633 199.661316 -156.440201
v 288.174408 199.569946 -158.986679
v 290.393921 271.535706 -158.948242
v 291.302887 199.474731 -161.381927
v 293.522400 271.440521 -161.343475
v 296.764984 271.341705 -163.581665
v 294.545471 199.375931 -163.620102
v 300.113831 271.239532 -165.657349
v 297.894318 199.273758 -165.695786
v 301.341278 199.168457 -167.603958
v 303.560791 271.134247 -167.565506
v 307.097504 271.026093 -169.301514
v 304.877991 199.060318 -169.339951
v 308.495850 198.949570 -170.899582
v 310.715363 270.915344 -170.861130
v 312.186096 198.836502 -172.279037
v 314.405609 270.802277 -172.240601
v 318.159302 270.687134 -173.436554
v 315.939789 198.721359 -173.474991
v 319.747772 198.604462 -174.484543
v 321.967285 270.570221 -174.446091
v 325.820343 270.451843 -175.266785
v 323.600830 198.486069 -175.305222
v 327.489624 198.366470 -175.935059
v 329.709137 270.332245 -175.896622
v 333.624237 270.211731 -176.334061
v 331.404724 198.245956 -176.372513
v 335.336548 198.124832 -176.616516
v 337.556061 270.090607 -176.578064
v 339.275635 198.003372 -176.666489
v 341.495148 269.969147 -176.628036
v 345.431915 269.847656 -176.483856
v 343.212402 197.881882 -176.522293
v 347.137299 197.760651 -176.184311
v 349.356781 269.726410 -176.145859
v 353.260254 269.605743 -175.614883
v 351.040771 197.639969 -175.653336
v 357.132904 269.485931 -174.892212
v 354.913391 197.520157 -174.930649
v 360.965210 269.367249 -173.979584
v 358.745697 197.401474 -174.018036
v 362.528442 197.284225 -172.917679
v 364.747955 269.250000 -172.879242
v 366.252441 197.168686 -171.632263
v 368.471954 269.134460 -171.593826
v 372.128143 269.020905 -170.126480
v 369.908630 197.055130 -170.164932
v 375.707642 268.909637 -168.480759
v 373.488129 196.943863 -168.519196
v 379.201752 268.800903 -166.660660
v 376.982239 196.835129 -166.699097
v 380.382568 196.729187 -164.709030
v 382.602051 268.694977 -164.670578
v 383.680756 196.626328 -162.553818
v 385.900269 268.592102 -162.515381
v 386.868866 196.526764 -160.238708
v 389.088379 268.492523 -160.200272
v 389.939148 196.430756 -157.769318
v 392.158630 268.396515 -157.730881
v 392.884125 196.338531 -155.151642
v 395.103638 268.304291 -155.113190
v 397.916199 268.216095 -152.353577
v 395.696686 196.250305 -152.392014
v 398.369934 196.166321 -149.497162
v 400.589447 268.132080 -149.458710
v 400.897461 196.086746 -146.474091
v 403.116974 268.052521 -146.435638
v 405.492584 267.977570 -143.291687
v 403.273071 196.011810 -143.330139
v 405.491058 195.941650 -140.072937
v 407.710571 267.907440 -140.034500
v 409.765533 267.842255 -136.671967
v 407.546021 195.876480 -136.710403
v 409.432953 195.816437 -133.250687
v 411.652435 267.782227 -133.212250
v 411.147247 195.761673 -129.702209
v 413.366760 267.727448 -129.663757
v 412.684784 195.712311 -126.073540
v 414.904297 267.678101 -126.035095
v 416.261322 267.634247 -122.335075
v 414.041809 195.668488 -122.373512
v 417.434601 267.596069 -118.572670
v 415.215088 195.630295 -118.611115
v 394.346771 196.231689 -39.595779
v 407.146912 195.832443 -31.227821
v 403.800720 195.933853 -27.876661
v 391.468994 196.319000 -36.904224
v 400.291718 196.040375 -24.696545
v 397.088531 196.148636 -42.425873
v 410.321991 195.736404 -34.741684
v 388.462189 196.410370 -34.357750
v 396.628632 196.151749 -21.695377
v 399.687714 196.070053 -45.387608
v 413.318054 195.645950 -38.409508
v 385.333710 196.505585 -31.962505
v 392.820587 196.267685 -18.880604
v 402.137878 195.996140 -48.473831
v 416.127655 195.561340 -42.222179
v 382.091125 196.604385 -29.724321
v 388.877045 196.387909 -16.259237
v 404.433167 195.927063 -51.677044
v 418.743835 195.482773 -46.170235
v 378.742279 196.706558 -27.648630
v 384.807770 196.512115 -13.837784
v 406.568024 195.862991 -54.989452
v 421.160034 195.410416 -50.243843
v 375.295319 196.811859 -25.740475
v 380.622986 196.639999 -11.622272
v 408.537201 195.804077 -58.403030
v 423.370270 195.344498 -54.432884
v 371.758636 196.919998 -24.004473
v 376.332977 196.771240 -9.618207
v 410.335938 195.750488 -61.909508
v 425.369080 195.285141 -58.726925
v 368.140778 197.030746 -22.444855
v 371.948456 196.905502 -7.830590
v 411.959869 195.702316 -65.500336
v 427.151459 195.232513 -63.115311
v 364.450500 197.143829 -21.065390
v 367.480347 197.042465 -6.263821
v 413.405060 195.659698 -69.166847
v 428.712982 195.186752 -67.587128
v 360.696838 197.258957 -19.869434
v 362.939728 197.181793 -4.921829
v 414.668030 195.622742 -72.900108
v 414.801971 195.618866 -73.370979
v 414.912720 195.615707 -73.847847
v 430.049774 195.147949 -72.131248
v 414.999969 195.613266 -74.329575
v 415.063599 195.611572 -74.814987
v 415.103394 195.610596 -75.302933
v 356.888824 197.375854 -18.859890
v 358.337891 197.323120 -3.807956
v 415.119263 195.610382 -75.792244
v 415.111176 195.610886 -76.281754
v 431.158508 195.116211 -76.736382
v 415.079132 195.612137 -76.770271
v 415.023254 195.614120 -77.256638
v 414.943665 195.616837 -77.739677
v 414.840515 195.620270 -78.218246
v 432.036407 195.091614 -81.391090
v 353.035767 197.494247 -18.039206
v 353.686279 197.466110 -2.924951
v 414.714081 195.624420 -78.691193
v 414.564667 195.629272 -79.157379
v 414.392609 195.634827 -79.615692
v 414.198364 195.641052 -80.065018
v 413.982361 195.647949 -80.504311
v 432.681335 195.074234 -86.083778
v 349.146973 197.613846 -17.409376
v 348.996460 197.610413 -2.275008
v 413.745117 195.655502 -80.932495
v 413.487213 195.663681 -81.348541
v 413.209290 195.672470 -81.751472
v 412.911957 195.681839 -82.140305
v 433.091675 195.064102 -90.802788
v 412.595978 195.691788 -82.514114
v 345.231903 197.734360 -16.971924
v 344.280121 197.755646 -1.859760
v 412.262085 195.702271 -82.872002
v 411.911072 195.713287 -83.213112
v 411.543823 195.724777 -83.536629
v 433.266327 195.061249 -95.536400
v 411.161163 195.736740 -83.841774
v 410.764038 195.749146 -84.127808
v 341.300049 197.855499 -16.727921
v 339.548950 197.901459 -1.680225
v 337.360962 197.976959 -16.677944
v 334.814697 198.047501 -1.736859
v 333.424194 198.098450 -16.822136
v 330.089172 198.193405 -2.029519
v 329.499329 198.219666 -17.160124
v 325.384094 198.338791 -2.557472
v 325.595825 198.340347 -17.691107
v 320.711182 198.483322 -3.319415
v 321.723236 198.460159 -18.413782
v 316.082062 198.626617 -4.313442
v 412.913544 195.696167 -109.049423
v 433.204987 195.065674 -100.272835
v 412.571167 195.706543 -108.699623
v 412.212128 195.717438 -108.367012
v 413.238373 195.686340 -109.415573
v 432.907715 195.077362 -105.000313
v 411.837219 195.728836 -108.052376
v 413.544922 195.677094 -109.797180
v 411.447357 195.740692 -107.756470
v 413.832428 195.668442 -110.193344
v 411.043518 195.753006 -107.480019
v 414.100220 195.660400 -110.603104
v 410.626617 195.765717 -107.223663
v 410.353394 195.761948 -84.394058
v 409.930237 195.775131 -84.639885
v 414.347626 195.653000 -111.025490
v 432.375275 195.096298 -109.707085
v 410.197693 195.778824 -106.988029
v 414.574097 195.646240 -111.459488
v 409.757751 195.792282 -106.773682
v 409.495544 195.788666 -84.864700
v 414.779022 195.640152 -111.904037
v 409.307831 195.806046 -106.581131
v 409.050385 195.802505 -85.067947
v 414.962006 195.634766 -112.358109
v 408.849060 195.820114 -106.410851
v 408.595795 195.816620 -85.249161
v 415.122528 195.630051 -112.820580
v 408.382507 195.834427 -106.263229
v 408.132935 195.830978 -85.407898
v 415.260254 195.626053 -113.290367
v 431.609009 195.122421 -114.381454
v 407.909271 195.848953 -106.138634
v 407.662811 195.845551 -85.543777
v 415.374817 195.622772 -113.766335
v 407.430511 195.863663 -106.037361
v 407.186615 195.860291 -85.656479
v 415.465973 195.620224 -114.247330
v 406.947388 195.878525 -105.959641
v 406.705475 195.875183 -85.745728
v 317.890900 198.578842 -19.326403
v 311.508179 198.768326 -5.537078
v 415.533447 195.618408 -114.732224
v 406.461029 195.893494 -105.905678
v 406.220551 195.890167 -85.811310
v 405.733002 195.905228 -85.853065
v 415.577179 195.617310 -115.219833
v 430.610809 195.155685 -119.011795
v 405.972626 195.908539 -105.875603
v 405.243988 195.920319 -85.870903
v 415.596954 195.616959 -115.709007
v 405.483337 195.923630 -105.869469
v 415.592804 195.617355 -116.198563
v 415.564697 195.618484 -116.687317
v 415.512726 195.620346 -117.174118
v 415.437012 195.622940 -117.657791
v 429.383148 195.195984 -123.586594
v 415.337708 195.626251 -118.137169
v 314.108154 198.696106 -20.426752
v 307.000977 198.908112 -6.987306
v 427.929108 195.243240 -128.094482
v 310.384186 198.811630 -21.712156
v 302.571625 199.045609 -8.660509
v 426.252258 195.297333 -132.524246
v 306.727997 198.925186 -23.179504
v 298.231171 199.180496 -10.552499
v 424.356781 195.358109 -136.864883
v 303.148499 199.036453 -24.825222
v 293.990356 199.312408 -12.658614
v 422.247437 195.425430 -141.105591
v 299.654358 199.145187 -26.645330
v 289.859741 199.441040 -14.973599
v 419.929413 195.499115 -145.235825
v 296.254028 199.251129 -28.635395
v 285.849609 199.566055 -17.491703
v 417.408478 195.579010 -149.245331
v 292.955841 199.354004 -30.790602
v 281.969940 199.687164 -20.206656
v 414.690918 195.664902 -153.124130
v 289.767731 199.453552 -33.105713
v 278.230347 199.804047 -23.111717
v 411.783478 195.756561 -156.862579
v 286.697449 199.549576 -35.575108
v 344.461151 197.798416 -92.373528
v 344.239349 197.805084 -92.072525
v 344.667694 197.792206 -92.685211
v 344.858429 197.786499 -93.006813
v 345.032959 197.781296 -93.337532
v 345.190735 197.776611 -93.676537
v 345.331451 197.772446 -94.022987
v 345.454742 197.768845 -94.376022
v 345.560272 197.765778 -94.734772
v 345.647797 197.763275 -95.098328
v 345.717102 197.761322 -95.465805
v 274.640137 199.916428 -26.199652
v 345.768005 197.759949 -95.836288
v 345.800415 197.759155 -96.208839
v 345.814178 197.758926 -96.582542
v 345.809357 197.759277 -96.956467
v 345.785889 197.760208 -97.329697
v 345.743835 197.761703 -97.701286
v 345.683380 197.763763 -98.070312
v 345.604553 197.766388 -98.435860
v 283.752472 199.641800 -38.192783
v 408.693420 195.853775 -160.451385
v 345.507629 197.769562 -98.797035
v 345.392822 197.773300 -99.152916
v 345.260437 197.777573 -99.502640
v 345.110840 197.782364 -99.845322
v 344.944275 197.787674 -100.180115
v 344.761292 197.793503 -100.506187
v 344.562256 197.799805 -100.822723
v 271.208252 200.024002 -29.462799
v 344.347717 197.806580 -101.128944
v 280.939941 199.730011 -40.952408
v 405.428375 195.956314 -163.881622
v 267.943207 200.126541 -32.893044
v 278.266663 199.813995 -43.847279
v 401.996460 196.063904 -167.144775
v 264.853119 200.223755 -36.481853
v 275.739136 199.893570 -46.870342
v 398.406250 196.176270 -170.232712
v 261.945709 200.315430 -40.220299
v 273.363525 199.968521 -50.014294
v 394.666656 196.293152 -173.137772
v 259.228149 200.401306 -44.099091
v 271.145538 200.038666 -53.271496
v 390.786987 196.414261 -175.852737
v 256.707214 200.481201 -48.108597
v 269.090607 200.103836 -56.634026
v 386.776855 196.539291 -178.370834
v 254.389191 200.554901 -52.238838
v 267.203674 200.163879 -60.093731
v 382.646271 196.667908 -180.685806
v 252.279816 200.622223 -56.479553
v 265.489380 200.218643 -63.642231
v 378.405457 196.799835 -182.791916
v 250.384354 200.682999 -60.820179
v 263.951813 200.268005 -67.270882
v 374.064972 196.934708 -184.683929
v 248.707504 200.737076 -65.249947
v 262.594788 200.311829 -70.970917
v 271.153290 200.056686 -87.474960
v 332.074341 198.180511 -92.521706
v 332.288879 198.173737 -92.215485
v 331.875336 198.186813 -92.838242
v 331.692322 198.192642 -93.164314
v 331.525787 198.197952 -93.499107
v 331.376129 198.202759 -93.841789
v 331.243774 198.207016 -94.191513
v 331.128967 198.210754 -94.547394
v 331.032043 198.213928 -94.908569
v 330.953247 198.216553 -95.274117
v 330.892731 198.218628 -95.643143
v 330.850739 198.220123 -96.014732
v 330.827240 198.221039 -96.387962
v 330.822388 198.221390 -96.761887
v 369.635651 197.072205 -186.357117
v 247.253448 200.784332 -69.757835
v 261.421509 200.350021 -74.733315
v 261.298889 200.354065 -75.207260
v 261.199585 200.357376 -75.686638
v 365.128418 197.211990 -187.807343
v 246.025787 200.824631 -74.332634
v 261.123871 200.359970 -76.170319
v 261.071899 200.361832 -76.657112
v 261.043793 200.362961 -77.145866
v 261.039642 200.363358 -77.635422
v 261.059448 200.363007 -78.124596
v 360.554565 197.353699 -189.030991
v 245.027573 200.857895 -78.962975
v 261.103149 200.361923 -78.612206
v 261.170654 200.360092 -79.097099
v 261.261810 200.357544 -79.578094
v 261.376373 200.354263 -80.054062
v 355.925415 197.497009 -190.025024
v 271.392609 200.059998 -107.473526
v 270.663971 200.071777 -87.468826
v 330.836212 198.221161 -97.135590
v 330.868591 198.220367 -97.508141
v 330.919495 198.218994 -97.878624
v 330.988800 198.217056 -98.246101
v 331.076355 198.214539 -98.609657
v 331.181885 198.211487 -98.968407
v 331.305176 198.207870 -99.321442
v 331.445862 198.203720 -99.667892
v 331.603668 198.199020 -100.006897
v 331.778168 198.193817 -100.337616
v 331.968933 198.188110 -100.659218
v 332.175476 198.181915 -100.970901
v 332.397278 198.175232 -101.271904
v 270.903595 200.075089 -107.491364
v 270.416046 200.090149 -107.533119
v 270.175568 200.086823 -87.438751
v 269.931122 200.105133 -107.598701
v 269.689209 200.101791 -87.384789
v 269.450012 200.120026 -107.687950
v 269.206085 200.116653 -87.307068
v 268.727325 200.131363 -87.205795
v 244.261307 200.884018 -83.637344
v 261.514069 200.350266 -80.523849
v 261.674622 200.345566 -80.986320
v 261.857574 200.340164 -81.440392
v 262.062531 200.334076 -81.884941
v 262.288971 200.327332 -82.318939
v 268.973816 200.134766 -107.800652
v 268.503693 200.149338 -107.936531
v 268.254120 200.145905 -87.081200
v 268.040802 200.163696 -108.095268
v 267.787537 200.160202 -86.933578
v 267.586212 200.177811 -108.276482
v 267.328766 200.174271 -86.763298
v 267.141052 200.191650 -108.479729
v 266.878876 200.188034 -86.570747
v 266.438904 200.201492 -86.356400
v 351.252502 197.641525 -190.786957
v 266.706360 200.205185 -108.704544
v 266.009979 200.214600 -86.120766
v 266.283203 200.218369 -108.950371
v 265.593079 200.227310 -85.864410
v 265.872559 200.231171 -109.216621
v 243.728882 200.902954 -88.344116
v 262.536407 200.319916 -82.741333
v 262.804169 200.311874 -83.151093
v 263.091675 200.303223 -83.547249
v 263.398224 200.293976 -83.928856
v 346.547424 197.786926 -191.314911
v 243.431625 200.914658 -93.071602
v 263.723053 200.284149 -84.295006
v 264.065430 200.273773 -84.644806
v 264.424469 200.262878 -84.977417
v 264.799377 200.251495 -85.292053
v 341.821930 197.932816 -191.607574
v 243.370255 200.919067 -97.808029
v 265.092773 200.255539 -109.807800
v 265.475433 200.243576 -109.502655
v 265.189240 200.239624 -85.587959
v 337.087677 198.078857 -191.664200
v 243.544952 200.916214 -102.541641
v 264.725525 200.267029 -110.131317
v 263.724640 200.298477 -111.204124
v 264.040619 200.288528 -110.830322
v 264.374512 200.278046 -110.472427
v 332.356506 198.224670 -191.484665
v 243.955276 200.906082 -107.260658
v 262.654236 200.332367 -112.840118
v 262.891479 200.324814 -112.411934
v 263.149384 200.316635 -111.995888
v 263.427307 200.307861 -111.592957
v 327.640106 198.369919 -191.069427
v 244.600189 200.888702 -111.953339
v 261.796082 200.360046 -115.126183
v 261.922516 200.355896 -114.653236
v 262.071930 200.351044 -114.187057
v 262.243988 200.345490 -113.728745
v 262.438232 200.339264 -113.279411
v 322.950317 198.514206 -190.419479
v 245.478104 200.864105 -116.608047
v 261.525452 200.369431 -117.062675
v 261.557465 200.368179 -116.574165
v 261.613342 200.366196 -116.087791
v 261.692963 200.363495 -115.604752
v 318.298737 198.657196 -189.536469
v 246.586838 200.832367 -121.213188
v 261.723877 200.364609 -119.496582
v 261.636627 200.367050 -119.014854
v 261.573029 200.368744 -118.529442
v 261.533234 200.369720 -118.041496
v 261.517365 200.369949 -117.552185
v 313.696899 198.798523 -188.422592
v 247.923630 200.793579 -125.757301
v 261.834625 200.361450 -119.973450
v 309.156250 198.937851 -187.080612
v 249.485153 200.747803 -130.229111
v 304.688141 199.074814 -185.513855
v 251.267532 200.695175 -134.617508
v 300.303619 199.209076 -183.726212
v 253.266327 200.635818 -138.911560
v 296.013641 199.340317 -181.722153
v 255.476593 200.569901 -143.100586
v 291.828827 199.468201 -179.506638
v 257.892792 200.497559 -147.174194
v 287.759583 199.592407 -177.085190
v 260.508942 200.418976 -151.122238
v 283.816010 199.712631 -174.463821
v 263.318573 200.334366 -154.934921
v 280.007965 199.828568 -171.649063
v 266.314636 200.243912 -158.602753
v 276.344910 199.939941 -168.647873
v 269.489716 200.147873 -162.116608
v 272.835907 200.046463 -165.467758
v 338.594879 197.985626 -104.167107
v 338.967957 197.974121 -104.144005
v 339.339417 197.962631 -104.102325
v 339.708344 197.951233 -104.042168
v 340.073792 197.939911 -103.963699
v 340.434875 197.928726 -103.867096
v 340.790741 197.917694 -103.752602
v 341.140411 197.906830 -103.620506
v 341.483063 197.896179 -103.471138
v 341.817902 197.885773 -103.304871
v 342.143982 197.875610 -103.122108
v 342.460571 197.865753 -102.923309
v 342.766846 197.856186 -102.708977
v 343.062073 197.846954 -102.479630
v 343.345520 197.838089 -102.235840
v 343.616455 197.829590 -101.978226
v 343.874237 197.821503 -101.707413
v 344.118164 197.813828 -101.424088
v 338.221130 197.997162 -104.171577
v 337.847656 198.008667 -104.157410
v 337.475311 198.020142 -104.124626
v 337.105042 198.031525 -104.073311
v 336.737823 198.042816 -104.003601
v 336.374512 198.053970 -103.915665
v 336.016022 198.064972 -103.809715
v 335.663300 198.075790 -103.686028
v 335.317139 198.086395 -103.544899
v 334.978455 198.096756 -103.386688
v 334.648071 198.106842 -103.211777
v 334.326813 198.116653 -103.020607
v 334.015503 198.126144 -102.813660
v 333.714874 198.135300 -102.591438
v 333.425659 198.144089 -102.354507
v 333.148651 198.152496 -102.103447
v 332.884491 198.160507 -101.838875
v 332.633789 198.168091 -101.561470
v 338.041687 197.994690 -89.177322
v 337.668640 198.006210 -89.200424
v 337.297180 198.017685 -89.242104
v 336.928284 198.029099 -89.302261
v 336.562805 198.040405 -89.380730
v 336.201721 198.051590 -89.477341
v 335.845886 198.062622 -89.591835
v 335.496185 198.073486 -89.723923
v 335.153503 198.084137 -89.873291
v 334.818726 198.094543 -90.039558
v 334.492615 198.104706 -90.222321
v 334.176025 198.114578 -90.421120
v 333.869751 198.124130 -90.635460
v 333.574524 198.133362 -90.864807
v 333.291077 198.142227 -91.108589
v 333.020142 198.150726 -91.366203
v 332.762390 198.158813 -91.637016
v 332.518402 198.166504 -91.920341
v 338.415436 197.983154 -89.172852
v 338.788971 197.971649 -89.187019
v 339.161316 197.960175 -89.219803
v 339.531555 197.948792 -89.271118
v 339.898804 197.937500 -89.340828
v 340.262085 197.926346 -89.428764
v 340.620575 197.915344 -89.534714
v 340.973328 197.904526 -89.658401
v 341.319458 197.893936 -89.799530
v 341.658142 197.883560 -89.957741
v 341.988525 197.873474 -90.132652
v 342.309784 197.863663 -90.323822
v 342.621094 197.854172 -90.530769
v 342.921753 197.845016 -90.752991
v 343.210938 197.836227 -90.989922
v 343.487976 197.827820 -91.240982
v 343.752136 197.819809 -91.505554
v 344.002777 197.812225 -91.782959
v 264.054138 272.327209 -119.935005
v 263.943390 272.330383 -119.458138
v 263.856110 272.332825 -118.976410
v 263.792511 272.334534 -118.491005
v 263.752716 272.335480 -118.003052
v 263.736877 272.335724 -117.513741
v 263.744965 272.335205 -117.024231
v 263.776978 272.333954 -116.535721
v 263.832855 272.331970 -116.049347
v 263.912445 272.329254 -115.566307
v 264.015594 272.325836 -115.087738
v 264.142029 272.321686 -114.614792
v 264.291443 272.316803 -114.148613
v 264.463501 272.311249 -113.690300
v 264.657745 272.305023 -113.240967
v 264.873749 272.298126 -112.801674
v 265.110992 272.290588 -112.373489
v 265.368896 272.282410 -111.957443
v 265.646820 272.273621 -111.554512
v 265.944153 272.264252 -111.165688
v 266.260132 272.254303 -110.791878
v 266.594025 272.243805 -110.433983
v 266.945007 272.232819 -110.092873
v 267.312286 272.221313 -109.769356
v 267.694946 272.209351 -109.464218
v 268.092041 272.196930 -109.178177
v 268.502716 272.184143 -108.911926
v 268.925873 272.170959 -108.666100
v 269.360565 272.157440 -108.441292
v 269.805725 272.143585 -108.238037
v 270.260315 272.129486 -108.056824
v 270.723206 272.115112 -107.898087
v 271.193298 272.100555 -107.762207
v 271.669495 272.085785 -107.649506
v 272.150635 272.070923 -107.560257
v 272.635559 272.055908 -107.494675
v 273.123108 272.040863 -107.452919
v 273.612122 272.025757 -107.435081
v 417.557220 267.592041 -118.098724
v 417.656525 267.588715 -117.619347
v 417.732239 267.586121 -117.135674
v 417.784210 267.584259 -116.648880
v 417.812317 267.583130 -116.160118
v 417.816467 267.582733 -115.670563
v 417.796661 267.583099 -115.181389
v 417.752960 267.584167 -114.693779
v 417.685455 267.585999 -114.208893
v 417.594330 267.588562 -113.727890
v 417.479767 267.591827 -113.251923
v 417.342041 267.595825 -112.782143
v 417.181519 267.600525 -112.319664
v 416.998535 267.605927 -111.865601
v 416.793579 267.612000 -111.421043
v 416.567139 267.618774 -110.987045
v 416.319733 267.626160 -110.564659
v 416.051941 267.634216 -110.154900
v 415.764435 267.642853 -109.758736
v 415.457886 267.652130 -109.377129
v 415.133057 267.661926 -109.010986
v 414.790680 267.672302 -108.661179
v 414.431610 267.683197 -108.328568
v 414.056732 267.694611 -108.013931
v 413.666870 267.706482 -107.718025
v 413.263031 267.718781 -107.441574
v 412.846130 267.731506 -107.185219
v 412.417206 267.744598 -106.949585
v 411.977264 267.758057 -106.735237
v 411.527344 267.771820 -106.542694
v 411.068573 267.785889 -106.372406
v 410.602020 267.800201 -106.224785
v 410.128784 267.814728 -106.100189
v 409.650024 267.829437 -105.998917
v 409.166901 267.844299 -105.921204
v 408.680542 267.859253 -105.867241
v 408.192139 267.874298 -105.837158
v 407.702850 267.889404 -105.831024
v 409.366425 267.798218 -31.189379
v 396.566284 268.197449 -39.557335
v 406.020203 267.899628 -27.838219
v 393.688477 268.284790 -36.865784
v 402.511200 268.006165 -24.658102
v 399.308044 268.114410 -42.387428
v 412.541473 267.702179 -34.703239
v 390.681702 268.376160 -34.319305
v 398.848114 268.117523 -21.656935
v 401.907227 268.035828 -45.349163
v 415.537567 267.611725 -38.371063
v 387.553223 268.471344 -31.924061
v 395.040100 268.233459 -18.842161
v 404.357391 267.961914 -48.435387
v 418.347168 267.527100 -42.183739
v 384.310638 268.570160 -29.685879
v 391.096527 268.353699 -16.220795
v 406.652679 267.892822 -51.638599
v 420.963318 267.448547 -46.131790
v 380.961792 268.672333 -27.610188
v 387.027283 268.477905 -13.799340
v 423.379547 267.376190 -50.205399
v 408.787537 267.828766 -54.951008
v 377.514832 268.777618 -25.702032
v 382.842468 268.605774 -11.583828
v 425.589783 267.310272 -54.394440
v 410.756714 267.769867 -58.364586
v 373.978149 268.885773 -23.966030
v 378.552490 268.737000 -9.579763
v 412.555420 267.716248 -61.871063
v 427.588593 267.250916 -58.688480
v 370.360291 268.996521 -22.406410
v 374.167969 268.871277 -7.792146
v 414.179382 267.668091 -65.461899
v 429.370972 267.198273 -63.076866
v 366.670013 269.109589 -21.026945
v 369.699860 269.008240 -6.225378
v 415.624573 267.625488 -69.128403
v 430.932495 267.152527 -67.548683
v 362.916351 269.224731 -19.830992
v 365.159241 269.147552 -4.883386
v 416.887543 267.588531 -72.861664
v 417.021484 267.584625 -73.332535
v 417.132202 267.581482 -73.809402
v 432.269287 267.113708 -72.092804
v 417.219482 267.579041 -74.291130
v 417.283112 267.577332 -74.776543
v 417.322906 267.576385 -75.264488
v 359.108337 269.341614 -18.821445
v 360.557404 269.288910 -3.769513
v 417.338776 267.576141 -75.753807
v 417.330688 267.576660 -76.243309
v 433.378021 267.081970 -76.697945
v 417.298645 267.577911 -76.731827
v 417.242767 267.579895 -77.218193
v 417.163177 267.582611 -77.701233
v 417.060028 267.586029 -78.179802
v 434.255920 267.057404 -81.352646
v 355.255280 269.460022 -18.000761
v 355.905792 269.431885 -2.886507
v 416.933594 267.590179 -78.652748
v 416.784180 267.595062 -79.118935
v 416.612122 267.600586 -79.577248
v 416.417877 267.606842 -80.026573
v 416.201874 267.613739 -80.465866
v 434.900848 267.040009 -86.045334
v 351.366455 269.579620 -17.370934
v 351.215973 269.576172 -2.236565
v 415.964630 267.621277 -80.894051
v 415.706726 267.629456 -81.310097
v 415.428802 267.638245 -81.713028
v 415.131470 267.647614 -82.101860
v 435.311157 267.029877 -90.764351
v 414.815491 267.657562 -82.475670
v 347.451416 269.700134 -16.933479
v 346.499634 269.721405 -1.821317
v 414.481598 267.668060 -82.833565
v 414.130585 267.679047 -83.174667
v 413.763336 267.690552 -83.498184
v 435.485840 267.027008 -95.497955
v 413.380676 267.702515 -83.803329
v 412.983551 267.714905 -84.089363
v 343.519562 269.821259 -16.689478
v 341.768463 269.867218 -1.641782
v 339.580475 269.942719 -16.639502
v 337.034210 270.013275 -1.698415
v 335.643707 270.064209 -16.783693
v 332.308685 270.159180 -1.991076
v 331.718842 270.185455 -17.121681
v 327.603577 270.304565 -2.519028
v 327.815338 270.306122 -17.652664
v 322.930695 270.449097 -3.280972
v 323.942749 270.425934 -18.375338
v 318.301544 270.592377 -4.274998
v 435.424500 267.031433 -100.234390
v 435.127228 267.043121 -104.961868
v 412.572906 267.727722 -84.355614
v 434.594788 267.062073 -109.668640
v 412.149750 267.740906 -84.601440
v 411.715057 267.754425 -84.826256
v 411.269897 267.768280 -85.029510
v 410.815308 267.782379 -85.210716
v 410.352417 267.796753 -85.369453
v 433.828522 267.088196 -114.343010
v 409.882324 267.811310 -85.505341
v 409.406097 267.826080 -85.618034
v 408.924988 267.840942 -85.707283
v 320.110413 270.544617 -19.287958
v 313.727692 270.734100 -5.498635
v 408.440063 267.855957 -85.772865
v 432.830322 267.121460 -118.973358
v 407.952515 267.871002 -85.814621
v 407.463501 267.886108 -85.832458
v 431.602661 267.161774 -123.548149
v 316.327667 270.661865 -20.388308
v 309.220490 270.873871 -6.948862
v 430.148621 267.209015 -128.056046
v 312.603699 270.777405 -21.673714
v 304.791138 271.011383 -8.622066
v 428.471771 267.263092 -132.485809
v 308.947510 270.890961 -23.141060
v 300.450653 271.146271 -10.514056
v 426.576294 267.323883 -136.826447
v 305.368011 271.002228 -24.786777
v 296.209869 271.278168 -12.620171
v 424.466919 267.391205 -141.067154
v 301.873871 271.110962 -26.606886
v 292.079254 271.406799 -14.935156
v 422.148895 267.464905 -145.197388
v 298.473541 271.216888 -28.596952
v 288.069122 271.531830 -17.453259
v 419.627991 267.544769 -149.206894
v 295.175323 271.319763 -30.752159
v 284.189453 271.652924 -20.168211
v 416.910400 267.630676 -153.085693
v 291.987244 271.419342 -33.067268
v 280.449860 271.769806 -23.073273
v 414.002991 267.722321 -156.824142
v 288.916962 271.515350 -35.536667
v 346.680664 269.764191 -92.335083
v 346.458862 269.770874 -92.034081
v 346.887177 269.757965 -92.646774
v 347.077942 269.752258 -92.968369
v 347.252472 269.747070 -93.299088
v 347.410217 269.742371 -93.638092
v 347.550934 269.738220 -93.984543
v 347.674225 269.734619 -94.337578
v 347.779785 269.731537 -94.696327
v 347.867310 269.729034 -95.059883
v 347.936584 269.727112 -95.427361
v 276.859650 271.882202 -26.161207
v 347.987518 269.725739 -95.797844
v 348.019928 269.724915 -96.170403
v 348.033691 269.724701 -96.544106
v 348.028870 269.725037 -96.918030
v 348.005402 269.725983 -97.291252
v 347.963348 269.727478 -97.662842
v 347.902893 269.729523 -98.031876
v 347.824066 269.732147 -98.397423
v 285.971985 271.607574 -38.154339
v 410.912903 267.819550 -160.412949
v 347.727142 269.735352 -98.758591
v 347.612335 269.739075 -99.114471
v 347.479950 269.743347 -99.464195
v 347.330353 269.748138 -99.806877
v 347.163788 269.753448 -100.141670
v 346.980774 269.759277 -100.467743
v 346.781769 269.765564 -100.784279
v 273.427765 271.989777 -29.424355
v 346.567230 269.772369 -101.090500
v 283.159454 271.695770 -40.913963
v 407.647858 267.922089 -163.843185
v 270.162720 272.092316 -32.854603
v 280.486176 271.779785 -43.808834
v 404.215973 268.029663 -167.106323
v 277.958649 271.859344 -46.831898
v 267.072632 272.189514 -36.443409
v 400.625763 268.142059 -170.194275
v 275.583008 271.934296 -49.975849
v 264.165222 272.281189 -40.181854
v 396.886169 268.258942 -173.099335
v 273.365051 272.004425 -53.233051
v 261.447632 272.367065 -44.060646
v 393.006500 268.380035 -175.814285
v 271.310120 272.069611 -56.595581
v 258.926727 272.446960 -48.070152
v 388.996368 268.505066 -178.332382
v 269.423187 272.129639 -60.055290
v 256.608704 272.520660 -52.200394
v 384.865753 268.633698 -180.647369
v 267.708893 272.184418 -63.603790
v 254.499329 272.587982 -56.441109
v 380.624969 268.765594 -182.753479
v 266.171326 272.233765 -67.232437
v 252.603867 272.648773 -60.781734
v 376.284485 268.900482 -184.645477
v 250.927017 272.702850 -65.211502
v 264.814301 272.277588 -70.932472
v 334.293854 270.146271 -92.483261
v 273.372803 272.022461 -87.436516
v 334.508392 270.139496 -92.177040
v 334.094849 270.152588 -92.799797
v 333.911835 270.158417 -93.125870
v 333.745300 270.163727 -93.460663
v 333.595642 270.168518 -93.803345
v 333.463287 270.172791 -94.153069
v 333.348480 270.176514 -94.508949
v 333.251556 270.179718 -94.870125
v 333.172760 270.182343 -95.235672
v 333.112244 270.184387 -95.604698
v 333.070251 270.185883 -95.976288
v 333.046753 270.186798 -96.349518
v 333.041901 270.187164 -96.723442
v 371.855164 269.037964 -186.318680
v 263.641022 272.315796 -74.694878
v 249.472946 272.750092 -69.719391
v 263.518402 272.319824 -75.168816
v 263.419098 272.323151 -75.648193
v 367.347931 269.177765 -187.768906
v 263.343384 272.325745 -76.131874
v 248.245285 272.790405 -74.294189
v 263.291412 272.327606 -76.618668
v 263.263306 272.328735 -77.107422
v 263.259155 272.329132 -77.596977
v 263.278961 272.328766 -78.086151
v 362.774078 269.319489 -188.992554
v 247.247086 272.823669 -78.924530
v 263.322662 272.327698 -78.573761
v 263.390167 272.325867 -79.058655
v 263.481293 272.323303 -79.539650
v 263.595886 272.320038 -80.015617
v 358.144928 269.462769 -189.986572
v 272.883484 272.037567 -87.430382
v 333.055695 270.186951 -97.097145
v 333.088104 270.186127 -97.469696
v 333.139008 270.184753 -97.840179
v 333.208313 270.182831 -98.207657
v 333.295868 270.180328 -98.571213
v 333.401398 270.177246 -98.929962
v 333.524689 270.173645 -99.282997
v 333.665375 270.169495 -99.629456
v 333.823181 270.164795 -99.968452
v 333.997681 270.159607 -100.299171
v 334.188446 270.153870 -100.620773
v 334.394958 270.147675 -100.932457
v 334.616791 270.140991 -101.233459
v 272.395081 272.052612 -87.400307
v 271.908722 272.067566 -87.346344
v 271.425598 272.082428 -87.268623
v 270.946838 272.097137 -87.167351
v 263.733582 272.316040 -80.485405
v 246.480820 272.849792 -83.598900
v 263.894104 272.311340 -80.947876
v 264.077087 272.305939 -81.401947
v 264.282043 272.299835 -81.846504
v 264.508484 272.293091 -82.280502
v 270.473602 272.111664 -87.042755
v 270.007050 272.125977 -86.895134
v 269.548248 272.140045 -86.724854
v 269.098358 272.153809 -86.532303
v 268.658417 272.167267 -86.317955
v 353.472015 269.607300 -190.748520
v 268.229492 272.180359 -86.082321
v 267.812592 272.193085 -85.825974
v 245.948395 272.868744 -88.305672
v 264.755920 272.285706 -82.702888
v 265.023682 272.277649 -83.112648
v 265.311188 272.268982 -83.508812
v 265.617706 272.259735 -83.890419
v 348.766937 269.752686 -191.276474
v 265.942566 272.249908 -84.256561
v 245.651123 272.880432 -93.033157
v 266.284943 272.239563 -84.606361
v 266.643982 272.228668 -84.938972
v 267.018890 272.217255 -85.253616
v 344.041443 269.898590 -191.569122
v 245.589767 272.884857 -97.769585
v 267.408752 272.205383 -85.549515
v 339.307159 270.044617 -191.625763
v 245.764465 272.881989 -102.503197
v 334.576019 270.190460 -191.446228
v 246.174774 272.871857 -107.222214
v 329.859619 270.335693 -191.030975
v 246.819687 272.854462 -111.914902
v 325.169830 270.479980 -190.381042
v 247.697601 272.829895 -116.569603
v 320.518219 270.622955 -189.498032
v 248.806335 272.798157 -121.174744
v 315.916382 270.764282 -188.384155
v 250.143127 272.759338 -125.718857
v 311.375763 270.903625 -187.042160
v 251.704666 272.713562 -130.190674
v 306.907654 271.040588 -185.475403
v 253.487045 272.660950 -134.579056
v 302.523132 271.174866 -183.687775
v 255.485840 272.601593 -138.873108
v 298.233154 271.306091 -181.683716
v 257.696106 272.535675 -143.062149
v 294.048309 271.433960 -179.468201
v 260.112305 272.463318 -147.135742
v 289.979065 271.558167 -177.046753
v 262.728455 272.384735 -151.083801
v 286.035522 271.678406 -174.425385
v 265.538086 272.300140 -154.896484
v 282.227478 271.794342 -171.610611
v 268.534119 272.209686 -158.564301
v 278.564423 271.905701 -168.609436
v 271.709198 272.113647 -162.078171
v 275.055420 272.012238 -165.429321
v 340.814392 269.951416 -104.128662
v 341.187469 269.939880 -104.105560
v 341.558929 269.928406 -104.063881
v 341.927856 269.916992 -104.003723
v 342.293304 269.905670 -103.925255
v 342.654388 269.894501 -103.828651
v 343.010254 269.883453 -103.714157
v 343.359924 269.872620 -103.582062
v 343.702576 269.861969 -103.432701
v 344.037384 269.851532 -103.266426
v 344.363464 269.841400 -103.083664
v 344.680084 269.831512 -102.884865
v 344.986359 269.821960 -102.670532
v 345.281586 269.812744 -102.441185
v 345.565033 269.803864 -102.197395
v 345.835968 269.795349 -101.939781
v 346.093719 269.787262 -101.668968
v 346.337677 269.779602 -101.385643
v 340.440643 269.962921 -104.133133
v 340.067139 269.974457 -104.118965
v 339.694794 269.985901 -104.086182
v 339.324554 269.997314 -104.034866
v 338.957336 270.008606 -103.965157
v 338.594025 270.019745 -103.877220
v 338.235535 270.030762 -103.771271
v 337.882782 270.041565 -103.647583
v 337.536652 270.052155 -103.506454
v 337.197968 270.062531 -103.348244
v 336.867584 270.072632 -103.173332
v 336.546326 270.082428 -102.982162
v 336.235016 270.091919 -102.775215
v 335.934387 270.101074 -102.553001
v 335.645172 270.109863 -102.316063
v 335.368164 270.118256 -102.065002
v 335.104004 270.126282 -101.800430
v 334.853302 270.133850 -101.523026
v 340.261200 269.960449 -89.138878
v 339.888153 269.971985 -89.161980
v 339.516693 269.983459 -89.203659
v 339.147797 269.994873 -89.263817
v 338.782318 270.006165 -89.342293
v 338.421234 270.017365 -89.438896
v 338.065399 270.028412 -89.553391
v 337.715698 270.039246 -89.685478
v 337.373016 270.049896 -89.834846
v 337.038239 270.060333 -90.001114
v 336.712128 270.070465 -90.183876
v 336.395538 270.080353 -90.382675
v 336.089264 270.089905 -90.597015
v 335.794037 270.099121 -90.826363
v 335.510559 270.108002 -91.070145
v 335.239655 270.116486 -91.327766
v 334.981903 270.124603 -91.598572
v 334.737915 270.132263 -91.881897
v 340.634949 269.948944 -89.134407
v 341.008484 269.937408 -89.148582
v 341.380829 269.925964 -89.181358
v 341.751068 269.914551 -89.232674
v 342.118317 269.903259 -89.302383
v 342.481598 269.892120 -89.390320
v 342.840088 269.881104 -89.496269
v 343.192841 269.870300 -89.619957
v 343.538971 269.859711 -89.761086
v 343.877655 269.849335 -89.919296
v 344.208008 269.839233 -90.094208
v 344.529297 269.829437 -90.285378
v 344.840607 269.819946 -90.492325
v 345.141266 269.810791 -90.714546
v 345.430450 269.802002 -90.951485
v 345.707458 269.793579 -91.202545
v 345.971649 269.785583 -91.467110
v 346.222290 269.778015 -91.744514
vn 0.946765 -0.029371 0.320583
vn 0.946765 -0.029371 0.320583
vn 0.929836 -0.028873 0.366840
vn 0.929836 -0.028873 0.366840
vn 0.910645 -0.028306 0.412219
vn 0.910645 -0.028306 0.412220
vn 0.889248 -0.027669 0.456588
vn 0.889249 -0.027669 0.456587
vn 0.865691 -0.026966 0.499852
vn 0.865690 -0.026966 0.499853
vn 0.840033 -0.026197 0.541903
vn 0.840037 -0.026197 0.541896
vn 0.812334 -0.025364 0.582641
vn 0.812339 -0.025365 0.582634
vn 0.782668 -0.024471 0.621959
vn 0.782669 -0.024471 0.621957
vn 0.751100 -0.023517 0.659770
vn 0.751100 -0.023517 0.659770
vn 0.717709 -0.022507 0.695980
vn 0.717709 -0.022507 0.695980
vn 0.682580 -0.021442 0.730497
vn 0.682578 -0.021442 0.730498
vn 0.645787 -0.020324 0.763247
vn 0.645785 -0.020324 0.763249
vn 0.607432 -0.019158 0.794140
vn 0.607430 -0.019158 0.794142
vn 0.567602 -0.017945 0.823107
vn 0.526388 -0.016688 0.850081
vn 0.567599 -0.017945 0.823109
vn 0.526388 -0.016688 0.850081
vn 0.483902 -0.015392 0.874987
vn 0.440243 -0.014057 0.897769
vn 0.483905 -0.015392 0.874985
vn 0.440240 -0.014057 0.897770
vn 0.395511 -0.012689 0.918373
vn 0.395515 -0.012689 0.918372
vn 0.349825 -0.011289 0.936747
vn 0.303282 -0.009863 0.952850
vn 0.349821 -0.011289 0.936748
vn 0.303282 -0.009863 0.952850
vn 0.256008 -0.008412 0.966638
vn 0.208116 -0.006941 0.978080
vn 0.256011 -0.008412 0.966637
vn 0.208112 -0.006941 0.978080
vn 0.159713 -0.005453 0.987148
vn 0.110919 -0.003952 0.993822
vn 0.159713 -0.005453 0.987148
vn 0.110923 -0.003952 0.993821
vn 0.061864 -0.002441 0.998082
vn 0.061864 -0.002441 0.998082
vn 0.012657 -0.000925 0.999919
vn 0.012657 -0.000925 0.999919
vn -0.036581 0.000594 0.999331
vn -0.036585 0.000595 0.999330
vn -0.085730 0.002112 0.996316
vn -0.085734 0.002112 0.996316
vn -0.134674 0.003624 0.990883
vn -0.134674 0.003624 0.990883
vn -0.183287 0.005127 0.983046
vn -0.183292 0.005128 0.983045
vn -0.231463 0.006619 0.972821
vn -0.231460 0.006619 0.972822
vn -0.279071 0.008094 0.960236
vn -0.279067 0.008094 0.960237
vn -0.326001 0.009549 0.945321
vn -0.326001 0.009549 0.945321
vn -0.372140 0.010982 0.928112
vn -0.372137 0.010981 0.928113
vn -0.417378 0.012387 0.908649
vn -0.417381 0.012387 0.908647
vn -0.461604 0.013763 0.886980
vn -0.461604 0.013763 0.886980
vn -0.504701 0.015105 0.863162
vn -0.504707 0.015104 0.863158
vn -0.546587 0.016410 0.837242
vn -0.546580 0.016410 0.837246
vn -0.587135 0.017676 0.809296
vn -0.587134 0.017676 0.809296
vn -0.626260 0.018898 0.779386
vn -0.626263 0.018898 0.779383
vn -0.663867 0.020075 0.747581
vn -0.663865 0.020075 0.747582
vn -0.699860 0.021203 0.713965
vn -0.699862 0.021203 0.713964
vn -0.734163 0.022280 0.678608
vn -0.734164 0.022280 0.678606
vn -0.766674 0.023302 0.641613
vn -0.766674 0.023302 0.641613
vn -0.797332 0.024268 0.603053
vn -0.797332 0.024268 0.603053
vn -0.826047 0.025175 0.563038
vn -0.826046 0.025176 0.563040
vn -0.852759 0.026022 0.521656
vn -0.852759 0.026022 0.521655
vn -0.877408 0.026804 0.478996
vn -0.877404 0.026804 0.479002
vn -0.899919 0.027522 0.435188
vn -0.899921 0.027522 0.435183
vn -0.920252 0.028173 0.390312
vn -0.938349 0.028756 0.344491
vn -0.920252 0.028173 0.390312
vn -0.954165 0.029269 0.297846
vn -0.938349 0.028756 0.344490
vn -0.954165 0.029269 0.297847
vn -0.030827 -0.999525 -0.000534
vn -0.030826 -0.999525 -0.000535
vn -0.030826 -0.999525 -0.000534
vn -0.030828 -0.999525 -0.000533
vn -0.030825 -0.999525 -0.000535
vn -0.030826 -0.999525 -0.000535
vn -0.030827 -0.999525 -0.000533
vn -0.030826 -0.999525 -0.000533
vn -0.030828 -0.999525 -0.000532
vn -0.030828 -0.999525 -0.000532
vn -0.030826 -0.999525 -0.000535
vn -0.030826 -0.999525 -0.000535
vn -0.030826 -0.999525 -0.000535
vn -0.030825 -0.999525 -0.000535
vn -0.030827 -0.999525 -0.000534
vn -0.030826 -0.999525 -0.000534
vn -0.030825 -0.999525 -0.000536
vn -0.030826 -0.999525 -0.000534
vn -0.030826 -0.999525 -0.000534
vn -0.030828 -0.999525 -0.000531
vn -0.030826 -0.999525 -0.000534
vn -0.030829 -0.999525 -0.000533
vn -0.030827 -0.999525 -0.000534
vn -0.030825 -0.999525 -0.000536
vn -0.030827 -0.999525 -0.000533
vn -0.030825 -0.999525 -0.000535
vn -0.030827 -0.999525 -0.000533
vn -0.030825 -0.999525 -0.000537
vn -0.030827 -0.999525 -0.000533
vn -0.030827 -0.999525 -0.000533
vn -0.030825 -0.999525 -0.000535
vn -0.030827 -0.999525 -0.000533
vn -0.030827 -0.999525 -0.000534
vn -0.030826 -0.999525 -0.000535
vn -0.030828 -0.999525 -0.000534
vn -0.030827 -0.999525 -0.000533
vn -0.030826 -0.999525 -0.000536
vn -0.030827 -0.999525 -0.000535
vn -0.030828 -0.999525 -0.000534
vn -0.030826 -0.999525 -0.000534
vn -0.030823 -0.999525 -0.000541
vn -0.030824 -0.999525 -0.000538
vn -0.030826 -0.999525 -0.000533
vn -0.030828 -0.999525 -0.000518
vn -0.030823 -0.999525 -0.000553
vn -0.030830 -0.999524 -0.000514
vn -0.030826 -0.999525 -0.000534
vn -0.030825 -0.999525 -0.000535
vn -0.030820 -0.999525 -0.000563
vn -0.030830 -0.999525 -0.000519
vn -0.030826 -0.999525 -0.000533
vn -0.030827 -0.999525 -0.000538
vn -0.030827 -0.999525 -0.000535
vn -0.030826 -0.999525 -0.000541
vn -0.030827 -0.999525 -0.000526
vn -0.030827 -0.999525 -0.000532
vn -0.030826 -0.999525 -0.000534
vn -0.030827 -0.999525 -0.000534
vn -0.030826 -0.999525 -0.000531
vn -0.030825 -0.999525 -0.000524
vn -0.030827 -0.999525 -0.000540
vn -0.030826 -0.999525 -0.000523
vn -0.030827 -0.999525 -0.000535
vn -0.030827 -0.999525 -0.000535
vn -0.030826 -0.999525 -0.000534
vn -0.030829 -0.999525 -0.000533
vn -0.030831 -0.999525 -0.000549
vn -0.030828 -0.999525 -0.000539
vn -0.030828 -0.999525 -0.000539
vn -0.030823 -0.999525 -0.000514
vn -0.030827 -0.999525 -0.000535
vn -0.030830 -0.999525 -0.000542
vn -0.030827 -0.999525 -0.000533
vn -0.030826 -0.999525 -0.000534
vn -0.030822 -0.999525 -0.000522
vn -0.030834 -0.999524 -0.000553
vn -0.030819 -0.999525 -0.000513
vn -0.030827 -0.999525 -0.000535
vn -0.030824 -0.999525 -0.000531
vn -0.030831 -0.999524 -0.000544
vn -0.030828 -0.999525 -0.000534
vn -0.030825 -0.999525 -0.000534
vn -0.030827 -0.999525 -0.000534
vn -0.030827 -0.999525 -0.000534
vn -0.030828 -0.999525 -0.000534
vn -0.030826 -0.999525 -0.000534
vn -0.030823 -0.999525 -0.000533
vn -0.030825 -0.999525 -0.000533
vn -0.030829 -0.999525 -0.000534
vn -0.030828 -0.999525 -0.000534
vn -0.030824 -0.999525 -0.000533
vn -0.030826 -0.999525 -0.000533
vn -0.030829 -0.999525 -0.000527
vn -0.030826 -0.999525 -0.000535
vn -0.030830 -0.999525 -0.000526
vn -0.030826 -0.999525 -0.000533
vn -0.030830 -0.999525 -0.000526
vn -0.030826 -0.999525 -0.000535
vn -0.030824 -0.999525 -0.000542
vn -0.030816 -0.999525 -0.000552
vn -0.030824 -0.999525 -0.000542
vn -0.030834 -0.999524 -0.000520
vn -0.030826 -0.999525 -0.000534
vn -0.030827 -0.999525 -0.000531
vn -0.030815 -0.999525 -0.000534
vn -0.030830 -0.999524 -0.000534
vn -0.030802 -0.999525 -0.000534
vn -0.030824 -0.999525 -0.000542
vn -0.030827 -0.999525 -0.000534
vn -0.030837 -0.999524 -0.000534
vn -0.030828 -0.999525 -0.000519
vn -0.030837 -0.999524 -0.000534
vn -0.030845 -0.999524 -0.000534
vn -0.030828 -0.999525 -0.000522
vn -0.030831 -0.999524 -0.000533
vn -0.030805 -0.999525 -0.000534
vn -0.030822 -0.999525 -0.000564
vn -0.030849 -0.999524 -0.000534
vn -0.030821 -0.999525 -0.000534
vn -0.030830 -0.999525 -0.000511
vn -0.030823 -0.999525 -0.000534
vn -0.030832 -0.999524 -0.000534
vn -0.030826 -0.999525 -0.000533
vn -0.030827 -0.999525 -0.000532
vn -0.030822 -0.999525 -0.000534
vn -0.030827 -0.999525 -0.000534
vn -0.030826 -0.999525 -0.000530
vn -0.030812 -0.999525 -0.000534
vn -0.030822 -0.999525 -0.000534
vn -0.030827 -0.999525 -0.000547
vn -0.030834 -0.999524 -0.000534
vn -0.030839 -0.999524 -0.000534
vn -0.030827 -0.999525 -0.000533
vn -0.030825 -0.999525 -0.000533
vn -0.030827 -0.999525 -0.000547
vn -0.030822 -0.999525 -0.000534
vn -0.030813 -0.999525 -0.000534
vn -0.030830 -0.999525 -0.000534
vn -0.030826 -0.999525 -0.000535
vn -0.030828 -0.999525 -0.000513
vn -0.030826 -0.999525 -0.000534
vn -0.030823 -0.999525 -0.000534
vn -0.030825 -0.999525 -0.000529
vn -0.030835 -0.999524 -0.000535
vn -0.030829 -0.999525 -0.000549
vn -0.030827 -0.999525 -0.000536
vn -0.030826 -0.999525 -0.000531
vn -0.030827 -0.999525 -0.000535
vn -0.030826 -0.999525 -0.000532
vn -0.030821 -0.999525 -0.000519
vn -0.030833 -0.999524 -0.000551
vn -0.030827 -0.999525 -0.000535
vn -0.030829 -0.999524 -0.000535
vn -0.030827 -0.999525 -0.000533
vn -0.030827 -0.999525 -0.000535
vn -0.030826 -0.999525 -0.000533
vn -0.030823 -0.999525 -0.000533
vn -0.030826 -0.999525 -0.000533
vn -0.030827 -0.999525 -0.000536
vn -0.030829 -0.999524 -0.000535
vn -0.030829 -0.999525 -0.000535
vn -0.030826 -0.999525 -0.000535
vn -0.030826 -0.999525 -0.000534
vn -0.030826 -0.999525 -0.000533
vn -0.030825 -0.999525 -0.000533
vn -0.030826 -0.999525 -0.000534
vn -0.030826 -0.999525 -0.000535
vn -0.030827 -0.999525 -0.000534
vn -0.030826 -0.999525 -0.000533
vn -0.030826 -0.999525 -0.000534
vn -0.030825 -0.999525 -0.000532
vn -0.030825 -0.999525 -0.000533
vn -0.030829 -0.999525 -0.000535
vn -0.030827 -0.999525 -0.000535
vn -0.030826 -0.999525 -0.000533
vn -0.030827 -0.999525 -0.000535
vn -0.030827 -0.999525 -0.000535
vn -0.030828 -0.999525 -0.000537
vn -0.030828 -0.999525 -0.000535
vn -0.030824 -0.999525 -0.000532
vn -0.030826 -0.999525 -0.000533
vn -0.030825 -0.999525 -0.000533
vn -0.030825 -0.999525 -0.000532
vn -0.030829 -0.999525 -0.000536
vn -0.030823 -0.999525 -0.000570
vn -0.030829 -0.999525 -0.000514
vn -0.030825 -0.999525 -0.000545
vn -0.030826 -0.999525 -0.000542
vn -0.030827 -0.999525 -0.000535
vn -0.030831 -0.999525 -0.000504
vn -0.030822 -0.999525 -0.000568
vn -0.030828 -0.999525 -0.000523
vn -0.030826 -0.999525 -0.000541
vn -0.030832 -0.999524 -0.000502
vn -0.030827 -0.999525 -0.000535
vn -0.030827 -0.999525 -0.000531
vn -0.030823 -0.999525 -0.000553
vn -0.030828 -0.999525 -0.000523
vn -0.030826 -0.999525 -0.000534
vn -0.030827 -0.999525 -0.000541
vn -0.030829 -0.999525 -0.000554
vn -0.030826 -0.999525 -0.000534
vn -0.030828 -0.999525 -0.000536
vn -0.030826 -0.999525 -0.000529
vn -0.030826 -0.999525 -0.000529
vn -0.030826 -0.999525 -0.000534
vn -0.030826 -0.999525 -0.000533
vn -0.030824 -0.999525 -0.000512
vn -0.030829 -0.999525 -0.000554
vn -0.030827 -0.999525 -0.000541
vn -0.030825 -0.999525 -0.000518
vn -0.030825 -0.999525 -0.000517
vn -0.030829 -0.999525 -0.000567
vn -0.030825 -0.999525 -0.000517
vn -0.030824 -0.999525 -0.000532
vn -0.030825 -0.999525 -0.000518
vn -0.030825 -0.999525 -0.000532
vn -0.030825 -0.999525 -0.000534
vn -0.030828 -0.999525 -0.000536
vn -0.030828 -0.999525 -0.000536
vn -0.030828 -0.999525 -0.000536
vn -0.030825 -0.999525 -0.000532
vn -0.030827 -0.999525 -0.000534
vn -0.030826 -0.999525 -0.000534
vn -0.030828 -0.999525 -0.000536
vn -0.030826 -0.999525 -0.000533
vn -0.030825 -0.999525 -0.000532
vn -0.030826 -0.999525 -0.000533
vn -0.030827 -0.999525 -0.000535
vn -0.030828 -0.999525 -0.000536
vn -0.030826 -0.999525 -0.000533
vn -0.030827 -0.999525 -0.000534
vn -0.030826 -0.999525 -0.000534
vn -0.030825 -0.999525 -0.000533
vn -0.030828 -0.999525 -0.000534
vn -0.030824 -0.999525 -0.000532
vn -0.030826 -0.999525 -0.000533
vn -0.030827 -0.999525 -0.000535
vn -0.030828 -0.999525 -0.000536
vn -0.030828 -0.999525 -0.000535
vn -0.030827 -0.999525 -0.000534
vn -0.030827 -0.999525 -0.000534
vn -0.030827 -0.999525 -0.000533
vn -0.030824 -0.999525 -0.000533
vn -0.030827 -0.999525 -0.000533
vn -0.030827 -0.999525 -0.000534
vn -0.030824 -0.999525 -0.000534
vn -0.030829 -0.999525 -0.000535
vn -0.030827 -0.999525 -0.000535
vn -0.030827 -0.999525 -0.000534
vn -0.030825 -0.999525 -0.000534
vn -0.030829 -0.999525 -0.000535
vn -0.030826 -0.999525 -0.000533
vn -0.030826 -0.999525 -0.000533
vn -0.030825 -0.999525 -0.000518
vn -0.030825 -0.999525 -0.000519
vn -0.030829 -0.999524 -0.000564
vn -0.030825 -0.999525 -0.000520
vn -0.030829 -0.999524 -0.000556
vn -0.030823 -0.999525 -0.000502
vn -0.030829 -0.999525 -0.000554
vn -0.030824 -0.999525 -0.000512
vn -0.030826 -0.999525 -0.000531
vn -0.030831 -0.999524 -0.000565
vn -0.030827 -0.999525 -0.000539
vn -0.030823 -0.999525 -0.000511
vn -0.030827 -0.999525 -0.000538
vn -0.030826 -0.999525 -0.000534
vn -0.030827 -0.999525 -0.000534
vn -0.030827 -0.999525 -0.000535
vn -0.030827 -0.999525 -0.000533
vn -0.030833 -0.999524 -0.000551
vn -0.030821 -0.999525 -0.000519
vn -0.030827 -0.999525 -0.000534
vn -0.030826 -0.999525 -0.000534
vn -0.030827 -0.999525 -0.000535
vn -0.030826 -0.999525 -0.000531
vn -0.030827 -0.999525 -0.000536
vn -0.030829 -0.999525 -0.000549
vn -0.030825 -0.999525 -0.000531
vn -0.030826 -0.999525 -0.000532
vn -0.030825 -0.999525 -0.000533
vn -0.030827 -0.999525 -0.000534
vn -0.030826 -0.999525 -0.000535
vn -0.030826 -0.999525 -0.000542
vn -0.030827 -0.999525 -0.000517
vn -0.030827 -0.999525 -0.000547
vn -0.030826 -0.999525 -0.000530
vn -0.030829 -0.999525 -0.000534
vn -0.030824 -0.999525 -0.000534
vn -0.030833 -0.999524 -0.000534
vn -0.030828 -0.999525 -0.000528
vn -0.030824 -0.999525 -0.000550
vn -0.030827 -0.999525 -0.000530
vn -0.030825 -0.999525 -0.000542
vn -0.030831 -0.999524 -0.000503
vn -0.030822 -0.999525 -0.000564
vn -0.030827 -0.999525 -0.000527
vn -0.030825 -0.999525 -0.000543
vn -0.030831 -0.999524 -0.000495
vn -0.030826 -0.999525 -0.000539
vn -0.030825 -0.999525 -0.000548
vn -0.030824 -0.999525 -0.000559
vn -0.030828 -0.999525 -0.000523
vn -0.030826 -0.999525 -0.000534
vn -0.030826 -0.999525 -0.000534
vn -0.030823 -0.999525 -0.000534
vn -0.030830 -0.999524 -0.000534
vn -0.030822 -0.999525 -0.000534
vn -0.030813 -0.999525 -0.000534
vn -0.030823 -0.999525 -0.000534
vn -0.030834 -0.999524 -0.000534
vn -0.030841 -0.999524 -0.000534
vn -0.030827 -0.999524 -0.000530
vn -0.030824 -0.999525 -0.000544
vn -0.030826 -0.999525 -0.000530
vn -0.030827 -0.999525 -0.000524
vn -0.030825 -0.999525 -0.000550
vn -0.030826 -0.999525 -0.000533
vn -0.030813 -0.999525 -0.000534
vn -0.030856 -0.999524 -0.000534
vn -0.030827 -0.999525 -0.000534
vn -0.030822 -0.999525 -0.000533
vn -0.030797 -0.999525 -0.000534
vn -0.030821 -0.999525 -0.000534
vn -0.030849 -0.999524 -0.000534
vn -0.030831 -0.999525 -0.000533
vn -0.030834 -0.999524 -0.000534
vn -0.030807 -0.999525 -0.000534
vn -0.030825 -0.999525 -0.000534
vn -0.030829 -0.999525 -0.000534
vn -0.030845 -0.999524 -0.000534
vn -0.030837 -0.999524 -0.000534
vn -0.030830 -0.999524 -0.000534
vn -0.030802 -0.999525 -0.000534
vn -0.030815 -0.999525 -0.000534
vn -0.030826 -0.999525 -0.000534
vn -0.030833 -0.999524 -0.000513
vn -0.030828 -0.999525 -0.000529
vn -0.030824 -0.999525 -0.000542
vn -0.030824 -0.999525 -0.000542
vn -0.030828 -0.999525 -0.000534
vn -0.030827 -0.999525 -0.000534
vn -0.030830 -0.999524 -0.000526
vn -0.030830 -0.999524 -0.000527
vn -0.030826 -0.999525 -0.000536
vn -0.030817 -0.999525 -0.000559
vn -0.030826 -0.999525 -0.000536
vn -0.030826 -0.999525 -0.000533
vn -0.030825 -0.999525 -0.000534
vn -0.030824 -0.999525 -0.000531
vn -0.030831 -0.999524 -0.000544
vn -0.030826 -0.999525 -0.000534
vn -0.030828 -0.999525 -0.000531
vn -0.030832 -0.999524 -0.000523
vn -0.030834 -0.999524 -0.000520
vn -0.030827 -0.999525 -0.000534
vn -0.030827 -0.999525 -0.000534
vn -0.030819 -0.999525 -0.000513
vn -0.030827 -0.999525 -0.000535
vn -0.030830 -0.999525 -0.000542
vn -0.030822 -0.999525 -0.000522
vn -0.030834 -0.999524 -0.000553
vn -0.030825 -0.999525 -0.000533
vn -0.030825 -0.999525 -0.000534
vn -0.030827 -0.999525 -0.000534
vn -0.030831 -0.999525 -0.000549
vn -0.030828 -0.999525 -0.000539
vn -0.030820 -0.999525 -0.000506
vn -0.030829 -0.999525 -0.000548
vn -0.030829 -0.999525 -0.000534
vn -0.030827 -0.999525 -0.000534
vn -0.030826 -0.999524 -0.000531
vn -0.030825 -0.999525 -0.000524
vn -0.030827 -0.999525 -0.000540
vn -0.030826 -0.999525 -0.000523
vn -0.030827 -0.999525 -0.000535
vn -0.030827 -0.999525 -0.000535
vn -0.030826 -0.999525 -0.000534
vn -0.030826 -0.999525 -0.000534
vn -0.030827 -0.999525 -0.000532
vn -0.030827 -0.999525 -0.000540
vn -0.030827 -0.999525 -0.000535
vn -0.030827 -0.999525 -0.000507
vn -0.030824 -0.999525 -0.000560
vn -0.030826 -0.999525 -0.000534
vn -0.030827 -0.999525 -0.000534
vn -0.030826 -0.999525 -0.000533
vn -0.030828 -0.999525 -0.000518
vn -0.030823 -0.999525 -0.000551
vn -0.030830 -0.999524 -0.000514
vn -0.030826 -0.999525 -0.000532
vn -0.030822 -0.999525 -0.000550
vn -0.030825 -0.999525 -0.000535
vn -0.030826 -0.999525 -0.000534
vn -0.030827 -0.999525 -0.000534
vn -0.030826 -0.999525 -0.000537
vn -0.030824 -0.999525 -0.000541
vn -0.030825 -0.999525 -0.000538
vn -0.030830 -0.999524 -0.000533
vn -0.030828 -0.999525 -0.000534
vn -0.030827 -0.999525 -0.000533
vn -0.030827 -0.999525 -0.000533
vn -0.030825 -0.999525 -0.000535
vn -0.030826 -0.999525 -0.000534
vn -0.030825 -0.999525 -0.000536
vn -0.030827 -0.999525 -0.000534
vn -0.030827 -0.999525 -0.000533
vn -0.030825 -0.999525 -0.000534
vn -0.030826 -0.999525 -0.000533
vn -0.030826 -0.999525 -0.000533
vn -0.030827 -0.999525 -0.000533
vn -0.030824 -0.999525 -0.000535
vn -0.030827 -0.999525 -0.000533
vn -0.030825 -0.999525 -0.000536
vn -0.030829 -0.999525 -0.000533
vn -0.030827 -0.999525 -0.000534
vn -0.030827 -0.999525 -0.000534
vn -0.030827 -0.999525 -0.000534
vn -0.030826 -0.999525 -0.000534
vn -0.030826 -0.999525 -0.000534
vn -0.030826 -0.999525 -0.000534
vn -0.030827 -0.999525 -0.000533
vn -0.030826 -0.999525 -0.000534
vn -0.030825 -0.999525 -0.000535
vn -0.030826 -0.999525 -0.000535
vn -0.030826 -0.999525 -0.000535
vn -0.030826 -0.999525 -0.000535
vn -0.030828 -0.999525 -0.000532
vn -0.030828 -0.999525 -0.000532
vn -0.030827 -0.999525 -0.000533
vn -0.030827 -0.999525 -0.000533
vn -0.030826 -0.999525 -0.000534
vn -0.030825 -0.999525 -0.000535
vn -0.030827 -0.999525 -0.000533
vn -0.030826 -0.999525 -0.000534
vn -0.030827 -0.999525 -0.000534
vn -0.030826 -0.999525 -0.000535
vn -0.030826 -0.999525 -0.000538
vn -0.030816 -0.999525 -0.000127
vn -0.030832 -0.999524 -0.000755
vn -0.030822 -0.999525 -0.000364
vn -0.030829 -0.999524 -0.000638
vn -0.030826 -0.999525 -0.000505
vn -0.030825 -0.999525 -0.000499
vn -0.030829 -0.999525 -0.000600
vn -0.030827 -0.999525 -0.000553
vn -0.030824 -0.999525 -0.000483
vn -0.030828 -0.999525 -0.000575
vn -0.030824 -0.999525 -0.000473
vn -0.030828 -0.999525 -0.000564
vn -0.030827 -0.999525 -0.000550
vn -0.030825 -0.999525 -0.000508
vn -0.030828 -0.999525 -0.000554
vn -0.030825 -0.999525 -0.000507
vn -0.030827 -0.999525 -0.000537
vn -0.030829 -0.999525 -0.000568
vn -0.030849 -0.999524 -0.000082
vn -0.030818 -0.999525 -0.000707
vn -0.030835 -0.999524 -0.000371
vn -0.030820 -0.999525 -0.000662
vn -0.030828 -0.999525 -0.000497
vn -0.030825 -0.999525 -0.000568
vn -0.030828 -0.999525 -0.000520
vn -0.030829 -0.999524 -0.000491
vn -0.030828 -0.999525 -0.000508
vn -0.030826 -0.999525 -0.000535
vn -0.030823 -0.999525 -0.000585
vn -0.030828 -0.999525 -0.000508
vn -0.030827 -0.999525 -0.000532
vn -0.030827 -0.999525 -0.000525
vn -0.030825 -0.999525 -0.000550
vn -0.030826 -0.999525 -0.000539
vn -0.030828 -0.999525 -0.000516
vn -0.030826 -0.999525 -0.000534
vn -0.030827 -0.999525 -0.000529
vn -0.030826 -0.999525 -0.000538
vn -0.030829 -0.999524 -0.000623
vn -0.030824 -0.999525 -0.000459
vn -0.030828 -0.999525 -0.000595
vn -0.030824 -0.999525 -0.000457
vn -0.030826 -0.999525 -0.000505
vn -0.030826 -0.999525 -0.000507
vn -0.030828 -0.999524 -0.000593
vn -0.030827 -0.999525 -0.000547
vn -0.030825 -0.999525 -0.000494
vn -0.030828 -0.999525 -0.000570
vn -0.030827 -0.999525 -0.000545
vn -0.030825 -0.999525 -0.000498
vn -0.030827 -0.999525 -0.000550
vn -0.030825 -0.999525 -0.000508
vn -0.030828 -0.999525 -0.000554
vn -0.030825 -0.999525 -0.000510
vn -0.030830 -0.999524 -0.000581
vn -0.030825 -0.999525 -0.000522
vn -0.030849 -0.999524 -0.000082
vn -0.030815 -0.999525 -0.000763
vn -0.030835 -0.999524 -0.000371
vn -0.030821 -0.999525 -0.000649
vn -0.030828 -0.999525 -0.000508
vn -0.030825 -0.999525 -0.000559
vn -0.030828 -0.999525 -0.000520
vn -0.030829 -0.999524 -0.000498
vn -0.030823 -0.999525 -0.000596
vn -0.030832 -0.999524 -0.000450
vn -0.030823 -0.999525 -0.000585
vn -0.030828 -0.999525 -0.000508
vn -0.030827 -0.999525 -0.000532
vn -0.030827 -0.999525 -0.000529
vn -0.030826 -0.999525 -0.000546
vn -0.030826 -0.999525 -0.000543
vn -0.030828 -0.999525 -0.000516
vn -0.030827 -0.999525 -0.000528
vn -0.030826 -0.999525 -0.000535
vn 0.961352 -0.029795 0.273707
vn 0.961352 -0.029795 0.273707
vn 0.973589 -0.030148 0.226307
vn 0.973589 -0.030148 0.226308
vn 0.983508 -0.030427 0.178286
vn 0.983497 -0.030428 0.178346
vn 0.991047 -0.030634 0.129954
vn 0.991046 -0.030634 0.129957
vn 0.996214 -0.030767 0.081309
vn 0.996214 -0.030767 0.081306
vn 0.999001 -0.030827 0.032352
vn 0.998999 -0.030828 0.032414
vn 0.999388 -0.030814 -0.016543
vn 0.999388 -0.030814 -0.016543
vn 0.997383 -0.030726 -0.065439
vn 0.997383 -0.030726 -0.065439
vn 0.992987 -0.030564 -0.114205
vn 0.986205 -0.030329 -0.162728
vn 0.992987 -0.030564 -0.114205
vn 0.986215 -0.030329 -0.162668
vn 0.977079 -0.030022 -0.210751
vn 0.977066 -0.030021 -0.210809
vn 0.965585 -0.029642 -0.258393
vn 0.965585 -0.029642 -0.258393
vn 0.951789 -0.029191 -0.305360
vn 0.951789 -0.029191 -0.305362
vn 0.935702 -0.028670 -0.351625
vn 0.935702 -0.028670 -0.351625
vn 0.917399 -0.028082 -0.396976
vn 0.896876 -0.027425 -0.441431
vn 0.917399 -0.028082 -0.396976
vn 0.896876 -0.027425 -0.441431
vn 0.874197 -0.026702 -0.484836
vn 0.849430 -0.025916 -0.527065
vn 0.874198 -0.026702 -0.484836
vn 0.849430 -0.025916 -0.527065
vn 0.822661 -0.025068 -0.567980
vn 0.822660 -0.025068 -0.567980
vn 0.793854 -0.024159 -0.607629
vn 0.763194 -0.023193 -0.645753
vn 0.793849 -0.024159 -0.607635
vn 0.763200 -0.023193 -0.645746
vn 0.730697 -0.022171 -0.682342
vn 0.696422 -0.021095 -0.717322
vn 0.730696 -0.022171 -0.682343
vn 0.660533 -0.019970 -0.750531
vn 0.696455 -0.021096 -0.717291
vn 0.660502 -0.019970 -0.750559
vn 0.623001 -0.018796 -0.781995
vn 0.622991 -0.018796 -0.782003
vn 0.583992 -0.017577 -0.811569
vn 0.584031 -0.017579 -0.811541
vn 0.543597 -0.016317 -0.839188
vn 0.543569 -0.016316 -0.839206
vn 0.501917 -0.015018 -0.864786
vn 0.501917 -0.015018 -0.864786
vn 0.459003 -0.013682 -0.888330
vn 0.414981 -0.012313 -0.909747
vn 0.458991 -0.013681 -0.888336
vn 0.414994 -0.012313 -0.909741
vn 0.369979 -0.010914 -0.928976
vn 0.369980 -0.010914 -0.928976
vn 0.324104 -0.009490 -0.945974
vn 0.324104 -0.009490 -0.945974
vn 0.277425 -0.008043 -0.960713
vn 0.277442 -0.008043 -0.960709
vn 0.230110 -0.006577 -0.973142
vn 0.230110 -0.006577 -0.973142
vn 0.182239 -0.005095 -0.983241
vn 0.182228 -0.005095 -0.983243
vn 0.133912 -0.003601 -0.990987
vn 0.133912 -0.003601 -0.990987
vn 0.085267 -0.002097 -0.996356
vn 0.085267 -0.002097 -0.996356
vn 0.036434 -0.000590 -0.999336
vn 0.036434 -0.000590 -0.999336
vn -0.967634 0.029709 0.250601
vn -0.978726 0.030077 0.202953
vn -0.967635 0.029709 0.250600
vn -0.987488 0.030373 0.154744
vn -0.978726 0.030077 0.202954
vn -0.993871 0.030595 0.106224
vn -0.987488 0.030373 0.154744
vn -0.997874 0.030745 0.057456
vn -0.993871 0.030595 0.106225
vn -0.997875 0.030745 0.057455
vn -0.999489 0.030821 0.008498
vn -0.999489 0.030821 0.008499
vn -0.998708 0.030823 -0.040396
vn -0.995525 0.030751 -0.089354
vn -0.998706 0.030822 -0.040459
vn -0.995531 0.030751 -0.089290
vn -0.989977 0.030606 -0.137873
vn -0.982029 0.030386 -0.186270
vn -0.989968 0.030605 -0.137937
vn -0.971746 0.030095 -0.234102
vn -0.982040 0.030387 -0.186208
vn -0.959120 0.029731 -0.281435
vn -0.971746 0.030095 -0.234101
vn -0.944212 0.029296 -0.328032
vn -0.959119 0.029731 -0.281439
vn -0.944214 0.029296 -0.328027
vn -0.927016 0.028790 -0.373914
vn -0.907646 0.028217 -0.418787
vn -0.927014 0.028790 -0.373921
vn -0.907625 0.028216 -0.418832
vn -0.886040 0.027574 -0.462787
vn -0.886066 0.027574 -0.462739
vn -0.862359 0.026866 -0.505584
vn -0.862360 0.026866 -0.505583
vn -0.836570 0.026093 -0.547239
vn -0.836569 0.026093 -0.547239
vn -0.808811 0.025259 -0.587526
vn -0.808811 0.025259 -0.587525
vn -0.779088 0.024363 -0.626441
vn -0.779087 0.024363 -0.626442
vn -0.747539 0.023410 -0.663806
vn -0.747533 0.023409 -0.663812
vn -0.714138 0.022399 -0.699647
vn -0.714145 0.022399 -0.699639
vn -0.679089 0.021336 -0.733746
vn -0.679058 0.021335 -0.733775
vn -0.642356 0.020220 -0.766139
vn -0.642386 0.020221 -0.766114
vn -0.604102 0.019057 -0.796679
vn -0.604101 0.019057 -0.796680
vn -0.564418 0.017848 -0.825296
vn -0.564419 0.017848 -0.825296
vn -0.523363 0.016596 -0.851948
vn -0.523363 0.016596 -0.851948
vn -0.481072 0.015305 -0.876547
vn -0.481072 0.015305 -0.876547
vn -0.437610 0.013977 -0.899056
vn -0.437610 0.013977 -0.899056
vn -0.393078 0.012614 -0.919419
vn -0.393091 0.012614 -0.919413
vn -0.347660 0.011223 -0.937554
vn -0.347646 0.011223 -0.937559
vn -0.301380 0.009804 -0.953454
vn -0.301380 0.009804 -0.953454
vn -0.254359 0.008361 -0.967074
vn -0.254359 0.008361 -0.967074
vn -0.206744 0.006899 -0.978371
vn -0.206744 0.006899 -0.978371
vn -0.158649 0.005420 -0.987320
vn -0.158664 0.005421 -0.987318
vn -0.110156 0.003928 -0.993907
vn -0.110156 0.003928 -0.993907
vn -0.061403 0.002427 -0.998110
vn -0.061387 0.002426 -0.998111
vn -0.012507 0.000920 -0.999921
vn -0.012507 0.000920 -0.999921
vn 0.030826 0.999525 0.000534
vn 0.030831 0.999524 0.000530
vn 0.030829 0.999525 0.000532
vn 0.030825 0.999525 0.000535
vn 0.030825 0.999525 0.000535
vn 0.030826 0.999525 0.000534
vn 0.030825 0.999525 0.000536
vn 0.030827 0.999525 0.000533
vn 0.030828 0.999525 0.000532
vn 0.030822 0.999525 0.000538
vn 0.030826 0.999525 0.000534
vn 0.030826 0.999525 0.000535
vn 0.030828 0.999525 0.000532
vn 0.030828 0.999525 0.000533
vn 0.030829 0.999525 0.000532
vn 0.030829 0.999525 0.000531
vn 0.030823 0.999525 0.000538
vn 0.030826 0.999525 0.000533
vn 0.030826 0.999525 0.000533
vn 0.030828 0.999525 0.000531
vn 0.030824 0.999525 0.000537
vn 0.030825 0.999525 0.000533
vn 0.030824 0.999525 0.000534
vn 0.030826 0.999525 0.000536
vn 0.030826 0.999525 0.000536
vn 0.030828 0.999525 0.000533
vn 0.030824 0.999525 0.000535
vn 0.030828 0.999525 0.000529
vn 0.030826 0.999525 0.000533
vn 0.030827 0.999525 0.000534
vn 0.030828 0.999524 0.000534
vn 0.030825 0.999525 0.000536
vn 0.030828 0.999525 0.000531
vn 0.030826 0.999525 0.000534
vn 0.030825 0.999525 0.000535
vn 0.030827 0.999525 0.000537
vn 0.030826 0.999525 0.000539
vn 0.030830 0.999524 0.000533
vn 0.030825 0.999525 0.000536
vn 0.030827 0.999525 0.000534
vn 0.030846 0.999524 0.000483
vn 0.030812 0.999525 0.000565
vn 0.030828 0.999525 0.000530
vn 0.030829 0.999525 0.000520
vn 0.030829 0.999525 0.000522
vn 0.030819 0.999525 0.000576
vn 0.030832 0.999524 0.000532
vn 0.030821 0.999525 0.000536
vn 0.030835 0.999524 0.000501
vn 0.030823 0.999525 0.000550
vn 0.030827 0.999525 0.000533
vn 0.030828 0.999525 0.000538
vn 0.030828 0.999525 0.000535
vn 0.030827 0.999525 0.000541
vn 0.030830 0.999525 0.000494
vn 0.030826 0.999525 0.000539
vn 0.030830 0.999524 0.000532
vn 0.030823 0.999525 0.000534
vn 0.030825 0.999525 0.000531
vn 0.030833 0.999524 0.000587
vn 0.030819 0.999525 0.000476
vn 0.030831 0.999524 0.000589
vn 0.030827 0.999525 0.000535
vn 0.030826 0.999525 0.000531
vn 0.030826 0.999525 0.000534
vn 0.030825 0.999525 0.000534
vn 0.030822 0.999525 0.000518
vn 0.030828 0.999525 0.000539
vn 0.030828 0.999525 0.000539
vn 0.030823 0.999525 0.000514
vn 0.030827 0.999525 0.000534
vn 0.030830 0.999525 0.000542
vn 0.030827 0.999525 0.000534
vn 0.030826 0.999525 0.000535
vn 0.030834 0.999524 0.000553
vn 0.030810 0.999525 0.000488
vn 0.030831 0.999524 0.000547
vn 0.030826 0.999525 0.000532
vn 0.030825 0.999525 0.000530
vn 0.030815 0.999525 0.000513
vn 0.030824 0.999525 0.000535
vn 0.030825 0.999525 0.000534
vn 0.030827 0.999525 0.000534
vn 0.030830 0.999524 0.000534
vn 0.030828 0.999525 0.000533
vn 0.030826 0.999525 0.000533
vn 0.030831 0.999524 0.000534
vn 0.030825 0.999525 0.000534
vn 0.030825 0.999525 0.000534
vn 0.030828 0.999525 0.000534
vn 0.030824 0.999525 0.000533
vn 0.030823 0.999525 0.000533
vn 0.030829 0.999524 0.000527
vn 0.030825 0.999525 0.000537
vn 0.030804 0.999525 0.000586
vn 0.030828 0.999525 0.000533
vn 0.030843 0.999524 0.000490
vn 0.030827 0.999525 0.000535
vn 0.030841 0.999524 0.000475
vn 0.030833 0.999524 0.000524
vn 0.030816 0.999525 0.000574
vn 0.030818 0.999525 0.000552
vn 0.030827 0.999525 0.000535
vn 0.030837 0.999524 0.000500
vn 0.030851 0.999524 0.000535
vn 0.030839 0.999524 0.000535
vn 0.030815 0.999525 0.000573
vn 0.030826 0.999525 0.000537
vn 0.030802 0.999525 0.000534
vn 0.030830 0.999525 0.000534
vn 0.030830 0.999525 0.000483
vn 0.030837 0.999524 0.000534
vn 0.030810 0.999525 0.000534
vn 0.030823 0.999525 0.000556
vn 0.030805 0.999525 0.000534
vn 0.030865 0.999523 0.000534
vn 0.030826 0.999525 0.000532
vn 0.030849 0.999524 0.000534
vn 0.030787 0.999526 0.000534
vn 0.030825 0.999525 0.000542
vn 0.030854 0.999524 0.000535
vn 0.030832 0.999524 0.000535
vn 0.030826 0.999525 0.000533
vn 0.030827 0.999525 0.000532
vn 0.030822 0.999525 0.000534
vn 0.030797 0.999525 0.000534
vn 0.030828 0.999525 0.000563
vn 0.030875 0.999523 0.000534
vn 0.030823 0.999525 0.000535
vn 0.030827 0.999525 0.000513
vn 0.030777 0.999526 0.000534
vn 0.030834 0.999524 0.000534
vn 0.030827 0.999525 0.000534
vn 0.030828 0.999525 0.000535
vn 0.030827 0.999525 0.000517
vn 0.030876 0.999523 0.000533
vn 0.030791 0.999526 0.000534
vn 0.030827 0.999525 0.000535
vn 0.030825 0.999525 0.000573
vn 0.030823 0.999525 0.000533
vn 0.030798 0.999525 0.000533
vn 0.030857 0.999524 0.000534
vn 0.030818 0.999525 0.000500
vn 0.030866 0.999523 0.000534
vn 0.030829 0.999525 0.000549
vn 0.030827 0.999525 0.000536
vn 0.030826 0.999525 0.000531
vn 0.030827 0.999525 0.000535
vn 0.030827 0.999525 0.000536
vn 0.030832 0.999524 0.000549
vn 0.030822 0.999525 0.000521
vn 0.030824 0.999525 0.000533
vn 0.030826 0.999525 0.000534
vn 0.030825 0.999525 0.000530
vn 0.030825 0.999525 0.000532
vn 0.030829 0.999524 0.000535
vn 0.030827 0.999525 0.000535
vn 0.030828 0.999525 0.000540
vn 0.030827 0.999525 0.000533
vn 0.030829 0.999525 0.000535
vn 0.030829 0.999524 0.000535
vn 0.030826 0.999525 0.000531
vn 0.030827 0.999525 0.000537
vn 0.030823 0.999525 0.000532
vn 0.030825 0.999525 0.000533
vn 0.030828 0.999525 0.000537
vn 0.030827 0.999525 0.000534
vn 0.030827 0.999525 0.000535
vn 0.030826 0.999525 0.000534
vn 0.030825 0.999525 0.000531
vn 0.030826 0.999525 0.000535
vn 0.030828 0.999525 0.000535
vn 0.030825 0.999525 0.000533
vn 0.030825 0.999525 0.000529
vn 0.030827 0.999525 0.000537
vn 0.030827 0.999525 0.000534
vn 0.030825 0.999525 0.000533
vn 0.030829 0.999525 0.000538
vn 0.030825 0.999525 0.000530
vn 0.030830 0.999525 0.000537
vn 0.030825 0.999525 0.000535
vn 0.030824 0.999525 0.000530
vn 0.030827 0.999525 0.000535
vn 0.030825 0.999525 0.000535
vn 0.030828 0.999525 0.000523
vn 0.030834 0.999524 0.000465
vn 0.030824 0.999525 0.000548
vn 0.030820 0.999525 0.000585
vn 0.030832 0.999524 0.000490
vn 0.030825 0.999525 0.000546
vn 0.030822 0.999525 0.000568
vn 0.030833 0.999524 0.000485
vn 0.030825 0.999525 0.000541
vn 0.030819 0.999525 0.000580
vn 0.030829 0.999525 0.000537
vn 0.030826 0.999525 0.000533
vn 0.030837 0.999524 0.000472
vn 0.030826 0.999525 0.000534
vn 0.030821 0.999525 0.000564
vn 0.030821 0.999525 0.000500
vn 0.030835 0.999524 0.000595
vn 0.030826 0.999525 0.000533
vn 0.030826 0.999525 0.000532
vn 0.030820 0.999525 0.000489
vn 0.030826 0.999525 0.000529
vn 0.030826 0.999525 0.000534
vn 0.030828 0.999525 0.000536
vn 0.030834 0.999524 0.000593
vn 0.030824 0.999525 0.000513
vn 0.030827 0.999525 0.000541
vn 0.030825 0.999525 0.000519
vn 0.030825 0.999525 0.000517
vn 0.030829 0.999525 0.000564
vn 0.030821 0.999525 0.000474
vn 0.030824 0.999525 0.000532
vn 0.030833 0.999524 0.000612
vn 0.030830 0.999524 0.000538
vn 0.030823 0.999525 0.000530
vn 0.030828 0.999525 0.000535
vn 0.030828 0.999525 0.000535
vn 0.030823 0.999525 0.000530
vn 0.030830 0.999524 0.000538
vn 0.030824 0.999525 0.000532
vn 0.030826 0.999525 0.000534
vn 0.030824 0.999525 0.000533
vn 0.030823 0.999525 0.000531
vn 0.030829 0.999525 0.000538
vn 0.030825 0.999525 0.000535
vn 0.030827 0.999525 0.000535
vn 0.030827 0.999525 0.000536
vn 0.030825 0.999525 0.000535
vn 0.030829 0.999525 0.000537
vn 0.030824 0.999525 0.000531
vn 0.030825 0.999525 0.000533
vn 0.030825 0.999525 0.000533
vn 0.030827 0.999525 0.000534
vn 0.030828 0.999525 0.000537
vn 0.030827 0.999525 0.000535
vn 0.030825 0.999525 0.000533
vn 0.030828 0.999525 0.000535
vn 0.030825 0.999525 0.000531
vn 0.030826 0.999525 0.000535
vn 0.030826 0.999525 0.000534
vn 0.030827 0.999525 0.000535
vn 0.030828 0.999525 0.000537
vn 0.030827 0.999525 0.000534
vn 0.030823 0.999525 0.000532
vn 0.030825 0.999525 0.000533
vn 0.030826 0.999525 0.000531
vn 0.030827 0.999525 0.000537
vn 0.030829 0.999525 0.000535
vn 0.030829 0.999525 0.000535
vn 0.030827 0.999525 0.000533
vn 0.030827 0.999525 0.000532
vn 0.030825 0.999525 0.000517
vn 0.030829 0.999525 0.000565
vn 0.030829 0.999525 0.000564
vn 0.030825 0.999525 0.000520
vn 0.030824 0.999525 0.000513
vn 0.030828 0.999525 0.000544
vn 0.030824 0.999525 0.000513
vn 0.030834 0.999524 0.000593
vn 0.030826 0.999525 0.000532
vn 0.030820 0.999525 0.000484
vn 0.030827 0.999525 0.000539
vn 0.030823 0.999525 0.000511
vn 0.030833 0.999524 0.000579
vn 0.030823 0.999525 0.000532
vn 0.030827 0.999525 0.000533
vn 0.030827 0.999525 0.000537
vn 0.030822 0.999525 0.000521
vn 0.030832 0.999524 0.000549
vn 0.030827 0.999525 0.000531
vn 0.030826 0.999525 0.000534
vn 0.030830 0.999524 0.000534
vn 0.030827 0.999525 0.000535
vn 0.030826 0.999525 0.000531
vn 0.030827 0.999525 0.000536
vn 0.030829 0.999525 0.000549
vn 0.030818 0.999525 0.000500
vn 0.030827 0.999525 0.000536
vn 0.030828 0.999525 0.000535
vn 0.030827 0.999525 0.000535
vn 0.030827 0.999525 0.000535
vn 0.030825 0.999525 0.000573
vn 0.030827 0.999525 0.000517
vn 0.030827 0.999525 0.000513
vn 0.030828 0.999525 0.000565
vn 0.030823 0.999525 0.000533
vn 0.030824 0.999525 0.000533
vn 0.030864 0.999523 0.000534
vn 0.030826 0.999525 0.000534
vn 0.030820 0.999525 0.000566
vn 0.030837 0.999524 0.000472
vn 0.030827 0.999525 0.000531
vn 0.030819 0.999525 0.000583
vn 0.030825 0.999525 0.000544
vn 0.030834 0.999524 0.000482
vn 0.030822 0.999525 0.000568
vn 0.030825 0.999525 0.000543
vn 0.030831 0.999524 0.000495
vn 0.030820 0.999525 0.000582
vn 0.030835 0.999524 0.000459
vn 0.030824 0.999525 0.000556
vn 0.030827 0.999525 0.000526
vn 0.030857 0.999524 0.000534
vn 0.030823 0.999525 0.000533
vn 0.030798 0.999525 0.000533
vn 0.030791 0.999526 0.000534
vn 0.030876 0.999523 0.000533
vn 0.030822 0.999525 0.000533
vn 0.030834 0.999524 0.000534
vn 0.030776 0.999526 0.000534
vn 0.030827 0.999524 0.000530
vn 0.030825 0.999525 0.000542
vn 0.030826 0.999525 0.000532
vn 0.030831 0.999524 0.000491
vn 0.030825 0.999525 0.000551
vn 0.030826 0.999525 0.000533
vn 0.030876 0.999523 0.000535
vn 0.030822 0.999525 0.000534
vn 0.030797 0.999525 0.000534
vn 0.030854 0.999524 0.000535
vn 0.030832 0.999524 0.000535
vn 0.030787 0.999526 0.000534
vn 0.030847 0.999524 0.000534
vn 0.030865 0.999523 0.000534
vn 0.030837 0.999524 0.000535
vn 0.030807 0.999525 0.000534
vn 0.030828 0.999525 0.000534
vn 0.030825 0.999525 0.000534
vn 0.030810 0.999525 0.000534
vn 0.030802 0.999525 0.000534
vn 0.030830 0.999524 0.000535
vn 0.030839 0.999524 0.000535
vn 0.030776 0.999526 0.000533
vn 0.030826 0.999525 0.000537
vn 0.030814 0.999525 0.000575
vn 0.030837 0.999524 0.000498
vn 0.030834 0.999524 0.000510
vn 0.030826 0.999525 0.000541
vn 0.030825 0.999525 0.000534
vn 0.030831 0.999524 0.000534
vn 0.030830 0.999525 0.000528
vn 0.030804 0.999525 0.000589
vn 0.030826 0.999525 0.000535
vn 0.030842 0.999524 0.000492
vn 0.030828 0.999525 0.000533
vn 0.030826 0.999525 0.000533
vn 0.030828 0.999525 0.000533
vn 0.030825 0.999525 0.000530
vn 0.030849 0.999524 0.000576
vn 0.030827 0.999525 0.000533
vn 0.030827 0.999525 0.000534
vn 0.030833 0.999524 0.000524
vn 0.030818 0.999525 0.000552
vn 0.030827 0.999525 0.000532
vn 0.030823 0.999525 0.000533
vn 0.030830 0.999524 0.000545
vn 0.030826 0.999525 0.000532
vn 0.030830 0.999525 0.000542
vn 0.030834 0.999524 0.000553
vn 0.030810 0.999525 0.000490
vn 0.030832 0.999524 0.000533
vn 0.030825 0.999525 0.000535
vn 0.030827 0.999525 0.000534
vn 0.030822 0.999525 0.000518
vn 0.030828 0.999525 0.000539
vn 0.030828 0.999525 0.000539
vn 0.030823 0.999525 0.000514
vn 0.030826 0.999525 0.000535
vn 0.030827 0.999525 0.000534
vn 0.030825 0.999525 0.000531
vn 0.030833 0.999524 0.000587
vn 0.030827 0.999525 0.000540
vn 0.030826 0.999525 0.000523
vn 0.030827 0.999525 0.000535
vn 0.030826 0.999525 0.000531
vn 0.030826 0.999525 0.000534
vn 0.030826 0.999525 0.000534
vn 0.030826 0.999525 0.000539
vn 0.030828 0.999525 0.000540
vn 0.030828 0.999525 0.000535
vn 0.030827 0.999525 0.000541
vn 0.030830 0.999525 0.000494
vn 0.030822 0.999525 0.000535
vn 0.030823 0.999525 0.000534
vn 0.030827 0.999525 0.000533
vn 0.030829 0.999525 0.000520
vn 0.030829 0.999525 0.000520
vn 0.030819 0.999525 0.000576
vn 0.030835 0.999524 0.000499
vn 0.030823 0.999525 0.000550
vn 0.030829 0.999525 0.000533
vn 0.030826 0.999525 0.000534
vn 0.030827 0.999525 0.000534
vn 0.030828 0.999525 0.000530
vn 0.030824 0.999525 0.000541
vn 0.030837 0.999524 0.000509
vn 0.030830 0.999524 0.000533
vn 0.030831 0.999524 0.000533
vn 0.030825 0.999525 0.000536
vn 0.030827 0.999525 0.000533
vn 0.030825 0.999525 0.000535
vn 0.030826 0.999525 0.000534
vn 0.030825 0.999525 0.000536
vn 0.030825 0.999525 0.000537
vn 0.030828 0.999524 0.000534
vn 0.030827 0.999525 0.000534
vn 0.030828 0.999525 0.000530
vn 0.030826 0.999525 0.000533
vn 0.030828 0.999525 0.000533
vn 0.030824 0.999525 0.000535
vn 0.030826 0.999525 0.000536
vn 0.030826 0.999525 0.000536
vn 0.030825 0.999525 0.000533
vn 0.030824 0.999525 0.000534
vn 0.030829 0.999525 0.000530
vn 0.030828 0.999525 0.000531
vn 0.030826 0.999525 0.000533
vn 0.030826 0.999525 0.000533
vn 0.030824 0.999525 0.000538
vn 0.030827 0.999525 0.000533
vn 0.030829 0.999525 0.000531
vn 0.030828 0.999525 0.000533
vn 0.030824 0.999525 0.000537
vn 0.030826 0.999525 0.000535
vn 0.030825 0.999525 0.000534
vn 0.030822 0.999525 0.000538
vn 0.030828 0.999525 0.000532
vn 0.030827 0.999525 0.000533
vn 0.030825 0.999525 0.000536
vn 0.030826 0.999525 0.000535
vn 0.030825 0.999525 0.000535
vn 0.030825 0.999525 0.000536
vn 0.030829 0.999525 0.000532
vn 0.030826 0.999525 0.000534
vn 0.030831 0.999524 0.000529
vn 0.030826 0.999525 0.000529
vn 0.030840 0.999524 0.001063
vn 0.030824 0.999525 0.000460
vn 0.030828 0.999525 0.000583
vn 0.030829 0.999524 0.000638
vn 0.030821 0.999525 0.000363
vn 0.030829 0.999524 0.000621
vn 0.030822 0.999525 0.000388
vn 0.030827 0.999525 0.000552
vn 0.030831 0.999524 0.000658
vn 0.030822 0.999525 0.000419
vn 0.030830 0.999525 0.000612
vn 0.030825 0.999525 0.000497
vn 0.030824 0.999525 0.000487
vn 0.030828 0.999525 0.000567
vn 0.030831 0.999524 0.000610
vn 0.030825 0.999525 0.000511
vn 0.030823 0.999525 0.000483
vn 0.030825 0.999525 0.000519
vn 0.030741 0.999525 0.002257
vn 0.030863 0.999524 -0.000198
vn 0.030805 0.999525 0.000959
vn 0.030843 0.999524 0.000215
vn 0.030828 0.999525 0.000495
vn 0.030817 0.999525 0.000710
vn 0.030834 0.999524 0.000397
vn 0.030822 0.999525 0.000603
vn 0.030823 0.999525 0.000596
vn 0.030832 0.999524 0.000450
vn 0.030828 0.999525 0.000506
vn 0.030823 0.999525 0.000579
vn 0.030826 0.999525 0.000532
vn 0.030827 0.999525 0.000524
vn 0.030825 0.999525 0.000549
vn 0.030821 0.999525 0.000595
vn 0.030833 0.999524 0.000463
vn 0.030822 0.999525 0.000585
vn 0.030827 0.999525 0.000529
vn 0.030826 0.999525 0.000528
vn 0.030841 0.999524 0.001084
vn 0.030824 0.999525 0.000460
vn 0.030828 0.999525 0.000596
vn 0.030819 0.999525 0.000283
vn 0.030830 0.999524 0.000646
vn 0.030829 0.999525 0.000628
vn 0.030821 0.999525 0.000381
vn 0.030827 0.999525 0.000547
vn 0.030831 0.999524 0.000664
vn 0.030821 0.999525 0.000415
vn 0.030830 0.999524 0.000616
vn 0.030825 0.999525 0.000497
vn 0.030824 0.999525 0.000487
vn 0.030828 0.999525 0.000563
vn 0.030825 0.999525 0.000502
vn 0.030832 0.999524 0.000616
vn 0.030823 0.999525 0.000480
vn 0.030826 0.999525 0.000522
vn 0.030741 0.999525 0.002256
vn 0.030861 0.999524 -0.000169
vn 0.030805 0.999525 0.000959
vn 0.030843 0.999524 0.000215
vn 0.030828 0.999525 0.000506
vn 0.030817 0.999525 0.000702
vn 0.030834 0.999524 0.000397
vn 0.030822 0.999525 0.000603
vn 0.030823 0.999525 0.000596
vn 0.030832 0.999524 0.000450
vn 0.030828 0.999525 0.000501
vn 0.030823 0.999525 0.000583
vn 0.030826 0.999525 0.000532
vn 0.030827 0.999525 0.000528
vn 0.030825 0.999525 0.000546
vn 0.030830 0.999525 0.000484
vn 0.030823 0.999525 0.000572
vn 0.030822 0.999525 0.000579
vn 0.030826 0.999525 0.000535
vn 0.011967 0.000165 -0.999928
vn 0.011967 0.000165 -0.999928
vn -0.998844 0.030825 -0.036882
vn -0.998844 0.030825 -0.036882
vn -0.995764 0.030757 -0.086646
vn -0.995764 0.030757 -0.086649
vn -0.990209 0.030612 -0.136197
vn -0.982191 0.030391 -0.185410
vn -0.990209 0.030612 -0.136197
vn -0.982191 0.030391 -0.185410
vn -0.971732 0.030094 -0.234162
vn -0.971732 0.030094 -0.234162
vn -0.958856 0.029723 -0.282331
vn -0.958856 0.029723 -0.282331
vn -0.943597 0.029278 -0.329800
vn -0.925993 0.028760 -0.376445
vn -0.943598 0.029278 -0.329797
vn -0.925993 0.028760 -0.376444
vn -0.906086 0.028170 -0.422154
vn -0.906086 0.028170 -0.422154
vn -0.883925 0.027511 -0.466819
vn -0.883924 0.027511 -0.466820
vn -0.859569 0.026783 -0.510318
vn -0.833076 0.025988 -0.552548
vn -0.859570 0.026783 -0.510316
vn -0.833075 0.025988 -0.552550
vn -0.804506 0.025129 -0.593412
vn -0.804506 0.025129 -0.593412
vn -0.773944 0.024207 -0.632792
vn -0.773945 0.024207 -0.632789
vn -0.741454 0.023225 -0.670601
vn -0.741453 0.023225 -0.670603
vn -0.707117 0.022186 -0.706748
vn -0.707120 0.022186 -0.706745
vn -0.671028 0.021091 -0.741132
vn -0.671028 0.021091 -0.741132
vn -0.633271 0.019944 -0.773673
vn -0.633273 0.019944 -0.773671
vn -0.593935 0.018747 -0.804294
vn -0.593933 0.018747 -0.804296
vn -0.553125 0.017504 -0.832914
vn -0.553122 0.017504 -0.832916
vn -0.510938 0.016217 -0.859464
vn -0.510939 0.016217 -0.859464
vn -0.467482 0.014890 -0.883877
vn -0.467485 0.014890 -0.883876
vn -0.422866 0.013526 -0.906091
vn -0.422866 0.013526 -0.906091
vn -0.377194 0.012128 -0.926055
vn -0.330589 0.010700 -0.943714
vn -0.377196 0.012128 -0.926054
vn -0.330589 0.010700 -0.943714
vn -0.283160 0.009245 -0.959028
vn -0.283156 0.009245 -0.959029
vn -0.235024 0.007767 -0.971958
vn -0.235024 0.007767 -0.971958
vn -0.186309 0.006271 -0.982471
vn -0.186310 0.006271 -0.982471
vn -0.137128 0.004758 -0.990542
vn -0.137131 0.004758 -0.990542
vn -0.087606 0.003234 -0.996150
vn -0.087603 0.003234 -0.996150
vn -0.037868 0.001702 -0.999281
vn -0.037868 0.001702 -0.999281
vn 0.011968 0.000165 -0.999928
vn 0.011965 0.000165 -0.999928
vn 0.061769 -0.001372 -0.998090
vn 0.061772 -0.001372 -0.998089
vn 0.111420 -0.002906 -0.993769
vn 0.111420 -0.002906 -0.993769
vn 0.160796 -0.004432 -0.986978
vn 0.160793 -0.004432 -0.986978
vn 0.209765 -0.005947 -0.977734
vn 0.209768 -0.005947 -0.977733
vn 0.258220 -0.007448 -0.966057
vn 0.258220 -0.007448 -0.966057
vn 0.306028 -0.008930 -0.951981
vn 0.306028 -0.008930 -0.951981
vn 0.353079 -0.010390 -0.935536
vn 0.353081 -0.010390 -0.935535
vn 0.399250 -0.011824 -0.916766
vn 0.399247 -0.011824 -0.916767
vn 0.444427 -0.013228 -0.895717
vn 0.444430 -0.013228 -0.895716
vn 0.488502 -0.014600 -0.872441
vn 0.488501 -0.014600 -0.872441
vn 0.531361 -0.015935 -0.846996
vn 0.531361 -0.015935 -0.846996
vn 0.572902 -0.017231 -0.819443
vn 0.572900 -0.017231 -0.819444
vn 0.613013 -0.018484 -0.789856
vn 0.613013 -0.018484 -0.789856
vn 0.651602 -0.019691 -0.758306
vn 0.651603 -0.019691 -0.758304
vn 0.688572 -0.020849 -0.724868
vn 0.688571 -0.020849 -0.724869
vn 0.723830 -0.021955 -0.689629
vn 0.723830 -0.021955 -0.689629
vn 0.757289 -0.023007 -0.652675
vn 0.757292 -0.023007 -0.652672
vn 0.788864 -0.024002 -0.614098
vn 0.788868 -0.024001 -0.614094
vn 0.818476 -0.024936 -0.573999
vn 0.818480 -0.024936 -0.573994
vn 0.846062 -0.025809 -0.532460
vn 0.846059 -0.025809 -0.532465
vn 0.871535 -0.026617 -0.489609
vn 0.894844 -0.027360 -0.445540
vn 0.871535 -0.026617 -0.489609
vn 0.894847 -0.027360 -0.445534
vn 0.915928 -0.028035 -0.400362
vn 0.934736 -0.028639 -0.354186
vn 0.915928 -0.028035 -0.400362
vn 0.934736 -0.028639 -0.354186
vn 0.951222 -0.029173 -0.307126
vn 0.951221 -0.029173 -0.307127
vn 0.965339 -0.029634 -0.259313
vn 0.977058 -0.030021 -0.210847
vn 0.965339 -0.029634 -0.259313
vn 0.977058 -0.030021 -0.210848
vn 0.986347 -0.030334 -0.161861
vn 0.986347 -0.030334 -0.161861
vn 0.993184 -0.030571 -0.112474
vn 0.993184 -0.030571 -0.112474
vn 0.997553 -0.030732 -0.062804
vn 0.997553 -0.030732 -0.062804
vn 0.999441 -0.030817 -0.012972
vn 0.999441 -0.030817 -0.012972
vn 0.998844 -0.030825 0.036872
vn 0.998844 -0.030825 0.036879
vn 0.995764 -0.030756 0.086652
vn 0.995764 -0.030757 0.086646
vn 0.990208 -0.030612 0.136200
vn 0.990208 -0.030612 0.136200
vn 0.982192 -0.030391 0.185407
vn 0.982192 -0.030391 0.185406
vn 0.971732 -0.030094 0.234162
vn 0.971732 -0.030094 0.234162
vn 0.958857 -0.029723 0.282331
vn 0.958857 -0.029723 0.282331
vn 0.943598 -0.029278 0.329797
vn 0.943598 -0.029278 0.329797
vn 0.925993 -0.028760 0.376445
vn 0.925993 -0.028760 0.376445
vn 0.906085 -0.028170 0.422158
vn 0.906085 -0.028170 0.422158
vn 0.883928 -0.027511 0.466814
vn 0.883928 -0.027511 0.466814
vn 0.859570 -0.026783 0.510316
vn 0.859567 -0.026782 0.510321
vn 0.833072 -0.025988 0.552553
vn 0.833075 -0.025988 0.552549
vn 0.804509 -0.025129 0.593409
vn 0.804509 -0.025129 0.593409
vn 0.773943 -0.024207 0.632793
vn 0.773940 -0.024207 0.632796
vn 0.741456 -0.023225 0.670599
vn 0.741453 -0.023226 0.670602
vn 0.707121 -0.022186 0.706744
vn 0.707118 -0.022186 0.706747
vn 0.671028 -0.021091 0.741132
vn 0.671028 -0.021091 0.741132
vn 0.633267 -0.019944 0.773676
vn 0.633267 -0.019944 0.773676
vn 0.593939 -0.018747 0.804292
vn 0.593935 -0.018747 0.804294
vn 0.553122 -0.017504 0.832917
vn 0.553125 -0.017504 0.832915
vn 0.510939 -0.016217 0.859464
vn 0.467484 -0.014890 0.883876
vn 0.510937 -0.016217 0.859465
vn 0.467487 -0.014890 0.883875
vn 0.422867 -0.013526 0.906091
vn 0.377192 -0.012128 0.926056
vn 0.422864 -0.013526 0.906092
vn 0.377192 -0.012128 0.926056
vn 0.330591 -0.010700 0.943714
vn 0.330591 -0.010700 0.943714
vn 0.283160 -0.009245 0.959028
vn 0.283160 -0.009245 0.959028
vn 0.235024 -0.007768 0.971959
vn 0.235024 -0.007768 0.971959
vn 0.186308 -0.006271 0.982471
vn 0.186308 -0.006271 0.982471
vn 0.137129 -0.004758 0.990542
vn 0.137129 -0.004758 0.990542
vn 0.087606 -0.003234 0.996150
vn 0.087606 -0.003234 0.996150
vn 0.037868 -0.001702 0.999281
vn 0.037868 -0.001702 0.999281
vn -0.011967 -0.000165 0.999928
vn -0.011967 -0.000165 0.999928
vn -0.061771 0.001372 0.998089
vn -0.061771 0.001372 0.998089
vn -0.111420 0.002905 0.993769
vn -0.111419 0.002905 0.993769
vn -0.160795 0.004432 0.986978
vn -0.160796 0.004432 0.986978
vn -0.209768 0.005947 0.977733
vn -0.209767 0.005947 0.977733
vn -0.258218 0.007448 0.966058
vn -0.258216 0.007448 0.966059
vn -0.306030 0.008930 0.951980
vn -0.306030 0.008930 0.951980
vn -0.353079 0.010390 0.935536
vn -0.399246 0.011824 0.916768
vn -0.353079 0.010390 0.935536
vn -0.399248 0.011823 0.916767
vn -0.444431 0.013228 0.895716
vn -0.444428 0.013228 0.895717
vn -0.488501 0.014600 0.872441
vn -0.531361 0.015935 0.846995
vn -0.488501 0.014600 0.872441
vn -0.531361 0.015935 0.846995
vn -0.572900 0.017231 0.819444
vn -0.613013 0.018484 0.789856
vn -0.572900 0.017231 0.819444
vn -0.613013 0.018484 0.789856
vn -0.651601 0.019691 0.758306
vn -0.688573 0.020849 0.724867
vn -0.651601 0.019691 0.758306
vn -0.723831 0.021955 0.689628
vn -0.688573 0.020849 0.724867
vn -0.723831 0.021955 0.689628
vn -0.757289 0.023007 0.652675
vn -0.757289 0.023007 0.652675
vn -0.788867 0.024002 0.614095
vn -0.788867 0.024002 0.614095
vn -0.818476 0.024936 0.573999
vn -0.818479 0.024936 0.573995
vn -0.846059 0.025809 0.532465
vn -0.846062 0.025809 0.532460
vn -0.871536 0.026618 0.489609
vn -0.871536 0.026618 0.489609
vn -0.894844 0.027360 0.445539
vn -0.894844 0.027360 0.445539
vn -0.915929 0.028035 0.400360
vn -0.915929 0.028035 0.400360
vn -0.934736 0.028639 0.354186
vn -0.951219 0.029173 0.307132
vn -0.934736 0.028639 0.354186
vn -0.951220 0.029173 0.307130
vn -0.965339 0.029633 0.259313
vn -0.965339 0.029634 0.259313
vn -0.977058 0.030021 0.210848
vn -0.977057 0.030021 0.210851
vn -0.986347 0.030334 0.161861
vn -0.993185 0.030571 0.112471
vn -0.986347 0.030334 0.161861
vn -0.993185 0.030571 0.112471
vn -0.997553 0.030732 0.062804
vn -0.999441 0.030817 0.012976
vn -0.997553 0.030732 0.062801
vn -0.999441 0.030817 0.012979
vn 0.998844 -0.030825 0.036886
vn 0.995760 -0.030756 0.086693
vn 0.998841 -0.030825 0.036969
vn 0.990213 -0.030612 0.136166
vn 0.995767 -0.030757 0.086610
vn 0.990213 -0.030612 0.136166
vn 0.982193 -0.030391 0.185398
vn 0.982193 -0.030391 0.185400
vn 0.971717 -0.030094 0.234225
vn 0.958861 -0.029723 0.282314
vn 0.971716 -0.030094 0.234226
vn 0.958862 -0.029723 0.282312
vn 0.943587 -0.029278 0.329829
vn 0.926022 -0.028761 0.376373
vn 0.943586 -0.029278 0.329830
vn 0.926019 -0.028761 0.376380
vn 0.906075 -0.028170 0.422178
vn 0.906079 -0.028170 0.422170
vn 0.883923 -0.027511 0.466822
vn 0.883923 -0.027511 0.466823
vn 0.859556 -0.026782 0.510340
vn 0.859554 -0.026782 0.510342
vn 0.833103 -0.025989 0.552506
vn 0.833066 -0.025988 0.552563
vn 0.804483 -0.025128 0.593444
vn 0.804522 -0.025129 0.593391
vn 0.773970 -0.024208 0.632759
vn 0.773970 -0.024208 0.632759
vn 0.741397 -0.023224 0.670664
vn 0.707147 -0.022187 0.706719
vn 0.741397 -0.023224 0.670665
vn 0.707147 -0.022187 0.706718
vn 0.671051 -0.021092 0.741111
vn 0.633242 -0.019943 0.773697
vn 0.671051 -0.021092 0.741111
vn 0.633230 -0.019943 0.773707
vn 0.593934 -0.018747 0.804295
vn 0.593948 -0.018748 0.804285
vn 0.553147 -0.017505 0.832900
vn 0.553147 -0.017505 0.832900
vn 0.510942 -0.016217 0.859462
vn 0.467486 -0.014890 0.883875
vn 0.510941 -0.016217 0.859463
vn 0.467486 -0.014890 0.883875
vn 0.422854 -0.013525 0.906097
vn 0.422855 -0.013525 0.906097
vn 0.377209 -0.012128 0.926049
vn 0.330574 -0.010699 0.943719
vn 0.377180 -0.012127 0.926060
vn 0.330599 -0.010700 0.943711
vn 0.283151 -0.009245 0.959031
vn 0.235016 -0.007767 0.971960
vn 0.283152 -0.009245 0.959031
vn 0.235016 -0.007767 0.971960
vn 0.186312 -0.006271 0.982471
vn 0.137143 -0.004759 0.990540
vn 0.186312 -0.006271 0.982471
vn 0.087608 -0.003234 0.996150
vn 0.137132 -0.004758 0.990541
vn 0.087607 -0.003234 0.996150
vn 0.037852 -0.001701 0.999282
vn -0.011966 -0.000165 0.999928
vn 0.037855 -0.001701 0.999282
vn -0.061762 0.001372 0.998090
vn -0.011966 -0.000165 0.999928
vn -0.061762 0.001372 0.998090
vn -0.111415 0.002905 0.993770
vn -0.160801 0.004432 0.986977
vn -0.111415 0.002905 0.993770
vn -0.209753 0.005947 0.977736
vn -0.160801 0.004432 0.986977
vn -0.258226 0.007448 0.966056
vn -0.209753 0.005947 0.977736
vn -0.258225 0.007448 0.966056
vn -0.306010 0.008929 0.951986
vn -0.306010 0.008929 0.951986
vn -0.353093 0.010390 0.935530
vn -0.353094 0.010390 0.935530
vn -0.399265 0.011824 0.916759
vn -0.399248 0.011824 0.916767
vn -0.444378 0.013227 0.895742
vn -0.444426 0.013228 0.895718
vn -0.488525 0.014600 0.872428
vn -0.488526 0.014600 0.872427
vn -0.531365 0.015935 0.846993
vn -0.531327 0.015934 0.847017
vn -0.572909 0.017231 0.819438
vn -0.572910 0.017231 0.819437
vn -0.613019 0.018484 0.789852
vn -0.613019 0.018484 0.789852
vn -0.651597 0.019691 0.758309
vn -0.651597 0.019691 0.758310
vn -0.688574 0.020849 0.724867
vn -0.688573 0.020849 0.724867
vn -0.723857 0.021956 0.689601
vn -0.723816 0.021955 0.689643
vn -0.757283 0.023007 0.652681
vn -0.757323 0.023008 0.652635
vn -0.788843 0.024001 0.614126
vn -0.818486 0.024936 0.573986
vn -0.788842 0.024001 0.614127
vn -0.818487 0.024937 0.573984
vn -0.846076 0.025809 0.532438
vn -0.846038 0.025808 0.532497
vn -0.871522 0.026617 0.489633
vn -0.871557 0.026618 0.489571
vn -0.894807 0.027359 0.445615
vn -0.894807 0.027359 0.445615
vn -0.915973 0.028036 0.400259
vn -0.915973 0.028036 0.400259
vn -0.934736 0.028639 0.354187
vn -0.934736 0.028639 0.354187
vn -0.951209 0.029172 0.307165
vn -0.965336 0.029634 0.259323
vn -0.951209 0.029172 0.307166
vn -0.965338 0.029634 0.259315
vn -0.977045 0.030021 0.210906
vn -0.977045 0.030021 0.210906
vn -0.986365 0.030334 0.161755
vn -0.986364 0.030334 0.161759
vn -0.993179 0.030571 0.112522
vn -0.993179 0.030571 0.112522
vn -0.997553 0.030732 0.062801
vn -0.997553 0.030732 0.062803
vn -0.999442 0.030817 0.012917
vn -0.999442 0.030817 0.012916
vn -0.998847 0.030825 -0.036806
vn -0.998847 0.030825 -0.036805
vn -0.995760 0.030757 -0.086691
vn -0.995760 0.030757 -0.086691
vn -0.990213 0.030612 -0.136166
vn -0.990202 0.030611 -0.136246
vn -0.982193 0.030391 -0.185401
vn -0.982208 0.030392 -0.185320
vn -0.971735 0.030095 -0.234148
vn -0.971735 0.030095 -0.234148
vn -0.958862 0.029723 -0.282313
vn -0.958839 0.029722 -0.282389
vn -0.943587 0.029277 -0.329829
vn -0.943587 0.029277 -0.329829
vn -0.925990 0.028759 -0.376451
vn -0.925990 0.028759 -0.376450
vn -0.906111 0.028171 -0.422102
vn -0.906141 0.028172 -0.422036
vn -0.883889 0.027510 -0.466887
vn -0.883890 0.027510 -0.466886
vn -0.859591 0.026783 -0.510280
vn -0.859550 0.026782 -0.510349
vn -0.833065 0.025988 -0.552564
vn -0.833108 0.025989 -0.552499
vn -0.804522 0.025129 -0.593391
vn -0.804522 0.025129 -0.593391
vn -0.773890 0.024206 -0.632857
vn -0.773890 0.024206 -0.632857
vn -0.741478 0.023226 -0.670575
vn -0.741478 0.023226 -0.670575
vn -0.707147 0.022187 -0.706718
vn -0.707097 0.022185 -0.706768
vn -0.671010 0.021090 -0.741148
vn -0.671050 0.021092 -0.741112
vn -0.633270 0.019944 -0.773674
vn -0.633282 0.019944 -0.773664
vn -0.593909 0.018747 -0.804314
vn -0.593909 0.018747 -0.804314
vn -0.553147 0.017505 -0.832900
vn -0.553147 0.017505 -0.832900
vn -0.510906 0.016216 -0.859484
vn -0.510941 0.016217 -0.859463
vn -0.467520 0.014891 -0.883857
vn -0.467486 0.014890 -0.883875
vn -0.422854 0.013525 -0.906097
vn -0.377209 0.012128 -0.926049
vn -0.422854 0.013525 -0.906097
vn -0.377209 0.012128 -0.926049
vn -0.330574 0.010699 -0.943719
vn -0.330574 0.010699 -0.943720
vn -0.283152 0.009245 -0.959031
vn -0.283151 0.009245 -0.959031
vn -0.235035 0.007768 -0.971956
vn -0.235035 0.007768 -0.971956
vn -0.186297 0.006270 -0.982473
vn -0.186297 0.006270 -0.982473
vn -0.137143 0.004759 -0.990540
vn -0.137143 0.004759 -0.990540
vn -0.087607 0.003234 -0.996150
vn -0.087587 0.003233 -0.996152
vn -0.037849 0.001701 -0.999282
vn -0.037870 0.001702 -0.999281
vn 0.011966 0.000165 -0.999928
vn 0.011966 0.000165 -0.999928
vn 0.061767 -0.001372 -0.998090
vn 0.061767 -0.001372 -0.998090
vn 0.111415 -0.002905 -0.993770
vn 0.111415 -0.002905 -0.993770
vn 0.160814 -0.004432 -0.986975
vn 0.160814 -0.004432 -0.986975
vn 0.209757 -0.005947 -0.977736
vn 0.258225 -0.007448 -0.966056
vn 0.209737 -0.005946 -0.977740
vn 0.306034 -0.008930 -0.951979
vn 0.258244 -0.007448 -0.966051
vn 0.306034 -0.008930 -0.951979
vn 0.353049 -0.010389 -0.935547
vn 0.353049 -0.010389 -0.935547
vn 0.399235 -0.011823 -0.916772
vn 0.444442 -0.013229 -0.895710
vn 0.399235 -0.011823 -0.916772
vn 0.444443 -0.013229 -0.895710
vn 0.488491 -0.014600 -0.872447
vn 0.531364 -0.015935 -0.846994
vn 0.488490 -0.014600 -0.872447
vn 0.572923 -0.017232 -0.819428
vn 0.531364 -0.015935 -0.846994
vn 0.572923 -0.017232 -0.819428
vn 0.613019 -0.018484 -0.789852
vn 0.651545 -0.019689 -0.758355
vn 0.613019 -0.018484 -0.789852
vn 0.651586 -0.019690 -0.758320
vn 0.688626 -0.020851 -0.724817
vn 0.688574 -0.020849 -0.724867
vn 0.723846 -0.021956 -0.689612
vn 0.723857 -0.021956 -0.689601
vn 0.757241 -0.023006 -0.652730
vn 0.757243 -0.023006 -0.652728
vn 0.788883 -0.024002 -0.614075
vn 0.788883 -0.024002 -0.614075
vn 0.818487 -0.024937 -0.573984
vn 0.818487 -0.024937 -0.573984
vn 0.846075 -0.025810 -0.532439
vn 0.846075 -0.025810 -0.532439
vn 0.871522 -0.026617 -0.489633
vn 0.871522 -0.026617 -0.489633
vn 0.894839 -0.027360 -0.445549
vn 0.894839 -0.027360 -0.445549
vn 0.915913 -0.028034 -0.400396
vn 0.915913 -0.028034 -0.400397
vn 0.934763 -0.028640 -0.354116
vn 0.934763 -0.028640 -0.354115
vn 0.951209 -0.029172 -0.307165
vn 0.951209 -0.029172 -0.307166
vn 0.965337 -0.029634 -0.259318
vn 0.965338 -0.029634 -0.259315
vn 0.977062 -0.030021 -0.210828
vn 0.977062 -0.030021 -0.210828
vn 0.986338 -0.030333 -0.161917
vn 0.986338 -0.030333 -0.161919
vn 0.993197 -0.030571 -0.112361
vn 0.993197 -0.030571 -0.112361
vn 0.997548 -0.030732 -0.062881
vn 0.999440 -0.030817 -0.013000
vn 0.997548 -0.030732 -0.062881
vn 0.999440 -0.030817 -0.012998
vn -0.946765 0.029371 -0.320583
vn -0.946765 0.029371 -0.320583
vn -0.929836 0.028873 -0.366839
vn -0.929836 0.028873 -0.366840
vn -0.910647 0.028306 -0.412215
vn -0.910644 0.028305 -0.412220
vn -0.889249 0.027669 -0.456586
vn -0.889252 0.027670 -0.456580
vn -0.865690 0.026966 -0.499853
vn -0.865691 0.026966 -0.499853
vn -0.840029 0.026197 -0.541908
vn -0.840029 0.026197 -0.541908
vn -0.812338 0.025365 -0.582635
vn -0.812338 0.025365 -0.582635
vn -0.782672 0.024471 -0.621953
vn -0.782672 0.024471 -0.621953
vn -0.751095 0.023517 -0.659775
vn -0.751095 0.023517 -0.659775
vn -0.717714 0.022507 -0.695974
vn -0.717715 0.022507 -0.695974
vn -0.682573 0.021442 -0.730503
vn -0.682577 0.021441 -0.730499
vn -0.645782 0.020324 -0.763251
vn -0.645787 0.020325 -0.763247
vn -0.607432 0.019158 -0.794141
vn -0.607432 0.019158 -0.794141
vn -0.567601 0.017945 -0.823108
vn -0.567601 0.017945 -0.823108
vn -0.526390 0.016689 -0.850080
vn -0.526390 0.016689 -0.850080
vn -0.483902 0.015392 -0.874987
vn -0.483902 0.015392 -0.874987
vn -0.440245 0.014057 -0.897768
vn -0.395512 0.012689 -0.918373
vn -0.440245 0.014057 -0.897768
vn -0.395512 0.012689 -0.918373
vn -0.349821 0.011289 -0.936749
vn -0.349821 0.011289 -0.936749
vn -0.303284 0.009863 -0.952849
vn -0.303285 0.009863 -0.952849
vn -0.256008 0.008412 -0.966638
vn -0.256008 0.008412 -0.966638
vn -0.208113 0.006941 -0.978080
vn -0.159709 0.005453 -0.987149
vn -0.208113 0.006941 -0.978080
vn -0.159711 0.005453 -0.987149
vn -0.110923 0.003952 -0.993821
vn -0.110925 0.003952 -0.993821
vn -0.061863 0.002441 -0.998082
vn -0.061864 0.002441 -0.998082
vn -0.012658 0.000925 -0.999919
vn -0.012658 0.000925 -0.999919
vn 0.036584 -0.000594 -0.999330
vn 0.036584 -0.000594 -0.999330
vn 0.085732 -0.002112 -0.996316
vn 0.085732 -0.002112 -0.996316
vn 0.134675 -0.003624 -0.990883
vn 0.134675 -0.003624 -0.990883
vn 0.183290 -0.005128 -0.983045
vn 0.183290 -0.005128 -0.983046
vn 0.231460 -0.006619 -0.972822
vn 0.231460 -0.006619 -0.972822
vn 0.279069 -0.008094 -0.960237
vn 0.279069 -0.008094 -0.960237
vn 0.326001 -0.009549 -0.945321
vn 0.326001 -0.009549 -0.945321
vn 0.372140 -0.010981 -0.928112
vn 0.372140 -0.010981 -0.928111
vn 0.417377 -0.012387 -0.908649
vn 0.417377 -0.012387 -0.908649
vn 0.461602 -0.013763 -0.886980
vn 0.461602 -0.013763 -0.886980
vn 0.504701 -0.015104 -0.863162
vn 0.504701 -0.015105 -0.863162
vn 0.546586 -0.016410 -0.837242
vn 0.546582 -0.016410 -0.837245
vn 0.587135 -0.017675 -0.809296
vn 0.587138 -0.017676 -0.809294
vn 0.626260 -0.018898 -0.779385
vn 0.626261 -0.018898 -0.779385
vn 0.663867 -0.020075 -0.747581
vn 0.663867 -0.020075 -0.747582
vn 0.699865 -0.021203 -0.713960
vn 0.699865 -0.021203 -0.713960
vn 0.734161 -0.022280 -0.678610
vn 0.734161 -0.022280 -0.678610
vn 0.766673 -0.023302 -0.641614
vn 0.766673 -0.023302 -0.641614
vn 0.797328 -0.024268 -0.603058
vn 0.797332 -0.024268 -0.603053
vn 0.826051 -0.025175 -0.563033
vn 0.826047 -0.025176 -0.563038
vn 0.877404 -0.026804 -0.479003
vn 0.852762 -0.026022 -0.521650
vn 0.852763 -0.026022 -0.521650
vn 0.877404 -0.026804 -0.479003
vn 0.899922 -0.027522 -0.435181
vn 0.899922 -0.027522 -0.435181
vn 0.920248 -0.028173 -0.390320
vn 0.920248 -0.028173 -0.390320
vn 0.938350 -0.028756 -0.344490
vn 0.938350 -0.028756 -0.344490
vn 0.954165 -0.029269 -0.297847
vn 0.954165 -0.029269 -0.297847
vn -0.961352 0.029795 -0.273707
vn -0.961351 0.029795 -0.273708
vn -0.973589 0.030147 -0.226307
vn -0.983508 0.030427 -0.178286
vn -0.973603 0.030148 -0.226247
vn -0.983497 0.030428 -0.178346
vn -0.991039 0.030634 -0.130015
vn -0.996214 0.030768 -0.081309
vn -0.991039 0.030634 -0.130016
vn -0.996214 0.030768 -0.081307
vn -0.998999 0.030828 -0.032414
vn -0.998999 0.030828 -0.032413
vn -0.999388 0.030814 0.016543
vn -0.999388 0.030814 0.016544
vn -0.997379 0.030725 0.065500
vn -0.997379 0.030725 0.065500
vn -0.992987 0.030564 0.114207
vn -0.986215 0.030329 0.162668
vn -0.992987 0.030564 0.114207
vn -0.986215 0.030329 0.162668
vn -0.977066 0.030021 0.210809
vn -0.965585 0.029642 0.258393
vn -0.977066 0.030021 0.210809
vn -0.965585 0.029642 0.258393
vn -0.951791 0.029191 0.305355
vn -0.935702 0.028670 0.351625
vn -0.951790 0.029191 0.305357
vn -0.917397 0.028082 0.396982
vn -0.935702 0.028670 0.351623
vn -0.917396 0.028082 0.396983
vn -0.896876 0.027425 0.441431
vn -0.874197 0.026702 0.484836
vn -0.896876 0.027425 0.441431
vn -0.874198 0.026702 0.484836
vn -0.849430 0.025916 0.527065
vn -0.822660 0.025068 0.567980
vn -0.849430 0.025916 0.527065
vn -0.822660 0.025068 0.567980
vn -0.793854 0.024159 0.607628
vn -0.793854 0.024159 0.607628
vn -0.763200 0.023193 0.645746
vn -0.763200 0.023193 0.645746
vn -0.730689 0.022171 0.682350
vn -0.730696 0.022171 0.682343
vn -0.696422 0.021095 0.717322
vn -0.660533 0.019971 0.750531
vn -0.696415 0.021095 0.717329
vn -0.660533 0.019971 0.750531
vn -0.623001 0.018796 0.781995
vn -0.623001 0.018796 0.781995
vn -0.583992 0.017577 0.811569
vn -0.543597 0.016317 0.839187
vn -0.583992 0.017577 0.811569
vn -0.501917 0.015018 0.864786
vn -0.543597 0.016317 0.839188
vn -0.501917 0.015018 0.864786
vn -0.459003 0.013682 0.888330
vn -0.414981 0.012313 0.909747
vn -0.459003 0.013682 0.888329
vn -0.414994 0.012313 0.909741
vn -0.369979 0.010914 0.928976
vn -0.369966 0.010914 0.928981
vn -0.324104 0.009490 0.945974
vn -0.324124 0.009491 0.945967
vn -0.277425 0.008043 0.960713
vn -0.277456 0.008044 0.960705
vn -0.230110 0.006577 0.973142
vn -0.230081 0.006576 0.973149
vn -0.182240 0.005095 0.983241
vn -0.182228 0.005095 0.983243
vn -0.133912 0.003601 0.990987
vn -0.133912 0.003601 0.990987
vn -0.085267 0.002097 0.996356
vn -0.085267 0.002097 0.996356
vn -0.036434 0.000590 0.999336
vn -0.036434 0.000590 0.999336
vn 0.967634 -0.029709 -0.250601
vn 0.967634 -0.029709 -0.250604
vn 0.978726 -0.030077 -0.202953
vn 0.987488 -0.030373 -0.154742
vn 0.978726 -0.030077 -0.202954
vn 0.987488 -0.030373 -0.154742
vn 0.993871 -0.030595 -0.106225
vn 0.997874 -0.030745 -0.057456
vn 0.993871 -0.030595 -0.106225
vn 0.997874 -0.030745 -0.057456
vn 0.999489 -0.030821 -0.008499
vn 0.999489 -0.030821 -0.008498
vn 0.998706 -0.030823 0.040458
vn 0.998706 -0.030823 0.040459
vn 0.995531 -0.030751 0.089290
vn 0.995531 -0.030751 0.089291
vn 0.989968 -0.030606 0.137935
vn 0.982029 -0.030386 0.186270
vn 0.989968 -0.030606 0.137935
vn 0.982040 -0.030386 0.186211
vn 0.971746 -0.030095 0.234102
vn 0.959136 -0.029731 0.281377
vn 0.971732 -0.030094 0.234160
vn 0.959137 -0.029731 0.281377
vn 0.944193 -0.029295 0.328087
vn 0.927038 -0.028790 0.373861
vn 0.944212 -0.029296 0.328031
vn 0.907622 -0.028216 0.418839
vn 0.927016 -0.028790 0.373915
vn 0.907625 -0.028216 0.418833
vn 0.886066 -0.027575 0.462738
vn 0.862336 -0.026866 0.505624
vn 0.886066 -0.027575 0.462738
vn 0.862332 -0.026865 0.505630
vn 0.836598 -0.026094 0.547195
vn 0.808806 -0.025258 0.587533
vn 0.836598 -0.026094 0.547196
vn 0.808811 -0.025259 0.587527
vn 0.779088 -0.024362 0.626441
vn 0.779119 -0.024364 0.626403
vn 0.747539 -0.023410 0.663805
vn 0.747501 -0.023408 0.663848
vn 0.714138 -0.022399 0.699647
vn 0.714139 -0.022399 0.699646
vn 0.679089 -0.021336 0.733746
vn 0.642356 -0.020220 0.766139
vn 0.679089 -0.021336 0.733746
vn 0.642365 -0.020221 0.766132
vn 0.604101 -0.019057 0.796680
vn 0.604091 -0.019056 0.796687
vn 0.564418 -0.017848 0.825296
vn 0.523363 -0.016596 0.851948
vn 0.564429 -0.017849 0.825288
vn 0.481072 -0.015305 0.876547
vn 0.523351 -0.016596 0.851955
vn 0.481072 -0.015305 0.876547
vn 0.437585 -0.013976 0.899068
vn 0.393114 -0.012615 0.919403
vn 0.437610 -0.013977 0.899056
vn 0.393114 -0.012615 0.919403
vn 0.347646 -0.011223 0.937559
vn 0.347626 -0.011222 0.937566
vn 0.301380 -0.009804 0.953454
vn 0.301362 -0.009804 0.953459
vn 0.254374 -0.008362 0.967070
vn 0.254359 -0.008361 0.967074
vn 0.206744 -0.006899 0.978371
vn 0.206744 -0.006899 0.978371
vn 0.158664 -0.005421 0.987318
vn 0.158664 -0.005421 0.987318
vn 0.110156 -0.003928 0.993907
vn 0.110156 -0.003928 0.993907
vn 0.061387 -0.002426 0.998111
vn 0.061387 -0.002426 0.998111
vn 0.012507 -0.000920 0.999921
vn 0.012506 -0.000920 0.999921
vn -0.011967 -0.000165 0.999928
vn -0.011967 -0.000165 0.999928
f 1//1 2//1 3//1
f 2//2 4//2 3//2
f 4//3 5//3 3//3
f 3//4 5//4 6//4
f 5//5 7//5 6//5
f 6//6 7//6 8//6
f 7//7 9//7 8//7
f 8//8 9//8 10//8
f 9//9 11//9 10//9
f 10//10 11//10 12//10
f 11//11 13//11 12//11
f 12//12 13//12 14//12
f 14//13 13//13 15//13
f 13//14 16//14 15//14
f 16//15 17//15 15//15
f 15//16 17//16 18//16
f 18//17 17//17 19//17
f 17//18 20//18 19//18
f 20//19 21//19 19//19
f 19//20 21//20 22//20
f 22//21 21//21 23//21
f 21//22 24//22 23//22
f 24//23 25//23 23//23
f 23//24 25//24 26//24
f 25//25 27//25 26//25
f 26//26 27//26 28//26
f 28//27 27//27 29//27
f 29//28 30//28 31//28
f 27//29 30//29 29//29
f 30//30 32//30 31//30
f 31//31 33//31 34//31
f 34//32 33//32 35//32
f 32//33 33//33 31//33
f 33//34 36//34 35//34
f 35//35 37//35 38//35
f 36//36 37//36 35//36
f 38//37 39//37 40//37
f 40//38 39//38 41//38
f 37//39 39//39 38//39
f 39//40 42//40 41//40
f 41//41 43//41 44//41
f 44//42 43//42 45//42
f 42//43 43//43 41//43
f 43//44 46//44 45//44
f 45//45 47//45 48//45
f 48//46 47//46 49//46
f 46//47 47//47 45//47
f 47//48 50//48 49//48
f 50//49 51//49 49//49
f 49//50 51//50 52//50
f 51//51 53//51 52//51
f 52//52 53//52 54//52
f 54//53 53//53 55//53
f 53//54 56//54 55//54
f 56//55 57//55 55//55
f 55//56 57//56 58//56
f 58//57 57//57 59//57
f 57//58 60//58 59//58
f 59//59 60//59 61//59
f 60//60 62//60 61//60
f 61//61 62//61 63//61
f 62//62 64//62 63//62
f 64//63 65//63 63//63
f 63//64 65//64 66//64
f 65//65 67//65 66//65
f 66//66 67//66 68//66
f 68//67 67//67 69//67
f 67//68 70//68 69//68
f 69//69 70//69 71//69
f 70//70 72//70 71//70
f 71//71 72//71 73//71
f 72//72 74//72 73//72
f 74//73 75//73 73//73
f 73//74 75//74 76//74
f 75//75 77//75 76//75
f 76//76 77//76 78//76
f 77//77 79//77 78//77
f 78//78 79//78 80//78
f 79//79 81//79 80//79
f 80//80 81//80 82//80
f 81//81 83//81 82//81
f 82//82 83//82 84//82
f 84//83 83//83 85//83
f 83//84 86//84 85//84
f 86//85 87//85 85//85
f 85//86 87//86 88//86
f 87//87 89//87 88//87
f 88//88 89//88 90//88
f 90//89 89//89 91//89
f 89//90 92//90 91//90
f 92//91 93//91 91//91
f 91//92 93//92 94//92
f 94//93 93//93 95//93
f 93//94 96//94 95//94
f 95//95 97//95 98//95
f 96//96 97//96 95//96
f 98//97 99//97 100//97
f 97//98 99//98 98//98
f 100//99 101//99 102//99
f 102//100 101//100 103//100
f 99//101 101//101 100//101
f 103//102 104//102 105//102
f 101//103 104//103 103//103
f 104//104 106//104 105//104
f 107//105 108//105 109//105
f 110//106 107//106 109//106
f 110//107 109//107 111//107
f 112//108 108//108 107//108
f 112//109 113//109 108//109
f 114//110 110//110 111//110
f 114//111 111//111 115//111
f 116//112 113//112 112//112
f 116//113 117//113 113//113
f 118//114 114//114 115//114
f 118//115 115//115 119//115
f 120//116 117//116 116//116
f 120//117 121//117 117//117
f 122//118 118//118 119//118
f 122//119 119//119 123//119
f 124//120 121//120 120//120
f 124//121 125//121 121//121
f 126//122 122//122 123//122
f 126//123 123//123 127//123
f 128//124 129//124 125//124
f 128//125 125//125 124//125
f 130//126 126//126 127//126
f 130//127 127//127 131//127
f 132//128 133//128 129//128
f 132//129 129//129 128//129
f 134//130 130//130 131//130
f 134//131 131//131 135//131
f 136//132 133//132 132//132
f 136//133 137//133 133//133
f 138//134 134//134 135//134
f 138//135 135//135 139//135
f 140//136 137//136 136//136
f 140//137 141//137 137//137
f 142//138 139//138 143//138
f 142//139 138//139 139//139
f 144//140 141//140 140//140
f 144//141 145//141 141//141
f 146//142 142//142 143//142
f 146//143 143//143 147//143
f 148//144 145//144 144//144
f 149//145 145//145 148//145
f 150//146 145//146 149//146
f 150//147 151//147 145//147
f 152//148 151//148 150//148
f 153//149 151//149 152//149
f 154//150 151//150 153//150
f 155//151 147//151 156//151
f 155//152 146//152 147//152
f 157//153 151//153 154//153
f 158//154 151//154 157//154
f 158//155 159//155 151//155
f 160//156 159//156 158//156
f 161//157 159//157 160//157
f 162//158 159//158 161//158
f 163//159 159//159 162//159
f 163//160 164//160 159//160
f 165//161 155//161 156//161
f 165//162 156//162 166//162
f 167//163 164//163 163//163
f 168//164 164//164 167//164
f 169//165 164//165 168//165
f 170//166 164//166 169//166
f 171//167 164//167 170//167
f 171//168 172//168 164//168
f 173//169 165//169 166//169
f 173//170 166//170 174//170
f 175//171 172//171 171//171
f 176//172 172//172 175//172
f 177//173 172//173 176//173
f 178//174 172//174 177//174
f 178//175 179//175 172//175
f 180//176 179//176 178//176
f 181//177 173//177 174//177
f 181//178 174//178 182//178
f 183//179 179//179 180//179
f 184//180 179//180 183//180
f 185//181 179//181 184//181
f 185//182 186//182 179//182
f 187//183 186//183 185//183
f 188//184 186//184 187//184
f 189//185 181//185 182//185
f 189//186 182//186 190//186
f 191//187 189//187 190//187
f 191//188 190//188 192//188
f 193//189 192//189 194//189
f 193//190 191//190 192//190
f 195//191 193//191 194//191
f 195//192 194//192 196//192
f 197//193 195//193 196//193
f 197//194 196//194 198//194
f 199//195 197//195 198//195
f 199//196 198//196 200//196
f 201//197 202//197 203//197
f 204//198 203//198 202//198
f 205//199 202//199 201//199
f 205//200 206//200 202//200
f 207//201 204//201 202//201
f 207//202 202//202 186//202
f 208//203 206//203 205//203
f 209//204 207//204 186//204
f 210//205 206//205 208//205
f 211//206 209//206 186//206
f 211//207 186//207 188//207
f 212//208 206//208 210//208
f 213//209 188//209 214//209
f 213//210 214//210 215//210
f 213//211 211//211 188//211
f 216//212 206//212 212//212
f 216//213 217//213 206//213
f 218//214 213//214 215//214
f 219//215 217//215 216//215
f 220//216 218//216 215//216
f 220//217 215//217 221//217
f 222//218 217//218 219//218
f 223//219 221//219 224//219
f 223//220 220//220 221//220
f 225//221 217//221 222//221
f 226//222 223//222 224//222
f 226//223 224//223 227//223
f 228//224 217//224 225//224
f 229//225 227//225 230//225
f 229//226 226//226 227//226
f 231//227 232//227 217//227
f 231//228 217//228 228//228
f 233//229 229//229 230//229
f 233//230 230//230 234//230
f 235//231 232//231 231//231
f 236//232 234//232 237//232
f 236//233 233//233 234//233
f 238//234 232//234 235//234
f 239//235 236//235 237//235
f 239//236 237//236 240//236
f 241//237 199//237 200//237
f 241//238 200//238 242//238
f 243//239 232//239 238//239
f 244//240 239//240 240//240
f 244//241 240//241 245//241
f 244//242 245//242 246//242
f 247//243 248//243 232//243
f 247//244 232//244 243//244
f 249//245 246//245 250//245
f 249//246 244//246 246//246
f 251//247 248//247 247//247
f 252//248 249//248 250//248
f 253//249 248//249 251//249
f 254//250 248//250 253//250
f 255//251 248//251 254//251
f 256//252 248//252 255//252
f 256//253 257//253 248//253
f 258//254 257//254 256//254
f 106//255 257//255 258//255
f 259//256 242//256 260//256
f 259//257 241//257 242//257
f 104//258 257//258 106//258
f 104//259 261//259 257//259
f 262//260 260//260 263//260
f 262//261 259//261 260//261
f 101//262 261//262 104//262
f 101//263 264//263 261//263
f 265//264 263//264 266//264
f 265//265 262//265 263//265
f 99//266 264//266 101//266
f 99//267 267//267 264//267
f 268//268 266//268 269//268
f 268//269 265//269 266//269
f 97//270 267//270 99//270
f 97//271 270//271 267//271
f 271//272 269//272 272//272
f 271//273 268//273 269//273
f 96//274 270//274 97//274
f 96//275 273//275 270//275
f 274//276 272//276 275//276
f 274//277 271//277 272//277
f 93//278 276//278 273//278
f 93//279 273//279 96//279
f 277//280 274//280 275//280
f 278//281 277//281 275//281
f 92//282 276//282 93//282
f 92//283 279//283 276//283
f 280//284 277//284 278//284
f 281//285 280//285 278//285
f 89//286 282//286 279//286
f 89//287 279//287 92//287
f 283//288 280//288 281//288
f 284//289 250//289 285//289
f 286//290 250//290 284//290
f 287//291 250//291 286//291
f 288//292 250//292 287//292
f 289//293 250//293 288//293
f 290//294 250//294 289//294
f 291//295 250//295 290//295
f 292//296 250//296 291//296
f 293//297 250//297 292//297
f 294//298 250//298 293//298
f 295//299 283//299 281//299
f 296//300 250//300 294//300
f 297//301 250//301 296//301
f 298//302 250//302 297//302
f 298//303 252//303 250//303
f 299//304 252//304 298//304
f 300//305 252//305 299//305
f 301//306 252//306 300//306
f 87//307 282//307 89//307
f 302//308 252//308 301//308
f 303//309 252//309 302//309
f 304//310 283//310 295//310
f 305//311 282//311 87//311
f 306//312 252//312 303//312
f 307//313 252//313 306//313
f 308//314 252//314 307//314
f 309//315 252//315 308//315
f 310//316 252//316 309//316
f 311//317 252//317 310//317
f 312//318 252//318 311//318
f 313//319 304//319 295//319
f 314//320 252//320 312//320
f 86//321 305//321 87//321
f 315//322 304//322 313//322
f 316//323 305//323 86//323
f 317//324 315//324 313//324
f 83//325 316//325 86//325
f 318//326 315//326 317//326
f 319//327 316//327 83//327
f 81//328 319//328 83//328
f 320//329 321//329 318//329
f 320//330 318//330 317//330
f 322//331 319//331 81//331
f 79//332 322//332 81//332
f 323//333 324//333 321//333
f 323//334 321//334 320//334
f 325//335 322//335 79//335
f 77//336 325//336 79//336
f 326//337 327//337 324//337
f 326//338 324//338 323//338
f 328//339 325//339 77//339
f 328//340 77//340 75//340
f 329//341 330//341 327//341
f 329//342 327//342 326//342
f 331//343 75//343 74//343
f 331//344 328//344 75//344
f 332//345 333//345 330//345
f 332//346 330//346 329//346
f 334//347 74//347 72//347
f 334//348 331//348 74//348
f 335//349 336//349 333//349
f 335//350 333//350 332//350
f 337//351 72//351 70//351
f 337//352 334//352 72//352
f 338//353 339//353 336//353
f 338//354 336//354 335//354
f 340//355 337//355 70//355
f 340//356 70//356 67//356
f 341//357 339//357 338//357
f 341//358 342//358 339//358
f 343//359 344//359 345//359
f 343//360 346//360 344//360
f 343//361 347//361 346//361
f 343//362 348//362 347//362
f 343//363 349//363 348//363
f 343//364 350//364 349//364
f 343//365 351//365 350//365
f 343//366 352//366 351//366
f 343//367 353//367 352//367
f 343//368 354//368 353//368
f 343//369 355//369 354//369
f 343//370 356//370 355//370
f 343//371 357//371 356//371
f 358//372 340//372 67//372
f 358//373 67//373 65//373
f 359//374 342//374 341//374
f 359//375 360//375 342//375
f 359//376 361//376 360//376
f 359//377 362//377 361//377
f 363//378 358//378 65//378
f 363//379 65//379 64//379
f 364//380 365//380 362//380
f 364//381 366//381 365//381
f 364//382 367//382 366//382
f 364//383 368//383 367//383
f 364//384 369//384 368//384
f 364//385 362//385 359//385
f 370//386 363//386 64//386
f 370//387 64//387 62//387
f 371//388 369//388 364//388
f 371//389 372//389 369//389
f 371//390 373//390 372//390
f 371//391 374//391 373//391
f 371//392 375//392 374//392
f 376//393 370//393 62//393
f 376//394 62//394 60//394
f 377//395 343//395 378//395
f 377//396 379//396 357//396
f 377//397 380//397 379//397
f 377//398 381//398 380//398
f 377//399 382//399 381//399
f 377//400 383//400 382//400
f 377//401 384//401 383//401
f 377//402 385//402 384//402
f 377//403 386//403 385//403
f 377//404 387//404 386//404
f 377//405 388//405 387//405
f 377//406 389//406 388//406
f 377//407 390//407 389//407
f 377//408 391//408 390//408
f 377//409 357//409 343//409
f 392//410 377//410 378//410
f 393//411 378//411 394//411
f 393//412 392//412 378//412
f 395//413 394//413 396//413
f 395//414 393//414 394//414
f 397//415 398//415 399//415
f 397//416 396//416 398//416
f 397//417 395//417 396//417
f 400//418 401//418 375//418
f 400//419 402//419 401//419
f 400//420 403//420 402//420
f 400//421 404//421 403//421
f 400//422 405//422 404//422
f 400//423 375//423 371//423
f 406//424 397//424 399//424
f 407//425 399//425 408//425
f 407//426 406//426 399//426
f 409//427 407//427 408//427
f 409//428 408//428 410//428
f 411//429 409//429 410//429
f 411//430 410//430 412//430
f 413//431 411//431 412//431
f 413//432 414//432 415//432
f 413//433 412//433 414//433
f 416//434 376//434 60//434
f 416//435 60//435 57//435
f 417//436 413//436 415//436
f 417//437 415//437 418//437
f 419//438 417//438 418//438
f 419//439 418//439 420//439
f 421//440 419//440 420//440
f 422//441 405//441 400//441
f 422//442 423//442 405//442
f 422//443 424//443 423//443
f 422//444 425//444 424//444
f 422//445 426//445 425//445
f 427//446 416//446 57//446
f 427//447 57//447 56//447
f 428//448 429//448 426//448
f 428//449 430//449 429//449
f 428//450 431//450 430//450
f 428//451 432//451 431//451
f 428//452 426//452 422//452
f 433//453 56//453 53//453
f 433//454 427//454 56//454
f 434//455 435//455 436//455
f 434//456 436//456 421//456
f 434//457 421//457 420//457
f 434//458 432//458 428//458
f 434//459 437//459 432//459
f 434//460 420//460 437//460
f 438//461 53//461 51//461
f 438//462 433//462 53//462
f 439//463 440//463 435//463
f 439//464 435//464 434//464
f 439//465 441//465 442//465
f 439//466 442//466 443//466
f 439//467 443//467 440//467
f 444//468 438//468 51//468
f 444//469 51//469 50//469
f 445//470 441//470 439//470
f 445//471 446//471 447//471
f 445//472 447//472 448//472
f 445//473 448//473 449//473
f 445//474 449//474 441//474
f 450//475 444//475 50//475
f 450//476 50//476 47//476
f 451//477 452//477 453//477
f 451//478 453//478 454//478
f 451//479 454//479 455//479
f 451//480 455//480 456//480
f 451//481 456//481 446//481
f 451//482 446//482 445//482
f 457//483 450//483 47//483
f 457//484 47//484 46//484
f 458//485 452//485 451//485
f 458//486 459//486 460//486
f 458//487 460//487 461//487
f 458//488 461//488 462//488
f 458//489 462//489 452//489
f 463//490 46//490 43//490
f 463//491 457//491 46//491
f 464//492 459//492 458//492
f 464//493 465//493 466//493
f 464//494 466//494 467//494
f 464//495 467//495 468//495
f 464//496 468//496 469//496
f 464//497 469//497 459//497
f 470//498 43//498 42//498
f 470//499 463//499 43//499
f 471//500 4//500 2//500
f 471//501 465//501 464//501
f 471//502 2//502 472//502
f 471//503 472//503 465//503
f 473//504 42//504 39//504
f 473//505 470//505 42//505
f 474//506 4//506 471//506
f 474//507 5//507 4//507
f 475//508 39//508 37//508
f 475//509 473//509 39//509
f 476//510 7//510 5//510
f 476//511 5//511 474//511
f 477//512 37//512 36//512
f 477//513 475//513 37//513
f 478//514 9//514 7//514
f 478//515 7//515 476//515
f 479//516 477//516 36//516
f 479//517 36//517 33//517
f 480//518 11//518 9//518
f 480//519 9//519 478//519
f 481//520 33//520 32//520
f 481//521 479//521 33//521
f 482//522 13//522 11//522
f 482//523 11//523 480//523
f 483//524 32//524 30//524
f 483//525 481//525 32//525
f 484//526 16//526 13//526
f 484//527 13//527 482//527
f 485//528 483//528 30//528
f 485//529 30//529 27//529
f 486//530 16//530 484//530
f 486//531 17//531 16//531
f 487//532 485//532 27//532
f 487//533 27//533 25//533
f 488//534 17//534 486//534
f 488//535 20//535 17//535
f 489//536 487//536 25//536
f 489//537 25//537 24//537
f 490//538 20//538 488//538
f 490//539 21//539 20//539
f 491//540 489//540 24//540
f 491//541 21//541 490//541
f 491//542 24//542 21//542
f 377//543 252//543 492//543
f 492//544 252//544 493//544
f 493//545 252//545 494//545
f 494//546 252//546 495//546
f 495//547 252//547 496//547
f 496//548 252//548 497//548
f 497//549 252//549 498//549
f 498//550 252//550 499//550
f 499//551 252//551 500//551
f 500//552 252//552 501//552
f 501//553 252//553 502//553
f 502//554 252//554 503//554
f 503//555 252//555 504//555
f 504//556 252//556 505//556
f 505//557 252//557 506//557
f 506//558 252//558 507//558
f 507//559 252//559 508//559
f 508//560 252//560 509//560
f 509//561 252//561 314//561
f 377//562 492//562 510//562
f 377//563 510//563 511//563
f 377//564 511//564 512//564
f 377//565 512//565 513//565
f 377//566 513//566 514//566
f 377//567 514//567 515//567
f 377//568 515//568 516//568
f 377//569 516//569 517//569
f 377//570 517//570 518//570
f 377//571 518//571 519//571
f 377//572 519//572 520//572
f 377//573 520//573 521//573
f 377//574 521//574 522//574
f 377//575 522//575 523//575
f 377//576 523//576 524//576
f 377//577 524//577 525//577
f 377//578 525//578 526//578
f 377//579 526//579 527//579
f 377//580 527//580 391//580
f 250//581 343//581 528//581
f 528//582 343//582 529//582
f 529//583 343//583 530//583
f 530//584 343//584 531//584
f 531//585 343//585 532//585
f 532//586 343//586 533//586
f 533//587 343//587 534//587
f 534//588 343//588 535//588
f 535//589 343//589 536//589
f 536//590 343//590 537//590
f 537//591 343//591 538//591
f 538//592 343//592 539//592
f 539//593 343//593 540//593
f 540//594 343//594 541//594
f 541//595 343//595 542//595
f 542//596 343//596 543//596
f 543//597 343//597 544//597
f 544//598 343//598 545//598
f 545//599 343//599 345//599
f 250//600 528//600 546//600
f 250//601 546//601 547//601
f 250//602 547//602 548//602
f 250//603 548//603 549//603
f 250//604 549//604 550//604
f 250//605 550//605 551//605
f 250//606 551//606 552//606
f 250//607 552//607 553//607
f 250//608 553//608 554//608
f 250//609 554//609 555//609
f 250//610 555//610 556//610
f 250//611 556//611 557//611
f 250//612 557//612 558//612
f 250//613 558//613 559//613
f 250//614 559//614 560//614
f 250//615 560//615 561//615
f 250//616 561//616 562//616
f 250//617 562//617 563//617
f 250//618 563//618 285//618
f 2//619 1//619 472//619
f 1//620 564//620 472//620
f 472//621 565//621 465//621
f 564//622 565//622 472//622
f 465//623 566//623 466//623
f 565//624 566//624 465//624
f 466//625 567//625 467//625
f 566//626 567//626 466//626
f 467//627 568//627 468//627
f 567//628 568//628 467//628
f 568//629 569//629 468//629
f 468//630 569//630 469//630
f 469//631 569//631 459//631
f 569//632 570//632 459//632
f 570//633 571//633 459//633
f 459//634 571//634 460//634
f 460//635 572//635 461//635
f 461//636 572//636 462//636
f 571//637 572//637 460//637
f 572//638 573//638 462//638
f 462//639 574//639 452//639
f 573//640 574//640 462//640
f 452//641 575//641 453//641
f 574//642 575//642 452//642
f 453//643 576//643 454//643
f 575//644 576//644 453//644
f 454//645 577//645 455//645
f 576//646 577//646 454//646
f 455//647 578//647 456//647
f 456//648 578//648 446//648
f 577//649 578//649 455//649
f 578//650 579//650 446//650
f 446//651 580//651 447//651
f 447//652 580//652 448//652
f 579//653 580//653 446//653
f 580//654 581//654 448//654
f 448//655 582//655 449//655
f 581//656 582//656 448//656
f 449//657 583//657 441//657
f 441//658 583//658 442//658
f 582//659 583//659 449//659
f 583//660 584//660 442//660
f 442//661 585//661 443//661
f 443//662 585//662 440//662
f 584//663 585//663 442//663
f 440//664 586//664 435//664
f 585//665 586//665 440//665
f 586//666 587//666 435//666
f 435//667 588//667 436//667
f 587//668 588//668 435//668
f 436//669 589//669 421//669
f 588//670 589//670 436//670
f 421//671 590//671 419//671
f 589//672 590//672 421//672
f 419//673 591//673 417//673
f 590//674 591//674 419//674
f 417//675 592//675 413//675
f 413//676 592//676 411//676
f 591//677 592//677 417//677
f 592//678 593//678 411//678
f 411//679 594//679 409//679
f 593//680 594//680 411//680
f 594//681 595//681 409//681
f 409//682 595//682 407//682
f 407//683 595//683 406//683
f 595//684 596//684 406//684
f 596//685 597//685 406//685
f 406//686 597//686 397//686
f 397//687 597//687 395//687
f 597//688 598//688 395//688
f 395//689 598//689 393//689
f 598//690 599//690 393//690
f 599//691 600//691 393//691
f 393//692 600//692 392//692
f 392//693 600//693 377//693
f 600//694 601//694 377//694
f 105//695 106//695 258//695
f 602//696 258//696 256//696
f 602//697 105//697 258//697
f 603//698 256//698 255//698
f 603//699 602//699 256//699
f 604//700 255//700 254//700
f 604//701 603//701 255//701
f 605//702 254//702 253//702
f 605//703 604//703 254//703
f 606//704 605//704 253//704
f 606//705 253//705 251//705
f 607//706 606//706 251//706
f 607//707 251//707 247//707
f 608//708 247//708 243//708
f 608//709 607//709 247//709
f 609//710 608//710 243//710
f 609//711 243//711 238//711
f 610//712 238//712 235//712
f 610//713 609//713 238//713
f 611//714 235//714 231//714
f 611//715 610//715 235//715
f 612//716 231//716 228//716
f 612//717 611//717 231//717
f 613//718 228//718 225//718
f 613//719 612//719 228//719
f 614//720 613//720 225//720
f 615//721 225//721 222//721
f 615//722 222//722 219//722
f 615//723 614//723 225//723
f 616//724 615//724 219//724
f 617//725 219//725 216//725
f 617//726 616//726 219//726
f 618//727 216//727 212//727
f 618//728 617//728 216//728
f 619//729 212//729 210//729
f 619//730 618//730 212//730
f 620//731 210//731 208//731
f 620//732 619//732 210//732
f 621//733 208//733 205//733
f 621//734 620//734 208//734
f 622//735 205//735 201//735
f 622//736 621//736 205//736
f 623//737 201//737 203//737
f 623//738 622//738 201//738
f 624//739 203//739 204//739
f 624//740 623//740 203//740
f 625//741 204//741 207//741
f 625//742 624//742 204//742
f 626//743 207//743 209//743
f 626//744 625//744 207//744
f 627//745 209//745 211//745
f 627//746 626//746 209//746
f 628//747 211//747 213//747
f 628//748 627//748 211//748
f 629//749 213//749 218//749
f 629//750 628//750 213//750
f 630//751 218//751 220//751
f 630//752 629//752 218//752
f 631//753 630//753 220//753
f 631//754 220//754 223//754
f 632//755 631//755 223//755
f 632//756 223//756 226//756
f 633//757 632//757 226//757
f 633//758 226//758 229//758
f 634//759 633//759 229//759
f 634//760 229//760 233//760
f 635//761 634//761 233//761
f 635//762 233//762 236//762
f 636//763 635//763 236//763
f 636//764 236//764 239//764
f 637//765 636//765 239//765
f 637//766 239//766 244//766
f 638//767 637//767 244//767
f 638//768 244//768 249//768
f 639//769 638//769 249//769
f 639//770 249//770 252//770
f 640//771 641//771 642//771
f 641//772 643//772 642//772
f 642//773 643//773 644//773
f 640//774 645//774 641//774
f 646//775 645//775 640//775
f 643//776 647//776 644//776
f 644//777 647//777 648//777
f 646//778 649//778 645//778
f 650//779 649//779 646//779
f 647//780 651//780 648//780
f 648//781 651//781 652//781
f 650//782 653//782 649//782
f 654//783 653//783 650//783
f 651//784 655//784 652//784
f 652//785 655//785 656//785
f 654//786 657//786 653//786
f 658//787 657//787 654//787
f 655//788 659//788 656//788
f 656//789 659//789 660//789
f 661//790 662//790 658//790
f 658//791 662//791 657//791
f 659//792 663//792 660//792
f 660//793 663//793 664//793
f 665//794 666//794 661//794
f 661//795 666//795 662//795
f 663//796 667//796 664//796
f 664//797 667//797 668//797
f 665//798 669//798 666//798
f 670//799 669//799 665//799
f 667//800 671//800 668//800
f 668//801 671//801 672//801
f 670//802 673//802 669//802
f 674//803 673//803 670//803
f 672//804 675//804 676//804
f 671//805 675//805 672//805
f 674//806 677//806 673//806
f 678//807 677//807 674//807
f 675//808 679//808 676//808
f 676//809 679//809 680//809
f 678//810 681//810 677//810
f 678//811 682//811 681//811
f 678//812 683//812 682//812
f 684//813 683//813 678//813
f 684//814 685//814 683//814
f 684//815 686//815 685//815
f 684//816 687//816 686//816
f 680//817 688//817 689//817
f 679//818 688//818 680//818
f 684//819 690//819 687//819
f 684//820 691//820 690//820
f 692//821 691//821 684//821
f 692//822 693//822 691//822
f 692//823 694//823 693//823
f 692//824 695//824 694//824
f 692//825 696//825 695//825
f 697//826 696//826 692//826
f 688//827 698//827 689//827
f 689//828 698//828 699//828
f 697//829 700//829 696//829
f 697//830 701//830 700//830
f 697//831 702//831 701//831
f 697//832 703//832 702//832
f 697//833 704//833 703//833
f 705//834 704//834 697//834
f 698//835 706//835 699//835
f 699//836 706//836 707//836
f 705//837 708//837 704//837
f 705//838 709//838 708//838
f 705//839 710//839 709//839
f 705//840 711//840 710//840
f 712//841 711//841 705//841
f 712//842 713//842 711//842
f 706//843 714//843 707//843
f 707//844 714//844 715//844
f 712//845 716//845 713//845
f 712//846 717//846 716//846
f 712//847 718//847 717//847
f 719//848 718//848 712//848
f 719//849 720//849 718//849
f 719//850 721//850 720//850
f 714//851 722//851 715//851
f 715//852 722//852 723//852
f 722//853 724//853 723//853
f 723//854 724//854 725//854
f 725//855 726//855 727//855
f 724//856 726//856 725//856
f 726//857 728//857 727//857
f 727//858 728//858 729//858
f 728//859 730//859 729//859
f 729//860 730//860 731//860
f 730//861 732//861 731//861
f 731//862 732//862 733//862
f 734//863 622//863 623//863
f 623//864 624//864 734//864
f 734//865 621//865 622//865
f 735//866 621//866 734//866
f 624//867 625//867 734//867
f 734//868 625//868 719//868
f 735//869 620//869 621//869
f 625//870 626//870 719//870
f 735//871 619//871 620//871
f 626//872 627//872 719//872
f 719//873 627//873 721//873
f 735//874 618//874 619//874
f 721//875 628//875 736//875
f 627//876 628//876 721//876
f 735//877 617//877 618//877
f 737//878 617//878 735//878
f 628//879 629//879 736//879
f 736//880 629//880 738//880
f 737//881 616//881 617//881
f 629//882 630//882 738//882
f 738//883 630//883 739//883
f 737//884 615//884 616//884
f 630//885 631//885 739//885
f 739//886 631//886 740//886
f 737//887 614//887 615//887
f 631//888 632//888 740//888
f 740//889 632//889 741//889
f 737//890 613//890 614//890
f 741//891 633//891 742//891
f 632//892 633//892 741//892
f 743//893 612//893 737//893
f 737//894 612//894 613//894
f 633//895 634//895 742//895
f 742//896 634//896 744//896
f 743//897 611//897 612//897
f 744//898 635//898 745//898
f 634//899 635//899 744//899
f 743//900 610//900 611//900
f 745//901 636//901 746//901
f 635//902 636//902 745//902
f 732//903 747//903 733//903
f 733//904 747//904 748//904
f 743//905 609//905 610//905
f 746//906 637//906 749//906
f 636//907 637//907 746//907
f 750//908 608//908 743//908
f 743//909 608//909 609//909
f 637//910 638//910 749//910
f 749//911 638//911 751//911
f 751//912 638//912 752//912
f 750//913 607//913 608//913
f 638//914 639//914 752//914
f 750//915 606//915 607//915
f 750//916 605//916 606//916
f 750//917 604//917 605//917
f 750//918 603//918 604//918
f 753//919 603//919 750//919
f 753//920 602//920 603//920
f 753//921 105//921 602//921
f 748//922 754//922 755//922
f 747//923 754//923 748//923
f 753//924 103//924 105//924
f 756//925 103//925 753//925
f 755//926 757//926 758//926
f 754//927 757//927 755//927
f 756//928 102//928 103//928
f 759//929 102//929 756//929
f 758//930 760//930 761//930
f 757//931 760//931 758//931
f 759//932 100//932 102//932
f 762//933 100//933 759//933
f 761//934 763//934 764//934
f 760//935 763//935 761//935
f 762//936 98//936 100//936
f 765//937 98//937 762//937
f 764//938 766//938 767//938
f 763//939 766//939 764//939
f 765//940 95//940 98//940
f 768//941 95//941 765//941
f 767//942 769//942 770//942
f 766//943 769//943 767//943
f 771//944 94//944 768//944
f 768//945 94//945 95//945
f 769//946 772//946 770//946
f 772//947 773//947 770//947
f 774//948 91//948 771//948
f 771//949 91//949 94//949
f 772//950 775//950 773//950
f 775//951 776//951 773//951
f 777//952 90//952 774//952
f 774//953 90//953 91//953
f 775//954 778//954 776//954
f 752//955 779//955 780//955
f 752//956 781//956 779//956
f 752//957 782//957 781//957
f 752//958 783//958 782//958
f 752//959 784//959 783//959
f 752//960 785//960 784//960
f 752//961 786//961 785//961
f 752//962 787//962 786//962
f 752//963 788//963 787//963
f 752//964 789//964 788//964
f 778//965 790//965 776//965
f 752//966 791//966 789//966
f 752//967 792//967 791//967
f 639//968 793//968 752//968
f 752//969 793//969 792//969
f 639//970 794//970 793//970
f 639//971 795//971 794//971
f 639//972 796//972 795//972
f 777//973 88//973 90//973
f 639//974 797//974 796//974
f 639//975 798//975 797//975
f 778//976 799//976 790//976
f 777//977 800//977 88//977
f 639//978 801//978 798//978
f 639//979 802//979 801//979
f 639//980 803//980 802//980
f 639//981 804//981 803//981
f 639//982 805//982 804//982
f 639//983 806//983 805//983
f 639//984 807//984 806//984
f 799//985 808//985 790//985
f 639//986 809//986 807//986
f 800//987 85//987 88//987
f 799//988 810//988 808//988
f 800//989 811//989 85//989
f 810//990 812//990 808//990
f 811//991 84//991 85//991
f 810//992 813//992 812//992
f 811//993 814//993 84//993
f 814//994 82//994 84//994
f 815//995 816//995 813//995
f 813//996 816//996 812//996
f 814//997 817//997 82//997
f 817//998 80//998 82//998
f 818//999 819//999 815//999
f 815//1000 819//1000 816//1000
f 817//1001 820//1001 80//1001
f 820//1002 78//1002 80//1002
f 821//1003 822//1003 818//1003
f 818//1004 822//1004 819//1004
f 820//1005 823//1005 78//1005
f 78//1006 823//1006 76//1006
f 824//1007 825//1007 821//1007
f 821//1008 825//1008 822//1008
f 76//1009 826//1009 73//1009
f 823//1010 826//1010 76//1010
f 827//1011 828//1011 824//1011
f 824//1012 828//1012 825//1012
f 73//1013 829//1013 71//1013
f 826//1014 829//1014 73//1014
f 830//1015 831//1015 827//1015
f 827//1016 831//1016 828//1016
f 829//1017 832//1017 71//1017
f 71//1018 832//1018 69//1018
f 833//1019 834//1019 830//1019
f 830//1020 834//1020 831//1020
f 832//1021 835//1021 69//1021
f 69//1022 835//1022 68//1022
f 833//1023 836//1023 834//1023
f 837//1024 836//1024 833//1024
f 838//1025 839//1025 840//1025
f 841//1026 839//1026 838//1026
f 842//1027 839//1027 841//1027
f 843//1028 839//1028 842//1028
f 844//1029 839//1029 843//1029
f 845//1030 839//1030 844//1030
f 846//1031 839//1031 845//1031
f 847//1032 839//1032 846//1032
f 848//1033 839//1033 847//1033
f 849//1034 839//1034 848//1034
f 850//1035 839//1035 849//1035
f 851//1036 839//1036 850//1036
f 852//1037 839//1037 851//1037
f 835//1038 853//1038 68//1038
f 68//1039 853//1039 66//1039
f 854//1040 855//1040 837//1040
f 856//1041 855//1041 854//1041
f 857//1042 855//1042 856//1042
f 837//1043 855//1043 836//1043
f 66//1044 858//1044 63//1044
f 853//1045 858//1045 66//1045
f 859//1046 860//1046 857//1046
f 861//1047 860//1047 859//1047
f 862//1048 860//1048 861//1048
f 863//1049 860//1049 862//1049
f 864//1050 860//1050 863//1050
f 857//1051 860//1051 855//1051
f 858//1052 865//1052 63//1052
f 63//1053 865//1053 61//1053
f 864//1054 866//1054 860//1054
f 867//1055 866//1055 864//1055
f 868//1056 866//1056 867//1056
f 869//1057 866//1057 868//1057
f 870//1058 866//1058 869//1058
f 865//1059 871//1059 61//1059
f 61//1060 871//1060 59//1060
f 839//1061 601//1061 872//1061
f 852//1062 601//1062 839//1062
f 873//1063 601//1063 852//1063
f 874//1064 601//1064 873//1064
f 875//1065 601//1065 874//1065
f 876//1066 601//1066 875//1066
f 877//1067 601//1067 876//1067
f 878//1068 601//1068 877//1068
f 879//1069 601//1069 878//1069
f 880//1070 601//1070 879//1070
f 881//1071 601//1071 880//1071
f 882//1072 601//1072 881//1072
f 883//1073 601//1073 882//1073
f 884//1074 601//1074 883//1074
f 885//1075 601//1075 884//1075
f 601//1076 600//1076 872//1076
f 872//1077 599//1077 886//1077
f 600//1078 599//1078 872//1078
f 886//1079 598//1079 887//1079
f 599//1080 598//1080 886//1080
f 888//1081 597//1081 889//1081
f 887//1082 597//1082 888//1082
f 598//1083 597//1083 887//1083
f 890//1084 891//1084 870//1084
f 892//1085 891//1085 890//1085
f 893//1086 891//1086 892//1086
f 894//1087 891//1087 893//1087
f 895//1088 891//1088 894//1088
f 870//1089 891//1089 866//1089
f 597//1090 596//1090 889//1090
f 889//1091 595//1091 896//1091
f 596//1092 595//1092 889//1092
f 595//1093 594//1093 896//1093
f 896//1094 594//1094 897//1094
f 594//1095 593//1095 897//1095
f 897//1096 593//1096 898//1096
f 593//1097 592//1097 898//1097
f 899//1098 592//1098 900//1098
f 898//1099 592//1099 899//1099
f 871//1100 901//1100 59//1100
f 59//1101 901//1101 58//1101
f 592//1102 591//1102 900//1102
f 900//1103 591//1103 902//1103
f 591//1104 590//1104 902//1104
f 902//1105 590//1105 903//1105
f 590//1106 589//1106 903//1106
f 895//1107 904//1107 891//1107
f 905//1108 904//1108 895//1108
f 906//1109 904//1109 905//1109
f 907//1110 904//1110 906//1110
f 908//1111 904//1111 907//1111
f 901//1112 909//1112 58//1112
f 58//1113 909//1113 55//1113
f 910//1114 911//1114 908//1114
f 912//1115 911//1115 910//1115
f 913//1116 911//1116 912//1116
f 914//1117 911//1117 913//1117
f 908//1118 911//1118 904//1118
f 55//1119 915//1119 54//1119
f 909//1120 915//1120 55//1120
f 587//1121 916//1121 588//1121
f 588//1122 916//1122 589//1122
f 589//1123 916//1123 903//1123
f 914//1124 916//1124 911//1124
f 917//1125 916//1125 914//1125
f 903//1126 916//1126 917//1126
f 54//1127 918//1127 52//1127
f 915//1128 918//1128 54//1128
f 586//1129 919//1129 587//1129
f 587//1130 919//1130 916//1130
f 583//1131 919//1131 584//1131
f 584//1132 919//1132 585//1132
f 585//1133 919//1133 586//1133
f 918//1134 920//1134 52//1134
f 52//1135 920//1135 49//1135
f 583//1136 921//1136 919//1136
f 579//1137 921//1137 580//1137
f 580//1138 921//1138 581//1138
f 581//1139 921//1139 582//1139
f 582//1140 921//1140 583//1140
f 920//1141 922//1141 49//1141
f 49//1142 922//1142 48//1142
f 574//1143 923//1143 575//1143
f 575//1144 923//1144 576//1144
f 576//1145 923//1145 577//1145
f 577//1146 923//1146 578//1146
f 578//1147 923//1147 579//1147
f 579//1148 923//1148 921//1148
f 922//1149 924//1149 48//1149
f 48//1150 924//1150 45//1150
f 574//1151 925//1151 923//1151
f 570//1152 925//1152 571//1152
f 571//1153 925//1153 572//1153
f 572//1154 925//1154 573//1154
f 573//1155 925//1155 574//1155
f 45//1156 926//1156 44//1156
f 924//1157 926//1157 45//1157
f 570//1158 927//1158 925//1158
f 565//1159 927//1159 566//1159
f 566//1160 927//1160 567//1160
f 567//1161 927//1161 568//1161
f 568//1162 927//1162 569//1162
f 569//1163 927//1163 570//1163
f 44//1164 928//1164 41//1164
f 926//1165 928//1165 44//1165
f 3//1166 929//1166 1//1166
f 565//1167 929//1167 927//1167
f 1//1168 929//1168 564//1168
f 564//1169 929//1169 565//1169
f 41//1170 930//1170 40//1170
f 928//1171 930//1171 41//1171
f 6//1172 931//1172 3//1172
f 3//1173 931//1173 929//1173
f 40//1174 932//1174 38//1174
f 930//1175 932//1175 40//1175
f 8//1176 933//1176 6//1176
f 6//1177 933//1177 931//1177
f 932//1178 934//1178 38//1178
f 38//1179 934//1179 35//1179
f 10//1180 935//1180 8//1180
f 8//1181 935//1181 933//1181
f 35//1182 936//1182 34//1182
f 934//1183 936//1183 35//1183
f 12//1184 937//1184 10//1184
f 10//1185 937//1185 935//1185
f 34//1186 938//1186 31//1186
f 936//1187 938//1187 34//1187
f 14//1188 939//1188 12//1188
f 12//1189 939//1189 937//1189
f 938//1190 940//1190 31//1190
f 31//1191 940//1191 29//1191
f 15//1192 941//1192 14//1192
f 14//1193 941//1193 939//1193
f 940//1194 942//1194 29//1194
f 29//1195 942//1195 28//1195
f 15//1196 943//1196 941//1196
f 18//1197 943//1197 15//1197
f 942//1198 944//1198 28//1198
f 28//1199 944//1199 26//1199
f 18//1200 945//1200 943//1200
f 19//1201 945//1201 18//1201
f 944//1202 946//1202 26//1202
f 26//1203 946//1203 23//1203
f 19//1204 947//1204 945//1204
f 22//1205 947//1205 19//1205
f 946//1206 948//1206 23//1206
f 22//1207 948//1207 947//1207
f 23//1208 948//1208 22//1208
f 639//1209 601//1209 949//1209
f 639//1210 949//1210 950//1210
f 639//1211 950//1211 951//1211
f 639//1212 951//1212 952//1212
f 639//1213 952//1213 953//1213
f 639//1214 953//1214 954//1214
f 639//1215 954//1215 955//1215
f 639//1216 955//1216 956//1216
f 639//1217 956//1217 957//1217
f 639//1218 957//1218 958//1218
f 639//1219 958//1219 959//1219
f 639//1220 959//1220 960//1220
f 639//1221 960//1221 961//1221
f 639//1222 961//1222 962//1222
f 639//1223 962//1223 963//1223
f 639//1224 963//1224 964//1224
f 639//1225 964//1225 965//1225
f 639//1226 965//1226 966//1226
f 639//1227 966//1227 809//1227
f 949//1228 601//1228 967//1228
f 967//1229 601//1229 968//1229
f 968//1230 601//1230 969//1230
f 969//1231 601//1231 970//1231
f 970//1232 601//1232 971//1232
f 971//1233 601//1233 972//1233
f 972//1234 601//1234 973//1234
f 973//1235 601//1235 974//1235
f 974//1236 601//1236 975//1236
f 975//1237 601//1237 976//1237
f 976//1238 601//1238 977//1238
f 977//1239 601//1239 978//1239
f 978//1240 601//1240 979//1240
f 979//1241 601//1241 980//1241
f 980//1242 601//1242 981//1242
f 981//1243 601//1243 982//1243
f 982//1244 601//1244 983//1244
f 983//1245 601//1245 984//1245
f 984//1246 601//1246 885//1246
f 839//1247 752//1247 985//1247
f 839//1248 985//1248 986//1248
f 839//1249 986//1249 987//1249
f 839//1250 987//1250 988//1250
f 839//1251 988//1251 989//1251
f 839//1252 989//1252 990//1252
f 839//1253 990//1253 991//1253
f 839//1254 991//1254 992//1254
f 839//1255 992//1255 993//1255
f 839//1256 993//1256 994//1256
f 839//1257 994//1257 995//1257
f 839//1258 995//1258 996//1258
f 839//1259 996//1259 997//1259
f 839//1260 997//1260 998//1260
f 839//1261 998//1261 999//1261
f 839//1262 999//1262 1000//1262
f 839//1263 1000//1263 1001//1263
f 839//1264 1001//1264 1002//1264
f 839//1265 1002//1265 840//1265
f 985//1266 752//1266 1003//1266
f 1003//1267 752//1267 1004//1267
f 1004//1268 752//1268 1005//1268
f 1005//1269 752//1269 1006//1269
f 1006//1270 752//1270 1007//1270
f 1007//1271 752//1271 1008//1271
f 1008//1272 752//1272 1009//1272
f 1009//1273 752//1273 1010//1273
f 1010//1274 752//1274 1011//1274
f 1011//1275 752//1275 1012//1275
f 1012//1276 752//1276 1013//1276
f 1013//1277 752//1277 1014//1277
f 1014//1278 752//1278 1015//1278
f 1015//1279 752//1279 1016//1279
f 1016//1280 752//1280 1017//1280
f 1017//1281 752//1281 1018//1281
f 1018//1282 752//1282 1019//1282
f 1019//1283 752//1283 1020//1283
f 1020//1284 752//1284 780//1284
f 639//1285 377//1285 601//1285
f 252//1286 377//1286 639//1286
f 439//1287 434//1287 916//1287
f 439//1288 916//1288 919//1288
f 445//1289 919//1289 921//1289
f 445//1290 439//1290 919//1290
f 451//1291 921//1291 923//1291
f 451//1292 923//1292 925//1292
f 451//1293 445//1293 921//1293
f 458//1294 451//1294 925//1294
f 464//1295 925//1295 927//1295
f 464//1296 458//1296 925//1296
f 471//1297 927//1297 929//1297
f 471//1298 464//1298 927//1298
f 474//1299 929//1299 931//1299
f 474//1300 931//1300 933//1300
f 474//1301 471//1301 929//1301
f 476//1302 474//1302 933//1302
f 478//1303 933//1303 935//1303
f 478//1304 476//1304 933//1304
f 480//1305 935//1305 937//1305
f 480//1306 478//1306 935//1306
f 482//1307 937//1307 939//1307
f 482//1308 939//1308 941//1308
f 482//1309 480//1309 937//1309
f 484//1310 482//1310 941//1310
f 486//1311 484//1311 941//1311
f 486//1312 941//1312 943//1312
f 488//1313 486//1313 943//1313
f 488//1314 943//1314 945//1314
f 490//1315 945//1315 947//1315
f 490//1316 488//1316 945//1316
f 490//1317 947//1317 948//1317
f 491//1318 490//1318 948//1318
f 489//1319 948//1319 946//1319
f 489//1320 491//1320 948//1320
f 487//1321 946//1321 944//1321
f 487//1322 489//1322 946//1322
f 485//1323 944//1323 942//1323
f 485//1324 487//1324 944//1324
f 483//1325 942//1325 940//1325
f 483//1326 485//1326 942//1326
f 481//1327 940//1327 938//1327
f 481//1328 483//1328 940//1328
f 479//1329 938//1329 936//1329
f 479//1330 481//1330 938//1330
f 477//1331 936//1331 934//1331
f 477//1332 479//1332 936//1332
f 475//1333 934//1333 932//1333
f 475//1334 932//1334 930//1334
f 475//1335 477//1335 934//1335
f 473//1336 475//1336 930//1336
f 470//1337 930//1337 928//1337
f 470//1338 473//1338 930//1338
f 463//1339 928//1339 926//1339
f 463//1340 470//1340 928//1340
f 457//1341 926//1341 924//1341
f 457//1342 463//1342 926//1342
f 450//1343 924//1343 922//1343
f 450//1344 457//1344 924//1344
f 444//1345 922//1345 920//1345
f 444//1346 450//1346 922//1346
f 438//1347 920//1347 918//1347
f 438//1348 444//1348 920//1348
f 433//1349 918//1349 915//1349
f 433//1350 438//1350 918//1350
f 427//1351 915//1351 909//1351
f 427//1352 433//1352 915//1352
f 416//1353 909//1353 901//1353
f 416//1354 427//1354 909//1354
f 376//1355 901//1355 871//1355
f 376//1356 416//1356 901//1356
f 370//1357 871//1357 865//1357
f 370//1358 376//1358 871//1358
f 363//1359 370//1359 865//1359
f 363//1360 865//1360 858//1360
f 358//1361 363//1361 858//1361
f 358//1362 858//1362 853//1362
f 340//1363 358//1363 853//1363
f 340//1364 853//1364 835//1364
f 337//1365 340//1365 835//1365
f 337//1366 835//1366 832//1366
f 334//1367 337//1367 832//1367
f 334//1368 832//1368 829//1368
f 331//1369 334//1369 829//1369
f 331//1370 829//1370 826//1370
f 328//1371 331//1371 826//1371
f 328//1372 826//1372 823//1372
f 325//1373 328//1373 823//1373
f 325//1374 823//1374 820//1374
f 325//1375 820//1375 817//1375
f 322//1376 325//1376 817//1376
f 319//1377 322//1377 817//1377
f 319//1378 817//1378 814//1378
f 319//1379 814//1379 811//1379
f 316//1380 319//1380 811//1380
f 305//1381 316//1381 811//1381
f 305//1382 811//1382 800//1382
f 305//1383 800//1383 777//1383
f 282//1384 305//1384 777//1384
f 279//1385 282//1385 777//1385
f 279//1386 777//1386 774//1386
f 276//1387 774//1387 771//1387
f 276//1388 279//1388 774//1388
f 273//1389 771//1389 768//1389
f 273//1390 276//1390 771//1390
f 270//1391 768//1391 765//1391
f 270//1392 765//1392 762//1392
f 270//1393 273//1393 768//1393
f 267//1394 270//1394 762//1394
f 264//1395 762//1395 759//1395
f 264//1396 759//1396 756//1396
f 264//1397 267//1397 762//1397
f 261//1398 264//1398 756//1398
f 257//1399 756//1399 753//1399
f 257//1400 261//1400 756//1400
f 248//1401 753//1401 750//1401
f 248//1402 750//1402 743//1402
f 248//1403 257//1403 753//1403
f 232//1404 248//1404 743//1404
f 217//1405 743//1405 737//1405
f 217//1406 232//1406 743//1406
f 206//1407 737//1407 735//1407
f 206//1408 217//1408 737//1408
f 202//1409 206//1409 735//1409
f 202//1410 735//1410 734//1410
f 186//1411 202//1411 734//1411
f 186//1412 734//1412 719//1412
f 179//1413 186//1413 719//1413
f 179//1414 719//1414 712//1414
f 172//1415 179//1415 712//1415
f 172//1416 712//1416 705//1416
f 164//1417 172//1417 705//1417
f 164//1418 705//1418 697//1418
f 164//1419 697//1419 692//1419
f 159//1420 164//1420 692//1420
f 151//1421 159//1421 692//1421
f 151//1422 692//1422 684//1422
f 145//1423 151//1423 684//1423
f 145//1424 684//1424 678//1424
f 145//1425 678//1425 674//1425
f 141//1426 145//1426 674//1426
f 137//1427 141//1427 674//1427
f 137//1428 674//1428 670//1428
f 133//1429 137//1429 670//1429
f 133//1430 670//1430 665//1430
f 133//1431 665//1431 661//1431
f 129//1432 133//1432 661//1432
f 125//1433 129//1433 661//1433
f 125//1434 661//1434 658//1434
f 121//1435 125//1435 658//1435
f 121//1436 658//1436 654//1436
f 121//1437 654//1437 650//1437
f 117//1438 121//1438 650//1438
f 113//1439 117//1439 650//1439
f 113//1440 650//1440 646//1440
f 113//1441 646//1441 640//1441
f 108//1442 113//1442 640//1442
f 109//1443 108//1443 640//1443
f 109//1444 640//1444 642//1444
f 111//1445 109//1445 642//1445
f 111//1446 642//1446 644//1446
f 115//1447 111//1447 644//1447
f 115//1448 644//1448 648//1448
f 119//1449 648//1449 652//1449
f 119//1450 115//1450 648//1450
f 123//1451 652//1451 656//1451
f 123//1452 119//1452 652//1452
f 127//1453 656//1453 660//1453
f 127//1454 660//1454 664//1454
f 127//1455 123//1455 656//1455
f 131//1456 127//1456 664//1456
f 135//1457 664//1457 668//1457
f 135//1458 668//1458 672//1458
f 135//1459 131//1459 664//1459
f 139//1460 135//1460 672//1460
f 143//1461 139//1461 672//1461
f 143//1462 672//1462 676//1462
f 143//1463 676//1463 680//1463
f 147//1464 143//1464 680//1464
f 156//1465 147//1465 680//1465
f 156//1466 680//1466 689//1466
f 166//1467 156//1467 689//1467
f 166//1468 689//1468 699//1468
f 174//1469 166//1469 699//1469
f 174//1470 699//1470 707//1470
f 182//1471 174//1471 707//1471
f 182//1472 707//1472 715//1472
f 190//1473 182//1473 715//1473
f 190//1474 715//1474 723//1474
f 192//1475 190//1475 723//1475
f 192//1476 723//1476 725//1476
f 194//1477 192//1477 725//1477
f 194//1478 725//1478 727//1478
f 196//1479 194//1479 727//1479
f 196//1480 727//1480 729//1480
f 198//1481 196//1481 729//1481
f 198//1482 729//1482 731//1482
f 200//1483 198//1483 731//1483
f 200//1484 731//1484 733//1484
f 242//1485 733//1485 748//1485
f 242//1486 200//1486 733//1486
f 260//1487 748//1487 755//1487
f 260//1488 242//1488 748//1488
f 263//1489 755//1489 758//1489
f 263//1490 758//1490 761//1490
f 263//1491 260//1491 755//1491
f 266//1492 263//1492 761//1492
f 269//1493 761//1493 764//1493
f 269//1494 266//1494 761//1494
f 272//1495 764//1495 767//1495
f 272//1496 767//1496 770//1496
f 272//1497 269//1497 764//1497
f 275//1498 272//1498 770//1498
f 278//1499 770//1499 773//1499
f 278//1500 773//1500 776//1500
f 278//1501 275//1501 770//1501
f 281//1502 278//1502 776//1502
f 295//1503 776//1503 790//1503
f 295//1504 790//1504 808//1504
f 295//1505 281//1505 776//1505
f 313//1506 808//1506 812//1506
f 313//1507 295//1507 808//1507
f 317//1508 313//1508 812//1508
f 320//1509 812//1509 816//1509
f 320//1510 317//1510 812//1510
f 323//1511 320//1511 816//1511
f 323//1512 816//1512 819//1512
f 323//1513 819//1513 822//1513
f 326//1514 323//1514 822//1514
f 329//1515 326//1515 822//1515
f 329//1516 822//1516 825//1516
f 332//1517 329//1517 825//1517
f 332//1518 825//1518 828//1518
f 335//1519 332//1519 828//1519
f 335//1520 828//1520 831//1520
f 338//1521 831//1521 834//1521
f 338//1522 335//1522 831//1522
f 341//1523 834//1523 836//1523
f 341//1524 836//1524 855//1524
f 341//1525 338//1525 834//1525
f 359//1526 341//1526 855//1526
f 364//1527 855//1527 860//1527
f 364//1528 359//1528 855//1528
f 371//1529 860//1529 866//1529
f 371//1530 364//1530 860//1530
f 400//1531 866//1531 891//1531
f 400//1532 891//1532 904//1532
f 400//1533 371//1533 866//1533
f 422//1534 400//1534 904//1534
f 428//1535 904//1535 911//1535
f 428//1536 911//1536 916//1536
f 428//1537 422//1537 904//1537
f 434//1538 428//1538 916//1538
f 852//1539 357//1539 873//1539
f 873//1540 379//1540 874//1540
f 357//1541 379//1541 873//1541
f 874//1542 380//1542 875//1542
f 379//1543 380//1543 874//1543
f 380//1544 381//1544 875//1544
f 875//1545 382//1545 876//1545
f 381//1546 382//1546 875//1546
f 876//1547 383//1547 877//1547
f 877//1548 383//1548 878//1548
f 382//1549 383//1549 876//1549
f 383//1550 384//1550 878//1550
f 878//1551 385//1551 879//1551
f 879//1552 385//1552 880//1552
f 384//1553 385//1553 878//1553
f 385//1554 386//1554 880//1554
f 880//1555 387//1555 881//1555
f 386//1556 387//1556 880//1556
f 881//1557 388//1557 882//1557
f 387//1558 388//1558 881//1558
f 388//1559 389//1559 882//1559
f 882//1560 389//1560 883//1560
f 883//1561 389//1561 884//1561
f 389//1562 390//1562 884//1562
f 884//1563 390//1563 885//1563
f 390//1564 391//1564 885//1564
f 391//1565 527//1565 885//1565
f 885//1566 527//1566 984//1566
f 984//1567 526//1567 983//1567
f 983//1568 526//1568 982//1568
f 527//1569 526//1569 984//1569
f 526//1570 525//1570 982//1570
f 982//1571 524//1571 981//1571
f 981//1572 524//1572 980//1572
f 525//1573 524//1573 982//1573
f 524//1574 523//1574 980//1574
f 980//1575 522//1575 979//1575
f 523//1576 522//1576 980//1576
f 979//1577 521//1577 978//1577
f 522//1578 521//1578 979//1578
f 978//1579 520//1579 977//1579
f 977//1580 520//1580 976//1580
f 521//1581 520//1581 978//1581
f 520//1582 519//1582 976//1582
f 976//1583 518//1583 975//1583
f 519//1584 518//1584 976//1584
f 975//1585 517//1585 974//1585
f 974//1586 517//1586 973//1586
f 518//1587 517//1587 975//1587
f 517//1588 516//1588 973//1588
f 973//1589 515//1589 972//1589
f 972//1590 515//1590 971//1590
f 516//1591 515//1591 973//1591
f 515//1592 514//1592 971//1592
f 971//1593 513//1593 970//1593
f 970//1594 513//1594 969//1594
f 514//1595 513//1595 971//1595
f 969//1596 512//1596 968//1596
f 513//1597 512//1597 969//1597
f 512//1598 511//1598 968//1598
f 968//1599 510//1599 967//1599
f 967//1600 510//1600 949//1600
f 511//1601 510//1601 968//1601
f 949//1602 492//1602 950//1602
f 510//1603 492//1603 949//1603
f 492//1604 493//1604 950//1604
f 950//1605 494//1605 951//1605
f 951//1606 494//1606 952//1606
f 493//1607 494//1607 950//1607
f 952//1608 495//1608 953//1608
f 494//1609 495//1609 952//1609
f 953//1610 496//1610 954//1610
f 495//1611 496//1611 953//1611
f 496//1612 497//1612 954//1612
f 497//1613 498//1613 954//1613
f 954//1614 498//1614 955//1614
f 498//1615 499//1615 955//1615
f 955//1616 499//1616 956//1616
f 499//1617 500//1617 956//1617
f 956//1618 500//1618 957//1618
f 500//1619 501//1619 957//1619
f 957//1620 501//1620 958//1620
f 501//1621 502//1621 958//1621
f 958//1622 502//1622 959//1622
f 502//1623 503//1623 959//1623
f 959//1624 503//1624 960//1624
f 503//1625 504//1625 960//1625
f 960//1626 504//1626 961//1626
f 504//1627 505//1627 961//1627
f 961//1628 505//1628 962//1628
f 505//1629 506//1629 962//1629
f 962//1630 506//1630 963//1630
f 506//1631 507//1631 963//1631
f 963//1632 507//1632 964//1632
f 964//1633 508//1633 965//1633
f 507//1634 508//1634 964//1634
f 965//1635 509//1635 966//1635
f 508//1636 509//1636 965//1636
f 966//1637 314//1637 809//1637
f 809//1638 314//1638 807//1638
f 509//1639 314//1639 966//1639
f 314//1640 312//1640 807//1640
f 807//1641 311//1641 806//1641
f 312//1642 311//1642 807//1642
f 806//1643 310//1643 805//1643
f 311//1644 310//1644 806//1644
f 805//1645 309//1645 804//1645
f 310//1646 309//1646 805//1646
f 804//1647 308//1647 803//1647
f 309//1648 308//1648 804//1648
f 803//1649 307//1649 802//1649
f 308//1650 307//1650 803//1650
f 802//1651 306//1651 801//1651
f 801//1652 306//1652 798//1652
f 307//1653 306//1653 802//1653
f 306//1654 303//1654 798//1654
f 798//1655 302//1655 797//1655
f 303//1656 302//1656 798//1656
f 797//1657 301//1657 796//1657
f 302//1658 301//1658 797//1658
f 796//1659 300//1659 795//1659
f 301//1660 300//1660 796//1660
f 300//1661 299//1661 795//1661
f 795//1662 299//1662 794//1662
f 299//1663 298//1663 794//1663
f 794//1664 298//1664 793//1664
f 298//1665 297//1665 793//1665
f 793//1666 297//1666 792//1666
f 297//1667 296//1667 792//1667
f 792//1668 296//1668 791//1668
f 296//1669 294//1669 791//1669
f 791//1670 294//1670 789//1670
f 294//1671 293//1671 789//1671
f 789//1672 293//1672 788//1672
f 293//1673 292//1673 788//1673
f 788//1674 292//1674 787//1674
f 292//1675 291//1675 787//1675
f 787//1676 291//1676 786//1676
f 291//1677 290//1677 786//1677
f 786//1678 290//1678 785//1678
f 290//1679 289//1679 785//1679
f 785//1680 289//1680 784//1680
f 289//1681 288//1681 784//1681
f 784//1682 288//1682 783//1682
f 288//1683 287//1683 783//1683
f 783//1684 287//1684 782//1684
f 287//1685 286//1685 782//1685
f 782//1686 286//1686 781//1686
f 286//1687 284//1687 781//1687
f 781//1688 284//1688 779//1688
f 284//1689 285//1689 779//1689
f 779//1690 285//1690 780//1690
f 285//1691 563//1691 780//1691
f 780//1692 563//1692 1020//1692
f 563//1693 562//1693 1020//1693
f 1020//1694 562//1694 1019//1694
f 562//1695 561//1695 1019//1695
f 1019//1696 561//1696 1018//1696
f 561//1697 560//1697 1018//1697
f 1018//1698 560//1698 1017//1698
f 560//1699 559//1699 1017//1699
f 1017//1700 559//1700 1016//1700
f 1016//1701 559//1701 1015//1701
f 559//1702 558//1702 1015//1702
f 1015//1703 557//1703 1014//1703
f 558//1704 557//1704 1015//1704
f 1014//1705 556//1705 1013//1705
f 557//1706 556//1706 1014//1706
f 1013//1707 555//1707 1012//1707
f 556//1708 555//1708 1013//1708
f 1012//1709 554//1709 1011//1709
f 1011//1710 554//1710 1010//1710
f 555//1711 554//1711 1012//1711
f 554//1712 553//1712 1010//1712
f 1010//1713 553//1713 1009//1713
f 553//1714 552//1714 1009//1714
f 552//1715 551//1715 1009//1715
f 1009//1716 551//1716 1008//1716
f 551//1717 550//1717 1008//1717
f 1008//1718 550//1718 1007//1718
f 550//1719 549//1719 1007//1719
f 1007//1720 549//1720 1006//1720
f 549//1721 548//1721 1006//1721
f 1006//1722 548//1722 1005//1722
f 548//1723 547//1723 1005//1723
f 1005//1724 547//1724 1004//1724
f 547//1725 546//1725 1004//1725
f 1004//1726 546//1726 1003//1726
f 546//1727 528//1727 1003//1727
f 1003//1728 528//1728 985//1728
f 985//1729 528//1729 986//1729
f 528//1730 529//1730 986//1730
f 529//1731 530//1731 986//1731
f 986//1732 530//1732 987//1732
f 530//1733 531//1733 987//1733
f 987//1734 531//1734 988//1734
f 988//1735 531//1735 989//1735
f 989//1736 532//1736 990//1736
f 531//1737 532//1737 989//1737
f 990//1738 533//1738 991//1738
f 532//1739 533//1739 990//1739
f 533//1740 534//1740 991//1740
f 991//1741 535//1741 992//1741
f 534//1742 535//1742 991//1742
f 992//1743 536//1743 993//1743
f 993//1744 536//1744 994//1744
f 535//1745 536//1745 992//1745
f 536//1746 537//1746 994//1746
f 994//1747 538//1747 995//1747
f 995//1748 538//1748 996//1748
f 537//1749 538//1749 994//1749
f 996//1750 539//1750 997//1750
f 538//1751 539//1751 996//1751
f 539//1752 540//1752 997//1752
f 997//1753 541//1753 998//1753
f 998//1754 541//1754 999//1754
f 540//1755 541//1755 997//1755
f 541//1756 542//1756 999//1756
f 999//1757 543//1757 1000//1757
f 542//1758 543//1758 999//1758
f 1000//1759 544//1759 1001//1759
f 543//1760 544//1760 1000//1760
f 544//1761 545//1761 1001//1761
f 1001//1762 545//1762 1002//1762
f 545//1763 345//1763 1002//1763
f 1002//1764 345//1764 840//1764
f 840//1765 345//1765 838//1765
f 345//1766 344//1766 838//1766
f 344//1767 346//1767 838//1767
f 838//1768 346//1768 841//1768
f 841//1769 347//1769 842//1769
f 346//1770 347//1770 841//1770
f 842//1771 348//1771 843//1771
f 347//1772 348//1772 842//1772
f 843//1773 349//1773 844//1773
f 348//1774 349//1774 843//1774
f 844//1775 350//1775 845//1775
f 349//1776 350//1776 844//1776
f 845//1777 351//1777 846//1777
f 350//1778 351//1778 845//1778
f 846//1779 352//1779 847//1779
f 351//1780 352//1780 846//1780
f 847//1781 353//1781 848//1781
f 352//1782 353//1782 847//1782
f 848//1783 354//1783 849//1783
f 353//1784 354//1784 848//1784
f 849//1785 355//1785 850//1785
f 354//1786 355//1786 849//1786
f 850//1787 356//1787 851//1787
f 851//1788 356//1788 852//1788
f 355//1789 356//1789 850//1789
f 356//1790 357//1790 852//1790
f 148//1791 144//1791 681//1791
f 681//1792 144//1792 677//1792
f 144//1793 140//1793 677//1793
f 677//1794 140//1794 673//1794
f 140//1795 136//1795 673//1795
f 673//1796 136//1796 669//1796
f 136//1797 132//1797 669//1797
f 669//1798 132//1798 666//1798
f 132//1799 128//1799 666//1799
f 666//1800 128//1800 662//1800
f 128//1801 124//1801 662//1801
f 662//1802 124//1802 657//1802
f 124//1803 120//1803 657//1803
f 657//1804 120//1804 653//1804
f 120//1805 116//1805 653//1805
f 653//1806 116//1806 649//1806
f 116//1807 112//1807 649//1807
f 649//1808 112//1808 645//1808
f 112//1809 107//1809 645//1809
f 645//1810 107//1810 641//1810
f 641//1811 107//1811 643//1811
f 107//1812 110//1812 643//1812
f 110//1813 114//1813 643//1813
f 643//1814 114//1814 647//1814
f 647//1815 114//1815 651//1815
f 114//1816 118//1816 651//1816
f 118//1817 122//1817 651//1817
f 651//1818 122//1818 655//1818
f 655//1819 126//1819 659//1819
f 122//1820 126//1820 655//1820
f 659//1821 130//1821 663//1821
f 126//1822 130//1822 659//1822
f 663//1823 134//1823 667//1823
f 667//1824 134//1824 671//1824
f 130//1825 134//1825 663//1825
f 134//1826 138//1826 671//1826
f 671//1827 142//1827 675//1827
f 138//1828 142//1828 671//1828
f 675//1829 146//1829 679//1829
f 142//1830 146//1830 675//1830
f 679//1831 155//1831 688//1831
f 146//1832 155//1832 679//1832
f 688//1833 165//1833 698//1833
f 698//1834 165//1834 706//1834
f 155//1835 165//1835 688//1835
f 165//1836 173//1836 706//1836
f 173//1837 181//1837 706//1837
f 706//1838 181//1838 714//1838
f 714//1839 181//1839 722//1839
f 181//1840 189//1840 722//1840
f 722//1841 189//1841 724//1841
f 189//1842 191//1842 724//1842
f 191//1843 193//1843 724//1843
f 724//1844 193//1844 726//1844
f 726//1845 193//1845 728//1845
f 193//1846 195//1846 728//1846
f 195//1847 197//1847 728//1847
f 728//1848 197//1848 730//1848
f 197//1849 199//1849 730//1849
f 730//1850 199//1850 732//1850
f 199//1851 241//1851 732//1851
f 732//1852 241//1852 747//1852
f 241//1853 259//1853 747//1853
f 747//1854 259//1854 754//1854
f 259//1855 262//1855 754//1855
f 754//1856 262//1856 757//1856
f 757//1857 262//1857 760//1857
f 262//1858 265//1858 760//1858
f 265//1859 268//1859 760//1859
f 760//1860 268//1860 763//1860
f 268//1861 271//1861 763//1861
f 763//1862 271//1862 766//1862
f 271//1863 274//1863 766//1863
f 766//1864 274//1864 769//1864
f 274//1865 277//1865 769//1865
f 769//1866 277//1866 772//1866
f 277//1867 280//1867 772//1867
f 772//1868 280//1868 775//1868
f 280//1869 283//1869 775//1869
f 775//1870 283//1870 778//1870
f 283//1871 304//1871 778//1871
f 778//1872 304//1872 799//1872
f 304//1873 315//1873 799//1873
f 799//1874 315//1874 810//1874
f 315//1875 318//1875 810//1875
f 810//1876 318//1876 813//1876
f 813//1877 318//1877 815//1877
f 318//1878 321//1878 815//1878
f 815//1879 321//1879 818//1879
f 321//1880 324//1880 818//1880
f 818//1881 324//1881 821//1881
f 324//1882 327//1882 821//1882
f 824//1883 330//1883 827//1883
f 821//1884 330//1884 824//1884
f 327//1885 330//1885 821//1885
f 330//1886 333//1886 827//1886
f 827//1887 333//1887 830//1887
f 333//1888 336//1888 830//1888
f 830//1889 339//1889 833//1889
f 336//1890 339//1890 830//1890
f 833//1891 342//1891 837//1891
f 339//1892 342//1892 833//1892
f 837//1893 360//1893 854//1893
f 342//1894 360//1894 837//1894
f 148//1895 681//1895 149//1895
f 681//1896 682//1896 149//1896
f 149//1897 683//1897 150//1897
f 150//1898 683//1898 152//1898
f 682//1899 683//1899 149//1899
f 683//1900 685//1900 152//1900
f 152//1901 686//1901 153//1901
f 153//1902 686//1902 154//1902
f 685//1903 686//1903 152//1903
f 686//1904 687//1904 154//1904
f 687//1905 690//1905 154//1905
f 154//1906 690//1906 157//1906
f 157//1907 691//1907 158//1907
f 690//1908 691//1908 157//1908
f 691//1909 693//1909 158//1909
f 158//1910 693//1910 160//1910
f 160//1911 694//1911 161//1911
f 161//1912 694//1912 162//1912
f 693//1913 694//1913 160//1913
f 694//1914 695//1914 162//1914
f 162//1915 696//1915 163//1915
f 163//1916 696//1916 167//1916
f 695//1917 696//1917 162//1917
f 696//1918 700//1918 167//1918
f 167//1919 701//1919 168//1919
f 168//1920 701//1920 169//1920
f 700//1921 701//1921 167//1921
f 169//1922 702//1922 170//1922
f 701//1923 702//1923 169//1923
f 702//1924 703//1924 170//1924
f 170//1925 704//1925 171//1925
f 171//1926 704//1926 175//1926
f 703//1927 704//1927 170//1927
f 704//1928 708//1928 175//1928
f 175//1929 709//1929 176//1929
f 176//1930 709//1930 177//1930
f 708//1931 709//1931 175//1931
f 709//1932 710//1932 177//1932
f 177//1933 711//1933 178//1933
f 710//1934 711//1934 177//1934
f 178//1935 713//1935 180//1935
f 711//1936 713//1936 178//1936
f 180//1937 716//1937 183//1937
f 713//1938 716//1938 180//1938
f 183//1939 717//1939 184//1939
f 184//1940 717//1940 185//1940
f 716//1941 717//1941 183//1941
f 717//1942 718//1942 185//1942
f 185//1943 720//1943 187//1943
f 718//1944 720//1944 185//1944
f 187//1945 721//1945 188//1945
f 188//1946 721//1946 214//1946
f 720//1947 721//1947 187//1947
f 214//1948 736//1948 215//1948
f 721//1949 736//1949 214//1949
f 736//1950 738//1950 215//1950
f 215//1951 739//1951 221//1951
f 221//1952 739//1952 224//1952
f 738//1953 739//1953 215//1953
f 739//1954 740//1954 224//1954
f 224//1955 741//1955 227//1955
f 740//1956 741//1956 224//1956
f 741//1957 742//1957 227//1957
f 227//1958 742//1958 230//1958
f 230//1959 742//1959 234//1959
f 742//1960 744//1960 234//1960
f 234//1961 744//1961 237//1961
f 744//1962 745//1962 237//1962
f 745//1963 746//1963 237//1963
f 237//1964 746//1964 240//1964
f 746//1965 749//1965 240//1965
f 240//1966 749//1966 245//1966
f 245//1967 749//1967 246//1967
f 749//1968 751//1968 246//1968
f 246//1969 751//1969 250//1969
f 751//1970 752//1970 250//1970
f 854//1971 360//1971 361//1971
f 856//1972 854//1972 361//1972
f 857//1973 361//1973 362//1973
f 857//1974 362//1974 365//1974
f 857//1975 856//1975 361//1975
f 859//1976 857//1976 365//1976
f 861//1977 365//1977 366//1977
f 861//1978 366//1978 367//1978
f 861//1979 859//1979 365//1979
f 862//1980 861//1980 367//1980
f 863//1981 862//1981 367//1981
f 863//1982 367//1982 368//1982
f 864//1983 368//1983 369//1983
f 864//1984 863//1984 368//1984
f 867//1985 864//1985 369//1985
f 867//1986 369//1986 372//1986
f 868//1987 372//1987 373//1987
f 868//1988 373//1988 374//1988
f 868//1989 867//1989 372//1989
f 869//1990 868//1990 374//1990
f 870//1991 374//1991 375//1991
f 870//1992 375//1992 401//1992
f 870//1993 869//1993 374//1993
f 890//1994 870//1994 401//1994
f 892//1995 401//1995 402//1995
f 892//1996 402//1996 403//1996
f 892//1997 890//1997 401//1997
f 893//1998 403//1998 404//1998
f 893//1999 892//1999 403//1999
f 894//2000 893//2000 404//2000
f 895//2001 404//2001 405//2001
f 895//2002 405//2002 423//2002
f 895//2003 894//2003 404//2003
f 905//2004 895//2004 423//2004
f 906//2005 423//2005 424//2005
f 906//2006 424//2006 425//2006
f 906//2007 905//2007 423//2007
f 907//2008 906//2008 425//2008
f 908//2009 425//2009 426//2009
f 908//2010 907//2010 425//2010
f 910//2011 426//2011 429//2011
f 910//2012 908//2012 426//2012
f 912//2013 429//2013 430//2013
f 912//2014 910//2014 429//2014
f 913//2015 430//2015 431//2015
f 913//2016 431//2016 432//2016
f 913//2017 912//2017 430//2017
f 914//2018 913//2018 432//2018
f 917//2019 432//2019 437//2019
f 917//2020 914//2020 432//2020
f 903//2021 437//2021 420//2021
f 903//2022 420//2022 418//2022
f 903//2023 917//2023 437//2023
f 902//2024 418//2024 415//2024
f 902//2025 903//2025 418//2025
f 900//2026 902//2026 415//2026
f 899//2027 415//2027 414//2027
f 899//2028 414//2028 412//2028
f 899//2029 900//2029 415//2029
f 898//2030 899//2030 412//2030
f 897//2031 412//2031 410//2031
f 897//2032 898//2032 412//2032
f 896//2033 897//2033 410//2033
f 896//2034 410//2034 408//2034
f 896//2035 408//2035 399//2035
f 889//2036 896//2036 399//2036
f 889//2037 399//2037 398//2037
f 888//2038 889//2038 398//2038
f 887//2039 888//2039 398//2039
f 887//2040 398//2040 396//2040
f 886//2041 887//2041 396//2041
f 886//2042 396//2042 394//2042
f 886//2043 394//2043 378//2043
f 872//2044 886//2044 378//2044
f 872//2045 378//2045 343//2045
f 839//2046 872//2046 343//2046
f 839//2047 250//2047 752//2047
f 343//2048 250//2048 839//2048
