# Created by FreeCAD <https://www.freecad.org>
v -211.193436 -198.268768 -75.171219
v -211.448303 -270.268311 -75.171532
v -212.525940 -198.264069 -71.462021
v -212.780807 -270.263611 -71.462341
v -214.294357 -270.258270 -67.823280
v -214.039490 -198.258728 -67.822960
v -215.985306 -270.252289 -64.263168
v -215.730453 -198.252747 -64.262856
v -217.849533 -270.245728 -60.790672
v -217.594666 -198.246170 -60.790359
v -219.882538 -270.238525 -57.414204
v -219.627670 -198.238983 -57.413891
v -222.079346 -270.230774 -54.141960
v -221.824493 -198.231232 -54.141644
v -224.179810 -198.222900 -50.981567
v -224.434677 -270.222443 -50.981880
v -226.942764 -270.213593 -47.941643
v -226.687897 -198.214035 -47.941326
v -229.342682 -198.204651 -45.028301
v -229.597549 -270.204193 -45.028618
v -232.392578 -270.194305 -42.249882
v -232.137726 -198.194763 -42.249569
v -235.066208 -198.184418 -39.611862
v -235.321075 -270.183960 -39.612179
v -238.375916 -270.173157 -37.121902
v -238.121063 -198.173615 -37.121590
v -241.549713 -270.161926 -34.785110
v -241.294846 -198.162384 -34.784798
v -244.579865 -198.150772 -32.607147
v -244.834717 -270.150330 -32.607464
v -247.968155 -198.138779 -30.593939
v -248.223022 -270.138336 -30.594254
v -251.706345 -270.126007 -28.750362
v -251.451492 -198.126465 -28.750048
v -255.021393 -198.113831 -27.079952
v -255.276260 -270.113373 -27.080269
v -258.924103 -270.100464 -25.588024
v -258.669220 -198.100922 -25.587708
v -262.640991 -270.087311 -24.277252
v -262.386139 -198.087769 -24.276937
v -266.163086 -198.074417 -23.150816
v -266.417938 -270.073975 -23.151131
v -270.245789 -270.060425 -22.212399
v -269.990906 -198.060867 -22.212082
v -273.860321 -198.047165 -21.463015
v -274.115173 -270.046722 -21.463329
v -278.016785 -270.032898 -20.905743
v -277.761932 -198.033371 -20.905428
v -281.686279 -198.019470 -20.540680
v -281.941162 -270.019012 -20.540995
v -285.878693 -270.005096 -20.369968
v -285.623810 -198.005539 -20.369652
v -289.819855 -269.991119 -20.393076
v -289.565002 -197.991592 -20.392759
v -293.500275 -197.977661 -20.609949
v -293.755127 -269.977203 -20.610266
v -297.674927 -269.963318 -21.021006
v -297.420044 -197.963776 -21.020691
v -301.314850 -197.949982 -21.623989
v -301.569702 -269.949524 -21.624306
v -305.175232 -197.936325 -22.418383
v -305.430115 -269.935883 -22.418697
v -308.991791 -197.922806 -23.401937
v -309.246643 -269.922363 -23.402252
v -313.010132 -269.909027 -24.572584
v -312.755280 -197.909485 -24.572269
v -316.711426 -269.895905 -25.926853
v -316.456543 -197.896378 -25.926538
v -320.086639 -197.883514 -27.461454
v -320.341522 -269.883057 -27.461771
v -323.636719 -197.870941 -29.173296
v -323.891571 -269.870483 -29.173613
v -327.098175 -197.858673 -31.057907
v -327.353027 -269.858215 -31.058222
v -330.717499 -269.846313 -33.111027
v -330.462616 -197.846756 -33.110714
v -333.976746 -269.834778 -35.327045
v -333.721893 -197.835220 -35.326729
v -337.122925 -269.823608 -37.700897
v -336.868042 -197.824066 -37.700581
v -340.148346 -269.812897 -40.226818
v -339.893494 -197.813339 -40.226501
v -343.045715 -269.802612 -42.898685
v -342.790863 -197.803085 -42.898369
v -345.553131 -197.793289 -45.709690
v -345.807983 -269.792847 -45.710007
v -348.428406 -269.783539 -48.653957
v -348.173553 -197.783997 -48.653641
v -350.900696 -269.774780 -51.723400
v -350.645844 -197.775238 -51.723087
v -352.963928 -197.767014 -54.910564
v -353.218781 -269.766571 -54.910877
v -355.377075 -269.758911 -58.208660
v -355.122223 -197.759354 -58.208344
v -357.115479 -197.752289 -61.608421
v -357.370361 -269.751831 -61.608738
v -359.193756 -269.745361 -65.102859
v -358.938873 -197.745819 -65.102547
v -360.842804 -269.739502 -68.682541
v -360.587952 -197.739975 -68.682228
v -362.313599 -269.734283 -72.339104
v -362.058716 -197.734741 -72.338791
v -363.347626 -197.730164 -76.063354
v -363.602509 -269.729706 -76.063667
v -364.451538 -197.726242 -79.846878
v -364.706390 -269.725800 -79.847191
v -342.368164 -269.804504 -158.461868
v -355.017059 -269.759705 -167.065826
v -351.607788 -269.771759 -170.354340
v -339.439636 -269.814880 -161.099579
v -348.038849 -269.784393 -173.468826
v -345.163147 -269.794647 -155.683121
v -358.258179 -269.748260 -163.611465
v -336.384796 -269.825684 -163.589828
v -344.319061 -269.797546 -176.401520
v -347.817963 -269.785248 -152.770111
v -361.323090 -269.737427 -159.999847
v -333.210999 -269.836914 -165.926636
v -340.457764 -269.811188 -179.145172
v -350.326050 -269.776398 -149.729858
v -364.204163 -269.727234 -156.239960
v -329.925995 -269.848511 -168.104279
v -336.464478 -269.825317 -181.692932
v -352.681366 -269.768066 -146.569778
v -366.894226 -269.717743 -152.341110
v -326.537689 -269.860504 -170.117493
v -332.349152 -269.839874 -184.038498
v -354.878174 -269.760315 -143.297531
v -369.386627 -269.708923 -148.313019
v -323.054352 -269.872833 -171.961380
v -328.122070 -269.854828 -186.175995
v -356.911194 -269.753113 -139.921066
v -371.675110 -269.700836 -144.165695
v -319.484467 -269.885468 -173.631485
v -323.793671 -269.870148 -188.100128
v -358.775421 -269.746552 -136.448563
v -373.754089 -269.693512 -139.909470
v -315.836639 -269.898376 -175.123718
v -319.374725 -269.885773 -189.806107
v -360.466339 -269.740570 -132.888474
v -375.618286 -269.686920 -135.554901
v -312.119720 -269.911499 -176.434494
v -314.876282 -269.901703 -191.289734
v -361.979889 -269.735229 -129.249405
v -377.263092 -269.681122 -131.112823
v -308.342773 -269.924866 -177.560608
v -310.309448 -269.917847 -192.547256
v -363.312408 -269.730530 -125.540215
v -363.455109 -269.730011 -125.071899
v -363.574707 -269.729614 -124.597168
v -378.684479 -269.676117 -126.594276
v -363.670929 -269.729248 -124.117149
v -363.743561 -269.729004 -123.633003
v -363.792389 -269.728851 -123.145874
v -304.514954 -269.938416 -178.499344
v -305.685608 -269.934204 -193.575577
v -363.817322 -269.728760 -122.656937
v -363.818329 -269.728760 -122.167366
v -379.878845 -269.671906 -122.010490
v -363.795319 -269.728821 -121.678337
v -363.748444 -269.729004 -121.191017
v -363.677765 -269.729248 -120.706581
v -363.583466 -269.729584 -120.226181
v -380.843231 -269.668518 -117.372871
v -300.645538 -269.952118 -179.248413
v -301.016235 -269.950745 -194.372147
v -363.465759 -269.730011 -119.750977
v -363.324921 -269.730499 -119.282097
v -363.161316 -269.731079 -118.820671
v -362.975342 -269.731750 -118.367813
v -362.767395 -269.732483 -117.924591
v -381.575287 -269.665924 -112.692955
v -296.743896 -269.965912 -179.806000
v -296.312988 -269.967377 -194.934982
v -362.538025 -269.733307 -117.492081
v -362.287750 -269.734192 -117.071320
v -362.017181 -269.735138 -116.663307
v -361.726990 -269.736176 -116.269028
v -382.073151 -269.664185 -107.982361
v -361.417847 -269.737274 -115.889420
v -292.819580 -269.979828 -180.170746
v -291.587555 -269.984100 -195.262665
v -361.090454 -269.738434 -115.525391
v -360.745697 -269.739655 -115.177834
v -360.384308 -269.740936 -114.847557
v -382.335571 -269.663300 -103.252800
v -360.007172 -269.742279 -114.535370
v -359.615265 -269.743652 -114.242020
v -288.882050 -269.993744 -180.341766
v -286.851654 -270.000885 -195.354401
v -284.940826 -270.007690 -180.318665
v -282.117035 -270.017639 -195.209961
v -281.005585 -270.021637 -180.101471
v -277.395538 -270.034363 -194.829681
v -277.085815 -270.035522 -179.690735
v -272.698822 -270.050964 -194.214539
v -273.190979 -270.049316 -179.087433
v -268.038666 -270.067474 -193.366043
v -269.330627 -270.062958 -178.293045
v -263.426575 -270.083801 -192.286316
v -362.227051 -269.734528 -89.364540
v -382.361938 -269.663208 -98.516045
v -361.878113 -269.735748 -89.707939
v -361.512787 -269.737061 -90.033829
v -362.558777 -269.733368 -89.004486
v -382.152161 -269.663971 -93.783859
v -361.131958 -269.738403 -90.341461
v -362.872467 -269.732239 -88.628632
v -360.736481 -269.739807 -90.630081
v -363.167389 -269.731201 -88.237869
v -360.327393 -269.741241 -90.898994
v -363.442871 -269.730225 -87.833153
v -359.905640 -269.742737 -91.147568
v -359.209412 -269.745087 -113.968193
v -358.790680 -269.746582 -113.714561
v -363.698181 -269.729340 -87.415428
v -381.706757 -269.665558 -89.068016
v -359.472229 -269.744263 -91.375206
v -363.932739 -269.728485 -86.985703
v -359.028168 -269.745850 -91.581360
v -358.360046 -269.748108 -113.481720
v -364.145966 -269.727753 -86.545021
v -358.574554 -269.747437 -91.765526
v -357.918488 -269.749664 -113.270241
v -364.337433 -269.727081 -86.094429
v -358.112488 -269.749084 -91.927269
v -357.467133 -269.751282 -113.080635
v -364.506561 -269.726471 -85.635010
v -357.643066 -269.750732 -92.066208
v -357.007050 -269.752899 -112.913338
v -364.653015 -269.725952 -85.167862
v -381.026855 -269.667999 -84.380234
v -357.167389 -269.752411 -92.182007
v -356.539337 -269.754547 -112.768753
v -364.776428 -269.725525 -84.694099
v -356.686584 -269.754120 -92.274384
v -356.065063 -269.756226 -112.647240
v -364.876526 -269.725159 -84.214874
v -356.201874 -269.755829 -92.343124
v -355.585449 -269.757935 -112.549080
v -265.514069 -270.076477 -177.309494
v -258.873993 -270.099915 -190.978043
v -364.953003 -269.724915 -83.731316
v -355.714386 -269.757568 -92.388054
v -355.101593 -269.759644 -112.474518
v -354.614655 -269.761383 -112.423729
v -365.005768 -269.724731 -83.244606
v -380.114136 -269.671265 -79.732170
v -355.225281 -269.759308 -92.409065
v -354.125854 -269.763092 -112.396820
v -365.034637 -269.724609 -82.755882
v -354.735718 -269.761017 -92.406120
v -365.039551 -269.724609 -82.266335
v -365.020508 -269.724670 -81.777138
v -364.977509 -269.724823 -81.289467
v -364.910736 -269.725067 -80.804466
v -378.970856 -269.675323 -75.135384
v -364.820282 -269.725372 -80.323326
v -261.750580 -270.089813 -176.139160
v -254.392319 -270.115814 -189.444458
v -377.599884 -269.680206 -70.601295
v -258.049316 -270.102905 -174.784897
v -249.992661 -270.131378 -187.689377
v -376.004608 -269.685852 -66.141182
v -254.419220 -270.115784 -173.249969
v -245.685944 -270.146637 -185.717194
v -374.188965 -269.692291 -61.766129
v -250.869141 -270.128357 -171.538132
v -241.482895 -270.161530 -183.532776
v -372.157532 -269.699524 -57.487022
v -247.407669 -270.140625 -169.653519
v -237.393951 -270.175995 -181.141556
v -369.915344 -269.707458 -53.314491
v -244.043213 -270.152527 -167.600723
v -233.429276 -270.190063 -178.549500
v -367.467957 -269.716156 -49.258911
v -240.783951 -270.164062 -165.384705
v -229.598724 -270.203613 -175.763046
v -364.821411 -269.725525 -45.330368
v -237.637787 -270.175232 -163.010849
v -225.911835 -270.216675 -172.789108
v -361.982391 -269.735596 -41.538624
v -234.612350 -270.185944 -160.484924
v -293.445404 -269.977936 -104.767769
v -293.217957 -269.978729 -105.064606
v -293.657776 -269.977173 -104.459969
v -293.854523 -269.976471 -104.141960
v -294.035217 -269.975861 -103.814545
v -294.199310 -269.975281 -103.478523
v -294.346497 -269.974762 -103.134735
v -294.476379 -269.974304 -102.784050
v -294.588593 -269.973907 -102.427322
v -294.682892 -269.973572 -102.065453
v -294.759003 -269.973297 -101.699326
v -222.377777 -270.229218 -169.635101
v -294.816803 -269.973083 -101.329849
v -294.856110 -269.972961 -100.957962
v -294.876801 -269.972870 -100.584579
v -294.878906 -269.972870 -100.210625
v -294.862335 -269.972931 -99.837029
v -294.827179 -269.973053 -99.464722
v -294.773529 -269.973267 -99.094635
v -294.701447 -269.973511 -98.727684
v -231.714996 -270.196198 -157.813065
v -358.957886 -269.746338 -37.893112
v -294.611176 -269.973846 -98.364784
v -294.502930 -269.974213 -98.006828
v -294.376984 -269.974670 -97.654709
v -294.233673 -269.975159 -97.309311
v -294.073303 -269.975739 -96.971489
v -293.896271 -269.976379 -96.642075
v -293.703064 -269.977051 -96.321899
v -219.005310 -270.241150 -166.308853
v -293.494141 -269.977783 -96.011749
v -228.952744 -270.205994 -155.001740
v -355.755402 -269.757660 -34.402893
v -215.802841 -270.252502 -162.818634
v -226.332306 -270.215302 -152.057785
v -352.382935 -269.769623 -31.076641
v -212.778320 -270.263245 -159.173111
v -223.860031 -270.224060 -148.988342
v -348.848877 -269.782166 -27.922628
v -209.939301 -270.273315 -155.381378
v -221.541931 -270.232269 -145.800858
v -345.161987 -269.795227 -24.948696
v -207.292770 -270.282684 -151.452835
v -219.383621 -270.239929 -142.503082
v -341.331451 -269.808777 -22.162239
v -204.845383 -270.291382 -147.397263
v -217.390366 -270.247009 -139.103012
v -337.366760 -269.822845 -19.570185
v -202.603180 -270.299316 -143.224716
v -215.566971 -270.253479 -135.608887
v -333.277832 -269.837311 -17.178976
v -200.571732 -270.306549 -138.945602
v -213.917908 -270.259308 -132.029190
v -329.074768 -269.852203 -14.994557
v -198.756119 -270.312988 -134.570557
v -212.447113 -270.264557 -128.372650
v -324.768036 -269.867462 -13.022359
v -197.160828 -270.318634 -130.110443
v -211.158218 -270.269135 -124.648071
v -220.024994 -270.237823 -108.305618
v -281.057648 -270.021790 -104.389839
v -281.266571 -270.021027 -104.699989
v -280.864441 -270.022461 -104.069664
v -280.687439 -270.023102 -103.740257
v -280.527039 -270.023651 -103.402428
v -280.383698 -270.024170 -103.057030
v -280.257782 -270.024628 -102.704910
v -280.149536 -270.024994 -102.346962
v -280.059265 -270.025330 -101.984055
v -279.987213 -270.025574 -101.617111
v -279.933533 -270.025787 -101.247025
v -279.898376 -270.025909 -100.874710
v -279.881805 -270.025970 -100.501114
v -279.883881 -270.025970 -100.127167
v -320.368408 -269.883026 -11.267287
v -195.789841 -270.323517 -125.576363
v -210.054306 -270.273041 -120.864555
v -209.940414 -270.273438 -120.388412
v -209.849976 -270.273773 -119.907272
v -315.886719 -269.898895 -9.733703
v -194.646561 -270.327576 -120.979576
v -209.783188 -270.274017 -119.422279
v -209.740219 -270.274170 -118.934608
v -209.721161 -270.274231 -118.445412
v -209.726089 -270.274231 -117.955856
v -209.754944 -270.274109 -117.467140
v -311.334167 -269.915039 -8.425420
v -193.733841 -270.330841 -116.331505
v -209.807693 -270.273926 -116.980423
v -209.884201 -270.273682 -116.496864
v -209.984283 -270.273315 -116.017639
v -210.107697 -270.272888 -115.543884
v -306.722046 -269.931366 -7.345690
v -220.634872 -270.235748 -88.314919
v -219.535431 -270.239532 -108.302673
v -279.904602 -270.025879 -99.753784
v -279.943939 -270.025757 -99.381889
v -280.001709 -270.025543 -99.012421
v -280.077850 -270.025269 -98.646294
v -280.172150 -270.024933 -98.284424
v -280.284363 -270.024536 -97.927696
v -280.414215 -270.024078 -97.577003
v -280.561371 -270.023560 -97.233215
v -280.725494 -270.022980 -96.897202
v -280.906189 -270.022339 -96.569778
v -281.102966 -270.021667 -96.251770
v -281.315308 -270.020905 -95.943970
v -281.542755 -270.020111 -95.647133
v -220.146042 -270.237457 -88.288017
v -219.659134 -270.239197 -88.237228
v -219.046326 -270.241272 -108.323692
v -219.175262 -270.240906 -88.162659
v -218.558823 -270.243011 -108.368622
v -218.695648 -270.242615 -88.064499
v -218.074112 -270.244720 -108.437363
v -217.593338 -270.246429 -108.529739
v -193.053940 -270.333252 -111.643723
v -210.254150 -270.272369 -115.076736
v -210.423309 -270.271759 -114.617317
v -210.614731 -270.271088 -114.166718
v -210.827988 -270.270355 -113.726044
v -211.062546 -270.269501 -113.296318
v -218.221405 -270.244293 -87.942986
v -217.753662 -270.245941 -87.798409
v -217.117661 -270.248108 -108.645538
v -217.293579 -270.247559 -87.631111
v -216.648224 -270.249756 -108.784477
v -216.842209 -270.249176 -87.441498
v -216.186142 -270.251404 -108.946220
v -216.400696 -270.250732 -87.230019
v -215.732559 -270.252991 -109.130386
v -215.288498 -270.254578 -109.336540
v -302.061859 -269.947876 -6.497199
v -215.970032 -270.252258 -86.997185
v -214.855072 -270.256104 -109.564171
v -215.551285 -270.253754 -86.743553
v -214.433304 -270.257599 -109.812744
v -215.145447 -270.255188 -86.469727
v -192.608551 -270.334869 -106.927879
v -211.317856 -270.268616 -112.878593
v -211.593307 -270.267639 -112.473869
v -211.888229 -270.266602 -112.083107
v -212.201935 -270.265472 -111.707253
v -297.365173 -269.964478 -5.882055
v -192.398773 -270.335632 -102.195694
v -212.533646 -270.264313 -111.347198
v -212.882599 -270.263092 -111.003807
v -213.247925 -270.261780 -110.677910
v -213.628769 -270.260437 -110.370285
v -292.643677 -269.981201 -5.501788
v -192.425140 -270.335541 -97.458939
v -214.376404 -270.257904 -85.864182
v -214.753525 -270.256561 -86.176376
v -214.024216 -270.259033 -110.081665
v -287.909058 -269.997955 -5.357343
v -192.687561 -270.334656 -92.729385
v -214.015015 -270.259186 -85.533913
v -213.033722 -270.262665 -84.442719
v -213.342865 -270.261566 -84.822327
v -213.670242 -270.260406 -85.186348
v -283.173157 -270.014740 -5.449080
v -193.185425 -270.332916 -88.018791
v -211.993317 -270.266357 -82.787155
v -212.222687 -270.265533 -83.219666
v -212.472961 -270.264648 -83.640427
v -212.743515 -270.263702 -84.048439
v -278.447693 -270.031464 -5.776768
v -193.917465 -270.330322 -83.338867
v -211.177261 -270.269257 -80.485565
v -211.294968 -270.268829 -80.960770
v -211.435791 -270.268341 -81.429642
v -211.599396 -270.267761 -81.891075
v -211.785385 -270.267090 -82.343933
v -273.744476 -270.048096 -6.339597
v -194.881866 -270.326935 -78.701248
v -210.942398 -270.270081 -78.544380
v -210.965393 -270.270020 -79.033401
v -211.012268 -270.269836 -79.520721
v -211.082947 -270.269592 -80.005157
v -269.075134 -270.064636 -7.136164
v -196.076233 -270.322723 -74.117470
v -211.186005 -270.269226 -76.114571
v -211.089767 -270.269562 -76.594597
v -211.017166 -270.269836 -77.078743
v -210.968323 -270.269989 -77.565865
v -210.943390 -270.270081 -78.054810
v -264.451294 -270.080994 -8.164490
v -197.497604 -270.317719 -69.598923
v -211.305603 -270.268829 -75.639839
v -259.884430 -270.097137 -9.422019
v -199.142441 -270.311920 -65.156845
v -255.385986 -270.113068 -10.905623
v -201.006638 -270.305328 -60.802273
v -250.967056 -270.128693 -12.611615
v -203.085587 -270.298004 -56.546040
v -246.638657 -270.144012 -14.535753
v -205.374100 -270.289917 -52.398724
v -242.411545 -270.158966 -16.673254
v -207.866486 -270.281097 -48.370640
v -238.296234 -270.173523 -19.018801
v -210.556549 -270.271606 -44.471798
v -234.302948 -270.187653 -21.566565
v -213.437637 -270.261414 -40.711891
v -230.441635 -270.201294 -24.310215
v -216.502533 -270.250580 -37.100269
v -226.721893 -270.214447 -27.242924
v -219.743652 -270.239136 -33.645912
v -223.152924 -270.227081 -30.357403
v -287.795868 -269.997986 -92.867393
v -288.168640 -269.996674 -92.897415
v -288.539429 -269.995361 -92.945976
v -288.907318 -269.994049 -93.012962
v -289.271454 -269.992767 -93.098206
v -289.630859 -269.991486 -93.201492
v -289.984680 -269.990234 -93.322563
v -290.332031 -269.989014 -93.461121
v -290.671997 -269.987793 -93.616821
v -291.003845 -269.986633 -93.789268
v -291.326630 -269.985474 -93.978050
v -291.639679 -269.984375 -94.182693
v -291.942047 -269.983307 -94.402672
v -292.233124 -269.982269 -94.637451
v -292.512115 -269.981293 -94.886459
v -292.778381 -269.980347 -95.149055
v -293.031219 -269.979431 -95.424599
v -293.269989 -269.978577 -95.712402
v -287.422089 -269.999298 -92.855988
v -287.048218 -270.000641 -92.863235
v -286.675171 -270.001953 -92.889099
v -286.303864 -270.003265 -92.933540
v -285.935211 -270.004578 -92.996422
v -285.570190 -270.005859 -93.077606
v -285.209625 -270.007141 -93.176888
v -284.854492 -270.008392 -93.294014
v -284.505615 -270.009613 -93.428688
v -284.163910 -270.010834 -93.580597
v -283.830170 -270.012024 -93.749344
v -283.505280 -270.013153 -93.934525
v -283.190063 -270.014282 -94.135658
v -282.885223 -270.015350 -94.352264
v -282.591522 -270.016388 -94.583794
v -282.309784 -270.017395 -94.829674
v -282.040619 -270.018341 -95.089294
v -281.784729 -270.019257 -95.362007
v -286.964813 -270.000854 -107.844345
v -286.592102 -270.002167 -107.814331
v -286.221313 -270.003479 -107.765770
v -285.853394 -270.004791 -107.698776
v -285.489288 -270.006073 -107.613541
v -285.129852 -270.007355 -107.510254
v -284.776031 -270.008606 -107.389175
v -284.428680 -270.009827 -107.250618
v -284.088684 -270.011047 -107.094925
v -283.756866 -270.012207 -106.922470
v -283.434052 -270.013367 -106.733688
v -283.121063 -270.014465 -106.529053
v -282.818665 -270.015533 -106.309074
v -282.527588 -270.016571 -106.074287
v -282.248566 -270.017548 -105.825287
v -281.982330 -270.018494 -105.562691
v -281.729523 -270.019409 -105.287140
v -281.490723 -270.020233 -104.999336
v -287.338593 -269.999542 -107.855751
v -287.712494 -269.998199 -107.848511
v -288.085571 -269.996887 -107.822647
v -288.456879 -269.995575 -107.778206
v -288.825500 -269.994263 -107.715324
v -289.190552 -269.992981 -107.634140
v -289.551086 -269.991699 -107.534859
v -289.906250 -269.990448 -107.417732
v -290.255096 -269.989227 -107.283051
v -290.596802 -269.988007 -107.131149
v -290.930511 -269.986816 -106.962395
v -291.255432 -269.985687 -106.777222
v -291.570679 -269.984558 -106.576080
v -291.875519 -269.983490 -106.359482
v -292.169189 -269.982452 -106.127945
v -292.450928 -269.981445 -105.882065
v -292.720093 -269.980499 -105.622444
v -292.975952 -269.979584 -105.349731
v -211.050735 -198.269272 -75.639526
v -210.931137 -198.269684 -76.114258
v -210.834915 -198.270020 -76.594276
v -210.762299 -198.270279 -77.078430
v -210.713455 -198.270447 -77.565552
v -210.688522 -198.270538 -78.054489
v -210.687546 -198.270538 -78.544060
v -210.710526 -198.270462 -79.033089
v -210.757416 -198.270294 -79.520409
v -210.828094 -198.270035 -80.004845
v -210.922394 -198.269699 -80.485245
v -211.040100 -198.269287 -80.960457
v -211.180923 -198.268784 -81.429329
v -211.344528 -198.268204 -81.890755
v -211.530533 -198.267532 -82.343613
v -211.738449 -198.266800 -82.786835
v -211.967834 -198.265991 -83.219345
v -212.218094 -198.265106 -83.640106
v -212.488647 -198.264145 -84.048126
v -212.778854 -198.263107 -84.442406
v -213.088013 -198.262009 -84.822006
v -213.415375 -198.260849 -85.186035
v -213.760162 -198.259628 -85.533592
v -214.121552 -198.258347 -85.863869
v -214.498657 -198.257019 -86.176056
v -214.890594 -198.255630 -86.469414
v -215.296432 -198.254196 -86.743233
v -215.715164 -198.252701 -86.996872
v -216.145828 -198.251175 -87.229706
v -216.587357 -198.249619 -87.441185
v -217.038712 -198.248016 -87.630791
v -217.498810 -198.246384 -87.798088
v -217.966537 -198.244736 -87.942673
v -218.440781 -198.243057 -88.064186
v -218.920395 -198.241348 -88.162346
v -219.404266 -198.239639 -88.236908
v -219.891174 -198.237915 -88.287697
v -220.380005 -198.236191 -88.314606
v -364.565430 -197.725830 -80.323013
v -364.655884 -197.725510 -80.804153
v -364.722656 -197.725281 -81.289146
v -364.765625 -197.725128 -81.776825
v -364.784698 -197.725052 -82.266022
v -364.779785 -197.725067 -82.755569
v -364.750916 -197.725174 -83.244286
v -364.698151 -197.725357 -83.731003
v -364.621643 -197.725616 -84.214561
v -364.521576 -197.725967 -84.693787
v -364.398163 -197.726410 -85.167549
v -364.251709 -197.726929 -85.634697
v -364.082550 -197.727524 -86.094116
v -363.891113 -197.728195 -86.544708
v -363.677887 -197.728943 -86.985390
v -363.443329 -197.729782 -87.415108
v -363.187988 -197.730682 -87.832832
v -362.912537 -197.731659 -88.237556
v -362.617615 -197.732697 -88.628319
v -362.303925 -197.733810 -89.004173
v -361.972198 -197.734970 -89.364227
v -361.623230 -197.736206 -89.707619
v -361.257904 -197.737503 -90.033516
v -360.877075 -197.738846 -90.341141
v -360.481628 -197.740250 -90.629761
v -360.072540 -197.741699 -90.898682
v -359.650757 -197.743179 -91.147255
v -359.217346 -197.744720 -91.374893
v -358.773315 -197.746292 -91.581039
v -358.319702 -197.747894 -91.765213
v -357.857605 -197.749527 -91.926956
v -357.388184 -197.751190 -92.065895
v -356.912506 -197.752869 -92.181694
v -356.431732 -197.754578 -92.274071
v -355.947021 -197.756287 -92.342804
v -355.459534 -197.758011 -92.387741
v -354.970398 -197.759750 -92.408752
v -354.480865 -197.761475 -92.405807
v -354.762207 -197.760162 -167.065521
v -342.113281 -197.804977 -158.461548
v -351.352936 -197.772217 -170.354034
v -339.184784 -197.815323 -161.099258
v -347.783966 -197.784836 -173.468506
v -344.908295 -197.795090 -155.682800
v -358.003326 -197.748703 -163.611160
v -336.129913 -197.826126 -163.589523
v -344.064209 -197.797989 -176.401215
v -347.563110 -197.785706 -152.769791
v -361.068207 -197.737869 -159.999542
v -332.956146 -197.837357 -165.926315
v -340.202881 -197.811646 -179.144867
v -350.071167 -197.776840 -149.729538
v -363.949310 -197.727692 -156.239639
v -329.671112 -197.848969 -168.103973
v -336.209595 -197.825760 -181.692627
v -352.426483 -197.768509 -146.569458
v -366.639374 -197.718185 -152.340790
v -326.282837 -197.860962 -170.117188
v -332.094299 -197.840317 -184.038177
v -369.131744 -197.709381 -148.312698
v -354.623322 -197.760757 -143.297226
v -322.799500 -197.873276 -171.961060
v -327.867188 -197.855270 -186.175674
v -371.420258 -197.701294 -144.165375
v -356.656311 -197.753571 -139.920761
v -319.229584 -197.885910 -173.631165
v -323.538818 -197.870590 -188.099823
v -358.520538 -197.746994 -136.448257
v -373.499207 -197.693954 -139.909149
v -315.581757 -197.898819 -175.123398
v -319.119873 -197.886230 -189.805801
v -360.211487 -197.741013 -132.888153
v -375.363403 -197.687378 -135.554581
v -311.864868 -197.911972 -176.434174
v -314.621399 -197.902145 -191.289413
v -361.725037 -197.735672 -129.249084
v -377.008240 -197.681564 -131.112503
v -308.087921 -197.925323 -177.560287
v -310.054565 -197.918304 -192.546951
v -363.057526 -197.730972 -125.539894
v -363.200256 -197.730469 -125.071587
v -363.319855 -197.730057 -124.596855
v -378.429596 -197.676559 -126.593964
v -363.416077 -197.729721 -124.116829
v -363.488708 -197.729462 -123.632683
v -363.537537 -197.729294 -123.145561
v -304.260071 -197.938873 -178.499023
v -305.430725 -197.934662 -193.575256
v -363.562469 -197.729202 -122.656624
v -363.563446 -197.729202 -122.167053
v -379.623962 -197.672348 -122.010178
v -363.540466 -197.729279 -121.678024
v -363.493591 -197.729446 -121.190704
v -363.422913 -197.729706 -120.706268
v -363.328583 -197.730042 -120.225868
v -380.588379 -197.668961 -117.372559
v -300.390686 -197.952576 -179.248093
v -300.761383 -197.951187 -194.371826
v -363.210876 -197.730453 -119.750656
v -363.070068 -197.730957 -119.281784
v -362.906433 -197.731537 -118.820358
v -362.720459 -197.732208 -118.367500
v -362.512543 -197.732941 -117.924278
v -381.320404 -197.666382 -112.692642
v -296.489044 -197.966370 -179.805679
v -296.058136 -197.967834 -194.934662
v -362.283173 -197.733749 -117.491760
v -362.032867 -197.734634 -117.070999
v -361.762329 -197.735596 -116.662987
v -361.472137 -197.736633 -116.268707
v -381.818298 -197.664642 -107.982040
v -361.162964 -197.737732 -115.889099
v -292.564697 -197.980270 -180.170425
v -291.332672 -197.984558 -195.262344
v -360.835602 -197.738892 -115.525078
v -360.490814 -197.740112 -115.177521
v -360.129456 -197.741394 -114.847244
v -382.080719 -197.663742 -103.252487
v -359.752319 -197.742722 -114.535057
v -359.360382 -197.744110 -114.241699
v -288.627167 -197.994202 -180.341461
v -286.596802 -198.001328 -195.354080
v -284.685974 -198.008148 -180.318344
v -281.862183 -198.018082 -195.209641
v -280.750732 -198.022079 -180.101151
v -277.140686 -198.034805 -194.829376
v -276.830933 -198.035965 -179.690414
v -272.443970 -198.051422 -194.214233
v -272.936127 -198.049759 -179.087112
v -267.783813 -198.067932 -193.365738
v -269.075745 -198.063416 -178.292725
v -263.171692 -198.084259 -192.286011
v -382.107086 -197.663666 -98.515732
v -381.897278 -197.664429 -93.783546
v -358.954559 -197.745544 -113.967873
v -381.451904 -197.666031 -89.067703
v -358.535828 -197.747040 -113.714241
v -358.105164 -197.748566 -113.481407
v -357.663635 -197.750122 -113.269928
v -357.212250 -197.751724 -113.080322
v -356.752197 -197.753357 -112.913017
v -380.772003 -197.668457 -84.379921
v -356.284454 -197.755005 -112.768440
v -355.810181 -197.756683 -112.646927
v -355.330566 -197.758392 -112.548767
v -265.259216 -198.076935 -177.309174
v -258.619141 -198.100372 -190.977737
v -354.846741 -197.760101 -112.474205
v -379.859283 -197.671707 -79.731850
v -354.359802 -197.761826 -112.423409
v -353.871002 -197.763550 -112.396507
v -378.716003 -197.675766 -75.135071
v -261.495728 -198.090256 -176.138840
v -254.137451 -198.116257 -189.444138
v -377.345032 -197.680649 -70.600983
v -257.794434 -198.103363 -174.784576
v -249.737793 -198.131836 -187.689056
v -375.749725 -197.686310 -66.140862
v -254.164352 -198.116226 -173.249664
v -245.431076 -198.147079 -185.716873
v -373.934113 -197.692749 -61.765816
v -250.614273 -198.128799 -171.537827
v -241.228027 -198.161972 -183.532455
v -371.902679 -197.699966 -57.486706
v -247.152802 -198.141068 -169.653214
v -237.139084 -198.176453 -181.141251
v -369.660492 -197.707916 -53.314175
v -243.788361 -198.152985 -167.600403
v -233.174408 -198.190506 -178.549179
v -367.213074 -197.716599 -49.258598
v -240.529083 -198.164520 -165.384384
v -229.343857 -198.204071 -175.762726
v -364.566559 -197.725983 -45.330051
v -237.382935 -198.175674 -163.010529
v -225.656982 -198.217133 -172.788788
v -361.727509 -197.736053 -41.538311
v -234.357498 -198.186401 -160.484604
v -293.190521 -197.978378 -104.767456
v -292.963074 -197.979187 -105.064293
v -293.402893 -197.977631 -104.459656
v -293.599670 -197.976944 -104.141647
v -293.780365 -197.976303 -103.814224
v -293.944458 -197.975723 -103.478210
v -294.091644 -197.975204 -103.134422
v -294.221497 -197.974747 -102.783737
v -294.333710 -197.974350 -102.427010
v -294.428009 -197.974014 -102.065132
v -294.504120 -197.973740 -101.699005
v -222.122925 -198.229660 -169.634796
v -294.561920 -197.973541 -101.329536
v -294.601257 -197.973404 -100.957642
v -294.621948 -197.973328 -100.584259
v -294.624054 -197.973328 -100.210312
v -294.607483 -197.973389 -99.836716
v -294.572296 -197.973511 -99.464409
v -294.518646 -197.973709 -99.094322
v -294.446594 -197.973969 -98.727371
v -231.460129 -198.196655 -157.812744
v -358.703003 -197.746780 -37.892799
v -294.356323 -197.974289 -98.364464
v -294.248077 -197.974670 -98.006516
v -294.122131 -197.975113 -97.654396
v -293.978821 -197.975632 -97.308998
v -293.818420 -197.976196 -96.971169
v -293.641418 -197.976822 -96.641762
v -293.448212 -197.977509 -96.321587
v -218.750458 -198.241608 -166.308533
v -293.239258 -197.978241 -96.011436
v -228.697876 -198.206451 -155.001419
v -355.500549 -197.758133 -34.402576
v -215.547974 -198.252960 -162.818314
v -226.077438 -198.215744 -152.057465
v -352.128082 -197.770081 -31.076326
v -223.605164 -198.224503 -148.988037
v -212.523468 -198.263687 -159.172806
v -348.593994 -197.782608 -27.922314
v -221.287064 -198.232727 -145.800552
v -209.684433 -198.273758 -155.381058
v -344.907104 -197.795670 -24.948381
v -219.128769 -198.240387 -142.502762
v -207.037903 -198.283142 -151.452530
v -341.076569 -197.809235 -22.161924
v -217.135513 -198.247452 -139.102692
v -204.590515 -198.291824 -147.396942
v -337.111908 -197.823288 -19.569870
v -215.312119 -198.253922 -135.608566
v -202.348312 -198.299774 -143.224411
v -333.022980 -197.837769 -17.178659
v -213.663040 -198.259766 -132.028885
v -200.316879 -198.306992 -138.945297
v -328.819916 -197.852661 -14.994242
v -212.192245 -198.264999 -128.372330
v -198.501251 -198.313431 -134.570251
v -324.513184 -197.867905 -13.022043
v -196.905975 -198.319092 -130.110138
v -210.903351 -198.269577 -124.647758
v -280.802795 -198.022232 -104.389526
v -219.770126 -198.238266 -108.305305
v -281.011719 -198.021500 -104.699677
v -280.609589 -198.022919 -104.069351
v -280.432556 -198.023544 -103.739944
v -280.272186 -198.024109 -103.402115
v -280.128845 -198.024628 -103.056717
v -280.002899 -198.025070 -102.704597
v -279.894684 -198.025452 -102.346649
v -279.804413 -198.025772 -101.983742
v -279.732330 -198.026031 -101.616791
v -279.678650 -198.026230 -101.246704
v -279.643524 -198.026352 -100.874397
v -279.626953 -198.026413 -100.500801
v -279.629028 -198.026413 -100.126854
v -320.113556 -197.883484 -11.266973
v -209.799438 -198.273499 -120.864235
v -195.534988 -198.323975 -125.576042
v -209.685547 -198.273911 -120.388100
v -209.595108 -198.274231 -119.906960
v -315.631866 -197.899368 -9.733387
v -209.528320 -198.274460 -119.421967
v -194.391708 -198.328033 -120.979256
v -209.485352 -198.274612 -118.934288
v -209.466293 -198.274689 -118.445091
v -209.471222 -198.274673 -117.955544
v -209.500076 -198.274567 -117.466827
v -311.079285 -197.915482 -8.425104
v -193.478973 -198.331284 -116.331192
v -209.552841 -198.274384 -116.980110
v -209.629333 -198.274124 -116.496552
v -209.729416 -198.273773 -116.017326
v -209.852844 -198.273331 -115.543564
v -306.467194 -197.931808 -7.345375
v -219.280563 -198.239990 -108.302361
v -279.649750 -198.026337 -99.753471
v -279.689056 -198.026199 -99.381577
v -279.746826 -198.026001 -99.012108
v -279.822968 -198.025726 -98.645981
v -279.917267 -198.025391 -98.284103
v -280.029480 -198.024994 -97.927376
v -280.159363 -198.024536 -97.576691
v -280.306519 -198.024017 -97.232903
v -280.470642 -198.023438 -96.896889
v -280.651337 -198.022797 -96.569466
v -280.848083 -198.022110 -96.251457
v -281.060455 -198.021362 -95.943657
v -281.287903 -198.020554 -95.646820
v -218.791473 -198.241730 -108.323372
v -218.303955 -198.243454 -108.368301
v -217.819244 -198.245163 -108.437042
v -217.338470 -198.246872 -108.529419
v -209.999298 -198.272812 -115.076416
v -192.799072 -198.333710 -111.643410
v -210.168442 -198.272217 -114.616997
v -210.359863 -198.271545 -114.166405
v -210.573120 -198.270798 -113.725723
v -210.807678 -198.269958 -113.296005
v -216.862793 -198.248550 -108.645218
v -216.393372 -198.250214 -108.784157
v -215.931290 -198.251846 -108.945900
v -215.477692 -198.253448 -109.130074
v -215.033646 -198.255020 -109.336220
v -301.807007 -197.948318 -6.496883
v -214.600220 -198.256561 -109.563858
v -214.178436 -198.258041 -109.812431
v -192.353683 -198.335312 -106.927567
v -211.062988 -198.269058 -112.878281
v -211.338455 -198.268082 -112.473557
v -211.633362 -198.267044 -112.082794
v -211.947067 -198.265930 -111.706940
v -297.110321 -197.964935 -5.881740
v -212.278778 -198.264771 -111.346886
v -192.143906 -198.336075 -102.195381
v -212.627731 -198.263535 -111.003494
v -212.993057 -198.262238 -110.677597
v -213.373917 -198.260895 -110.369965
v -292.388824 -197.981659 -5.501472
v -192.170273 -198.335999 -97.458626
v -213.769348 -198.259491 -110.081345
v -287.654205 -197.998413 -5.357027
v -192.432709 -198.335098 -92.729065
v -282.918304 -198.015182 -5.448764
v -192.930573 -198.333359 -88.018471
v -278.192841 -198.031906 -5.776453
v -193.662598 -198.330780 -83.338554
v -273.489624 -198.048553 -6.339282
v -194.626999 -198.327393 -78.700935
v -268.820251 -198.065079 -7.135849
v -195.821381 -198.323181 -74.117149
v -264.196411 -198.081436 -8.164175
v -197.242737 -198.318176 -69.598610
v -259.629578 -198.097595 -9.421703
v -198.887573 -198.312363 -65.156525
v -255.131119 -198.113510 -10.905308
v -200.751785 -198.305786 -60.801956
v -250.712189 -198.129150 -12.611300
v -202.830719 -198.298447 -56.545723
v -246.383789 -198.144470 -14.535438
v -205.119232 -198.290359 -52.398411
v -242.156693 -198.159424 -16.672937
v -207.611618 -198.281555 -48.370323
v -238.041367 -198.173981 -19.018484
v -210.301697 -198.272049 -44.471481
v -234.048096 -198.188095 -21.566250
v -213.182770 -198.261871 -40.711575
v -230.186783 -198.201752 -24.309898
v -216.247665 -198.251038 -37.099953
v -226.467026 -198.214905 -27.242609
v -219.488785 -198.239578 -33.645596
v -222.898056 -198.227524 -30.357088
v -287.541016 -197.998428 -92.867081
v -287.913757 -197.997116 -92.897095
v -288.284546 -197.995804 -92.945656
v -288.652466 -197.994492 -93.012650
v -289.016571 -197.993210 -93.097893
v -289.375977 -197.991928 -93.201172
v -289.729828 -197.990677 -93.322250
v -290.077179 -197.989456 -93.460808
v -290.417145 -197.988251 -93.616501
v -290.748993 -197.987076 -93.788956
v -291.071777 -197.985931 -93.977737
v -291.384796 -197.984818 -94.182373
v -291.687195 -197.983749 -94.402351
v -291.978271 -197.982712 -94.637138
v -292.257263 -197.981735 -94.886139
v -292.523529 -197.980789 -95.148743
v -292.776337 -197.979889 -95.424286
v -293.015106 -197.979050 -95.712090
v -287.167236 -197.999756 -92.855675
v -286.793365 -198.001083 -92.862915
v -286.420288 -198.002396 -92.888786
v -286.048981 -198.003708 -92.933220
v -285.680359 -198.005020 -92.996109
v -285.315308 -198.006317 -93.077293
v -284.954773 -198.007584 -93.176575
v -284.599609 -198.008835 -93.293694
v -284.250732 -198.010071 -93.428375
v -283.909027 -198.011292 -93.580276
v -283.575317 -198.012466 -93.749031
v -283.250427 -198.013611 -93.934212
v -282.935181 -198.014725 -94.135345
v -282.630341 -198.015808 -94.351952
v -282.336639 -198.016846 -94.583481
v -282.054901 -198.017838 -94.829361
v -281.785767 -198.018799 -95.088982
v -281.529877 -198.019699 -95.361694
v -286.709961 -198.001312 -107.844032
v -286.337219 -198.002625 -107.814011
v -285.966431 -198.003937 -107.765450
v -285.598541 -198.005249 -107.698463
v -285.234406 -198.006531 -107.613220
v -284.875000 -198.007812 -107.509933
v -284.521179 -198.009064 -107.388863
v -284.173828 -198.010284 -107.250305
v -283.833801 -198.011490 -107.094612
v -283.502014 -198.012665 -106.922157
v -283.179199 -198.013809 -106.733376
v -282.866180 -198.014923 -106.528740
v -282.563812 -198.015991 -106.308762
v -282.272736 -198.017029 -106.073975
v -281.993683 -198.018005 -105.824966
v -281.727478 -198.018951 -105.562370
v -281.474640 -198.019852 -105.286827
v -281.235840 -198.020691 -104.999023
v -287.083740 -197.999985 -107.855438
v -287.457642 -197.998657 -107.848198
v -287.830688 -197.997345 -107.822327
v -288.201996 -197.996033 -107.777893
v -288.570648 -197.994720 -107.715004
v -288.935669 -197.993423 -107.633820
v -289.296234 -197.992157 -107.534538
v -289.651367 -197.990906 -107.417419
v -290.000214 -197.989670 -107.282738
v -290.341949 -197.988449 -107.130829
v -290.675659 -197.987274 -106.962082
v -291.000580 -197.986130 -106.776901
v -291.315796 -197.985016 -106.575768
v -291.620636 -197.983932 -106.359161
v -291.914307 -197.982895 -106.127632
v -292.196075 -197.981903 -105.881752
v -292.465240 -197.980942 -105.622131
v -292.721100 -197.980042 -105.349419
vn -0.941108 0.003333 -0.338091
vn -0.941107 0.003333 -0.338091
vn -0.923316 0.003270 -0.384028
vn -0.923316 0.003270 -0.384028
vn -0.903281 0.003199 -0.429037
vn -0.903279 0.003199 -0.429041
vn -0.881054 0.003121 -0.473004
vn -0.881056 0.003121 -0.473001
vn -0.856688 0.003035 -0.515826
vn -0.856688 0.003035 -0.515826
vn -0.830246 0.002941 -0.557389
vn -0.830245 0.002941 -0.557392
vn -0.801785 0.002841 -0.597606
vn -0.801783 0.002841 -0.597608
vn -0.771380 0.002733 -0.636369
vn -0.771380 0.002733 -0.636368
vn -0.739102 0.002619 -0.673589
vn -0.739102 0.002619 -0.673589
vn -0.705030 0.002499 -0.709173
vn -0.705028 0.002499 -0.709175
vn -0.669249 0.002372 -0.743035
vn -0.669246 0.002372 -0.743037
vn -0.631842 0.002240 -0.775094
vn -0.631839 0.002240 -0.775096
vn -0.592898 0.002102 -0.805275
vn -0.592899 0.002102 -0.805274
vn -0.552521 0.001959 -0.833497
vn -0.510798 0.001812 -0.859699
vn -0.552522 0.001959 -0.833496
vn -0.510796 0.001812 -0.859700
vn -0.467837 0.001660 -0.883813
vn -0.423743 0.001504 -0.905781
vn -0.467839 0.001660 -0.883812
vn -0.423742 0.001504 -0.905782
vn -0.378618 0.001344 -0.925552
vn -0.378617 0.001344 -0.925553
vn -0.332572 0.001181 -0.943077
vn -0.285723 0.001016 -0.958312
vn -0.332574 0.001181 -0.943076
vn -0.285723 0.001016 -0.958312
vn -0.238179 0.000847 -0.971221
vn -0.190056 0.000677 -0.981773
vn -0.238177 0.000847 -0.971221
vn -0.190058 0.000677 -0.981773
vn -0.141473 0.000505 -0.989942
vn -0.092545 0.000332 -0.995708
vn -0.141473 0.000505 -0.989942
vn -0.092544 0.000332 -0.995708
vn -0.043393 0.000158 -0.999058
vn -0.043394 0.000158 -0.999058
vn 0.005863 -0.000016 -0.999983
vn 0.005863 -0.000016 -0.999983
vn 0.055106 -0.000191 -0.998480
vn 0.055106 -0.000191 -0.998481
vn 0.104214 -0.000365 -0.994555
vn 0.104215 -0.000365 -0.994555
vn 0.153071 -0.000538 -0.988215
vn 0.153072 -0.000537 -0.988215
vn 0.201555 -0.000709 -0.979477
vn 0.201553 -0.000709 -0.979477
vn 0.249551 -0.000879 -0.968361
vn 0.249553 -0.000879 -0.968361
vn 0.296940 -0.001047 -0.954895
vn 0.296940 -0.001047 -0.954895
vn 0.343608 -0.001212 -0.939112
vn 0.343611 -0.001212 -0.939111
vn 0.389443 -0.001375 -0.921049
vn 0.389444 -0.001375 -0.921049
vn 0.434335 -0.001534 -0.900750
vn 0.434338 -0.001533 -0.900749
vn 0.478171 -0.001689 -0.878265
vn 0.478171 -0.001689 -0.878265
vn 0.520842 -0.001840 -0.853651
vn 0.520846 -0.001840 -0.853649
vn 0.562257 -0.001987 -0.826960
vn 0.562253 -0.001987 -0.826963
vn 0.602300 -0.002128 -0.798267
vn 0.602304 -0.002129 -0.798264
vn 0.640887 -0.002265 -0.767632
vn 0.640883 -0.002265 -0.767635
vn 0.677914 -0.002396 -0.735138
vn 0.677914 -0.002396 -0.735138
vn 0.713296 -0.002522 -0.700859
vn 0.713296 -0.002522 -0.700859
vn 0.746952 -0.002641 -0.664873
vn 0.746952 -0.002641 -0.664873
vn 0.778786 -0.002754 -0.627283
vn 0.778787 -0.002754 -0.627283
vn 0.808739 -0.002860 -0.588161
vn 0.808739 -0.002860 -0.588161
vn 0.836724 -0.002959 -0.547616
vn 0.836724 -0.002959 -0.547617
vn 0.862679 -0.003051 -0.505742
vn 0.862676 -0.003052 -0.505748
vn 0.886539 -0.003136 -0.462643
vn 0.886539 -0.003136 -0.462643
vn 0.908250 -0.003213 -0.418416
vn 0.908253 -0.003213 -0.418409
vn 0.927756 -0.003283 -0.373172
vn 0.945008 -0.003344 -0.327030
vn 0.927754 -0.003282 -0.373179
vn 0.959967 -0.003397 -0.280092
vn 0.945008 -0.003344 -0.327030
vn 0.959969 -0.003397 -0.280084
vn -0.003539 -0.999994 -0.000004
vn -0.003543 -0.999994 -0.000000
vn -0.003542 -0.999994 -0.000002
vn -0.003536 -0.999994 -0.000009
vn -0.003538 -0.999994 -0.000007
vn -0.003540 -0.999994 -0.000004
vn -0.003539 -0.999994 -0.000004
vn -0.003542 -0.999994 -0.000001
vn -0.003539 -0.999994 -0.000004
vn -0.003541 -0.999994 -0.000003
vn -0.003538 -0.999994 -0.000007
vn -0.003537 -0.999994 -0.000007
vn -0.003541 -0.999994 -0.000003
vn -0.003535 -0.999994 -0.000008
vn -0.003540 -0.999994 -0.000003
vn -0.003541 -0.999994 -0.000003
vn -0.003538 -0.999994 -0.000007
vn -0.003541 -0.999994 -0.000003
vn -0.003540 -0.999994 -0.000004
vn -0.003542 -0.999994 -0.000002
vn -0.003538 -0.999994 -0.000006
vn -0.003541 -0.999994 -0.000004
vn -0.003540 -0.999994 -0.000005
vn -0.003540 -0.999994 -0.000003
vn -0.003542 -0.999994 0.000000
vn -0.003541 -0.999994 -0.000004
vn -0.003541 -0.999994 -0.000004
vn -0.003538 -0.999994 -0.000010
vn -0.003539 -0.999994 -0.000008
vn -0.003541 -0.999994 -0.000004
vn -0.003538 -0.999994 -0.000006
vn -0.003541 -0.999994 -0.000002
vn -0.003540 -0.999994 -0.000002
vn -0.003542 -0.999994 -0.000002
vn -0.003533 -0.999994 -0.000007
vn -0.003540 -0.999994 -0.000005
vn -0.003540 -0.999994 -0.000005
vn -0.003540 -0.999994 -0.000003
vn -0.003536 -0.999994 -0.000004
vn -0.003540 -0.999994 -0.000005
vn -0.003552 -0.999994 0.000026
vn -0.003518 -0.999994 -0.000051
vn -0.003540 -0.999994 -0.000006
vn -0.003547 -0.999994 0.000052
vn -0.003535 -0.999994 -0.000026
vn -0.003532 -0.999994 -0.000041
vn -0.003539 -0.999994 -0.000005
vn -0.003541 -0.999994 -0.000004
vn -0.003543 -0.999994 0.000007
vn -0.003539 -0.999994 -0.000007
vn -0.003540 -0.999994 -0.000004
vn -0.003540 -0.999994 0.000042
vn -0.003538 -0.999994 -0.000035
vn -0.003540 -0.999994 0.000013
vn -0.003539 -0.999994 -0.000004
vn -0.003539 -0.999994 -0.000005
vn -0.003542 -0.999994 -0.000004
vn -0.003543 -0.999994 -0.000004
vn -0.003542 -0.999994 -0.000022
vn -0.003536 -0.999994 0.000021
vn -0.003538 -0.999994 -0.000002
vn -0.003540 -0.999994 -0.000029
vn -0.003538 -0.999994 0.000008
vn -0.003539 -0.999994 0.000001
vn -0.003536 -0.999994 -0.000004
vn -0.003537 -0.999994 -0.000004
vn -0.003546 -0.999994 -0.000025
vn -0.003539 -0.999994 0.000002
vn -0.003534 -0.999994 0.000025
vn -0.003544 -0.999994 -0.000023
vn -0.003540 -0.999994 -0.000005
vn -0.003542 -0.999994 -0.000009
vn -0.003546 -0.999994 -0.000004
vn -0.003539 -0.999994 -0.000006
vn -0.003539 -0.999994 -0.000002
vn -0.003539 -0.999994 -0.000002
vn -0.003541 -0.999994 -0.000006
vn -0.003542 -0.999994 -0.000009
vn -0.003546 -0.999994 -0.000017
vn -0.003524 -0.999994 0.000026
vn -0.003534 -0.999994 -0.000005
vn -0.003544 -0.999994 -0.000004
vn -0.003539 -0.999994 -0.000003
vn -0.003539 -0.999994 -0.000003
vn -0.003542 -0.999994 -0.000004
vn -0.003544 -0.999994 -0.000004
vn -0.003542 -0.999994 -0.000004
vn -0.003534 -0.999994 -0.000004
vn -0.003541 -0.999994 -0.000006
vn -0.003542 -0.999994 -0.000006
vn -0.003533 -0.999994 -0.000003
vn -0.003539 -0.999994 -0.000004
vn -0.003528 -0.999994 -0.000030
vn -0.003558 -0.999994 0.000038
vn -0.003528 -0.999994 -0.000030
vn -0.003541 -0.999994 -0.000004
vn -0.003537 -0.999994 -0.000013
vn -0.003542 -0.999994 -0.000000
vn -0.003552 -0.999994 0.000040
vn -0.003545 -0.999994 0.000006
vn -0.003537 -0.999994 -0.000014
vn -0.003525 -0.999994 -0.000029
vn -0.003539 -0.999994 -0.000005
vn -0.003542 -0.999994 0.000002
vn -0.003531 -0.999994 -0.000005
vn -0.003568 -0.999994 -0.000006
vn -0.003548 -0.999994 -0.000005
vn -0.003529 -0.999994 -0.000038
vn -0.003542 -0.999994 -0.000002
vn -0.003523 -0.999994 -0.000004
vn -0.003547 -0.999994 0.000053
vn -0.003576 -0.999994 -0.000005
vn -0.003541 -0.999994 -0.000005
vn -0.003535 -0.999994 -0.000048
vn -0.003523 -0.999994 -0.000004
vn -0.003500 -0.999994 -0.000004
vn -0.003540 -0.999994 -0.000014
vn -0.003568 -0.999994 -0.000005
vn -0.003581 -0.999994 -0.000005
vn -0.003546 -0.999994 0.000023
vn -0.003514 -0.999994 -0.000003
vn -0.003512 -0.999994 -0.000003
vn -0.003540 -0.999994 -0.000007
vn -0.003541 -0.999994 0.000000
vn -0.003529 -0.999994 -0.000004
vn -0.003522 -0.999994 -0.000004
vn -0.003540 -0.999994 -0.000020
vn -0.003538 -0.999994 -0.000005
vn -0.003555 -0.999994 -0.000005
vn -0.003539 -0.999994 0.000025
vn -0.003526 -0.999994 -0.000004
vn -0.003562 -0.999994 -0.000004
vn -0.003541 -0.999994 -0.000005
vn -0.003538 -0.999994 -0.000004
vn -0.003539 -0.999994 -0.000055
vn -0.003569 -0.999994 -0.000005
vn -0.003531 -0.999994 -0.000004
vn -0.003572 -0.999994 -0.000006
vn -0.003541 -0.999994 -0.000007
vn -0.003541 -0.999994 -0.000008
vn -0.003496 -0.999994 -0.000003
vn -0.003557 -0.999994 -0.000005
vn -0.003529 -0.999994 0.000041
vn -0.003491 -0.999994 -0.000003
vn -0.003545 -0.999994 -0.000036
vn -0.003537 -0.999994 0.000013
vn -0.003538 -0.999994 -0.000001
vn -0.003540 -0.999994 -0.000016
vn -0.003539 -0.999994 -0.000003
vn -0.003526 -0.999994 0.000029
vn -0.003554 -0.999994 -0.000047
vn -0.003545 -0.999994 -0.000007
vn -0.003542 -0.999994 -0.000006
vn -0.003539 -0.999994 -0.000000
vn -0.003539 -0.999994 -0.000007
vn -0.003537 -0.999994 -0.000002
vn -0.003537 -0.999994 -0.000002
vn -0.003538 -0.999994 -0.000005
vn -0.003538 -0.999994 -0.000000
vn -0.003541 -0.999994 -0.000005
vn -0.003545 -0.999994 -0.000007
vn -0.003539 -0.999994 -0.000004
vn -0.003539 -0.999994 -0.000003
vn -0.003541 -0.999994 -0.000005
vn -0.003539 -0.999994 -0.000005
vn -0.003540 -0.999994 -0.000006
vn -0.003541 -0.999994 -0.000009
vn -0.003536 -0.999994 -0.000003
vn -0.003541 -0.999994 -0.000005
vn -0.003539 -0.999994 -0.000005
vn -0.003537 -0.999994 -0.000001
vn -0.003544 -0.999994 -0.000007
vn -0.003536 -0.999994 -0.000003
vn -0.003542 -0.999994 -0.000007
vn -0.003541 -0.999994 -0.000006
vn -0.003538 -0.999994 -0.000002
vn -0.003537 -0.999994 -0.000001
vn -0.003540 -0.999994 -0.000006
vn -0.003538 -0.999994 -0.000001
vn -0.003544 -0.999994 -0.000008
vn -0.003539 -0.999994 -0.000005
vn -0.003541 -0.999994 -0.000005
vn -0.003539 -0.999994 -0.000002
vn -0.003537 -0.999994 -0.000004
vn -0.003536 -0.999994 -0.000036
vn -0.003545 -0.999994 0.000033
vn -0.003542 -0.999994 0.000016
vn -0.003529 -0.999994 -0.000083
vn -0.003540 -0.999994 -0.000003
vn -0.003540 -0.999994 -0.000006
vn -0.003540 -0.999994 -0.000006
vn -0.003541 -0.999994 -0.000002
vn -0.003542 -0.999994 0.000005
vn -0.003543 -0.999994 0.000014
vn -0.003543 -0.999994 -0.000007
vn -0.003545 -0.999994 0.000024
vn -0.003532 -0.999994 -0.000045
vn -0.003550 -0.999994 0.000048
vn -0.003540 -0.999994 -0.000004
vn -0.003542 -0.999994 -0.000020
vn -0.003540 -0.999994 -0.000006
vn -0.003539 -0.999994 0.000006
vn -0.003539 -0.999994 -0.000003
vn -0.003547 -0.999994 -0.000063
vn -0.003536 -0.999994 0.000029
vn -0.003538 -0.999994 -0.000001
vn -0.003542 -0.999994 -0.000008
vn -0.003544 -0.999994 -0.000043
vn -0.003535 -0.999994 0.000046
vn -0.003543 -0.999994 -0.000033
vn -0.003535 -0.999994 0.000053
vn -0.003542 -0.999994 -0.000035
vn -0.003543 -0.999994 -0.000042
vn -0.003537 -0.999994 0.000038
vn -0.003537 -0.999994 -0.000001
vn -0.003538 -0.999994 0.000022
vn -0.003542 -0.999994 -0.000009
vn -0.003541 -0.999994 -0.000006
vn -0.003536 -0.999994 0.000001
vn -0.003540 -0.999994 -0.000005
vn -0.003536 -0.999994 0.000001
vn -0.003542 -0.999994 -0.000009
vn -0.003541 -0.999994 -0.000006
vn -0.003543 -0.999994 -0.000008
vn -0.003539 -0.999994 -0.000003
vn -0.003542 -0.999994 -0.000008
vn -0.003543 -0.999994 -0.000007
vn -0.003537 -0.999994 -0.000004
vn -0.003539 -0.999994 -0.000002
vn -0.003541 -0.999994 -0.000005
vn -0.003539 -0.999994 -0.000005
vn -0.003544 -0.999994 -0.000008
vn -0.003540 -0.999994 -0.000006
vn -0.003538 -0.999994 -0.000001
vn -0.003537 -0.999994 -0.000001
vn -0.003538 -0.999994 -0.000002
vn -0.003541 -0.999994 -0.000006
vn -0.003542 -0.999994 -0.000007
vn -0.003536 -0.999994 -0.000003
vn -0.003544 -0.999994 -0.000007
vn -0.003539 -0.999994 -0.000005
vn -0.003537 -0.999994 -0.000001
vn -0.003541 -0.999994 -0.000006
vn -0.003536 -0.999994 -0.000003
vn -0.003539 -0.999994 0.000002
vn -0.003541 -0.999994 -0.000009
vn -0.003539 -0.999994 -0.000005
vn -0.003541 -0.999994 -0.000005
vn -0.003542 -0.999994 -0.000011
vn -0.003541 -0.999994 -0.000002
vn -0.003541 -0.999994 -0.000005
vn -0.003537 -0.999994 -0.000004
vn -0.003538 -0.999994 -0.000000
vn -0.003538 -0.999994 -0.000005
vn -0.003544 -0.999994 -0.000072
vn -0.003537 -0.999994 0.000038
vn -0.003543 -0.999994 -0.000042
vn -0.003536 -0.999994 0.000053
vn -0.003542 -0.999994 -0.000032
vn -0.003543 -0.999994 -0.000033
vn -0.003535 -0.999994 0.000046
vn -0.003544 -0.999994 -0.000043
vn -0.003536 -0.999994 0.000029
vn -0.003547 -0.999994 -0.000063
vn -0.003539 -0.999994 0.000006
vn -0.003540 -0.999994 -0.000006
vn -0.003542 -0.999994 -0.000020
vn -0.003536 -0.999994 -0.000004
vn -0.003543 -0.999994 -0.000005
vn -0.003539 -0.999994 -0.000007
vn -0.003539 -0.999994 0.000000
vn -0.003535 -0.999994 0.000012
vn -0.003550 -0.999994 -0.000030
vn -0.003540 -0.999994 -0.000003
vn -0.003542 -0.999994 -0.000004
vn -0.003540 -0.999994 -0.000016
vn -0.003538 -0.999994 -0.000001
vn -0.003537 -0.999994 0.000013
vn -0.003545 -0.999994 -0.000036
vn -0.003529 -0.999994 0.000041
vn -0.003539 -0.999994 -0.000003
vn -0.003545 -0.999994 -0.000005
vn -0.003541 -0.999994 -0.000005
vn -0.003541 -0.999994 -0.000007
vn -0.003541 -0.999994 -0.000008
vn -0.003539 -0.999994 -0.000055
vn -0.003539 -0.999994 0.000025
vn -0.003540 -0.999994 -0.000020
vn -0.003539 -0.999994 -0.000004
vn -0.003533 -0.999994 -0.000003
vn -0.003491 -0.999994 -0.000003
vn -0.003550 -0.999994 0.000048
vn -0.003532 -0.999994 -0.000045
vn -0.003545 -0.999994 0.000024
vn -0.003543 -0.999994 0.000013
vn -0.003542 -0.999994 0.000005
vn -0.003541 -0.999994 -0.000002
vn -0.003540 -0.999994 -0.000005
vn -0.003540 -0.999994 -0.000006
vn -0.003540 -0.999994 -0.000004
vn -0.003541 -0.999994 0.000003
vn -0.003531 -0.999994 -0.000074
vn -0.003545 -0.999994 0.000033
vn -0.003536 -0.999994 -0.000036
vn -0.003540 -0.999994 -0.000004
vn -0.003496 -0.999994 -0.000003
vn -0.003557 -0.999994 -0.000005
vn -0.003572 -0.999994 -0.000005
vn -0.003569 -0.999994 -0.000005
vn -0.003531 -0.999994 -0.000004
vn -0.003556 -0.999994 -0.000005
vn -0.003526 -0.999994 -0.000004
vn -0.003562 -0.999994 -0.000004
vn -0.003540 -0.999994 0.000001
vn -0.003544 -0.999994 0.000024
vn -0.003538 -0.999994 -0.000013
vn -0.003533 -0.999994 -0.000048
vn -0.003545 -0.999994 0.000053
vn -0.003539 -0.999994 -0.000001
vn -0.003538 -0.999994 -0.000004
vn -0.003529 -0.999994 -0.000004
vn -0.003522 -0.999994 -0.000004
vn -0.003514 -0.999994 -0.000003
vn -0.003511 -0.999994 -0.000003
vn -0.003581 -0.999994 -0.000005
vn -0.003568 -0.999994 -0.000005
vn -0.003523 -0.999994 -0.000004
vn -0.003576 -0.999994 -0.000006
vn -0.003500 -0.999994 -0.000004
vn -0.003542 -0.999994 -0.000006
vn -0.003541 -0.999994 -0.000006
vn -0.003541 -0.999994 -0.000004
vn -0.003522 -0.999994 -0.000004
vn -0.003567 -0.999994 -0.000006
vn -0.003549 -0.999994 -0.000005
vn -0.003531 -0.999994 -0.000004
vn -0.003539 -0.999994 -0.000009
vn -0.003529 -0.999994 -0.000038
vn -0.003542 -0.999994 0.000002
vn -0.003537 -0.999994 -0.000014
vn -0.003552 -0.999994 0.000040
vn -0.003534 -0.999994 -0.000004
vn -0.003542 -0.999994 -0.000004
vn -0.003528 -0.999994 -0.000030
vn -0.003528 -0.999994 -0.000031
vn -0.003558 -0.999994 0.000038
vn -0.003537 -0.999994 -0.000014
vn -0.003541 -0.999994 -0.000004
vn -0.003536 -0.999994 -0.000004
vn -0.003542 -0.999994 -0.000004
vn -0.003546 -0.999994 -0.000018
vn -0.003524 -0.999994 0.000026
vn -0.003539 -0.999994 -0.000005
vn -0.003542 -0.999994 -0.000000
vn -0.003546 -0.999994 0.000006
vn -0.003525 -0.999994 -0.000029
vn -0.003546 -0.999994 -0.000004
vn -0.003538 -0.999994 -0.000005
vn -0.003541 -0.999994 -0.000006
vn -0.003542 -0.999994 -0.000009
vn -0.003542 -0.999994 -0.000009
vn -0.003539 -0.999994 -0.000003
vn -0.003539 -0.999994 -0.000001
vn -0.003544 -0.999994 -0.000004
vn -0.003534 -0.999994 -0.000005
vn -0.003540 -0.999994 -0.000005
vn -0.003546 -0.999994 -0.000025
vn -0.003539 -0.999994 0.000002
vn -0.003534 -0.999994 0.000025
vn -0.003544 -0.999994 -0.000023
vn -0.003539 -0.999994 -0.000006
vn -0.003539 -0.999994 -0.000006
vn -0.003542 -0.999994 -0.000022
vn -0.003536 -0.999994 0.000021
vn -0.003538 -0.999994 -0.000002
vn -0.003540 -0.999994 -0.000028
vn -0.003538 -0.999994 0.000008
vn -0.003539 -0.999994 0.000001
vn -0.003537 -0.999994 -0.000006
vn -0.003544 -0.999994 -0.000004
vn -0.003539 -0.999994 -0.000005
vn -0.003540 -0.999994 0.000042
vn -0.003538 -0.999994 -0.000035
vn -0.003540 -0.999994 0.000013
vn -0.003539 -0.999994 -0.000004
vn -0.003542 -0.999994 -0.000004
vn -0.003543 -0.999994 -0.000004
vn -0.003540 -0.999994 -0.000004
vn -0.003539 -0.999994 -0.000010
vn -0.003547 -0.999994 0.000035
vn -0.003532 -0.999994 -0.000041
vn -0.003543 -0.999994 0.000007
vn -0.003539 -0.999994 -0.000007
vn -0.003541 -0.999994 -0.000004
vn -0.003539 -0.999994 -0.000005
vn -0.003540 -0.999994 -0.000005
vn -0.003540 -0.999994 -0.000006
vn -0.003552 -0.999994 0.000026
vn -0.003518 -0.999994 -0.000051
vn -0.003533 -0.999994 -0.000006
vn -0.003536 -0.999994 -0.000004
vn -0.003540 -0.999994 -0.000005
vn -0.003540 -0.999994 -0.000005
vn -0.003541 -0.999994 -0.000005
vn -0.003543 -0.999994 -0.000004
vn -0.003541 -0.999994 -0.000002
vn -0.003540 -0.999994 -0.000002
vn -0.003541 -0.999994 -0.000004
vn -0.003538 -0.999994 -0.000006
vn -0.003538 -0.999994 -0.000010
vn -0.003539 -0.999994 -0.000008
vn -0.003541 -0.999994 -0.000004
vn -0.003541 -0.999994 -0.000004
vn -0.003542 -0.999994 0.000000
vn -0.003540 -0.999994 -0.000003
vn -0.003541 -0.999994 -0.000004
vn -0.003540 -0.999994 -0.000005
vn -0.003538 -0.999994 -0.000006
vn -0.003542 -0.999994 -0.000002
vn -0.003541 -0.999994 -0.000003
vn -0.003540 -0.999994 -0.000004
vn -0.003541 -0.999994 -0.000003
vn -0.003538 -0.999994 -0.000007
vn -0.003540 -0.999994 -0.000003
vn -0.003535 -0.999994 -0.000008
vn -0.003541 -0.999994 -0.000003
vn -0.003537 -0.999994 -0.000007
vn -0.003538 -0.999994 -0.000007
vn -0.003541 -0.999994 -0.000003
vn -0.003539 -0.999994 -0.000004
vn -0.003542 -0.999994 -0.000001
vn -0.003539 -0.999994 -0.000004
vn -0.003540 -0.999994 -0.000004
vn -0.003538 -0.999994 -0.000007
vn -0.003541 -0.999994 -0.000004
vn -0.003542 -0.999994 -0.000002
vn -0.003541 -0.999994 -0.000005
vn -0.003539 -0.999994 -0.000007
vn -0.003540 -0.999994 -0.000002
vn -0.003538 -0.999994 0.000226
vn -0.003540 -0.999994 0.000008
vn -0.003541 -0.999994 -0.000141
vn -0.003539 -0.999994 0.000082
vn -0.003541 -0.999994 -0.000088
vn -0.003540 -0.999994 0.000010
vn -0.003539 -0.999994 0.000062
vn -0.003542 -0.999994 -0.000107
vn -0.003538 -0.999994 0.000084
vn -0.003542 -0.999994 -0.000087
vn -0.003539 -0.999994 0.000045
vn -0.003540 -0.999994 0.000010
vn -0.003541 -0.999994 -0.000029
vn -0.003538 -0.999994 0.000043
vn -0.003541 -0.999994 -0.000013
vn -0.003543 -0.999994 -0.000071
vn -0.003541 -0.999994 -0.000031
vn -0.003540 -0.999994 -0.000000
vn -0.003487 -0.999994 -0.000790
vn -0.003580 -0.999993 0.000586
vn -0.003529 -0.999994 -0.000162
vn -0.003538 -0.999994 -0.000032
vn -0.003546 -0.999994 0.000080
vn -0.003533 -0.999994 -0.000098
vn -0.003543 -0.999994 0.000042
vn -0.003537 -0.999994 -0.000042
vn -0.003533 -0.999994 -0.000089
vn -0.003545 -0.999994 0.000061
vn -0.003544 -0.999994 0.000044
vn -0.003532 -0.999994 -0.000099
vn -0.003546 -0.999994 0.000057
vn -0.003536 -0.999994 -0.000045
vn -0.003540 -0.999994 -0.000009
vn -0.003544 -0.999994 0.000035
vn -0.003538 -0.999994 -0.000024
vn -0.003544 -0.999994 0.000032
vn -0.003540 -0.999994 -0.000007
vn -0.003540 -0.999994 -0.000002
vn -0.003538 -0.999994 0.000220
vn -0.003540 -0.999994 0.000008
vn -0.003541 -0.999994 -0.000140
vn -0.003539 -0.999994 0.000081
vn -0.003541 -0.999994 -0.000087
vn -0.003540 -0.999994 0.000010
vn -0.003539 -0.999994 0.000062
vn -0.003542 -0.999994 -0.000106
vn -0.003538 -0.999994 0.000083
vn -0.003542 -0.999994 -0.000086
vn -0.003539 -0.999994 0.000044
vn -0.003540 -0.999994 0.000010
vn -0.003541 -0.999994 -0.000029
vn -0.003538 -0.999994 0.000043
vn -0.003541 -0.999994 -0.000013
vn -0.003543 -0.999994 -0.000072
vn -0.003536 -0.999994 0.000071
vn -0.003540 -0.999994 0.000000
vn -0.003487 -0.999994 -0.000789
vn -0.003580 -0.999993 0.000583
vn -0.003529 -0.999994 -0.000165
vn -0.003538 -0.999994 -0.000032
vn -0.003546 -0.999994 0.000082
vn -0.003533 -0.999994 -0.000099
vn -0.003543 -0.999994 0.000043
vn -0.003537 -0.999994 -0.000043
vn -0.003533 -0.999994 -0.000089
vn -0.003545 -0.999994 0.000061
vn -0.003544 -0.999994 0.000044
vn -0.003532 -0.999994 -0.000099
vn -0.003546 -0.999994 0.000057
vn -0.003536 -0.999994 -0.000045
vn -0.003540 -0.999994 -0.000008
vn -0.003544 -0.999994 0.000035
vn -0.003538 -0.999994 -0.000024
vn -0.003544 -0.999994 0.000032
vn -0.003539 -0.999994 -0.000007
vn -0.956569 0.003387 -0.291485
vn -0.956569 0.003387 -0.291484
vn -0.969694 0.003434 -0.244297
vn -0.969694 0.003434 -0.244297
vn -0.980483 0.003471 -0.196573
vn -0.980488 0.003472 -0.196546
vn -0.988936 0.003501 -0.148300
vn -0.988932 0.003501 -0.148328
vn -0.995004 0.003523 -0.099770
vn -0.995004 0.003523 -0.099770
vn -0.998696 0.003535 -0.050928
vn -0.998696 0.003535 -0.050927
vn -0.999992 0.003540 -0.002026
vn -0.999992 0.003540 -0.001995
vn -0.998891 0.003536 0.046939
vn -0.998890 0.003536 0.046971
vn -0.995399 0.003523 0.095748
vn -0.989517 0.003502 0.144371
vn -0.995396 0.003523 0.095779
vn -0.989517 0.003502 0.144371
vn -0.981262 0.003473 0.192646
vn -0.981268 0.003472 0.192619
vn -0.970660 0.003435 0.240432
vn -0.970661 0.003435 0.240428
vn -0.957729 0.003389 0.287653
vn -0.957729 0.003389 0.287653
vn -0.942505 0.003335 0.334176
vn -0.942503 0.003335 0.334181
vn -0.925017 0.003273 0.379911
vn -0.905318 0.003203 0.424723
vn -0.925006 0.003273 0.379937
vn -0.905330 0.003203 0.424697
vn -0.883448 0.003125 0.468519
vn -0.859446 0.003040 0.511217
vn -0.883435 0.003125 0.468543
vn -0.859460 0.003040 0.511194
vn -0.833412 0.002948 0.552644
vn -0.833417 0.002948 0.552637
vn -0.805356 0.002848 0.592785
vn -0.775395 0.002742 0.631470
vn -0.805356 0.002848 0.592785
vn -0.775374 0.002742 0.631496
vn -0.743533 0.002629 0.668694
vn -0.709946 0.002510 0.704251
vn -0.743555 0.002629 0.668669
vn -0.674602 0.002385 0.738177
vn -0.709923 0.002510 0.704275
vn -0.674611 0.002385 0.738170
vn -0.637676 0.002254 0.770301
vn -0.637682 0.002254 0.770296
vn -0.599221 0.002118 0.800581
vn -0.599216 0.002118 0.800585
vn -0.559307 0.001976 0.828958
vn -0.559296 0.001976 0.828966
vn -0.518065 0.001830 0.855339
vn -0.518090 0.001830 0.855324
vn -0.475579 0.001680 0.879672
vn -0.431984 0.001525 0.901880
vn -0.475579 0.001680 0.879672
vn -0.431972 0.001525 0.901886
vn -0.387294 0.001367 0.921955
vn -0.387292 0.001367 0.921956
vn -0.341719 0.001205 0.939801
vn -0.341729 0.001205 0.939798
vn -0.295306 0.001041 0.955402
vn -0.295329 0.001041 0.955395
vn -0.248205 0.000874 0.968707
vn -0.248205 0.000874 0.968707
vn -0.200505 0.000706 0.979692
vn -0.200505 0.000706 0.979692
vn -0.152311 0.000535 0.988333
vn -0.152295 0.000535 0.988335
vn -0.103745 0.000363 0.994604
vn -0.103745 0.000363 0.994604
vn -0.054948 0.000190 0.998489
vn -0.054964 0.000190 0.998488
vn 0.972557 -0.003441 -0.232639
vn 0.982777 -0.003478 -0.184764
vn 0.972557 -0.003441 -0.232639
vn 0.990649 -0.003506 -0.136389
vn 0.982777 -0.003478 -0.184764
vn 0.996129 -0.003526 -0.087833
vn 0.990649 -0.003506 -0.136391
vn 0.999237 -0.003537 -0.038898
vn 0.996135 -0.003526 -0.087769
vn 0.999235 -0.003537 -0.038960
vn 0.999943 -0.003539 0.010036
vn 0.999943 -0.003539 0.010036
vn 0.998254 -0.003534 0.058969
vn 0.994169 -0.003519 0.107781
vn 0.998254 -0.003534 0.058970
vn 0.994169 -0.003519 0.107779
vn 0.987717 -0.003497 0.156214
vn 0.978868 -0.003466 0.204463
vn 0.987707 -0.003497 0.156275
vn 0.967699 -0.003426 0.252085
vn 0.978881 -0.003466 0.204403
vn 0.954200 -0.003379 0.299151
vn 0.967699 -0.003426 0.252085
vn 0.938424 -0.003323 0.345471
vn 0.954200 -0.003379 0.299152
vn 0.938403 -0.003324 0.345526
vn 0.920349 -0.003259 0.391083
vn 0.900158 -0.003188 0.435552
vn 0.920372 -0.003260 0.391031
vn 0.900158 -0.003188 0.435552
vn 0.877749 -0.003109 0.479110
vn 0.877746 -0.003109 0.479116
vn 0.853244 -0.003023 0.521503
vn 0.853216 -0.003022 0.521548
vn 0.826658 -0.002929 0.562696
vn 0.826692 -0.002929 0.562647
vn 0.798176 -0.002828 0.602418
vn 0.798176 -0.002828 0.602418
vn 0.767734 -0.002720 0.640763
vn 0.767734 -0.002720 0.640763
vn 0.735439 -0.002606 0.677586
vn 0.735439 -0.002606 0.677586
vn 0.701421 -0.002486 0.712743
vn 0.701382 -0.002486 0.712782
vn 0.665675 -0.002360 0.746238
vn 0.665683 -0.002360 0.746231
vn 0.628380 -0.002228 0.777903
vn 0.628371 -0.002228 0.777911
vn 0.589501 -0.002090 0.807765
vn 0.589531 -0.002091 0.807743
vn 0.549292 -0.001948 0.835628
vn 0.549303 -0.001948 0.835621
vn 0.507748 -0.001801 0.861504
vn 0.507721 -0.001801 0.861520
vn 0.464985 -0.001650 0.885317
vn 0.464985 -0.001650 0.885317
vn 0.421077 -0.001494 0.907024
vn 0.421088 -0.001495 0.907019
vn 0.376185 -0.001336 0.926544
vn 0.376172 -0.001336 0.926549
vn 0.330363 -0.001173 0.943853
vn 0.330383 -0.001174 0.943846
vn 0.283805 -0.001009 0.958881
vn 0.283805 -0.001009 0.958881
vn 0.236529 -0.000842 0.971624
vn 0.236529 -0.000842 0.971624
vn 0.188688 -0.000672 0.982037
vn 0.188676 -0.000672 0.982039
vn 0.140396 -0.000501 0.990095
vn 0.140412 -0.000501 0.990093
vn 0.091791 -0.000329 0.995778
vn 0.091775 -0.000329 0.995780
vn 0.042916 -0.000156 0.999079
vn 0.042919 -0.000156 0.999079
vn -0.006016 0.000017 0.999982
vn -0.006015 0.000017 0.999982
vn 0.003540 0.999994 0.000004
vn 0.003538 0.999994 0.000006
vn 0.003539 0.999994 0.000004
vn 0.003541 0.999994 0.000003
vn 0.003540 0.999994 0.000004
vn 0.003540 0.999994 0.000004
vn 0.003539 0.999994 0.000004
vn 0.003540 0.999994 0.000004
vn 0.003540 0.999994 0.000004
vn 0.003541 0.999994 0.000003
vn 0.003540 0.999994 0.000004
vn 0.003540 0.999994 0.000004
vn 0.003539 0.999994 0.000005
vn 0.003538 0.999994 0.000005
vn 0.003538 0.999994 0.000006
vn 0.003540 0.999994 0.000002
vn 0.003539 0.999994 0.000004
vn 0.003542 0.999994 0.000004
vn 0.003540 0.999994 0.000005
vn 0.003540 0.999994 0.000004
vn 0.003538 0.999994 0.000006
vn 0.003538 0.999994 0.000006
vn 0.003540 0.999994 0.000005
vn 0.003540 0.999994 0.000003
vn 0.003540 0.999994 0.000003
vn 0.003541 0.999994 0.000004
vn 0.003541 0.999994 0.000004
vn 0.003539 0.999994 0.000006
vn 0.003540 0.999994 0.000005
vn 0.003541 0.999994 0.000004
vn 0.003541 0.999994 0.000004
vn 0.003541 0.999994 0.000002
vn 0.003539 0.999994 0.000005
vn 0.003539 0.999994 0.000005
vn 0.003540 0.999994 0.000004
vn 0.003539 0.999994 0.000004
vn 0.003540 0.999994 0.000002
vn 0.003537 0.999994 0.000005
vn 0.003539 0.999994 0.000004
vn 0.003540 0.999994 0.000005
vn 0.003540 0.999994 0.000004
vn 0.003532 0.999994 0.000022
vn 0.003540 0.999994 0.000006
vn 0.003539 0.999994 0.000010
vn 0.003542 0.999994 -0.000004
vn 0.003539 0.999994 0.000010
vn 0.003539 0.999994 0.000005
vn 0.003541 0.999994 0.000004
vn 0.003543 0.999994 -0.000007
vn 0.003539 0.999994 0.000007
vn 0.003540 0.999994 0.000004
vn 0.003540 0.999994 -0.000010
vn 0.003540 0.999994 0.000004
vn 0.003539 0.999994 0.000019
vn 0.003540 0.999994 0.000004
vn 0.003540 0.999994 0.000006
vn 0.003542 0.999994 0.000004
vn 0.003540 0.999994 0.000005
vn 0.003537 0.999994 -0.000009
vn 0.003540 0.999994 0.000011
vn 0.003539 0.999994 0.000002
vn 0.003541 0.999994 0.000028
vn 0.003539 0.999994 -0.000008
vn 0.003540 0.999994 0.000003
vn 0.003536 0.999994 0.000005
vn 0.003540 0.999994 0.000004
vn 0.003537 0.999994 -0.000006
vn 0.003538 0.999994 -0.000002
vn 0.003541 0.999994 0.000008
vn 0.003544 0.999994 0.000023
vn 0.003540 0.999994 0.000005
vn 0.003542 0.999994 0.000009
vn 0.003543 0.999994 0.000004
vn 0.003539 0.999994 0.000005
vn 0.003540 0.999994 0.000003
vn 0.003539 0.999994 0.000001
vn 0.003541 0.999994 0.000007
vn 0.003541 0.999994 0.000006
vn 0.003531 0.999994 -0.000013
vn 0.003539 0.999994 0.000004
vn 0.003538 0.999994 0.000005
vn 0.003541 0.999994 0.000004
vn 0.003539 0.999994 0.000004
vn 0.003539 0.999994 0.000004
vn 0.003542 0.999994 0.000004
vn 0.003540 0.999994 0.000004
vn 0.003542 0.999994 0.000004
vn 0.003537 0.999994 0.000004
vn 0.003541 0.999994 0.000005
vn 0.003542 0.999994 0.000005
vn 0.003537 0.999994 0.000004
vn 0.003539 0.999994 0.000004
vn 0.003541 0.999994 -0.000000
vn 0.003544 0.999994 -0.000007
vn 0.003528 0.999994 0.000030
vn 0.003540 0.999994 0.000004
vn 0.003536 0.999994 0.000013
vn 0.003540 0.999994 0.000004
vn 0.003543 0.999994 -0.000007
vn 0.003546 0.999994 -0.000006
vn 0.003537 0.999994 0.000014
vn 0.003543 0.999994 -0.000001
vn 0.003540 0.999994 0.000005
vn 0.003542 0.999994 -0.000002
vn 0.003532 0.999994 0.000004
vn 0.003511 0.999994 0.000004
vn 0.003539 0.999994 0.000008
vn 0.003540 0.999994 0.000005
vn 0.003558 0.999994 0.000005
vn 0.003568 0.999994 0.000005
vn 0.003542 0.999994 -0.000020
vn 0.003541 0.999994 0.000004
vn 0.003541 0.999994 0.000004
vn 0.003538 0.999994 0.000015
vn 0.003534 0.999994 0.000004
vn 0.003523 0.999994 0.000004
vn 0.003538 0.999994 0.000013
vn 0.003535 0.999994 0.000004
vn 0.003548 0.999994 0.000004
vn 0.003539 0.999994 0.000008
vn 0.003547 0.999994 0.000004
vn 0.003544 0.999994 0.000004
vn 0.003540 0.999994 0.000004
vn 0.003541 0.999994 -0.000001
vn 0.003529 0.999994 0.000004
vn 0.003522 0.999994 0.000004
vn 0.003539 0.999994 -0.000012
vn 0.003538 0.999994 0.000005
vn 0.003556 0.999994 0.000005
vn 0.003539 0.999994 0.000007
vn 0.003562 0.999994 0.000004
vn 0.003526 0.999994 0.000004
vn 0.003541 0.999994 0.000005
vn 0.003538 0.999994 0.000004
vn 0.003539 0.999994 0.000023
vn 0.003532 0.999994 0.000004
vn 0.003537 0.999994 0.000004
vn 0.003540 0.999994 0.000004
vn 0.003540 0.999994 0.000008
vn 0.003556 0.999994 0.000004
vn 0.003541 0.999994 0.000004
vn 0.003527 0.999994 0.000004
vn 0.003537 0.999994 -0.000010
vn 0.003522 0.999994 0.000004
vn 0.003539 0.999994 0.000004
vn 0.003542 0.999994 0.000018
vn 0.003539 0.999994 0.000001
vn 0.003538 0.999994 -0.000015
vn 0.003539 0.999994 0.000003
vn 0.003538 0.999994 0.000001
vn 0.003544 0.999994 0.000017
vn 0.003543 0.999994 0.000005
vn 0.003538 0.999994 0.000004
vn 0.003540 0.999994 0.000004
vn 0.003540 0.999994 0.000007
vn 0.003540 0.999994 0.000003
vn 0.003540 0.999994 0.000004
vn 0.003539 0.999994 0.000004
vn 0.003539 0.999994 0.000003
vn 0.003538 0.999994 0.000004
vn 0.003542 0.999994 0.000005
vn 0.003541 0.999994 0.000007
vn 0.003540 0.999994 0.000003
vn 0.003541 0.999994 0.000005
vn 0.003539 0.999994 0.000005
vn 0.003540 0.999994 0.000002
vn 0.003540 0.999994 0.000006
vn 0.003539 0.999994 0.000004
vn 0.003541 0.999994 0.000005
vn 0.003540 0.999994 0.000004
vn 0.003539 0.999994 0.000003
vn 0.003541 0.999994 0.000006
vn 0.003539 0.999994 0.000005
vn 0.003540 0.999994 0.000005
vn 0.003539 0.999994 0.000003
vn 0.003538 0.999994 0.000002
vn 0.003539 0.999994 0.000003
vn 0.003540 0.999994 0.000004
vn 0.003540 0.999994 0.000006
vn 0.003541 0.999994 0.000006
vn 0.003539 0.999994 0.000004
vn 0.003541 0.999994 0.000005
vn 0.003541 0.999994 0.000005
vn 0.003541 0.999994 0.000006
vn 0.003542 0.999994 -0.000011
vn 0.003539 0.999994 0.000012
vn 0.003537 0.999994 0.000029
vn 0.003541 0.999994 -0.000003
vn 0.003540 0.999994 0.000003
vn 0.003540 0.999994 0.000006
vn 0.003540 0.999994 0.000005
vn 0.003540 0.999994 0.000002
vn 0.003541 0.999994 -0.000005
vn 0.003543 0.999994 -0.000014
vn 0.003540 0.999994 0.000005
vn 0.003538 0.999994 0.000017
vn 0.003540 0.999994 0.000005
vn 0.003540 0.999994 0.000004
vn 0.003542 0.999994 -0.000008
vn 0.003542 0.999994 0.000020
vn 0.003540 0.999994 0.000006
vn 0.003539 0.999994 -0.000007
vn 0.003539 0.999994 0.000003
vn 0.003542 0.999994 0.000023
vn 0.003541 0.999994 0.000012
vn 0.003537 0.999994 0.000002
vn 0.003540 0.999994 0.000005
vn 0.003540 0.999994 0.000002
vn 0.003539 0.999994 -0.000005
vn 0.003539 0.999994 -0.000009
vn 0.003542 0.999994 0.000032
vn 0.003539 0.999994 -0.000009
vn 0.003539 0.999994 -0.000003
vn 0.003540 0.999994 0.000008
vn 0.003539 0.999994 0.000004
vn 0.003538 0.999994 -0.000022
vn 0.003540 0.999994 0.000005
vn 0.003541 0.999994 0.000006
vn 0.003540 0.999994 0.000005
vn 0.003540 0.999994 0.000005
vn 0.003541 0.999994 0.000006
vn 0.003540 0.999994 0.000005
vn 0.003539 0.999994 0.000004
vn 0.003537 0.999994 0.000002
vn 0.003539 0.999994 0.000003
vn 0.003540 0.999994 0.000005
vn 0.003540 0.999994 0.000005
vn 0.003541 0.999994 0.000006
vn 0.003541 0.999994 0.000005
vn 0.003541 0.999994 0.000005
vn 0.003539 0.999994 0.000004
vn 0.003541 0.999994 0.000006
vn 0.003540 0.999994 0.000006
vn 0.003540 0.999994 0.000004
vn 0.003539 0.999994 0.000003
vn 0.003538 0.999994 0.000002
vn 0.003539 0.999994 0.000003
vn 0.003540 0.999994 0.000005
vn 0.003539 0.999994 0.000005
vn 0.003541 0.999994 0.000006
vn 0.003540 0.999994 0.000004
vn 0.003539 0.999994 0.000003
vn 0.003541 0.999994 0.000006
vn 0.003539 0.999994 0.000004
vn 0.003540 0.999994 0.000002
vn 0.003540 0.999994 0.000006
vn 0.003541 0.999994 0.000005
vn 0.003539 0.999994 0.000005
vn 0.003541 0.999994 0.000007
vn 0.003540 0.999994 0.000003
vn 0.003538 0.999994 0.000004
vn 0.003541 0.999994 0.000005
vn 0.003539 0.999994 0.000003
vn 0.003539 0.999994 0.000004
vn 0.003538 0.999994 -0.000022
vn 0.003540 0.999994 0.000008
vn 0.003539 0.999994 -0.000003
vn 0.003539 0.999994 -0.000009
vn 0.003542 0.999994 0.000032
vn 0.003539 0.999994 -0.000009
vn 0.003539 0.999994 -0.000004
vn 0.003540 0.999994 0.000002
vn 0.003541 0.999994 0.000011
vn 0.003542 0.999994 0.000022
vn 0.003539 0.999994 -0.000006
vn 0.003540 0.999994 0.000006
vn 0.003542 0.999994 0.000020
vn 0.003540 0.999994 0.000003
vn 0.003540 0.999994 0.000004
vn 0.003540 0.999994 0.000004
vn 0.003544 0.999994 0.000017
vn 0.003538 0.999994 0.000001
vn 0.003540 0.999994 0.000007
vn 0.003538 0.999994 0.000004
vn 0.003543 0.999994 0.000005
vn 0.003538 0.999994 -0.000015
vn 0.003539 0.999994 0.000001
vn 0.003542 0.999994 0.000018
vn 0.003539 0.999994 0.000004
vn 0.003537 0.999994 -0.000010
vn 0.003539 0.999994 0.000003
vn 0.003538 0.999994 0.000004
vn 0.003541 0.999994 0.000005
vn 0.003540 0.999994 0.000004
vn 0.003540 0.999994 0.000008
vn 0.003539 0.999994 0.000023
vn 0.003539 0.999994 0.000007
vn 0.003539 0.999994 -0.000012
vn 0.003539 0.999994 0.000004
vn 0.003537 0.999994 0.000004
vn 0.003522 0.999994 0.000004
vn 0.003540 0.999994 0.000004
vn 0.003542 0.999994 -0.000008
vn 0.003540 0.999994 0.000005
vn 0.003538 0.999994 0.000016
vn 0.003543 0.999994 -0.000013
vn 0.003541 0.999994 -0.000005
vn 0.003540 0.999994 0.000002
vn 0.003540 0.999994 0.000006
vn 0.003540 0.999994 0.000006
vn 0.003540 0.999994 0.000003
vn 0.003541 0.999994 -0.000003
vn 0.003537 0.999994 0.000029
vn 0.003539 0.999994 0.000013
vn 0.003542 0.999994 -0.000011
vn 0.003527 0.999994 0.000004
vn 0.003557 0.999994 0.000004
vn 0.003541 0.999994 0.000004
vn 0.003537 0.999994 0.000004
vn 0.003531 0.999994 0.000004
vn 0.003556 0.999994 0.000005
vn 0.003526 0.999994 0.000004
vn 0.003562 0.999994 0.000004
vn 0.003541 0.999994 -0.000001
vn 0.003539 0.999994 0.000008
vn 0.003538 0.999994 0.000013
vn 0.003538 0.999994 0.000015
vn 0.003542 0.999994 -0.000020
vn 0.003540 0.999994 0.000004
vn 0.003538 0.999994 0.000004
vn 0.003529 0.999994 0.000004
vn 0.003522 0.999994 0.000004
vn 0.003547 0.999994 0.000004
vn 0.003544 0.999994 0.000004
vn 0.003548 0.999994 0.000004
vn 0.003535 0.999994 0.000004
vn 0.003523 0.999994 0.000004
vn 0.003541 0.999994 0.000004
vn 0.003534 0.999994 0.000004
vn 0.003542 0.999994 0.000005
vn 0.003541 0.999994 0.000005
vn 0.003541 0.999994 0.000004
vn 0.003558 0.999994 0.000005
vn 0.003568 0.999994 0.000005
vn 0.003511 0.999994 0.000003
vn 0.003531 0.999994 0.000004
vn 0.003540 0.999994 0.000005
vn 0.003539 0.999994 0.000008
vn 0.003542 0.999994 -0.000002
vn 0.003537 0.999994 0.000014
vn 0.003543 0.999994 -0.000007
vn 0.003537 0.999994 0.000004
vn 0.003542 0.999994 0.000004
vn 0.003528 0.999994 0.000029
vn 0.003541 0.999994 -0.000000
vn 0.003544 0.999994 -0.000007
vn 0.003536 0.999994 0.000013
vn 0.003540 0.999994 0.000004
vn 0.003540 0.999994 0.000004
vn 0.003542 0.999994 0.000004
vn 0.003531 0.999994 -0.000013
vn 0.003539 0.999994 0.000004
vn 0.003540 0.999994 0.000005
vn 0.003540 0.999994 0.000004
vn 0.003546 0.999994 -0.000006
vn 0.003543 0.999994 -0.000001
vn 0.003539 0.999994 0.000004
vn 0.003539 0.999994 0.000004
vn 0.003541 0.999994 0.000006
vn 0.003541 0.999994 0.000006
vn 0.003542 0.999994 0.000009
vn 0.003540 0.999994 0.000003
vn 0.003539 0.999994 0.000001
vn 0.003541 0.999994 0.000004
vn 0.003538 0.999994 0.000005
vn 0.003540 0.999994 0.000005
vn 0.003537 0.999994 -0.000006
vn 0.003538 0.999994 -0.000001
vn 0.003541 0.999994 0.000008
vn 0.003544 0.999994 0.000023
vn 0.003539 0.999994 0.000005
vn 0.003543 0.999994 0.000004
vn 0.003537 0.999994 -0.000009
vn 0.003540 0.999994 0.000011
vn 0.003539 0.999994 0.000002
vn 0.003541 0.999994 0.000028
vn 0.003539 0.999994 -0.000008
vn 0.003540 0.999994 0.000003
vn 0.003540 0.999994 0.000004
vn 0.003536 0.999994 0.000005
vn 0.003540 0.999994 0.000006
vn 0.003540 0.999994 -0.000010
vn 0.003540 0.999994 0.000004
vn 0.003539 0.999994 0.000019
vn 0.003540 0.999994 0.000004
vn 0.003542 0.999994 0.000004
vn 0.003540 0.999994 0.000005
vn 0.003540 0.999994 0.000004
vn 0.003539 0.999994 0.000010
vn 0.003542 0.999994 -0.000005
vn 0.003539 0.999994 0.000010
vn 0.003543 0.999994 -0.000007
vn 0.003539 0.999994 0.000007
vn 0.003541 0.999994 0.000004
vn 0.003539 0.999994 0.000005
vn 0.003540 0.999994 0.000005
vn 0.003540 0.999994 0.000006
vn 0.003540 0.999994 0.000004
vn 0.003532 0.999994 0.000022
vn 0.003537 0.999994 0.000005
vn 0.003539 0.999994 0.000004
vn 0.003539 0.999994 0.000004
vn 0.003540 0.999994 0.000002
vn 0.003540 0.999994 0.000004
vn 0.003539 0.999994 0.000005
vn 0.003541 0.999994 0.000002
vn 0.003539 0.999994 0.000005
vn 0.003541 0.999994 0.000004
vn 0.003541 0.999994 0.000004
vn 0.003539 0.999994 0.000006
vn 0.003540 0.999994 0.000005
vn 0.003541 0.999994 0.000004
vn 0.003541 0.999994 0.000004
vn 0.003540 0.999994 0.000003
vn 0.003540 0.999994 0.000003
vn 0.003538 0.999994 0.000006
vn 0.003540 0.999994 0.000005
vn 0.003538 0.999994 0.000006
vn 0.003540 0.999994 0.000004
vn 0.003540 0.999994 0.000005
vn 0.003542 0.999994 0.000004
vn 0.003540 0.999994 0.000002
vn 0.003539 0.999994 0.000004
vn 0.003538 0.999994 0.000006
vn 0.003538 0.999994 0.000005
vn 0.003539 0.999994 0.000005
vn 0.003540 0.999994 0.000004
vn 0.003540 0.999994 0.000004
vn 0.003541 0.999994 0.000003
vn 0.003540 0.999994 0.000004
vn 0.003540 0.999994 0.000004
vn 0.003539 0.999994 0.000004
vn 0.003540 0.999994 0.000004
vn 0.003540 0.999994 0.000004
vn 0.003541 0.999994 0.000003
vn 0.003539 0.999994 0.000004
vn 0.003540 0.999994 0.000004
vn 0.003538 0.999994 0.000006
vn 0.003540 0.999994 0.000005
vn 0.003538 0.999994 -0.000220
vn 0.003540 0.999994 -0.000006
vn 0.003541 0.999994 0.000141
vn 0.003539 0.999994 -0.000080
vn 0.003541 0.999994 0.000089
vn 0.003540 0.999994 -0.000011
vn 0.003539 0.999994 -0.000062
vn 0.003540 0.999994 0.000012
vn 0.003540 0.999994 0.000001
vn 0.003540 0.999994 0.000009
vn 0.003540 0.999994 0.000028
vn 0.003539 0.999994 -0.000010
vn 0.003541 0.999994 0.000030
vn 0.003538 0.999994 -0.000042
vn 0.003540 0.999994 0.000013
vn 0.003541 0.999994 0.000019
vn 0.003539 0.999994 -0.000020
vn 0.003542 0.999994 0.000049
vn 0.003561 0.999994 -0.000306
vn 0.003548 0.999994 -0.000121
vn 0.003529 0.999994 0.000165
vn 0.003538 0.999994 0.000032
vn 0.003546 0.999994 -0.000082
vn 0.003543 0.999994 -0.000044
vn 0.003534 0.999994 0.000078
vn 0.003537 0.999994 0.000043
vn 0.003541 0.999994 -0.000005
vn 0.003545 0.999994 -0.000061
vn 0.003537 0.999994 0.000033
vn 0.003538 0.999994 0.000027
vn 0.003539 0.999994 0.000009
vn 0.003542 0.999994 -0.000017
vn 0.003539 0.999994 0.000008
vn 0.003538 0.999994 0.000020
vn 0.003543 0.999994 -0.000029
vn 0.003538 0.999994 0.000019
vn 0.003540 0.999994 0.000007
vn 0.003540 0.999994 0.000005
vn 0.003538 0.999994 -0.000220
vn 0.003540 0.999994 -0.000006
vn 0.003541 0.999994 0.000142
vn 0.003539 0.999994 -0.000081
vn 0.003541 0.999994 0.000089
vn 0.003540 0.999994 -0.000010
vn 0.003539 0.999994 -0.000062
vn 0.003540 0.999994 0.000011
vn 0.003540 0.999994 0.000002
vn 0.003540 0.999994 0.000009
vn 0.003540 0.999994 0.000028
vn 0.003539 0.999994 -0.000010
vn 0.003541 0.999994 0.000030
vn 0.003538 0.999994 -0.000043
vn 0.003540 0.999994 0.000014
vn 0.003541 0.999994 0.000018
vn 0.003539 0.999994 -0.000020
vn 0.003542 0.999994 0.000049
vn 0.003561 0.999994 -0.000306
vn 0.003548 0.999994 -0.000118
vn 0.003529 0.999994 0.000162
vn 0.003538 0.999994 0.000032
vn 0.003546 0.999994 -0.000080
vn 0.003543 0.999994 -0.000045
vn 0.003534 0.999994 0.000079
vn 0.003537 0.999994 0.000042
vn 0.003541 0.999994 -0.000006
vn 0.003545 0.999994 -0.000061
vn 0.003537 0.999994 0.000033
vn 0.003538 0.999994 0.000028
vn 0.003539 0.999994 0.000009
vn 0.003542 0.999994 -0.000017
vn 0.003539 0.999994 0.000008
vn 0.003538 0.999994 0.000021
vn 0.003543 0.999994 -0.000029
vn 0.003538 0.999994 0.000018
vn 0.003540 0.999994 0.000007
vn -0.030494 0.000104 0.999535
vn -0.030494 0.000104 0.999535
vn 0.998458 -0.003535 0.055400
vn 0.998458 -0.003534 0.055404
vn 0.994455 -0.003520 0.105105
vn 0.994455 -0.003520 0.105105
vn 0.987980 -0.003498 0.154540
vn 0.979049 -0.003467 0.203597
vn 0.987980 -0.003498 0.154543
vn 0.979049 -0.003467 0.203597
vn 0.967682 -0.003426 0.252149
vn 0.967683 -0.003427 0.252146
vn 0.953912 -0.003378 0.300067
vn 0.953911 -0.003378 0.300070
vn 0.937768 -0.003321 0.347246
vn 0.919294 -0.003256 0.393559
vn 0.937768 -0.003321 0.347246
vn 0.919295 -0.003256 0.393556
vn 0.898535 -0.003183 0.438890
vn 0.898534 -0.003182 0.438893
vn 0.875540 -0.003101 0.483135
vn 0.875541 -0.003101 0.483135
vn 0.850371 -0.003012 0.526175
vn 0.823085 -0.002916 0.567910
vn 0.850371 -0.003012 0.526175
vn 0.823087 -0.002916 0.567908
vn 0.793753 -0.002812 0.608234
vn 0.793755 -0.002812 0.608231
vn 0.762451 -0.002702 0.647040
vn 0.762451 -0.002702 0.647040
vn 0.729250 -0.002584 0.684242
vn 0.729250 -0.002584 0.684242
vn 0.694238 -0.002461 0.719741
vn 0.694238 -0.002461 0.719741
vn 0.657497 -0.002331 0.753454
vn 0.657497 -0.002331 0.753454
vn 0.619125 -0.002195 0.785289
vn 0.619127 -0.002195 0.785288
vn 0.579213 -0.002054 0.815174
vn 0.579213 -0.002054 0.815174
vn 0.537860 -0.001908 0.843032
vn 0.537858 -0.001908 0.843033
vn 0.495168 -0.001757 0.868796
vn 0.495169 -0.001757 0.868795
vn 0.451249 -0.001601 0.892397
vn 0.451248 -0.001601 0.892397
vn 0.406205 -0.001442 0.913781
vn 0.406205 -0.001442 0.913781
vn 0.360152 -0.001279 0.932893
vn 0.313205 -0.001113 0.949685
vn 0.360152 -0.001279 0.932893
vn 0.313206 -0.001113 0.949685
vn 0.265477 -0.000944 0.964117
vn 0.265475 -0.000944 0.964117
vn 0.217090 -0.000773 0.976151
vn 0.217090 -0.000773 0.976151
vn 0.168163 -0.000600 0.985759
vn 0.168164 -0.000600 0.985759
vn 0.118820 -0.000425 0.992916
vn 0.118820 -0.000425 0.992916
vn 0.069178 -0.000249 0.997604
vn 0.069178 -0.000249 0.997604
vn 0.019367 -0.000073 0.999812
vn 0.019367 -0.000073 0.999812
vn -0.030494 0.000104 0.999535
vn -0.030494 0.000104 0.999535
vn -0.080279 0.000280 0.996772
vn -0.080279 0.000280 0.996772
vn -0.129863 0.000455 0.991532
vn -0.129863 0.000455 0.991532
vn -0.179125 0.000630 0.983826
vn -0.179125 0.000630 0.983826
vn -0.227942 0.000803 0.973674
vn -0.227941 0.000803 0.973675
vn -0.276192 0.000974 0.961102
vn -0.276190 0.000973 0.961102
vn -0.323755 0.001142 0.946140
vn -0.323755 0.001142 0.946140
vn -0.370516 0.001307 0.928825
vn -0.370516 0.001307 0.928825
vn -0.416350 0.001470 0.909203
vn -0.416350 0.001470 0.909203
vn -0.461152 0.001628 0.887320
vn -0.461152 0.001628 0.887320
vn -0.504810 0.001783 0.863228
vn -0.504811 0.001783 0.863228
vn -0.547208 0.001933 0.836995
vn -0.547210 0.001934 0.836993
vn -0.588250 0.002079 0.808676
vn -0.588250 0.002079 0.808676
vn -0.627827 0.002219 0.778350
vn -0.627827 0.002219 0.778350
vn -0.665845 0.002354 0.746086
vn -0.665842 0.002354 0.746089
vn -0.702205 0.002482 0.711971
vn -0.702205 0.002482 0.711970
vn -0.736820 0.002605 0.676084
vn -0.736823 0.002605 0.676080
vn -0.769606 0.002722 0.638513
vn -0.769606 0.002722 0.638513
vn -0.800478 0.002831 0.599355
vn -0.800475 0.002831 0.599360
vn -0.829356 0.002934 0.558713
vn -0.829353 0.002933 0.558718
vn -0.856173 0.003028 0.516681
vn -0.856176 0.003029 0.516676
vn -0.880866 0.003116 0.473356
vn -0.903364 0.003196 0.428862
vn -0.880866 0.003116 0.473356
vn -0.903364 0.003196 0.428862
vn -0.923618 0.003268 0.383300
vn -0.941574 0.003332 0.336789
vn -0.923616 0.003268 0.383305
vn -0.941576 0.003331 0.336783
vn -0.957193 0.003387 0.289430
vn -0.957193 0.003387 0.289430
vn -0.970429 0.003434 0.241362
vn -0.981254 0.003472 0.192687
vn -0.970429 0.003434 0.241361
vn -0.981254 0.003472 0.192687
vn -0.989639 0.003502 0.143536
vn -0.989639 0.003502 0.143536
vn -0.995564 0.003524 0.094024
vn -0.995563 0.003524 0.094031
vn -0.999013 0.003536 0.044287
vn -0.999012 0.003536 0.044293
vn -0.999978 0.003540 -0.005566
vn -0.999978 0.003540 -0.005566
vn -0.998458 0.003534 -0.055400
vn -0.998458 0.003534 -0.055400
vn -0.994455 0.003520 -0.105105
vn -0.994454 0.003521 -0.105112
vn -0.987979 0.003498 -0.154547
vn -0.987980 0.003498 -0.154540
vn -0.979048 0.003466 -0.203601
vn -0.979049 0.003467 -0.203594
vn -0.967683 0.003427 -0.252146
vn -0.967683 0.003427 -0.252146
vn -0.953910 0.003378 -0.300073
vn -0.953912 0.003378 -0.300067
vn -0.937768 0.003321 -0.347246
vn -0.937770 0.003321 -0.347241
vn -0.919295 0.003256 -0.393556
vn -0.919295 0.003256 -0.393556
vn -0.898531 0.003183 -0.438898
vn -0.898534 0.003182 -0.438893
vn -0.875541 0.003101 -0.483134
vn -0.875544 0.003102 -0.483129
vn -0.850370 0.003013 -0.526177
vn -0.850373 0.003012 -0.526172
vn -0.823087 0.002916 -0.567907
vn -0.823087 0.002916 -0.567907
vn -0.793751 0.002812 -0.608236
vn -0.793753 0.002813 -0.608233
vn -0.762450 0.002702 -0.647042
vn -0.762453 0.002702 -0.647038
vn -0.729251 0.002584 -0.684242
vn -0.729251 0.002584 -0.684242
vn -0.694239 0.002460 -0.719741
vn -0.694239 0.002460 -0.719741
vn -0.657501 0.002331 -0.753450
vn -0.657496 0.002331 -0.753454
vn -0.619120 0.002195 -0.785293
vn -0.619125 0.002195 -0.785289
vn -0.579212 0.002054 -0.815174
vn -0.579215 0.002054 -0.815172
vn -0.537858 0.001908 -0.843033
vn -0.537858 0.001908 -0.843033
vn -0.495171 0.001757 -0.868794
vn -0.451247 0.001601 -0.892397
vn -0.495171 0.001757 -0.868794
vn -0.451250 0.001601 -0.892396
vn -0.406209 0.001442 -0.913779
vn -0.360149 0.001279 -0.932894
vn -0.406204 0.001442 -0.913781
vn -0.360149 0.001279 -0.932894
vn -0.313210 0.001113 -0.949683
vn -0.313205 0.001113 -0.949685
vn -0.265479 0.000944 -0.964116
vn -0.265476 0.000944 -0.964117
vn -0.217089 0.000773 -0.976152
vn -0.217086 0.000773 -0.976152
vn -0.168163 0.000600 -0.985759
vn -0.168164 0.000600 -0.985759
vn -0.118820 0.000425 -0.992916
vn -0.118820 0.000425 -0.992916
vn -0.069177 0.000249 -0.997604
vn -0.069177 0.000249 -0.997604
vn -0.019366 0.000073 -0.999812
vn -0.019367 0.000073 -0.999812
vn 0.030493 -0.000103 -0.999535
vn 0.030493 -0.000103 -0.999535
vn 0.080281 -0.000280 -0.996772
vn 0.080278 -0.000280 -0.996773
vn 0.129862 -0.000455 -0.991532
vn 0.129862 -0.000455 -0.991532
vn 0.179127 -0.000630 -0.983826
vn 0.179127 -0.000630 -0.983826
vn 0.227942 -0.000803 -0.973674
vn 0.227941 -0.000803 -0.973675
vn 0.276190 -0.000974 -0.961103
vn 0.276188 -0.000974 -0.961103
vn 0.323758 -0.001142 -0.946139
vn 0.323756 -0.001142 -0.946140
vn 0.370516 -0.001307 -0.928825
vn 0.416348 -0.001470 -0.909204
vn 0.370516 -0.001307 -0.928825
vn 0.416348 -0.001470 -0.909204
vn 0.461154 -0.001628 -0.887319
vn 0.461154 -0.001628 -0.887319
vn 0.504808 -0.001783 -0.863230
vn 0.547211 -0.001933 -0.836992
vn 0.504811 -0.001783 -0.863228
vn 0.547209 -0.001933 -0.836994
vn 0.588248 -0.002079 -0.808678
vn 0.627830 -0.002219 -0.778348
vn 0.588248 -0.002079 -0.808678
vn 0.627828 -0.002219 -0.778349
vn 0.665843 -0.002354 -0.746088
vn 0.702206 -0.002483 -0.711969
vn 0.665845 -0.002354 -0.746087
vn 0.736820 -0.002605 -0.676084
vn 0.702205 -0.002482 -0.711971
vn 0.736821 -0.002605 -0.676083
vn 0.769606 -0.002721 -0.638514
vn 0.769606 -0.002721 -0.638514
vn 0.800477 -0.002831 -0.599356
vn 0.800477 -0.002831 -0.599357
vn 0.829353 -0.002933 -0.558717
vn 0.829354 -0.002933 -0.558716
vn 0.856175 -0.003029 -0.516677
vn 0.856176 -0.003028 -0.516675
vn 0.880865 -0.003116 -0.473357
vn 0.880865 -0.003116 -0.473358
vn 0.903363 -0.003196 -0.428864
vn 0.903365 -0.003196 -0.428862
vn 0.923617 -0.003268 -0.383303
vn 0.923618 -0.003268 -0.383300
vn 0.941576 -0.003331 -0.336784
vn 0.957192 -0.003387 -0.289433
vn 0.941575 -0.003332 -0.336786
vn 0.957192 -0.003387 -0.289433
vn 0.970429 -0.003434 -0.241361
vn 0.970429 -0.003434 -0.241361
vn 0.981254 -0.003473 -0.192690
vn 0.981254 -0.003472 -0.192687
vn 0.989639 -0.003503 -0.143536
vn 0.995563 -0.003524 -0.094027
vn 0.989639 -0.003503 -0.143536
vn 0.995563 -0.003524 -0.094027
vn 0.999013 -0.003536 -0.044287
vn 0.999978 -0.003540 0.005566
vn 0.999013 -0.003536 -0.044287
vn 0.999978 -0.003540 0.005566
vn -0.998457 0.003534 -0.055412
vn -0.994455 0.003520 -0.105108
vn -0.998457 0.003534 -0.055412
vn -0.987989 0.003498 -0.154483
vn -0.994446 0.003521 -0.105189
vn -0.987989 0.003498 -0.154483
vn -0.979046 0.003467 -0.203609
vn -0.979046 0.003467 -0.203609
vn -0.967678 0.003427 -0.252164
vn -0.953912 0.003378 -0.300069
vn -0.967677 0.003427 -0.252169
vn -0.953912 0.003378 -0.300069
vn -0.937743 0.003321 -0.347315
vn -0.919315 0.003256 -0.393510
vn -0.937772 0.003321 -0.347237
vn -0.919315 0.003256 -0.393510
vn -0.898536 0.003182 -0.438889
vn -0.898536 0.003182 -0.438889
vn -0.875517 0.003101 -0.483177
vn -0.875517 0.003101 -0.483177
vn -0.850360 0.003012 -0.526192
vn -0.850397 0.003013 -0.526134
vn -0.823086 0.002916 -0.567909
vn -0.823124 0.002916 -0.567854
vn -0.793764 0.002812 -0.608219
vn -0.793764 0.002812 -0.608219
vn -0.762438 0.002702 -0.647056
vn -0.762438 0.002702 -0.647056
vn -0.729235 0.002584 -0.684259
vn -0.694265 0.002461 -0.719715
vn -0.729235 0.002584 -0.684259
vn -0.694224 0.002461 -0.719755
vn -0.657527 0.002331 -0.753427
vn -0.619078 0.002195 -0.785327
vn -0.657527 0.002331 -0.753427
vn -0.619078 0.002195 -0.785327
vn -0.579217 0.002054 -0.815170
vn -0.579217 0.002054 -0.815170
vn -0.537863 0.001908 -0.843030
vn -0.537900 0.001908 -0.843006
vn -0.495184 0.001757 -0.868786
vn -0.451268 0.001601 -0.892387
vn -0.495184 0.001757 -0.868786
vn -0.451219 0.001601 -0.892412
vn -0.406206 0.001442 -0.913781
vn -0.406223 0.001442 -0.913773
vn -0.360135 0.001279 -0.932899
vn -0.313168 0.001113 -0.949697
vn -0.360117 0.001279 -0.932906
vn -0.313211 0.001113 -0.949683
vn -0.265487 0.000944 -0.964114
vn -0.217085 0.000773 -0.976152
vn -0.265466 0.000944 -0.964120
vn -0.217103 0.000773 -0.976148
vn -0.168174 0.000600 -0.985757
vn -0.118819 0.000425 -0.992916
vn -0.168141 0.000599 -0.985763
vn -0.069179 0.000249 -0.997604
vn -0.118839 0.000425 -0.992913
vn -0.069164 0.000249 -0.997605
vn -0.019362 0.000073 -0.999813
vn 0.030501 -0.000104 -0.999535
vn -0.019382 0.000073 -0.999812
vn 0.080262 -0.000280 -0.996774
vn 0.030501 -0.000104 -0.999535
vn 0.080275 -0.000280 -0.996773
vn 0.129857 -0.000455 -0.991533
vn 0.179140 -0.000630 -0.983823
vn 0.129857 -0.000455 -0.991533
vn 0.227950 -0.000803 -0.973672
vn 0.179135 -0.000630 -0.983824
vn 0.276181 -0.000974 -0.961105
vn 0.227932 -0.000803 -0.973677
vn 0.276199 -0.000973 -0.961100
vn 0.323748 -0.001142 -0.946143
vn 0.323742 -0.001142 -0.946145
vn 0.370503 -0.001307 -0.928830
vn 0.370503 -0.001307 -0.928830
vn 0.416391 -0.001470 -0.909184
vn 0.416375 -0.001470 -0.909192
vn 0.461108 -0.001628 -0.887343
vn 0.461124 -0.001628 -0.887334
vn 0.504844 -0.001783 -0.863208
vn 0.504844 -0.001783 -0.863208
vn 0.547163 -0.001933 -0.837024
vn 0.547186 -0.001933 -0.837009
vn 0.588295 -0.002079 -0.808643
vn 0.588257 -0.002079 -0.808672
vn 0.627811 -0.002219 -0.778363
vn 0.627823 -0.002219 -0.778353
vn 0.665873 -0.002354 -0.746061
vn 0.665862 -0.002354 -0.746071
vn 0.702177 -0.002482 -0.711998
vn 0.702187 -0.002482 -0.711988
vn 0.736846 -0.002606 -0.676056
vn 0.736805 -0.002605 -0.676100
vn 0.769616 -0.002722 -0.638502
vn 0.769616 -0.002722 -0.638502
vn 0.800453 -0.002831 -0.599389
vn 0.829334 -0.002933 -0.558745
vn 0.800453 -0.002831 -0.599389
vn 0.829372 -0.002933 -0.558689
vn 0.856184 -0.003028 -0.516663
vn 0.856184 -0.003028 -0.516663
vn 0.880878 -0.003116 -0.473333
vn 0.880849 -0.003116 -0.473388
vn 0.903342 -0.003196 -0.428909
vn 0.903370 -0.003196 -0.428851
vn 0.923644 -0.003268 -0.383238
vn 0.923644 -0.003268 -0.383238
vn 0.941575 -0.003331 -0.336787
vn 0.941575 -0.003331 -0.336787
vn 0.957183 -0.003387 -0.289462
vn 0.970422 -0.003434 -0.241390
vn 0.957185 -0.003387 -0.289456
vn 0.970421 -0.003434 -0.241395
vn 0.981256 -0.003473 -0.192675
vn 0.981241 -0.003472 -0.192754
vn 0.989649 -0.003503 -0.143467
vn 0.989649 -0.003503 -0.143467
vn 0.995557 -0.003524 -0.094091
vn 0.995565 -0.003524 -0.094011
vn 0.999011 -0.003536 -0.044312
vn 0.999011 -0.003536 -0.044312
vn 0.999978 -0.003540 0.005631
vn 0.999978 -0.003540 0.005631
vn 0.998462 -0.003534 0.055330
vn 0.998462 -0.003534 0.055330
vn 0.994454 -0.003520 0.105110
vn 0.994446 -0.003521 0.105189
vn 0.987977 -0.003498 0.154560
vn 0.987977 -0.003498 0.154563
vn 0.979062 -0.003467 0.203531
vn 0.979062 -0.003467 0.203531
vn 0.967677 -0.003427 0.252169
vn 0.967678 -0.003427 0.252164
vn 0.953912 -0.003378 0.300069
vn 0.953912 -0.003378 0.300069
vn 0.937743 -0.003321 0.347315
vn 0.937769 -0.003321 0.347243
vn 0.919285 -0.003256 0.393579
vn 0.919285 -0.003256 0.393579
vn 0.898572 -0.003183 0.438815
vn 0.898568 -0.003183 0.438823
vn 0.875513 -0.003101 0.483185
vn 0.875517 -0.003101 0.483177
vn 0.850397 -0.003012 0.526134
vn 0.850360 -0.003013 0.526193
vn 0.823086 -0.002916 0.567909
vn 0.823086 -0.002916 0.567909
vn 0.793764 -0.002813 0.608219
vn 0.793764 -0.002813 0.608219
vn 0.762397 -0.002702 0.647103
vn 0.762438 -0.002702 0.647056
vn 0.729275 -0.002584 0.684216
vn 0.729275 -0.002584 0.684215
vn 0.694224 -0.002460 0.719755
vn 0.694224 -0.002460 0.719755
vn 0.657527 -0.002331 0.753427
vn 0.657487 -0.002331 0.753463
vn 0.619130 -0.002195 0.785286
vn 0.619117 -0.002195 0.785295
vn 0.579217 -0.002054 0.815170
vn 0.579204 -0.002054 0.815180
vn 0.537900 -0.001908 0.843006
vn 0.537878 -0.001908 0.843021
vn 0.495149 -0.001756 0.868806
vn 0.495134 -0.001756 0.868815
vn 0.451252 -0.001601 0.892395
vn 0.451268 -0.001601 0.892387
vn 0.406192 -0.001442 0.913786
vn 0.360163 -0.001279 0.932889
vn 0.406206 -0.001442 0.913781
vn 0.360163 -0.001279 0.932889
vn 0.313193 -0.001113 0.949689
vn 0.313187 -0.001113 0.949691
vn 0.265487 -0.000944 0.964114
vn 0.265466 -0.000944 0.964120
vn 0.217086 -0.000773 0.976152
vn 0.217103 -0.000773 0.976148
vn 0.168154 -0.000600 0.985761
vn 0.168160 -0.000600 0.985759
vn 0.118839 -0.000425 0.992913
vn 0.118819 -0.000425 0.992916
vn 0.069158 -0.000249 0.997606
vn 0.069184 -0.000249 0.997604
vn 0.019360 -0.000073 0.999813
vn 0.019360 -0.000073 0.999813
vn -0.030501 0.000104 0.999535
vn -0.030501 0.000104 0.999535
vn -0.080282 0.000280 0.996772
vn -0.080268 0.000280 0.996773
vn -0.129857 0.000455 0.991533
vn -0.129857 0.000455 0.991533
vn -0.179140 0.000630 0.983823
vn -0.179135 0.000630 0.983824
vn -0.227932 0.000803 0.973677
vn -0.276199 0.000973 0.961100
vn -0.227931 0.000803 0.973677
vn -0.323748 0.001142 0.946143
vn -0.276178 0.000973 0.961106
vn -0.323767 0.001142 0.946136
vn -0.370503 0.001307 0.928830
vn -0.370503 0.001307 0.928830
vn -0.416313 0.001470 0.909220
vn -0.461191 0.001629 0.887299
vn -0.416344 0.001470 0.909206
vn -0.461157 0.001628 0.887317
vn -0.504809 0.001783 0.863229
vn -0.547186 0.001933 0.837009
vn -0.504809 0.001783 0.863229
vn -0.588295 0.002079 0.808643
vn -0.547224 0.001934 0.836984
vn -0.588257 0.002079 0.808672
vn -0.627823 0.002219 0.778353
vn -0.665792 0.002353 0.746134
vn -0.627823 0.002219 0.778353
vn -0.665821 0.002354 0.746108
vn -0.702258 0.002483 0.711918
vn -0.702218 0.002483 0.711958
vn -0.736805 0.002605 0.676100
vn -0.736855 0.002605 0.676046
vn -0.769576 0.002722 0.638550
vn -0.769576 0.002722 0.638550
vn -0.800453 0.002831 0.599389
vn -0.800492 0.002831 0.599336
vn -0.829372 0.002933 0.558689
vn -0.829372 0.002933 0.558689
vn -0.856184 0.003028 0.516663
vn -0.856184 0.003028 0.516663
vn -0.880844 0.003116 0.473396
vn -0.880878 0.003116 0.473333
vn -0.903374 0.003196 0.428843
vn -0.903342 0.003196 0.428909
vn -0.923615 0.003268 0.383308
vn -0.923615 0.003268 0.383308
vn -0.941575 0.003332 0.336787
vn -0.941601 0.003331 0.336714
vn -0.957206 0.003387 0.289387
vn -0.957184 0.003387 0.289462
vn -0.970422 0.003434 0.241390
vn -0.970422 0.003434 0.241390
vn -0.981241 0.003473 0.192754
vn -0.981256 0.003472 0.192679
vn -0.989637 0.003503 0.143547
vn -0.989637 0.003503 0.143547
vn -0.995573 0.003524 0.093930
vn -0.995565 0.003524 0.094009
vn -0.999011 0.003536 0.044312
vn -0.999978 0.003540 -0.005549
vn -0.999011 0.003536 0.044312
vn -0.999978 0.003540 -0.005549
vn 0.941106 -0.003333 0.338095
vn 0.941109 -0.003333 0.338088
vn 0.923316 -0.003270 0.384027
vn 0.923316 -0.003270 0.384027
vn 0.903283 -0.003199 0.429033
vn 0.903281 -0.003199 0.429038
vn 0.881055 -0.003121 0.473004
vn 0.881055 -0.003121 0.473004
vn 0.856686 -0.003035 0.515830
vn 0.856689 -0.003035 0.515824
vn 0.830246 -0.002941 0.557389
vn 0.830242 -0.002942 0.557396
vn 0.801785 -0.002841 0.597606
vn 0.801785 -0.002841 0.597606
vn 0.771382 -0.002734 0.636367
vn 0.771385 -0.002733 0.636362
vn 0.739096 -0.002619 0.673595
vn 0.739096 -0.002619 0.673595
vn 0.705037 -0.002499 0.709166
vn 0.705034 -0.002499 0.709170
vn 0.669247 -0.002372 0.743036
vn 0.669243 -0.002372 0.743039
vn 0.631838 -0.002240 0.775098
vn 0.631836 -0.002240 0.775099
vn 0.592901 -0.002102 0.805272
vn 0.592900 -0.002102 0.805273
vn 0.552521 -0.001959 0.833496
vn 0.552521 -0.001959 0.833497
vn 0.510801 -0.001812 0.859697
vn 0.510797 -0.001812 0.859699
vn 0.467833 -0.001660 0.883815
vn 0.467836 -0.001660 0.883813
vn 0.423744 -0.001504 0.905781
vn 0.378615 -0.001344 0.925553
vn 0.423747 -0.001504 0.905779
vn 0.378615 -0.001344 0.925553
vn 0.332575 -0.001181 0.943076
vn 0.332573 -0.001182 0.943077
vn 0.285722 -0.001016 0.958312
vn 0.285722 -0.001016 0.958312
vn 0.238178 -0.000847 0.971221
vn 0.238180 -0.000847 0.971221
vn 0.190058 -0.000677 0.981773
vn 0.141472 -0.000505 0.989942
vn 0.190056 -0.000677 0.981773
vn 0.141472 -0.000505 0.989942
vn 0.092545 -0.000332 0.995708
vn 0.092544 -0.000332 0.995709
vn 0.043396 -0.000158 0.999058
vn 0.043392 -0.000158 0.999058
vn -0.005865 0.000017 0.999983
vn -0.005861 0.000016 0.999983
vn -0.055107 0.000191 0.998480
vn -0.055107 0.000191 0.998480
vn -0.104213 0.000364 0.994555
vn -0.104214 0.000364 0.994555
vn -0.153071 0.000537 0.988215
vn -0.153072 0.000537 0.988215
vn -0.201555 0.000709 0.979477
vn -0.201554 0.000709 0.979477
vn -0.249550 0.000879 0.968362
vn -0.249552 0.000879 0.968361
vn -0.296941 0.001047 0.954895
vn -0.296941 0.001047 0.954895
vn -0.343609 0.001212 0.939112
vn -0.343607 0.001212 0.939113
vn -0.389444 0.001375 0.921049
vn -0.389446 0.001375 0.921049
vn -0.434334 0.001534 0.900751
vn -0.434334 0.001534 0.900751
vn -0.478170 0.001689 0.878266
vn -0.478170 0.001689 0.878266
vn -0.520842 0.001840 0.853651
vn -0.520846 0.001840 0.853648
vn -0.562256 0.001987 0.826961
vn -0.562254 0.001987 0.826962
vn -0.602302 0.002129 0.798265
vn -0.602304 0.002128 0.798264
vn -0.640886 0.002265 0.767633
vn -0.640886 0.002265 0.767633
vn -0.677914 0.002396 0.735137
vn -0.677913 0.002396 0.735139
vn -0.713298 0.002522 0.700856
vn -0.713298 0.002522 0.700856
vn -0.746950 0.002641 0.664875
vn -0.746950 0.002641 0.664875
vn -0.778787 0.002754 0.627283
vn -0.778788 0.002754 0.627281
vn -0.808738 0.002860 0.588162
vn -0.808738 0.002860 0.588162
vn -0.836725 0.002960 0.547616
vn -0.836722 0.002959 0.547620
vn -0.886539 0.003136 0.462643
vn -0.862679 0.003051 0.505743
vn -0.862679 0.003051 0.505743
vn -0.886539 0.003136 0.462643
vn -0.908250 0.003213 0.418415
vn -0.908252 0.003213 0.418411
vn -0.927753 0.003282 0.373180
vn -0.927753 0.003283 0.373181
vn -0.945009 0.003344 0.327026
vn -0.945010 0.003344 0.327026
vn -0.959967 0.003397 0.280092
vn -0.959967 0.003397 0.280092
vn 0.956571 -0.003388 0.291480
vn 0.956552 -0.003387 0.291542
vn 0.969694 -0.003433 0.244297
vn 0.980488 -0.003471 0.196546
vn 0.969694 -0.003433 0.244297
vn 0.980489 -0.003471 0.196543
vn 0.988927 -0.003501 0.148361
vn 0.995008 -0.003522 0.099737
vn 0.988927 -0.003501 0.148361
vn 0.995007 -0.003522 0.099739
vn 0.998696 -0.003535 0.050928
vn 0.998696 -0.003535 0.050928
vn 0.999992 -0.003540 0.002057
vn 0.999992 -0.003540 0.001995
vn 0.998891 -0.003536 -0.046939
vn 0.998889 -0.003535 -0.047001
vn 0.995399 -0.003523 -0.095748
vn 0.989517 -0.003502 -0.144371
vn 0.995399 -0.003523 -0.095748
vn 0.989517 -0.003502 -0.144371
vn 0.981267 -0.003473 -0.192619
vn 0.970660 -0.003435 -0.240432
vn 0.981256 -0.003472 -0.192679
vn 0.970661 -0.003435 -0.240428
vn 0.957722 -0.003389 -0.287677
vn 0.942503 -0.003335 -0.334181
vn 0.957737 -0.003389 -0.287624
vn 0.925028 -0.003273 -0.379884
vn 0.942483 -0.003335 -0.334237
vn 0.925028 -0.003273 -0.379884
vn 0.905306 -0.003203 -0.424748
vn 0.883448 -0.003125 -0.468519
vn 0.905330 -0.003203 -0.424697
vn 0.883452 -0.003125 -0.468512
vn 0.859446 -0.003040 -0.511217
vn 0.833398 -0.002948 -0.552665
vn 0.859419 -0.003040 -0.511263
vn 0.833427 -0.002948 -0.552622
vn 0.805371 -0.002848 -0.592764
vn 0.805371 -0.002848 -0.592764
vn 0.775395 -0.002742 -0.631470
vn 0.775365 -0.002742 -0.631507
vn 0.743524 -0.002629 -0.668703
vn 0.743549 -0.002629 -0.668677
vn 0.709954 -0.002510 -0.704243
vn 0.674611 -0.002385 -0.738170
vn 0.709923 -0.002510 -0.704275
vn 0.674642 -0.002385 -0.738141
vn 0.637652 -0.002254 -0.770322
vn 0.637652 -0.002254 -0.770322
vn 0.599236 -0.002118 -0.800570
vn 0.559292 -0.001976 -0.828968
vn 0.599216 -0.002118 -0.800585
vn 0.518079 -0.001830 -0.855331
vn 0.559321 -0.001976 -0.828949
vn 0.518079 -0.001830 -0.855331
vn 0.475617 -0.001680 -0.879651
vn 0.431947 -0.001525 -0.901897
vn 0.475579 -0.001679 -0.879671
vn 0.431972 -0.001525 -0.901886
vn 0.387292 -0.001367 -0.921956
vn 0.387269 -0.001367 -0.921966
vn 0.341763 -0.001206 -0.939785
vn 0.341729 -0.001205 -0.939798
vn 0.295338 -0.001041 -0.955392
vn 0.295306 -0.001041 -0.955402
vn 0.248190 -0.000874 -0.968711
vn 0.248190 -0.000874 -0.968711
vn 0.200505 -0.000706 -0.979692
vn 0.200505 -0.000706 -0.979692
vn 0.152309 -0.000535 -0.988333
vn 0.152300 -0.000535 -0.988334
vn 0.103738 -0.000363 -0.994605
vn 0.103754 -0.000363 -0.994603
vn 0.054967 -0.000190 -0.998488
vn 0.054951 -0.000190 -0.998489
vn -0.972558 0.003442 0.232635
vn -0.972557 0.003442 0.232639
vn -0.982782 0.003478 0.184734
vn -0.990645 0.003506 0.136422
vn -0.982782 0.003478 0.184734
vn -0.990645 0.003506 0.136422
vn -0.996134 0.003526 0.087771
vn -0.999236 0.003537 0.038929
vn -0.996135 0.003526 0.087769
vn -0.999236 0.003537 0.038929
vn -0.999943 0.003540 -0.010067
vn -0.999943 0.003540 -0.010067
vn -0.998255 0.003534 -0.058939
vn -0.998255 0.003534 -0.058939
vn -0.994169 0.003520 -0.107779
vn -0.994172 0.003519 -0.107748
vn -0.987707 0.003497 -0.156275
vn -0.978874 0.003466 -0.204433
vn -0.987712 0.003497 -0.156244
vn -0.978874 0.003466 -0.204433
vn -0.967698 0.003426 -0.252088
vn -0.954200 0.003379 -0.299151
vn -0.967692 0.003427 -0.252114
vn -0.954200 0.003379 -0.299151
vn -0.938403 0.003323 -0.345526
vn -0.920386 0.003260 -0.390998
vn -0.938413 0.003323 -0.345499
vn -0.900131 0.003188 -0.435609
vn -0.920383 0.003260 -0.391004
vn -0.900133 0.003188 -0.435603
vn -0.877749 0.003109 -0.479110
vn -0.853244 0.003023 -0.521503
vn -0.877746 0.003109 -0.479117
vn -0.853244 0.003023 -0.521503
vn -0.826692 0.002929 -0.562647
vn -0.798176 0.002828 -0.602418
vn -0.826678 0.002929 -0.562668
vn -0.798190 0.002828 -0.602398
vn -0.767719 0.002720 -0.640781
vn -0.767719 0.002720 -0.640781
vn -0.735455 0.002606 -0.677569
vn -0.735455 0.002606 -0.677569
vn -0.701397 0.002486 -0.712766
vn -0.701397 0.002486 -0.712766
vn -0.665683 0.002360 -0.746231
vn -0.628355 0.002228 -0.777923
vn -0.665683 0.002360 -0.746231
vn -0.628350 0.002228 -0.777928
vn -0.589531 0.002090 -0.807743
vn -0.589545 0.002090 -0.807733
vn -0.549303 0.001948 -0.835621
vn -0.507734 0.001801 -0.861512
vn -0.549292 0.001948 -0.835628
vn -0.464960 0.001650 -0.885330
vn -0.507721 0.001801 -0.861520
vn -0.464972 0.001650 -0.885324
vn -0.421077 0.001494 -0.907024
vn -0.376194 0.001336 -0.926540
vn -0.421076 0.001494 -0.907024
vn -0.376196 0.001336 -0.926539
vn -0.330373 0.001174 -0.943850
vn -0.330373 0.001174 -0.943850
vn -0.283805 0.001009 -0.958881
vn -0.283797 0.001009 -0.958884
vn -0.236529 0.000842 -0.971624
vn -0.236529 0.000842 -0.971624
vn -0.188688 0.000672 -0.982037
vn -0.188688 0.000672 -0.982037
vn -0.140412 0.000501 -0.990093
vn -0.140412 0.000501 -0.990093
vn -0.091770 0.000329 -0.995780
vn -0.091772 0.000329 -0.995780
vn -0.042934 0.000156 -0.999078
vn -0.042920 0.000156 -0.999079
vn 0.006015 -0.000017 -0.999982
vn 0.006015 -0.000017 -0.999982
vn 0.030494 -0.000104 -0.999535
vn 0.030494 -0.000104 -0.999535
f 1//1 2//1 3//1
f 2//2 4//2 3//2
f 4//3 5//3 3//3
f 3//4 5//4 6//4
f 5//5 7//5 6//5
f 6//6 7//6 8//6
f 7//7 9//7 8//7
f 8//8 9//8 10//8
f 9//9 11//9 10//9
f 10//10 11//10 12//10
f 11//11 13//11 12//11
f 12//12 13//12 14//12
f 14//13 13//13 15//13
f 13//14 16//14 15//14
f 16//15 17//15 15//15
f 15//16 17//16 18//16
f 18//17 17//17 19//17
f 17//18 20//18 19//18
f 20//19 21//19 19//19
f 19//20 21//20 22//20
f 22//21 21//21 23//21
f 21//22 24//22 23//22
f 24//23 25//23 23//23
f 23//24 25//24 26//24
f 25//25 27//25 26//25
f 26//26 27//26 28//26
f 28//27 27//27 29//27
f 29//28 30//28 31//28
f 27//29 30//29 29//29
f 30//30 32//30 31//30
f 31//31 33//31 34//31
f 34//32 33//32 35//32
f 32//33 33//33 31//33
f 33//34 36//34 35//34
f 35//35 37//35 38//35
f 36//36 37//36 35//36
f 38//37 39//37 40//37
f 40//38 39//38 41//38
f 37//39 39//39 38//39
f 39//40 42//40 41//40
f 41//41 43//41 44//41
f 44//42 43//42 45//42
f 42//43 43//43 41//43
f 43//44 46//44 45//44
f 45//45 47//45 48//45
f 48//46 47//46 49//46
f 46//47 47//47 45//47
f 47//48 50//48 49//48
f 50//49 51//49 49//49
f 49//50 51//50 52//50
f 51//51 53//51 52//51
f 52//52 53//52 54//52
f 54//53 53//53 55//53
f 53//54 56//54 55//54
f 56//55 57//55 55//55
f 55//56 57//56 58//56
f 58//57 57//57 59//57
f 57//58 60//58 59//58
f 59//59 60//59 61//59
f 60//60 62//60 61//60
f 61//61 62//61 63//61
f 62//62 64//62 63//62
f 64//63 65//63 63//63
f 63//64 65//64 66//64
f 65//65 67//65 66//65
f 66//66 67//66 68//66
f 68//67 67//67 69//67
f 67//68 70//68 69//68
f 69//69 70//69 71//69
f 70//70 72//70 71//70
f 71//71 72//71 73//71
f 72//72 74//72 73//72
f 74//73 75//73 73//73
f 73//74 75//74 76//74
f 75//75 77//75 76//75
f 76//76 77//76 78//76
f 77//77 79//77 78//77
f 78//78 79//78 80//78
f 79//79 81//79 80//79
f 80//80 81//80 82//80
f 81//81 83//81 82//81
f 82//82 83//82 84//82
f 84//83 83//83 85//83
f 83//84 86//84 85//84
f 86//85 87//85 85//85
f 85//86 87//86 88//86
f 87//87 89//87 88//87
f 88//88 89//88 90//88
f 90//89 89//89 91//89
f 89//90 92//90 91//90
f 92//91 93//91 91//91
f 91//92 93//92 94//92
f 94//93 93//93 95//93
f 93//94 96//94 95//94
f 95//95 97//95 98//95
f 96//96 97//96 95//96
f 98//97 99//97 100//97
f 97//98 99//98 98//98
f 100//99 101//99 102//99
f 102//100 101//100 103//100
f 99//101 101//101 100//101
f 103//102 104//102 105//102
f 101//103 104//103 103//103
f 104//104 106//104 105//104
f 107//105 108//105 109//105
f 110//106 107//106 109//106
f 110//107 109//107 111//107
f 112//108 108//108 107//108
f 112//109 113//109 108//109
f 114//110 110//110 111//110
f 114//111 111//111 115//111
f 116//112 113//112 112//112
f 116//113 117//113 113//113
f 118//114 114//114 115//114
f 118//115 115//115 119//115
f 120//116 117//116 116//116
f 120//117 121//117 117//117
f 122//118 118//118 119//118
f 122//119 119//119 123//119
f 124//120 121//120 120//120
f 124//121 125//121 121//121
f 126//122 122//122 123//122
f 126//123 123//123 127//123
f 128//124 129//124 125//124
f 128//125 125//125 124//125
f 130//126 126//126 127//126
f 130//127 127//127 131//127
f 132//128 133//128 129//128
f 132//129 129//129 128//129
f 134//130 130//130 131//130
f 134//131 131//131 135//131
f 136//132 133//132 132//132
f 136//133 137//133 133//133
f 138//134 134//134 135//134
f 138//135 135//135 139//135
f 140//136 137//136 136//136
f 140//137 141//137 137//137
f 142//138 139//138 143//138
f 142//139 138//139 139//139
f 144//140 141//140 140//140
f 144//141 145//141 141//141
f 146//142 142//142 143//142
f 146//143 143//143 147//143
f 148//144 145//144 144//144
f 149//145 145//145 148//145
f 150//146 145//146 149//146
f 150//147 151//147 145//147
f 152//148 151//148 150//148
f 153//149 151//149 152//149
f 154//150 151//150 153//150
f 155//151 147//151 156//151
f 155//152 146//152 147//152
f 157//153 151//153 154//153
f 158//154 151//154 157//154
f 158//155 159//155 151//155
f 160//156 159//156 158//156
f 161//157 159//157 160//157
f 162//158 159//158 161//158
f 163//159 159//159 162//159
f 163//160 164//160 159//160
f 165//161 155//161 156//161
f 165//162 156//162 166//162
f 167//163 164//163 163//163
f 168//164 164//164 167//164
f 169//165 164//165 168//165
f 170//166 164//166 169//166
f 171//167 164//167 170//167
f 171//168 172//168 164//168
f 173//169 165//169 166//169
f 173//170 166//170 174//170
f 175//171 172//171 171//171
f 176//172 172//172 175//172
f 177//173 172//173 176//173
f 178//174 172//174 177//174
f 178//175 179//175 172//175
f 180//176 179//176 178//176
f 181//177 173//177 174//177
f 181//178 174//178 182//178
f 183//179 179//179 180//179
f 184//180 179//180 183//180
f 185//181 179//181 184//181
f 185//182 186//182 179//182
f 187//183 186//183 185//183
f 188//184 186//184 187//184
f 189//185 181//185 182//185
f 189//186 182//186 190//186
f 191//187 189//187 190//187
f 191//188 190//188 192//188
f 193//189 192//189 194//189
f 193//190 191//190 192//190
f 195//191 193//191 194//191
f 195//192 194//192 196//192
f 197//193 195//193 196//193
f 197//194 196//194 198//194
f 199//195 197//195 198//195
f 199//196 198//196 200//196
f 201//197 202//197 203//197
f 204//198 203//198 202//198
f 205//199 202//199 201//199
f 205//200 206//200 202//200
f 207//201 204//201 202//201
f 207//202 202//202 186//202
f 208//203 206//203 205//203
f 209//204 207//204 186//204
f 210//205 206//205 208//205
f 211//206 209//206 186//206
f 211//207 186//207 188//207
f 212//208 206//208 210//208
f 213//209 188//209 214//209
f 213//210 214//210 215//210
f 213//211 211//211 188//211
f 216//212 206//212 212//212
f 216//213 217//213 206//213
f 218//214 213//214 215//214
f 219//215 217//215 216//215
f 220//216 218//216 215//216
f 220//217 215//217 221//217
f 222//218 217//218 219//218
f 223//219 221//219 224//219
f 223//220 220//220 221//220
f 225//221 217//221 222//221
f 226//222 223//222 224//222
f 226//223 224//223 227//223
f 228//224 217//224 225//224
f 229//225 227//225 230//225
f 229//226 226//226 227//226
f 231//227 232//227 217//227
f 231//228 217//228 228//228
f 233//229 229//229 230//229
f 233//230 230//230 234//230
f 235//231 232//231 231//231
f 236//232 234//232 237//232
f 236//233 233//233 234//233
f 238//234 232//234 235//234
f 239//235 236//235 237//235
f 239//236 237//236 240//236
f 241//237 199//237 200//237
f 241//238 200//238 242//238
f 243//239 232//239 238//239
f 244//240 239//240 240//240
f 244//241 240//241 245//241
f 244//242 245//242 246//242
f 247//243 248//243 232//243
f 247//244 232//244 243//244
f 249//245 246//245 250//245
f 249//246 244//246 246//246
f 251//247 248//247 247//247
f 252//248 249//248 250//248
f 253//249 248//249 251//249
f 254//250 248//250 253//250
f 255//251 248//251 254//251
f 256//252 248//252 255//252
f 256//253 257//253 248//253
f 258//254 257//254 256//254
f 106//255 257//255 258//255
f 259//256 242//256 260//256
f 259//257 241//257 242//257
f 104//258 257//258 106//258
f 104//259 261//259 257//259
f 262//260 260//260 263//260
f 262//261 259//261 260//261
f 101//262 261//262 104//262
f 101//263 264//263 261//263
f 265//264 263//264 266//264
f 265//265 262//265 263//265
f 99//266 264//266 101//266
f 99//267 267//267 264//267
f 268//268 266//268 269//268
f 268//269 265//269 266//269
f 97//270 267//270 99//270
f 97//271 270//271 267//271
f 271//272 269//272 272//272
f 271//273 268//273 269//273
f 96//274 270//274 97//274
f 96//275 273//275 270//275
f 274//276 272//276 275//276
f 274//277 271//277 272//277
f 93//278 276//278 273//278
f 93//279 273//279 96//279
f 277//280 274//280 275//280
f 278//281 277//281 275//281
f 92//282 276//282 93//282
f 92//283 279//283 276//283
f 280//284 277//284 278//284
f 281//285 280//285 278//285
f 89//286 282//286 279//286
f 89//287 279//287 92//287
f 283//288 280//288 281//288
f 284//289 250//289 285//289
f 286//290 250//290 284//290
f 287//291 250//291 286//291
f 288//292 250//292 287//292
f 289//293 250//293 288//293
f 290//294 250//294 289//294
f 291//295 250//295 290//295
f 292//296 250//296 291//296
f 293//297 250//297 292//297
f 294//298 250//298 293//298
f 295//299 283//299 281//299
f 296//300 250//300 294//300
f 297//301 250//301 296//301
f 298//302 250//302 297//302
f 298//303 252//303 250//303
f 299//304 252//304 298//304
f 300//305 252//305 299//305
f 301//306 252//306 300//306
f 87//307 282//307 89//307
f 302//308 252//308 301//308
f 303//309 252//309 302//309
f 304//310 283//310 295//310
f 305//311 282//311 87//311
f 306//312 252//312 303//312
f 307//313 252//313 306//313
f 308//314 252//314 307//314
f 309//315 252//315 308//315
f 310//316 252//316 309//316
f 311//317 252//317 310//317
f 312//318 252//318 311//318
f 313//319 304//319 295//319
f 314//320 252//320 312//320
f 86//321 305//321 87//321
f 315//322 304//322 313//322
f 316//323 305//323 86//323
f 317//324 315//324 313//324
f 83//325 316//325 86//325
f 318//326 315//326 317//326
f 319//327 316//327 83//327
f 81//328 319//328 83//328
f 320//329 321//329 318//329
f 320//330 318//330 317//330
f 322//331 319//331 81//331
f 79//332 322//332 81//332
f 323//333 324//333 321//333
f 323//334 321//334 320//334
f 325//335 322//335 79//335
f 77//336 325//336 79//336
f 326//337 327//337 324//337
f 326//338 324//338 323//338
f 328//339 325//339 77//339
f 328//340 77//340 75//340
f 329//341 330//341 327//341
f 329//342 327//342 326//342
f 331//343 75//343 74//343
f 331//344 328//344 75//344
f 332//345 333//345 330//345
f 332//346 330//346 329//346
f 334//347 74//347 72//347
f 334//348 331//348 74//348
f 335//349 336//349 333//349
f 335//350 333//350 332//350
f 337//351 72//351 70//351
f 337//352 334//352 72//352
f 338//353 339//353 336//353
f 338//354 336//354 335//354
f 340//355 337//355 70//355
f 340//356 70//356 67//356
f 341//357 339//357 338//357
f 341//358 342//358 339//358
f 343//359 344//359 345//359
f 343//360 346//360 344//360
f 343//361 347//361 346//361
f 343//362 348//362 347//362
f 343//363 349//363 348//363
f 343//364 350//364 349//364
f 343//365 351//365 350//365
f 343//366 352//366 351//366
f 343//367 353//367 352//367
f 343//368 354//368 353//368
f 343//369 355//369 354//369
f 343//370 356//370 355//370
f 343//371 357//371 356//371
f 358//372 340//372 67//372
f 358//373 67//373 65//373
f 359//374 342//374 341//374
f 359//375 360//375 342//375
f 359//376 361//376 360//376
f 359//377 362//377 361//377
f 363//378 358//378 65//378
f 363//379 65//379 64//379
f 364//380 365//380 362//380
f 364//381 366//381 365//381
f 364//382 367//382 366//382
f 364//383 368//383 367//383
f 364//384 369//384 368//384
f 364//385 362//385 359//385
f 370//386 363//386 64//386
f 370//387 64//387 62//387
f 371//388 369//388 364//388
f 371//389 372//389 369//389
f 371//390 373//390 372//390
f 371//391 374//391 373//391
f 371//392 375//392 374//392
f 376//393 370//393 62//393
f 376//394 62//394 60//394
f 377//395 343//395 378//395
f 377//396 379//396 357//396
f 377//397 380//397 379//397
f 377//398 381//398 380//398
f 377//399 382//399 381//399
f 377//400 383//400 382//400
f 377//401 384//401 383//401
f 377//402 385//402 384//402
f 377//403 386//403 385//403
f 377//404 387//404 386//404
f 377//405 388//405 387//405
f 377//406 389//406 388//406
f 377//407 390//407 389//407
f 377//408 391//408 390//408
f 377//409 357//409 343//409
f 392//410 377//410 378//410
f 393//411 378//411 394//411
f 393//412 392//412 378//412
f 395//413 394//413 396//413
f 395//414 393//414 394//414
f 397//415 398//415 399//415
f 397//416 396//416 398//416
f 397//417 395//417 396//417
f 400//418 401//418 375//418
f 400//419 402//419 401//419
f 400//420 403//420 402//420
f 400//421 404//421 403//421
f 400//422 405//422 404//422
f 400//423 375//423 371//423
f 406//424 397//424 399//424
f 407//425 399//425 408//425
f 407//426 406//426 399//426
f 409//427 407//427 408//427
f 409//428 408//428 410//428
f 411//429 409//429 410//429
f 411//430 410//430 412//430
f 413//431 411//431 412//431
f 413//432 414//432 415//432
f 413//433 412//433 414//433
f 416//434 376//434 60//434
f 416//435 60//435 57//435
f 417//436 413//436 415//436
f 417//437 415//437 418//437
f 419//438 417//438 418//438
f 419//439 418//439 420//439
f 421//440 419//440 420//440
f 422//441 405//441 400//441
f 422//442 423//442 405//442
f 422//443 424//443 423//443
f 422//444 425//444 424//444
f 422//445 426//445 425//445
f 427//446 416//446 57//446
f 427//447 57//447 56//447
f 428//448 429//448 426//448
f 428//449 430//449 429//449
f 428//450 431//450 430//450
f 428//451 432//451 431//451
f 428//452 426//452 422//452
f 433//453 56//453 53//453
f 433//454 427//454 56//454
f 434//455 435//455 436//455
f 434//456 436//456 421//456
f 434//457 421//457 420//457
f 434//458 432//458 428//458
f 434//459 437//459 432//459
f 434//460 420//460 437//460
f 438//461 53//461 51//461
f 438//462 433//462 53//462
f 439//463 440//463 435//463
f 439//464 435//464 434//464
f 439//465 441//465 442//465
f 439//466 442//466 443//466
f 439//467 443//467 440//467
f 444//468 438//468 51//468
f 444//469 51//469 50//469
f 445//470 441//470 439//470
f 445//471 446//471 447//471
f 445//472 447//472 448//472
f 445//473 448//473 449//473
f 445//474 449//474 441//474
f 450//475 444//475 50//475
f 450//476 50//476 47//476
f 451//477 452//477 453//477
f 451//478 453//478 454//478
f 451//479 454//479 455//479
f 451//480 455//480 456//480
f 451//481 456//481 446//481
f 451//482 446//482 445//482
f 457//483 450//483 47//483
f 457//484 47//484 46//484
f 458//485 452//485 451//485
f 458//486 459//486 460//486
f 458//487 460//487 461//487
f 458//488 461//488 462//488
f 458//489 462//489 452//489
f 463//490 46//490 43//490
f 463//491 457//491 46//491
f 464//492 459//492 458//492
f 464//493 465//493 466//493
f 464//494 466//494 467//494
f 464//495 467//495 468//495
f 464//496 468//496 469//496
f 464//497 469//497 459//497
f 470//498 43//498 42//498
f 470//499 463//499 43//499
f 471//500 4//500 2//500
f 471//501 465//501 464//501
f 471//502 2//502 472//502
f 471//503 472//503 465//503
f 473//504 42//504 39//504
f 473//505 470//505 42//505
f 474//506 4//506 471//506
f 474//507 5//507 4//507
f 475//508 39//508 37//508
f 475//509 473//509 39//509
f 476//510 7//510 5//510
f 476//511 5//511 474//511
f 477//512 37//512 36//512
f 477//513 475//513 37//513
f 478//514 9//514 7//514
f 478//515 7//515 476//515
f 479//516 477//516 36//516
f 479//517 36//517 33//517
f 480//518 11//518 9//518
f 480//519 9//519 478//519
f 481//520 33//520 32//520
f 481//521 479//521 33//521
f 482//522 13//522 11//522
f 482//523 11//523 480//523
f 483//524 32//524 30//524
f 483//525 481//525 32//525
f 484//526 16//526 13//526
f 484//527 13//527 482//527
f 485//528 483//528 30//528
f 485//529 30//529 27//529
f 486//530 16//530 484//530
f 486//531 17//531 16//531
f 487//532 485//532 27//532
f 487//533 27//533 25//533
f 488//534 17//534 486//534
f 488//535 20//535 17//535
f 489//536 487//536 25//536
f 489//537 25//537 24//537
f 490//538 20//538 488//538
f 490//539 21//539 20//539
f 491//540 489//540 24//540
f 491//541 21//541 490//541
f 491//542 24//542 21//542
f 377//543 252//543 492//543
f 492//544 252//544 493//544
f 493//545 252//545 494//545
f 494//546 252//546 495//546
f 495//547 252//547 496//547
f 496//548 252//548 497//548
f 497//549 252//549 498//549
f 498//550 252//550 499//550
f 499//551 252//551 500//551
f 500//552 252//552 501//552
f 501//553 252//553 502//553
f 502//554 252//554 503//554
f 503//555 252//555 504//555
f 504//556 252//556 505//556
f 505//557 252//557 506//557
f 506//558 252//558 507//558
f 507//559 252//559 508//559
f 508//560 252//560 509//560
f 509//561 252//561 314//561
f 377//562 492//562 510//562
f 377//563 510//563 511//563
f 377//564 511//564 512//564
f 377//565 512//565 513//565
f 377//566 513//566 514//566
f 377//567 514//567 515//567
f 377//568 515//568 516//568
f 377//569 516//569 517//569
f 377//570 517//570 518//570
f 377//571 518//571 519//571
f 377//572 519//572 520//572
f 377//573 520//573 521//573
f 377//574 521//574 522//574
f 377//575 522//575 523//575
f 377//576 523//576 524//576
f 377//577 524//577 525//577
f 377//578 525//578 526//578
f 377//579 526//579 527//579
f 377//580 527//580 391//580
f 250//581 343//581 528//581
f 528//582 343//582 529//582
f 529//583 343//583 530//583
f 530//584 343//584 531//584
f 531//585 343//585 532//585
f 532//586 343//586 533//586
f 533//587 343//587 534//587
f 534//588 343//588 535//588
f 535//589 343//589 536//589
f 536//590 343//590 537//590
f 537//591 343//591 538//591
f 538//592 343//592 539//592
f 539//593 343//593 540//593
f 540//594 343//594 541//594
f 541//595 343//595 542//595
f 542//596 343//596 543//596
f 543//597 343//597 544//597
f 544//598 343//598 545//598
f 545//599 343//599 345//599
f 250//600 528//600 546//600
f 250//601 546//601 547//601
f 250//602 547//602 548//602
f 250//603 548//603 549//603
f 250//604 549//604 550//604
f 250//605 550//605 551//605
f 250//606 551//606 552//606
f 250//607 552//607 553//607
f 250//608 553//608 554//608
f 250//609 554//609 555//609
f 250//610 555//610 556//610
f 250//611 556//611 557//611
f 250//612 557//612 558//612
f 250//613 558//613 559//613
f 250//614 559//614 560//614
f 250//615 560//615 561//615
f 250//616 561//616 562//616
f 250//617 562//617 563//617
f 250//618 563//618 285//618
f 2//619 1//619 472//619
f 1//620 564//620 472//620
f 472//621 565//621 465//621
f 564//622 565//622 472//622
f 465//623 566//623 466//623
f 565//624 566//624 465//624
f 466//625 567//625 467//625
f 566//626 567//626 466//626
f 467//627 568//627 468//627
f 567//628 568//628 467//628
f 568//629 569//629 468//629
f 468//630 569//630 469//630
f 469//631 569//631 459//631
f 569//632 570//632 459//632
f 570//633 571//633 459//633
f 459//634 571//634 460//634
f 460//635 572//635 461//635
f 461//636 572//636 462//636
f 571//637 572//637 460//637
f 572//638 573//638 462//638
f 462//639 574//639 452//639
f 573//640 574//640 462//640
f 452//641 575//641 453//641
f 574//642 575//642 452//642
f 453//643 576//643 454//643
f 575//644 576//644 453//644
f 454//645 577//645 455//645
f 576//646 577//646 454//646
f 455//647 578//647 456//647
f 456//648 578//648 446//648
f 577//649 578//649 455//649
f 578//650 579//650 446//650
f 446//651 580//651 447//651
f 447//652 580//652 448//652
f 579//653 580//653 446//653
f 580//654 581//654 448//654
f 448//655 582//655 449//655
f 581//656 582//656 448//656
f 449//657 583//657 441//657
f 441//658 583//658 442//658
f 582//659 583//659 449//659
f 583//660 584//660 442//660
f 442//661 585//661 443//661
f 443//662 585//662 440//662
f 584//663 585//663 442//663
f 440//664 586//664 435//664
f 585//665 586//665 440//665
f 586//666 587//666 435//666
f 435//667 588//667 436//667
f 587//668 588//668 435//668
f 436//669 589//669 421//669
f 588//670 589//670 436//670
f 421//671 590//671 419//671
f 589//672 590//672 421//672
f 419//673 591//673 417//673
f 590//674 591//674 419//674
f 417//675 592//675 413//675
f 413//676 592//676 411//676
f 591//677 592//677 417//677
f 592//678 593//678 411//678
f 411//679 594//679 409//679
f 593//680 594//680 411//680
f 594//681 595//681 409//681
f 409//682 595//682 407//682
f 407//683 595//683 406//683
f 595//684 596//684 406//684
f 596//685 597//685 406//685
f 406//686 597//686 397//686
f 397//687 597//687 395//687
f 597//688 598//688 395//688
f 395//689 598//689 393//689
f 598//690 599//690 393//690
f 599//691 600//691 393//691
f 393//692 600//692 392//692
f 392//693 600//693 377//693
f 600//694 601//694 377//694
f 105//695 106//695 258//695
f 602//696 258//696 256//696
f 602//697 105//697 258//697
f 603//698 256//698 255//698
f 603//699 602//699 256//699
f 604//700 255//700 254//700
f 604//701 603//701 255//701
f 605//702 254//702 253//702
f 605//703 604//703 254//703
f 606//704 605//704 253//704
f 606//705 253//705 251//705
f 607//706 606//706 251//706
f 607//707 251//707 247//707
f 608//708 247//708 243//708
f 608//709 607//709 247//709
f 609//710 608//710 243//710
f 609//711 243//711 238//711
f 610//712 238//712 235//712
f 610//713 609//713 238//713
f 611//714 235//714 231//714
f 611//715 610//715 235//715
f 612//716 231//716 228//716
f 612//717 611//717 231//717
f 613//718 228//718 225//718
f 613//719 612//719 228//719
f 614//720 613//720 225//720
f 615//721 225//721 222//721
f 615//722 222//722 219//722
f 615//723 614//723 225//723
f 616//724 615//724 219//724
f 617//725 219//725 216//725
f 617//726 616//726 219//726
f 618//727 216//727 212//727
f 618//728 617//728 216//728
f 619//729 212//729 210//729
f 619//730 618//730 212//730
f 620//731 210//731 208//731
f 620//732 619//732 210//732
f 621//733 208//733 205//733
f 621//734 620//734 208//734
f 622//735 205//735 201//735
f 622//736 621//736 205//736
f 623//737 201//737 203//737
f 623//738 622//738 201//738
f 624//739 203//739 204//739
f 624//740 623//740 203//740
f 625//741 204//741 207//741
f 625//742 624//742 204//742
f 626//743 207//743 209//743
f 626//744 625//744 207//744
f 627//745 209//745 211//745
f 627//746 626//746 209//746
f 628//747 211//747 213//747
f 628//748 627//748 211//748
f 629//749 213//749 218//749
f 629//750 628//750 213//750
f 630//751 218//751 220//751
f 630//752 629//752 218//752
f 631//753 630//753 220//753
f 631//754 220//754 223//754
f 632//755 631//755 223//755
f 632//756 223//756 226//756
f 633//757 632//757 226//757
f 633//758 226//758 229//758
f 634//759 633//759 229//759
f 634//760 229//760 233//760
f 635//761 634//761 233//761
f 635//762 233//762 236//762
f 636//763 635//763 236//763
f 636//764 236//764 239//764
f 637//765 636//765 239//765
f 637//766 239//766 244//766
f 638//767 637//767 244//767
f 638//768 244//768 249//768
f 639//769 638//769 249//769
f 639//770 249//770 252//770
f 640//771 641//771 642//771
f 641//772 643//772 642//772
f 642//773 643//773 644//773
f 640//774 645//774 641//774
f 646//775 645//775 640//775
f 643//776 647//776 644//776
f 644//777 647//777 648//777
f 646//778 649//778 645//778
f 650//779 649//779 646//779
f 647//780 651//780 648//780
f 648//781 651//781 652//781
f 650//782 653//782 649//782
f 654//783 653//783 650//783
f 651//784 655//784 652//784
f 652//785 655//785 656//785
f 654//786 657//786 653//786
f 658//787 657//787 654//787
f 655//788 659//788 656//788
f 656//789 659//789 660//789
f 661//790 662//790 658//790
f 658//791 662//791 657//791
f 659//792 663//792 660//792
f 660//793 663//793 664//793
f 665//794 666//794 661//794
f 661//795 666//795 662//795
f 663//796 667//796 664//796
f 664//797 667//797 668//797
f 665//798 669//798 666//798
f 670//799 669//799 665//799
f 667//800 671//800 668//800
f 668//801 671//801 672//801
f 670//802 673//802 669//802
f 674//803 673//803 670//803
f 672//804 675//804 676//804
f 671//805 675//805 672//805
f 674//806 677//806 673//806
f 678//807 677//807 674//807
f 675//808 679//808 676//808
f 676//809 679//809 680//809
f 678//810 681//810 677//810
f 678//811 682//811 681//811
f 678//812 683//812 682//812
f 684//813 683//813 678//813
f 684//814 685//814 683//814
f 684//815 686//815 685//815
f 684//816 687//816 686//816
f 680//817 688//817 689//817
f 679//818 688//818 680//818
f 684//819 690//819 687//819
f 684//820 691//820 690//820
f 692//821 691//821 684//821
f 692//822 693//822 691//822
f 692//823 694//823 693//823
f 692//824 695//824 694//824
f 692//825 696//825 695//825
f 697//826 696//826 692//826
f 688//827 698//827 689//827
f 689//828 698//828 699//828
f 697//829 700//829 696//829
f 697//830 701//830 700//830
f 697//831 702//831 701//831
f 697//832 703//832 702//832
f 697//833 704//833 703//833
f 705//834 704//834 697//834
f 698//835 706//835 699//835
f 699//836 706//836 707//836
f 705//837 708//837 704//837
f 705//838 709//838 708//838
f 705//839 710//839 709//839
f 705//840 711//840 710//840
f 712//841 711//841 705//841
f 712//842 713//842 711//842
f 706//843 714//843 707//843
f 707//844 714//844 715//844
f 712//845 716//845 713//845
f 712//846 717//846 716//846
f 712//847 718//847 717//847
f 719//848 718//848 712//848
f 719//849 720//849 718//849
f 719//850 721//850 720//850
f 714//851 722//851 715//851
f 715//852 722//852 723//852
f 722//853 724//853 723//853
f 723//854 724//854 725//854
f 725//855 726//855 727//855
f 724//856 726//856 725//856
f 726//857 728//857 727//857
f 727//858 728//858 729//858
f 728//859 730//859 729//859
f 729//860 730//860 731//860
f 730//861 732//861 731//861
f 731//862 732//862 733//862
f 734//863 622//863 623//863
f 623//864 624//864 734//864
f 734//865 621//865 622//865
f 735//866 621//866 734//866
f 624//867 625//867 734//867
f 734//868 625//868 719//868
f 735//869 620//869 621//869
f 625//870 626//870 719//870
f 735//871 619//871 620//871
f 626//872 627//872 719//872
f 719//873 627//873 721//873
f 735//874 618//874 619//874
f 721//875 628//875 736//875
f 627//876 628//876 721//876
f 735//877 617//877 618//877
f 737//878 617//878 735//878
f 628//879 629//879 736//879
f 736//880 629//880 738//880
f 737//881 616//881 617//881
f 629//882 630//882 738//882
f 738//883 630//883 739//883
f 737//884 615//884 616//884
f 630//885 631//885 739//885
f 739//886 631//886 740//886
f 737//887 614//887 615//887
f 631//888 632//888 740//888
f 740//889 632//889 741//889
f 737//890 613//890 614//890
f 741//891 633//891 742//891
f 632//892 633//892 741//892
f 743//893 612//893 737//893
f 737//894 612//894 613//894
f 633//895 634//895 742//895
f 742//896 634//896 744//896
f 743//897 611//897 612//897
f 744//898 635//898 745//898
f 634//899 635//899 744//899
f 743//900 610//900 611//900
f 745//901 636//901 746//901
f 635//902 636//902 745//902
f 732//903 747//903 733//903
f 733//904 747//904 748//904
f 743//905 609//905 610//905
f 746//906 637//906 749//906
f 636//907 637//907 746//907
f 750//908 608//908 743//908
f 743//909 608//909 609//909
f 637//910 638//910 749//910
f 749//911 638//911 751//911
f 751//912 638//912 752//912
f 750//913 607//913 608//913
f 638//914 639//914 752//914
f 750//915 606//915 607//915
f 750//916 605//916 606//916
f 750//917 604//917 605//917
f 750//918 603//918 604//918
f 753//919 603//919 750//919
f 753//920 602//920 603//920
f 753//921 105//921 602//921
f 748//922 754//922 755//922
f 747//923 754//923 748//923
f 753//924 103//924 105//924
f 756//925 103//925 753//925
f 755//926 757//926 758//926
f 754//927 757//927 755//927
f 756//928 102//928 103//928
f 759//929 102//929 756//929
f 758//930 760//930 761//930
f 757//931 760//931 758//931
f 759//932 100//932 102//932
f 762//933 100//933 759//933
f 761//934 763//934 764//934
f 760//935 763//935 761//935
f 762//936 98//936 100//936
f 765//937 98//937 762//937
f 764//938 766//938 767//938
f 763//939 766//939 764//939
f 765//940 95//940 98//940
f 768//941 95//941 765//941
f 767//942 769//942 770//942
f 766//943 769//943 767//943
f 771//944 94//944 768//944
f 768//945 94//945 95//945
f 769//946 772//946 770//946
f 772//947 773//947 770//947
f 774//948 91//948 771//948
f 771//949 91//949 94//949
f 772//950 775//950 773//950
f 775//951 776//951 773//951
f 777//952 90//952 774//952
f 774//953 90//953 91//953
f 775//954 778//954 776//954
f 752//955 779//955 780//955
f 752//956 781//956 779//956
f 752//957 782//957 781//957
f 752//958 783//958 782//958
f 752//959 784//959 783//959
f 752//960 785//960 784//960
f 752//961 786//961 785//961
f 752//962 787//962 786//962
f 752//963 788//963 787//963
f 752//964 789//964 788//964
f 778//965 790//965 776//965
f 752//966 791//966 789//966
f 752//967 792//967 791//967
f 639//968 793//968 752//968
f 752//969 793//969 792//969
f 639//970 794//970 793//970
f 639//971 795//971 794//971
f 639//972 796//972 795//972
f 777//973 88//973 90//973
f 639//974 797//974 796//974
f 639//975 798//975 797//975
f 778//976 799//976 790//976
f 777//977 800//977 88//977
f 639//978 801//978 798//978
f 639//979 802//979 801//979
f 639//980 803//980 802//980
f 639//981 804//981 803//981
f 639//982 805//982 804//982
f 639//983 806//983 805//983
f 639//984 807//984 806//984
f 799//985 808//985 790//985
f 639//986 809//986 807//986
f 800//987 85//987 88//987
f 799//988 810//988 808//988
f 800//989 811//989 85//989
f 810//990 812//990 808//990
f 811//991 84//991 85//991
f 810//992 813//992 812//992
f 811//993 814//993 84//993
f 814//994 82//994 84//994
f 815//995 816//995 813//995
f 813//996 816//996 812//996
f 814//997 817//997 82//997
f 817//998 80//998 82//998
f 818//999 819//999 815//999
f 815//1000 819//1000 816//1000
f 817//1001 820//1001 80//1001
f 820//1002 78//1002 80//1002
f 821//1003 822//1003 818//1003
f 818//1004 822//1004 819//1004
f 820//1005 823//1005 78//1005
f 78//1006 823//1006 76//1006
f 824//1007 825//1007 821//1007
f 821//1008 825//1008 822//1008
f 76//1009 826//1009 73//1009
f 823//1010 826//1010 76//1010
f 827//1011 828//1011 824//1011
f 824//1012 828//1012 825//1012
f 73//1013 829//1013 71//1013
f 826//1014 829//1014 73//1014
f 830//1015 831//1015 827//1015
f 827//1016 831//1016 828//1016
f 829//1017 832//1017 71//1017
f 71//1018 832//1018 69//1018
f 833//1019 834//1019 830//1019
f 830//1020 834//1020 831//1020
f 832//1021 835//1021 69//1021
f 69//1022 835//1022 68//1022
f 833//1023 836//1023 834//1023
f 837//1024 836//1024 833//1024
f 838//1025 839//1025 840//1025
f 841//1026 839//1026 838//1026
f 842//1027 839//1027 841//1027
f 843//1028 839//1028 842//1028
f 844//1029 839//1029 843//1029
f 845//1030 839//1030 844//1030
f 846//1031 839//1031 845//1031
f 847//1032 839//1032 846//1032
f 848//1033 839//1033 847//1033
f 849//1034 839//1034 848//1034
f 850//1035 839//1035 849//1035
f 851//1036 839//1036 850//1036
f 852//1037 839//1037 851//1037
f 835//1038 853//1038 68//1038
f 68//1039 853//1039 66//1039
f 854//1040 855//1040 837//1040
f 856//1041 855//1041 854//1041
f 857//1042 855//1042 856//1042
f 837//1043 855//1043 836//1043
f 66//1044 858//1044 63//1044
f 853//1045 858//1045 66//1045
f 859//1046 860//1046 857//1046
f 861//1047 860//1047 859//1047
f 862//1048 860//1048 861//1048
f 863//1049 860//1049 862//1049
f 864//1050 860//1050 863//1050
f 857//1051 860//1051 855//1051
f 858//1052 865//1052 63//1052
f 63//1053 865//1053 61//1053
f 864//1054 866//1054 860//1054
f 867//1055 866//1055 864//1055
f 868//1056 866//1056 867//1056
f 869//1057 866//1057 868//1057
f 870//1058 866//1058 869//1058
f 865//1059 871//1059 61//1059
f 61//1060 871//1060 59//1060
f 839//1061 601//1061 872//1061
f 852//1062 601//1062 839//1062
f 873//1063 601//1063 852//1063
f 874//1064 601//1064 873//1064
f 875//1065 601//1065 874//1065
f 876//1066 601//1066 875//1066
f 877//1067 601//1067 876//1067
f 878//1068 601//1068 877//1068
f 879//1069 601//1069 878//1069
f 880//1070 601//1070 879//1070
f 881//1071 601//1071 880//1071
f 882//1072 601//1072 881//1072
f 883//1073 601//1073 882//1073
f 884//1074 601//1074 883//1074
f 885//1075 601//1075 884//1075
f 601//1076 600//1076 872//1076
f 872//1077 599//1077 886//1077
f 600//1078 599//1078 872//1078
f 886//1079 598//1079 887//1079
f 599//1080 598//1080 886//1080
f 888//1081 597//1081 889//1081
f 887//1082 597//1082 888//1082
f 598//1083 597//1083 887//1083
f 890//1084 891//1084 870//1084
f 892//1085 891//1085 890//1085
f 893//1086 891//1086 892//1086
f 894//1087 891//1087 893//1087
f 895//1088 891//1088 894//1088
f 870//1089 891//1089 866//1089
f 597//1090 596//1090 889//1090
f 889//1091 595//1091 896//1091
f 596//1092 595//1092 889//1092
f 595//1093 594//1093 896//1093
f 896//1094 594//1094 897//1094
f 594//1095 593//1095 897//1095
f 897//1096 593//1096 898//1096
f 593//1097 592//1097 898//1097
f 899//1098 592//1098 900//1098
f 898//1099 592//1099 899//1099
f 871//1100 901//1100 59//1100
f 59//1101 901//1101 58//1101
f 592//1102 591//1102 900//1102
f 900//1103 591//1103 902//1103
f 591//1104 590//1104 902//1104
f 902//1105 590//1105 903//1105
f 590//1106 589//1106 903//1106
f 895//1107 904//1107 891//1107
f 905//1108 904//1108 895//1108
f 906//1109 904//1109 905//1109
f 907//1110 904//1110 906//1110
f 908//1111 904//1111 907//1111
f 901//1112 909//1112 58//1112
f 58//1113 909//1113 55//1113
f 910//1114 911//1114 908//1114
f 912//1115 911//1115 910//1115
f 913//1116 911//1116 912//1116
f 914//1117 911//1117 913//1117
f 908//1118 911//1118 904//1118
f 55//1119 915//1119 54//1119
f 909//1120 915//1120 55//1120
f 587//1121 916//1121 588//1121
f 588//1122 916//1122 589//1122
f 589//1123 916//1123 903//1123
f 914//1124 916//1124 911//1124
f 917//1125 916//1125 914//1125
f 903//1126 916//1126 917//1126
f 54//1127 918//1127 52//1127
f 915//1128 918//1128 54//1128
f 586//1129 919//1129 587//1129
f 587//1130 919//1130 916//1130
f 583//1131 919//1131 584//1131
f 584//1132 919//1132 585//1132
f 585//1133 919//1133 586//1133
f 918//1134 920//1134 52//1134
f 52//1135 920//1135 49//1135
f 583//1136 921//1136 919//1136
f 579//1137 921//1137 580//1137
f 580//1138 921//1138 581//1138
f 581//1139 921//1139 582//1139
f 582//1140 921//1140 583//1140
f 920//1141 922//1141 49//1141
f 49//1142 922//1142 48//1142
f 574//1143 923//1143 575//1143
f 575//1144 923//1144 576//1144
f 576//1145 923//1145 577//1145
f 577//1146 923//1146 578//1146
f 578//1147 923//1147 579//1147
f 579//1148 923//1148 921//1148
f 922//1149 924//1149 48//1149
f 48//1150 924//1150 45//1150
f 574//1151 925//1151 923//1151
f 570//1152 925//1152 571//1152
f 571//1153 925//1153 572//1153
f 572//1154 925//1154 573//1154
f 573//1155 925//1155 574//1155
f 45//1156 926//1156 44//1156
f 924//1157 926//1157 45//1157
f 570//1158 927//1158 925//1158
f 565//1159 927//1159 566//1159
f 566//1160 927//1160 567//1160
f 567//1161 927//1161 568//1161
f 568//1162 927//1162 569//1162
f 569//1163 927//1163 570//1163
f 44//1164 928//1164 41//1164
f 926//1165 928//1165 44//1165
f 3//1166 929//1166 1//1166
f 565//1167 929//1167 927//1167
f 1//1168 929//1168 564//1168
f 564//1169 929//1169 565//1169
f 41//1170 930//1170 40//1170
f 928//1171 930//1171 41//1171
f 6//1172 931//1172 3//1172
f 3//1173 931//1173 929//1173
f 40//1174 932//1174 38//1174
f 930//1175 932//1175 40//1175
f 8//1176 933//1176 6//1176
f 6//1177 933//1177 931//1177
f 932//1178 934//1178 38//1178
f 38//1179 934//1179 35//1179
f 10//1180 935//1180 8//1180
f 8//1181 935//1181 933//1181
f 35//1182 936//1182 34//1182
f 934//1183 936//1183 35//1183
f 12//1184 937//1184 10//1184
f 10//1185 937//1185 935//1185
f 34//1186 938//1186 31//1186
f 936//1187 938//1187 34//1187
f 14//1188 939//1188 12//1188
f 12//1189 939//1189 937//1189
f 938//1190 940//1190 31//1190
f 31//1191 940//1191 29//1191
f 15//1192 941//1192 14//1192
f 14//1193 941//1193 939//1193
f 940//1194 942//1194 29//1194
f 29//1195 942//1195 28//1195
f 15//1196 943//1196 941//1196
f 18//1197 943//1197 15//1197
f 942//1198 944//1198 28//1198
f 28//1199 944//1199 26//1199
f 18//1200 945//1200 943//1200
f 19//1201 945//1201 18//1201
f 944//1202 946//1202 26//1202
f 26//1203 946//1203 23//1203
f 19//1204 947//1204 945//1204
f 22//1205 947//1205 19//1205
f 946//1206 948//1206 23//1206
f 22//1207 948//1207 947//1207
f 23//1208 948//1208 22//1208
f 639//1209 601//1209 949//1209
f 639//1210 949//1210 950//1210
f 639//1211 950//1211 951//1211
f 639//1212 951//1212 952//1212
f 639//1213 952//1213 953//1213
f 639//1214 953//1214 954//1214
f 639//1215 954//1215 955//1215
f 639//1216 955//1216 956//1216
f 639//1217 956//1217 957//1217
f 639//1218 957//1218 958//1218
f 639//1219 958//1219 959//1219
f 639//1220 959//1220 960//1220
f 639//1221 960//1221 961//1221
f 639//1222 961//1222 962//1222
f 639//1223 962//1223 963//1223
f 639//1224 963//1224 964//1224
f 639//1225 964//1225 965//1225
f 639//1226 965//1226 966//1226
f 639//1227 966//1227 809//1227
f 949//1228 601//1228 967//1228
f 967//1229 601//1229 968//1229
f 968//1230 601//1230 969//1230
f 969//1231 601//1231 970//1231
f 970//1232 601//1232 971//1232
f 971//1233 601//1233 972//1233
f 972//1234 601//1234 973//1234
f 973//1235 601//1235 974//1235
f 974//1236 601//1236 975//1236
f 975//1237 601//1237 976//1237
f 976//1238 601//1238 977//1238
f 977//1239 601//1239 978//1239
f 978//1240 601//1240 979//1240
f 979//1241 601//1241 980//1241
f 980//1242 601//1242 981//1242
f 981//1243 601//1243 982//1243
f 982//1244 601//1244 983//1244
f 983//1245 601//1245 984//1245
f 984//1246 601//1246 885//1246
f 839//1247 752//1247 985//1247
f 839//1248 985//1248 986//1248
f 839//1249 986//1249 987//1249
f 839//1250 987//1250 988//1250
f 839//1251 988//1251 989//1251
f 839//1252 989//1252 990//1252
f 839//1253 990//1253 991//1253
f 839//1254 991//1254 992//1254
f 839//1255 992//1255 993//1255
f 839//1256 993//1256 994//1256
f 839//1257 994//1257 995//1257
f 839//1258 995//1258 996//1258
f 839//1259 996//1259 997//1259
f 839//1260 997//1260 998//1260
f 839//1261 998//1261 999//1261
f 839//1262 999//1262 1000//1262
f 839//1263 1000//1263 1001//1263
f 839//1264 1001//1264 1002//1264
f 839//1265 1002//1265 840//1265
f 985//1266 752//1266 1003//1266
f 1003//1267 752//1267 1004//1267
f 1004//1268 752//1268 1005//1268
f 1005//1269 752//1269 1006//1269
f 1006//1270 752//1270 1007//1270
f 1007//1271 752//1271 1008//1271
f 1008//1272 752//1272 1009//1272
f 1009//1273 752//1273 1010//1273
f 1010//1274 752//1274 1011//1274
f 1011//1275 752//1275 1012//1275
f 1012//1276 752//1276 1013//1276
f 1013//1277 752//1277 1014//1277
f 1014//1278 752//1278 1015//1278
f 1015//1279 752//1279 1016//1279
f 1016//1280 752//1280 1017//1280
f 1017//1281 752//1281 1018//1281
f 1018//1282 752//1282 1019//1282
f 1019//1283 752//1283 1020//1283
f 1020//1284 752//1284 780//1284
f 639//1285 377//1285 601//1285
f 252//1286 377//1286 639//1286
f 439//1287 434//1287 916//1287
f 439//1288 916//1288 919//1288
f 445//1289 919//1289 921//1289
f 445//1290 439//1290 919//1290
f 451//1291 921//1291 923//1291
f 451//1292 923//1292 925//1292
f 451//1293 445//1293 921//1293
f 458//1294 451//1294 925//1294
f 464//1295 925//1295 927//1295
f 464//1296 458//1296 925//1296
f 471//1297 927//1297 929//1297
f 471//1298 464//1298 927//1298
f 474//1299 929//1299 931//1299
f 474//1300 931//1300 933//1300
f 474//1301 471//1301 929//1301
f 476//1302 474//1302 933//1302
f 478//1303 933//1303 935//1303
f 478//1304 476//1304 933//1304
f 480//1305 935//1305 937//1305
f 480//1306 478//1306 935//1306
f 482//1307 937//1307 939//1307
f 482//1308 939//1308 941//1308
f 482//1309 480//1309 937//1309
f 484//1310 482//1310 941//1310
f 486//1311 484//1311 941//1311
f 486//1312 941//1312 943//1312
f 488//1313 486//1313 943//1313
f 488//1314 943//1314 945//1314
f 490//1315 945//1315 947//1315
f 490//1316 488//1316 945//1316
f 490//1317 947//1317 948//1317
f 491//1318 490//1318 948//1318
f 489//1319 948//1319 946//1319
f 489//1320 491//1320 948//1320
f 487//1321 946//1321 944//1321
f 487//1322 489//1322 946//1322
f 485//1323 944//1323 942//1323
f 485//1324 487//1324 944//1324
f 483//1325 942//1325 940//1325
f 483//1326 485//1326 942//1326
f 481//1327 940//1327 938//1327
f 481//1328 483//1328 940//1328
f 479//1329 938//1329 936//1329
f 479//1330 481//1330 938//1330
f 477//1331 936//1331 934//1331
f 477//1332 479//1332 936//1332
f 475//1333 934//1333 932//1333
f 475//1334 932//1334 930//1334
f 475//1335 477//1335 934//1335
f 473//1336 475//1336 930//1336
f 470//1337 930//1337 928//1337
f 470//1338 473//1338 930//1338
f 463//1339 928//1339 926//1339
f 463//1340 470//1340 928//1340
f 457//1341 926//1341 924//1341
f 457//1342 463//1342 926//1342
f 450//1343 924//1343 922//1343
f 450//1344 457//1344 924//1344
f 444//1345 922//1345 920//1345
f 444//1346 450//1346 922//1346
f 438//1347 920//1347 918//1347
f 438//1348 444//1348 920//1348
f 433//1349 918//1349 915//1349
f 433//1350 438//1350 918//1350
f 427//1351 915//1351 909//1351
f 427//1352 433//1352 915//1352
f 416//1353 909//1353 901//1353
f 416//1354 427//1354 909//1354
f 376//1355 901//1355 871//1355
f 376//1356 416//1356 901//1356
f 370//1357 871//1357 865//1357
f 370//1358 376//1358 871//1358
f 363//1359 370//1359 865//1359
f 363//1360 865//1360 858//1360
f 358//1361 363//1361 858//1361
f 358//1362 858//1362 853//1362
f 340//1363 358//1363 853//1363
f 340//1364 853//1364 835//1364
f 337//1365 340//1365 835//1365
f 337//1366 835//1366 832//1366
f 334//1367 337//1367 832//1367
f 334//1368 832//1368 829//1368
f 331//1369 334//1369 829//1369
f 331//1370 829//1370 826//1370
f 328//1371 331//1371 826//1371
f 328//1372 826//1372 823//1372
f 325//1373 328//1373 823//1373
f 325//1374 823//1374 820//1374
f 325//1375 820//1375 817//1375
f 322//1376 325//1376 817//1376
f 319//1377 322//1377 817//1377
f 319//1378 817//1378 814//1378
f 319//1379 814//1379 811//1379
f 316//1380 319//1380 811//1380
f 305//1381 316//1381 811//1381
f 305//1382 811//1382 800//1382
f 305//1383 800//1383 777//1383
f 282//1384 305//1384 777//1384
f 279//1385 282//1385 777//1385
f 279//1386 777//1386 774//1386
f 276//1387 774//1387 771//1387
f 276//1388 279//1388 774//1388
f 273//1389 771//1389 768//1389
f 273//1390 276//1390 771//1390
f 270//1391 768//1391 765//1391
f 270//1392 765//1392 762//1392
f 270//1393 273//1393 768//1393
f 267//1394 270//1394 762//1394
f 264//1395 762//1395 759//1395
f 264//1396 759//1396 756//1396
f 264//1397 267//1397 762//1397
f 261//1398 264//1398 756//1398
f 257//1399 756//1399 753//1399
f 257//1400 261//1400 756//1400
f 248//1401 753//1401 750//1401
f 248//1402 750//1402 743//1402
f 248//1403 257//1403 753//1403
f 232//1404 248//1404 743//1404
f 217//1405 743//1405 737//1405
f 217//1406 232//1406 743//1406
f 206//1407 737//1407 735//1407
f 206//1408 217//1408 737//1408
f 202//1409 206//1409 735//1409
f 202//1410 735//1410 734//1410
f 186//1411 202//1411 734//1411
f 186//1412 734//1412 719//1412
f 179//1413 186//1413 719//1413
f 179//1414 719//1414 712//1414
f 172//1415 179//1415 712//1415
f 172//1416 712//1416 705//1416
f 164//1417 172//1417 705//1417
f 164//1418 705//1418 697//1418
f 164//1419 697//1419 692//1419
f 159//1420 164//1420 692//1420
f 151//1421 159//1421 692//1421
f 151//1422 692//1422 684//1422
f 145//1423 151//1423 684//1423
f 145//1424 684//1424 678//1424
f 145//1425 678//1425 674//1425
f 141//1426 145//1426 674//1426
f 137//1427 141//1427 674//1427
f 137//1428 674//1428 670//1428
f 133//1429 137//1429 670//1429
f 133//1430 670//1430 665//1430
f 133//1431 665//1431 661//1431
f 129//1432 133//1432 661//1432
f 125//1433 129//1433 661//1433
f 125//1434 661//1434 658//1434
f 121//1435 125//1435 658//1435
f 121//1436 658//1436 654//1436
f 121//1437 654//1437 650//1437
f 117//1438 121//1438 650//1438
f 113//1439 117//1439 650//1439
f 113//1440 650//1440 646//1440
f 113//1441 646//1441 640//1441
f 108//1442 113//1442 640//1442
f 109//1443 108//1443 640//1443
f 109//1444 640//1444 642//1444
f 111//1445 109//1445 642//1445
f 111//1446 642//1446 644//1446
f 115//1447 111//1447 644//1447
f 115//1448 644//1448 648//1448
f 119//1449 648//1449 652//1449
f 119//1450 115//1450 648//1450
f 123//1451 652//1451 656//1451
f 123//1452 119//1452 652//1452
f 127//1453 656//1453 660//1453
f 127//1454 660//1454 664//1454
f 127//1455 123//1455 656//1455
f 131//1456 127//1456 664//1456
f 135//1457 664//1457 668//1457
f 135//1458 668//1458 672//1458
f 135//1459 131//1459 664//1459
f 139//1460 135//1460 672//1460
f 143//1461 139//1461 672//1461
f 143//1462 672//1462 676//1462
f 143//1463 676//1463 680//1463
f 147//1464 143//1464 680//1464
f 156//1465 147//1465 680//1465
f 156//1466 680//1466 689//1466
f 166//1467 156//1467 689//1467
f 166//1468 689//1468 699//1468
f 174//1469 166//1469 699//1469
f 174//1470 699//1470 707//1470
f 182//1471 174//1471 707//1471
f 182//1472 707//1472 715//1472
f 190//1473 182//1473 715//1473
f 190//1474 715//1474 723//1474
f 192//1475 190//1475 723//1475
f 192//1476 723//1476 725//1476
f 194//1477 192//1477 725//1477
f 194//1478 725//1478 727//1478
f 196//1479 194//1479 727//1479
f 196//1480 727//1480 729//1480
f 198//1481 196//1481 729//1481
f 198//1482 729//1482 731//1482
f 200//1483 198//1483 731//1483
f 200//1484 731//1484 733//1484
f 242//1485 733//1485 748//1485
f 242//1486 200//1486 733//1486
f 260//1487 748//1487 755//1487
f 260//1488 242//1488 748//1488
f 263//1489 755//1489 758//1489
f 263//1490 758//1490 761//1490
f 263//1491 260//1491 755//1491
f 266//1492 263//1492 761//1492
f 269//1493 761//1493 764//1493
f 269//1494 266//1494 761//1494
f 272//1495 764//1495 767//1495
f 272//1496 767//1496 770//1496
f 272//1497 269//1497 764//1497
f 275//1498 272//1498 770//1498
f 278//1499 770//1499 773//1499
f 278//1500 773//1500 776//1500
f 278//1501 275//1501 770//1501
f 281//1502 278//1502 776//1502
f 295//1503 776//1503 790//1503
f 295//1504 790//1504 808//1504
f 295//1505 281//1505 776//1505
f 313//1506 808//1506 812//1506
f 313//1507 295//1507 808//1507
f 317//1508 313//1508 812//1508
f 320//1509 812//1509 816//1509
f 320//1510 317//1510 812//1510
f 323//1511 320//1511 816//1511
f 323//1512 816//1512 819//1512
f 323//1513 819//1513 822//1513
f 326//1514 323//1514 822//1514
f 329//1515 326//1515 822//1515
f 329//1516 822//1516 825//1516
f 332//1517 329//1517 825//1517
f 332//1518 825//1518 828//1518
f 335//1519 332//1519 828//1519
f 335//1520 828//1520 831//1520
f 338//1521 831//1521 834//1521
f 338//1522 335//1522 831//1522
f 341//1523 834//1523 836//1523
f 341//1524 836//1524 855//1524
f 341//1525 338//1525 834//1525
f 359//1526 341//1526 855//1526
f 364//1527 855//1527 860//1527
f 364//1528 359//1528 855//1528
f 371//1529 860//1529 866//1529
f 371//1530 364//1530 860//1530
f 400//1531 866//1531 891//1531
f 400//1532 891//1532 904//1532
f 400//1533 371//1533 866//1533
f 422//1534 400//1534 904//1534
f 428//1535 904//1535 911//1535
f 428//1536 911//1536 916//1536
f 428//1537 422//1537 904//1537
f 434//1538 428//1538 916//1538
f 852//1539 357//1539 873//1539
f 873//1540 379//1540 874//1540
f 357//1541 379//1541 873//1541
f 874//1542 380//1542 875//1542
f 379//1543 380//1543 874//1543
f 380//1544 381//1544 875//1544
f 875//1545 382//1545 876//1545
f 381//1546 382//1546 875//1546
f 876//1547 383//1547 877//1547
f 877//1548 383//1548 878//1548
f 382//1549 383//1549 876//1549
f 383//1550 384//1550 878//1550
f 878//1551 385//1551 879//1551
f 879//1552 385//1552 880//1552
f 384//1553 385//1553 878//1553
f 385//1554 386//1554 880//1554
f 880//1555 387//1555 881//1555
f 386//1556 387//1556 880//1556
f 881//1557 388//1557 882//1557
f 387//1558 388//1558 881//1558
f 388//1559 389//1559 882//1559
f 882//1560 389//1560 883//1560
f 883//1561 389//1561 884//1561
f 389//1562 390//1562 884//1562
f 884//1563 390//1563 885//1563
f 390//1564 391//1564 885//1564
f 391//1565 527//1565 885//1565
f 885//1566 527//1566 984//1566
f 984//1567 526//1567 983//1567
f 983//1568 526//1568 982//1568
f 527//1569 526//1569 984//1569
f 526//1570 525//1570 982//1570
f 982//1571 524//1571 981//1571
f 981//1572 524//1572 980//1572
f 525//1573 524//1573 982//1573
f 524//1574 523//1574 980//1574
f 980//1575 522//1575 979//1575
f 523//1576 522//1576 980//1576
f 979//1577 521//1577 978//1577
f 522//1578 521//1578 979//1578
f 978//1579 520//1579 977//1579
f 977//1580 520//1580 976//1580
f 521//1581 520//1581 978//1581
f 520//1582 519//1582 976//1582
f 976//1583 518//1583 975//1583
f 519//1584 518//1584 976//1584
f 975//1585 517//1585 974//1585
f 974//1586 517//1586 973//1586
f 518//1587 517//1587 975//1587
f 517//1588 516//1588 973//1588
f 973//1589 515//1589 972//1589
f 972//1590 515//1590 971//1590
f 516//1591 515//1591 973//1591
f 515//1592 514//1592 971//1592
f 971//1593 513//1593 970//1593
f 970//1594 513//1594 969//1594
f 514//1595 513//1595 971//1595
f 969//1596 512//1596 968//1596
f 513//1597 512//1597 969//1597
f 512//1598 511//1598 968//1598
f 968//1599 510//1599 967//1599
f 967//1600 510//1600 949//1600
f 511//1601 510//1601 968//1601
f 949//1602 492//1602 950//1602
f 510//1603 492//1603 949//1603
f 492//1604 493//1604 950//1604
f 950//1605 494//1605 951//1605
f 951//1606 494//1606 952//1606
f 493//1607 494//1607 950//1607
f 952//1608 495//1608 953//1608
f 494//1609 495//1609 952//1609
f 953//1610 496//1610 954//1610
f 495//1611 496//1611 953//1611
f 496//1612 497//1612 954//1612
f 497//1613 498//1613 954//1613
f 954//1614 498//1614 955//1614
f 498//1615 499//1615 955//1615
f 955//1616 499//1616 956//1616
f 499//1617 500//1617 956//1617
f 956//1618 500//1618 957//1618
f 500//1619 501//1619 957//1619
f 957//1620 501//1620 958//1620
f 501//1621 502//1621 958//1621
f 958//1622 502//1622 959//1622
f 502//1623 503//1623 959//1623
f 959//1624 503//1624 960//1624
f 503//1625 504//1625 960//1625
f 960//1626 504//1626 961//1626
f 504//1627 505//1627 961//1627
f 961//1628 505//1628 962//1628
f 505//1629 506//1629 962//1629
f 962//1630 506//1630 963//1630
f 506//1631 507//1631 963//1631
f 963//1632 507//1632 964//1632
f 964//1633 508//1633 965//1633
f 507//1634 508//1634 964//1634
f 965//1635 509//1635 966//1635
f 508//1636 509//1636 965//1636
f 966//1637 314//1637 809//1637
f 809//1638 314//1638 807//1638
f 509//1639 314//1639 966//1639
f 314//1640 312//1640 807//1640
f 807//1641 311//1641 806//1641
f 312//1642 311//1642 807//1642
f 806//1643 310//1643 805//1643
f 311//1644 310//1644 806//1644
f 805//1645 309//1645 804//1645
f 310//1646 309//1646 805//1646
f 804//1647 308//1647 803//1647
f 309//1648 308//1648 804//1648
f 803//1649 307//1649 802//1649
f 308//1650 307//1650 803//1650
f 802//1651 306//1651 801//1651
f 801//1652 306//1652 798//1652
f 307//1653 306//1653 802//1653
f 306//1654 303//1654 798//1654
f 798//1655 302//1655 797//1655
f 303//1656 302//1656 798//1656
f 797//1657 301//1657 796//1657
f 302//1658 301//1658 797//1658
f 796//1659 300//1659 795//1659
f 301//1660 300//1660 796//1660
f 300//1661 299//1661 795//1661
f 795//1662 299//1662 794//1662
f 299//1663 298//1663 794//1663
f 794//1664 298//1664 793//1664
f 298//1665 297//1665 793//1665
f 793//1666 297//1666 792//1666
f 297//1667 296//1667 792//1667
f 792//1668 296//1668 791//1668
f 296//1669 294//1669 791//1669
f 791//1670 294//1670 789//1670
f 294//1671 293//1671 789//1671
f 789//1672 293//1672 788//1672
f 293//1673 292//1673 788//1673
f 788//1674 292//1674 787//1674
f 292//1675 291//1675 787//1675
f 787//1676 291//1676 786//1676
f 291//1677 290//1677 786//1677
f 786//1678 290//1678 785//1678
f 290//1679 289//1679 785//1679
f 785//1680 289//1680 784//1680
f 289//1681 288//1681 784//1681
f 784//1682 288//1682 783//1682
f 288//1683 287//1683 783//1683
f 783//1684 287//1684 782//1684
f 287//1685 286//1685 782//1685
f 782//1686 286//1686 781//1686
f 286//1687 284//1687 781//1687
f 781//1688 284//1688 779//1688
f 284//1689 285//1689 779//1689
f 779//1690 285//1690 780//1690
f 285//1691 563//1691 780//1691
f 780//1692 563//1692 1020//1692
f 563//1693 562//1693 1020//1693
f 1020//1694 562//1694 1019//1694
f 562//1695 561//1695 1019//1695
f 1019//1696 561//1696 1018//1696
f 561//1697 560//1697 1018//1697
f 1018//1698 560//1698 1017//1698
f 560//1699 559//1699 1017//1699
f 1017//1700 559//1700 1016//1700
f 1016//1701 559//1701 1015//1701
f 559//1702 558//1702 1015//1702
f 1015//1703 557//1703 1014//1703
f 558//1704 557//1704 1015//1704
f 1014//1705 556//1705 1013//1705
f 557//1706 556//1706 1014//1706
f 1013//1707 555//1707 1012//1707
f 556//1708 555//1708 1013//1708
f 1012//1709 554//1709 1011//1709
f 1011//1710 554//1710 1010//1710
f 555//1711 554//1711 1012//1711
f 554//1712 553//1712 1010//1712
f 1010//1713 553//1713 1009//1713
f 553//1714 552//1714 1009//1714
f 552//1715 551//1715 1009//1715
f 1009//1716 551//1716 1008//1716
f 551//1717 550//1717 1008//1717
f 1008//1718 550//1718 1007//1718
f 550//1719 549//1719 1007//1719
f 1007//1720 549//1720 1006//1720
f 549//1721 548//1721 1006//1721
f 1006//1722 548//1722 1005//1722
f 548//1723 547//1723 1005//1723
f 1005//1724 547//1724 1004//1724
f 547//1725 546//1725 1004//1725
f 1004//1726 546//1726 1003//1726
f 546//1727 528//1727 1003//1727
f 1003//1728 528//1728 985//1728
f 985//1729 528//1729 986//1729
f 528//1730 529//1730 986//1730
f 529//1731 530//1731 986//1731
f 986//1732 530//1732 987//1732
f 530//1733 531//1733 987//1733
f 987//1734 531//1734 988//1734
f 988//1735 531//1735 989//1735
f 989//1736 532//1736 990//1736
f 531//1737 532//1737 989//1737
f 990//1738 533//1738 991//1738
f 532//1739 533//1739 990//1739
f 533//1740 534//1740 991//1740
f 991//1741 535//1741 992//1741
f 534//1742 535//1742 991//1742
f 992//1743 536//1743 993//1743
f 993//1744 536//1744 994//1744
f 535//1745 536//1745 992//1745
f 536//1746 537//1746 994//1746
f 994//1747 538//1747 995//1747
f 995//1748 538//1748 996//1748
f 537//1749 538//1749 994//1749
f 996//1750 539//1750 997//1750
f 538//1751 539//1751 996//1751
f 539//1752 540//1752 997//1752
f 997//1753 541//1753 998//1753
f 998//1754 541//1754 999//1754
f 540//1755 541//1755 997//1755
f 541//1756 542//1756 999//1756
f 999//1757 543//1757 1000//1757
f 542//1758 543//1758 999//1758
f 1000//1759 544//1759 1001//1759
f 543//1760 544//1760 1000//1760
f 544//1761 545//1761 1001//1761
f 1001//1762 545//1762 1002//1762
f 545//1763 345//1763 1002//1763
f 1002//1764 345//1764 840//1764
f 840//1765 345//1765 838//1765
f 345//1766 344//1766 838//1766
f 344//1767 346//1767 838//1767
f 838//1768 346//1768 841//1768
f 841//1769 347//1769 842//1769
f 346//1770 347//1770 841//1770
f 842//1771 348//1771 843//1771
f 347//1772 348//1772 842//1772
f 843//1773 349//1773 844//1773
f 348//1774 349//1774 843//1774
f 844//1775 350//1775 845//1775
f 349//1776 350//1776 844//1776
f 845//1777 351//1777 846//1777
f 350//1778 351//1778 845//1778
f 846//1779 352//1779 847//1779
f 351//1780 352//1780 846//1780
f 847//1781 353//1781 848//1781
f 352//1782 353//1782 847//1782
f 848//1783 354//1783 849//1783
f 353//1784 354//1784 848//1784
f 849//1785 355//1785 850//1785
f 354//1786 355//1786 849//1786
f 850//1787 356//1787 851//1787
f 851//1788 356//1788 852//1788
f 355//1789 356//1789 850//1789
f 356//1790 357//1790 852//1790
f 148//1791 144//1791 681//1791
f 681//1792 144//1792 677//1792
f 144//1793 140//1793 677//1793
f 677//1794 140//1794 673//1794
f 140//1795 136//1795 673//1795
f 673//1796 136//1796 669//1796
f 136//1797 132//1797 669//1797
f 669//1798 132//1798 666//1798
f 132//1799 128//1799 666//1799
f 666//1800 128//1800 662//1800
f 128//1801 124//1801 662//1801
f 662//1802 124//1802 657//1802
f 124//1803 120//1803 657//1803
f 657//1804 120//1804 653//1804
f 120//1805 116//1805 653//1805
f 653//1806 116//1806 649//1806
f 116//1807 112//1807 649//1807
f 649//1808 112//1808 645//1808
f 112//1809 107//1809 645//1809
f 645//1810 107//1810 641//1810
f 641//1811 107//1811 643//1811
f 107//1812 110//1812 643//1812
f 110//1813 114//1813 643//1813
f 643//1814 114//1814 647//1814
f 647//1815 114//1815 651//1815
f 114//1816 118//1816 651//1816
f 118//1817 122//1817 651//1817
f 651//1818 122//1818 655//1818
f 655//1819 126//1819 659//1819
f 122//1820 126//1820 655//1820
f 659//1821 130//1821 663//1821
f 126//1822 130//1822 659//1822
f 663//1823 134//1823 667//1823
f 667//1824 134//1824 671//1824
f 130//1825 134//1825 663//1825
f 134//1826 138//1826 671//1826
f 671//1827 142//1827 675//1827
f 138//1828 142//1828 671//1828
f 675//1829 146//1829 679//1829
f 142//1830 146//1830 675//1830
f 679//1831 155//1831 688//1831
f 146//1832 155//1832 679//1832
f 688//1833 165//1833 698//1833
f 698//1834 165//1834 706//1834
f 155//1835 165//1835 688//1835
f 165//1836 173//1836 706//1836
f 173//1837 181//1837 706//1837
f 706//1838 181//1838 714//1838
f 714//1839 181//1839 722//1839
f 181//1840 189//1840 722//1840
f 722//1841 189//1841 724//1841
f 189//1842 191//1842 724//1842
f 191//1843 193//1843 724//1843
f 724//1844 193//1844 726//1844
f 726//1845 193//1845 728//1845
f 193//1846 195//1846 728//1846
f 195//1847 197//1847 728//1847
f 728//1848 197//1848 730//1848
f 197//1849 199//1849 730//1849
f 730//1850 199//1850 732//1850
f 199//1851 241//1851 732//1851
f 732//1852 241//1852 747//1852
f 241//1853 259//1853 747//1853
f 747//1854 259//1854 754//1854
f 259//1855 262//1855 754//1855
f 754//1856 262//1856 757//1856
f 757//1857 262//1857 760//1857
f 262//1858 265//1858 760//1858
f 265//1859 268//1859 760//1859
f 760//1860 268//1860 763//1860
f 268//1861 271//1861 763//1861
f 763//1862 271//1862 766//1862
f 271//1863 274//1863 766//1863
f 766//1864 274//1864 769//1864
f 274//1865 277//1865 769//1865
f 769//1866 277//1866 772//1866
f 277//1867 280//1867 772//1867
f 772//1868 280//1868 775//1868
f 280//1869 283//1869 775//1869
f 775//1870 283//1870 778//1870
f 283//1871 304//1871 778//1871
f 778//1872 304//1872 799//1872
f 304//1873 315//1873 799//1873
f 799//1874 315//1874 810//1874
f 315//1875 318//1875 810//1875
f 810//1876 318//1876 813//1876
f 813//1877 318//1877 815//1877
f 318//1878 321//1878 815//1878
f 815//1879 321//1879 818//1879
f 321//1880 324//1880 818//1880
f 818//1881 324//1881 821//1881
f 324//1882 327//1882 821//1882
f 824//1883 330//1883 827//1883
f 821//1884 330//1884 824//1884
f 327//1885 330//1885 821//1885
f 330//1886 333//1886 827//1886
f 827//1887 333//1887 830//1887
f 333//1888 336//1888 830//1888
f 830//1889 339//1889 833//1889
f 336//1890 339//1890 830//1890
f 833//1891 342//1891 837//1891
f 339//1892 342//1892 833//1892
f 837//1893 360//1893 854//1893
f 342//1894 360//1894 837//1894
f 148//1895 681//1895 149//1895
f 681//1896 682//1896 149//1896
f 149//1897 683//1897 150//1897
f 150//1898 683//1898 152//1898
f 682//1899 683//1899 149//1899
f 683//1900 685//1900 152//1900
f 152//1901 686//1901 153//1901
f 153//1902 686//1902 154//1902
f 685//1903 686//1903 152//1903
f 686//1904 687//1904 154//1904
f 687//1905 690//1905 154//1905
f 154//1906 690//1906 157//1906
f 157//1907 691//1907 158//1907
f 690//1908 691//1908 157//1908
f 691//1909 693//1909 158//1909
f 158//1910 693//1910 160//1910
f 160//1911 694//1911 161//1911
f 161//1912 694//1912 162//1912
f 693//1913 694//1913 160//1913
f 694//1914 695//1914 162//1914
f 162//1915 696//1915 163//1915
f 163//1916 696//1916 167//1916
f 695//1917 696//1917 162//1917
f 696//1918 700//1918 167//1918
f 167//1919 701//1919 168//1919
f 168//1920 701//1920 169//1920
f 700//1921 701//1921 167//1921
f 169//1922 702//1922 170//1922
f 701//1923 702//1923 169//1923
f 702//1924 703//1924 170//1924
f 170//1925 704//1925 171//1925
f 171//1926 704//1926 175//1926
f 703//1927 704//1927 170//1927
f 704//1928 708//1928 175//1928
f 175//1929 709//1929 176//1929
f 176//1930 709//1930 177//1930
f 708//1931 709//1931 175//1931
f 709//1932 710//1932 177//1932
f 177//1933 711//1933 178//1933
f 710//1934 711//1934 177//1934
f 178//1935 713//1935 180//1935
f 711//1936 713//1936 178//1936
f 180//1937 716//1937 183//1937
f 713//1938 716//1938 180//1938
f 183//1939 717//1939 184//1939
f 184//1940 717//1940 185//1940
f 716//1941 717//1941 183//1941
f 717//1942 718//1942 185//1942
f 185//1943 720//1943 187//1943
f 718//1944 720//1944 185//1944
f 187//1945 721//1945 188//1945
f 188//1946 721//1946 214//1946
f 720//1947 721//1947 187//1947
f 214//1948 736//1948 215//1948
f 721//1949 736//1949 214//1949
f 736//1950 738//1950 215//1950
f 215//1951 739//1951 221//1951
f 221//1952 739//1952 224//1952
f 738//1953 739//1953 215//1953
f 739//1954 740//1954 224//1954
f 224//1955 741//1955 227//1955
f 740//1956 741//1956 224//1956
f 741//1957 742//1957 227//1957
f 227//1958 742//1958 230//1958
f 230//1959 742//1959 234//1959
f 742//1960 744//1960 234//1960
f 234//1961 744//1961 237//1961
f 744//1962 745//1962 237//1962
f 745//1963 746//1963 237//1963
f 237//1964 746//1964 240//1964
f 746//1965 749//1965 240//1965
f 240//1966 749//1966 245//1966
f 245//1967 749//1967 246//1967
f 749//1968 751//1968 246//1968
f 246//1969 751//1969 250//1969
f 751//1970 752//1970 250//1970
f 854//1971 360//1971 361//1971
f 856//1972 854//1972 361//1972
f 857//1973 361//1973 362//1973
f 857//1974 362//1974 365//1974
f 857//1975 856//1975 361//1975
f 859//1976 857//1976 365//1976
f 861//1977 365//1977 366//1977
f 861//1978 366//1978 367//1978
f 861//1979 859//1979 365//1979
f 862//1980 861//1980 367//1980
f 863//1981 862//1981 367//1981
f 863//1982 367//1982 368//1982
f 864//1983 368//1983 369//1983
f 864//1984 863//1984 368//1984
f 867//1985 864//1985 369//1985
f 867//1986 369//1986 372//1986
f 868//1987 372//1987 373//1987
f 868//1988 373//1988 374//1988
f 868//1989 867//1989 372//1989
f 869//1990 868//1990 374//1990
f 870//1991 374//1991 375//1991
f 870//1992 375//1992 401//1992
f 870//1993 869//1993 374//1993
f 890//1994 870//1994 401//1994
f 892//1995 401//1995 402//1995
f 892//1996 402//1996 403//1996
f 892//1997 890//1997 401//1997
f 893//1998 403//1998 404//1998
f 893//1999 892//1999 403//1999
f 894//2000 893//2000 404//2000
f 895//2001 404//2001 405//2001
f 895//2002 405//2002 423//2002
f 895//2003 894//2003 404//2003
f 905//2004 895//2004 423//2004
f 906//2005 423//2005 424//2005
f 906//2006 424//2006 425//2006
f 906//2007 905//2007 423//2007
f 907//2008 906//2008 425//2008
f 908//2009 425//2009 426//2009
f 908//2010 907//2010 425//2010
f 910//2011 426//2011 429//2011
f 910//2012 908//2012 426//2012
f 912//2013 429//2013 430//2013
f 912//2014 910//2014 429//2014
f 913//2015 430//2015 431//2015
f 913//2016 431//2016 432//2016
f 913//2017 912//2017 430//2017
f 914//2018 913//2018 432//2018
f 917//2019 432//2019 437//2019
f 917//2020 914//2020 432//2020
f 903//2021 437//2021 420//2021
f 903//2022 420//2022 418//2022
f 903//2023 917//2023 437//2023
f 902//2024 418//2024 415//2024
f 902//2025 903//2025 418//2025
f 900//2026 902//2026 415//2026
f 899//2027 415//2027 414//2027
f 899//2028 414//2028 412//2028
f 899//2029 900//2029 415//2029
f 898//2030 899//2030 412//2030
f 897//2031 412//2031 410//2031
f 897//2032 898//2032 412//2032
f 896//2033 897//2033 410//2033
f 896//2034 410//2034 408//2034
f 896//2035 408//2035 399//2035
f 889//2036 896//2036 399//2036
f 889//2037 399//2037 398//2037
f 888//2038 889//2038 398//2038
f 887//2039 888//2039 398//2039
f 887//2040 398//2040 396//2040
f 886//2041 887//2041 396//2041
f 886//2042 396//2042 394//2042
f 886//2043 394//2043 378//2043
f 872//2044 886//2044 378//2044
f 872//2045 378//2045 343//2045
f 839//2046 872//2046 343//2046
f 839//2047 250//2047 752//2047
f 343//2048 250//2048 839//2048
